1783948128.379586935 0.048605 0.078194 0.511470 -0.031508 -0.058262 0.881932 0.466699
1783948128.388047218 0.050905 0.079366 0.513028 -0.030306 -0.056591 0.878579 0.473262
1783948128.398360252 0.053731 0.080719 0.514925 -0.029102 -0.054622 0.874600 0.480879
1783948128.407977819 0.056233 0.081805 0.516674 -0.027848 -0.052853 0.871050 0.487548
1783948128.418044329 0.058763 0.082788 0.518484 -0.026850 -0.051149 0.867412 0.494225
1783948128.428008080 0.061157 0.083595 0.520258 -0.025755 -0.049570 0.864066 0.500269
1783948128.438076735 0.063449 0.084246 0.522030 -0.024864 -0.048091 0.860865 0.505945
1783948128.448002815 0.065555 0.084721 0.523744 -0.024195 -0.046719 0.857928 0.511069
1783948128.458189011 0.067593 0.085033 0.525478 -0.023543 -0.045435 0.855178 0.515802
1783948128.468179703 0.069426 0.085134 0.527163 -0.023009 -0.044359 0.852759 0.519908
1783948128.478076935 0.071065 0.085030 0.528798 -0.022627 -0.043403 0.850578 0.523566
1783948128.480477571 0.071341 0.084922 0.529187 -0.022564 -0.043260 0.850164 0.524253
1783948128.480477571 0.071341 0.084922 0.529187 -0.022564 -0.043260 0.850164 0.524253
1783948128.488047123 0.073376 0.085178 0.530486 -0.022163 -0.042784 0.848655 0.526748
1783948128.498016834 0.076043 0.085419 0.532182 -0.021802 -0.042140 0.846887 0.529652
1783948128.508119106 0.078585 0.085448 0.533875 -0.021513 -0.041787 0.845492 0.531916
1783948128.518007278 0.080908 0.085256 0.535502 -0.021326 -0.041603 0.844475 0.533550
1783948128.530412197 0.083786 0.084846 0.537515 -0.021218 -0.041655 0.843615 0.534910
1783948128.537990808 0.085218 0.084342 0.538702 -0.021391 -0.041776 0.843502 0.535071
1783948128.547992468 0.087109 0.083590 0.540256 -0.021705 -0.042103 0.843704 0.534714
1783948128.558041096 0.088845 0.082633 0.541787 -0.022179 -0.042661 0.844239 0.533805
1783948128.568004370 0.090397 0.081478 0.543276 -0.022749 -0.043436 0.845155 0.532268
1783948128.578018665 0.091797 0.080136 0.544743 -0.023475 -0.044379 0.846391 0.530191
1783948128.581335545 0.092101 0.079586 0.545211 -0.023804 -0.044731 0.846988 0.529191
1783948128.581335545 0.092101 0.079586 0.545211 -0.023804 -0.044731 0.846988 0.529191
1783948128.587996483 0.093611 0.078968 0.546211 -0.024398 -0.045430 0.848133 0.527267
1783948128.598063707 0.095914 0.077982 0.547712 -0.025338 -0.046652 0.850051 0.524018
1783948128.609936237 0.098533 0.076658 0.549459 -0.026628 -0.048281 0.852487 0.519833
1783948128.618046045 0.100082 0.075525 0.550617 -0.027545 -0.049407 0.854451 0.516444
1783948128.628051281 0.101945 0.074015 0.552023 -0.028696 -0.051036 0.856954 0.512056
1783948128.638004541 0.103671 0.072344 0.553398 -0.029964 -0.052814 0.859568 0.507401
1783948128.647996426 0.105288 0.070509 0.554754 -0.031179 -0.054620 0.862337 0.502414
1783948128.658005953 0.106774 0.068526 0.556077 -0.032531 -0.056629 0.865149 0.497245
1783948128.671211004 0.108719 0.065796 0.557799 -0.034314 -0.059139 0.868771 0.490471
1783948128.678038120 0.109454 0.064156 0.558657 -0.035309 -0.060562 0.870813 0.486591
1783948128.682198048 0.109827 0.063093 0.559170 -0.035941 -0.061475 0.872064 0.484183
1783948128.682198048 0.109827 0.063093 0.559170 -0.035941 -0.061475 0.872064 0.484183
1783948128.688070774 0.111108 0.061996 0.559924 -0.036855 -0.062756 0.873770 0.480863
1783948128.702458620 0.114674 0.059464 0.561761 -0.038962 -0.065883 0.877555 0.473327
1783948128.708009481 0.115762 0.058286 0.562451 -0.039832 -0.067118 0.879148 0.470113
1783948128.718037367 0.117867 0.056193 0.563697 -0.041390 -0.069323 0.881804 0.464653
1783948128.730507374 0.120521 0.053527 0.565243 -0.043072 -0.072108 0.884945 0.458059
1783948128.738042593 0.121893 0.051738 0.566168 -0.044124 -0.073832 0.886878 0.453928
1783948128.748041868 0.123765 0.049369 0.567391 -0.045531 -0.076068 0.889261 0.448726
1783948128.758041143 0.125572 0.046936 0.568609 -0.046863 -0.078246 0.891540 0.443663
1783948128.768008471 0.127323 0.044449 0.569816 -0.048085 -0.080344 0.893685 0.438816
1783948128.778066397 0.129024 0.041867 0.571029 -0.049301 -0.082544 0.895731 0.434076
1783948128.783057928 0.129720 0.040483 0.571626 -0.049862 -0.083586 0.896734 0.431734
1783948128.783057928 0.129720 0.040483 0.571626 -0.049862 -0.083586 0.896734 0.431734
1783948128.788081408 0.130991 0.039417 0.572230 -0.050411 -0.084623 0.897784 0.429280
1783948128.802429676 0.135142 0.036672 0.573962 -0.051685 -0.087461 0.900391 0.423056
1783948128.808068275 0.136504 0.035432 0.574644 -0.052250 -0.088538 0.901399 0.420607
1783948128.818041563 0.139078 0.033331 0.575866 -0.053009 -0.090350 0.902959 0.416763
1783948128.828703403 0.141822 0.031070 0.577199 -0.053639 -0.092218 0.904455 0.413012
1783948128.838023663 0.144086 0.029008 0.578496 -0.054214 -0.093814 0.905632 0.409988
1783948128.848009586 0.146763 0.026984 0.580198 -0.054176 -0.096330 0.905720 0.409214
1783948128.860416651 0.150550 0.025555 0.582973 -0.049309 -0.097023 0.904459 0.412443
1783948128.868052721 0.152579 0.025240 0.584904 -0.049181 -0.096005 0.905462 0.410491
1783948128.878046274 0.155090 0.025293 0.587245 -0.050634 -0.093144 0.905927 0.409946
1783948128.883940935 0.156414 0.025336 0.588574 -0.050392 -0.093755 0.906263 0.409094
1783948128.883940935 0.156414 0.025336 0.588574 -0.050392 -0.093755 0.906263 0.409094
1783948128.888045549 0.157796 0.025615 0.589541 -0.050275 -0.094192 0.906508 0.408465
1783948128.898774624 0.161522 0.026791 0.592098 -0.047985 -0.092311 0.907431 0.407117
1783948128.908030510 0.164148 0.028084 0.594324 -0.049860 -0.091167 0.908009 0.405861
1783948128.918085098 0.166713 0.029423 0.596828 -0.052145 -0.089535 0.907243 0.407644
1783948128.928012371 0.169096 0.030305 0.599256 -0.052582 -0.089350 0.905970 0.410450
1783948128.938055754 0.171509 0.030804 0.601740 -0.053660 -0.089043 0.905513 0.411387
1783948128.948062658 0.174048 0.030997 0.604271 -0.051796 -0.088549 0.904919 0.413035
1783948128.958027363 0.176419 0.031174 0.606660 -0.052228 -0.089204 0.903732 0.415432
1783948128.968046188 0.178686 0.031336 0.608977 -0.054041 -0.087494 0.902814 0.417554
1783948128.978086472 0.181110 0.031140 0.611350 -0.054129 -0.087283 0.901990 0.419364
1783948128.984796524 0.182733 0.030758 0.612981 -0.053229 -0.086856 0.901542 0.420528
1783948128.984796524 0.182733 0.030758 0.612981 -0.053229 -0.086856 0.901542 0.420528
1783948128.988006830 0.183845 0.030733 0.613754 -0.052805 -0.086650 0.901330 0.421079
1783948128.998054743 0.187637 0.030747 0.616130 -0.052185 -0.086617 0.900603 0.422715
1783948129.008088827 0.191426 0.030597 0.618413 -0.051685 -0.086027 0.899778 0.424649
1783948129.020394325 0.196236 0.030190 0.621109 -0.051394 -0.085482 0.898665 0.427145
1783948129.028068066 0.199127 0.029588 0.622772 -0.051003 -0.085059 0.898135 0.428389
1783948129.038128853 0.203150 0.028488 0.624911 -0.049124 -0.085316 0.897321 0.430260
1783948129.053763866 0.209929 0.026625 0.628049 -0.046134 -0.085634 0.895919 0.433437
1783948129.058079243 0.211574 0.025908 0.628880 -0.045656 -0.085535 0.895641 0.434081
1783948129.068137407 0.215764 0.024375 0.630936 -0.043904 -0.086970 0.895028 0.435240
1783948129.078124762 0.219927 0.022948 0.633156 -0.041569 -0.087791 0.895302 0.434739
1783948129.087111950 0.223482 0.021893 0.635189 -0.039845 -0.087692 0.895371 0.434780
1783948129.087111950 0.223482 0.021893 0.635189 -0.039845 -0.087692 0.895371 0.434780
1783948129.088045359 0.223931 0.021861 0.635396 -0.039651 -0.087685 0.895399 0.434741
1783948129.098047972 0.229021 0.021904 0.637542 -0.038277 -0.086337 0.895118 0.435710
1783948129.108061075 0.234030 0.022135 0.639642 -0.036516 -0.085247 0.895813 0.434647
1783948129.118425131 0.239063 0.022486 0.641692 -0.034359 -0.084475 0.896067 0.434451
1783948129.128070831 0.243488 0.022910 0.643509 -0.032860 -0.083816 0.896324 0.434165
1783948129.138062239 0.247905 0.023539 0.645394 -0.031059 -0.082795 0.897121 0.432844
1783948129.152439117 0.254207 0.024936 0.648048 -0.028259 -0.080496 0.897779 0.432105
1783948129.158054829 0.256303 0.025403 0.649099 -0.027583 -0.079714 0.898331 0.431146
1783948129.168052435 0.259533 0.026404 0.651314 -0.022738 -0.076452 0.898355 0.431968
1783948129.178051233 0.261193 0.027126 0.653401 -0.022828 -0.073861 0.897972 0.433209
1783948129.186545849 0.261490 0.027373 0.654603 -0.027118 -0.075965 0.898601 0.431290
1783948129.186545849 0.261490 0.027373 0.654603 -0.027118 -0.075965 0.898601 0.431290
1783948129.188061237 0.261638 0.027485 0.654794 -0.027908 -0.076344 0.898733 0.430896
1783948129.198045492 0.262890 0.028372 0.656093 -0.026909 -0.075783 0.898552 0.431437
1783948129.208565712 0.263580 0.029215 0.657225 -0.027368 -0.075563 0.899323 0.429837
1783948129.218290806 0.263444 0.029930 0.657929 -0.030957 -0.076435 0.899754 0.428536
1783948129.228066444 0.262651 0.030399 0.658832 -0.032177 -0.075641 0.899200 0.429746
1783948129.238054514 0.261688 0.030394 0.660081 -0.037115 -0.078511 0.899020 0.429210
1783948129.250088692 0.261759 0.030055 0.661801 -0.036187 -0.078795 0.898788 0.429723
1783948129.258060217 0.262171 0.029633 0.663014 -0.034366 -0.079344 0.899053 0.429216
1783948129.268079042 0.262948 0.029239 0.664473 -0.034879 -0.079256 0.898498 0.430352
1783948129.280021906 0.264468 0.028892 0.666274 -0.035318 -0.079793 0.898275 0.430683
1783948129.287440062 0.265439 0.028451 0.667531 -0.032691 -0.078884 0.898337 0.430929
1783948129.287440062 0.265439 0.028451 0.667531 -0.032691 -0.078884 0.898337 0.430929
1783948129.288050890 0.265584 0.028445 0.667635 -0.032488 -0.078811 0.898347 0.430936
1783948129.298111439 0.268010 0.028692 0.669230 -0.030144 -0.078892 0.898321 0.431146
1783948129.308108330 0.269616 0.029110 0.670689 -0.031284 -0.078012 0.898328 0.431211
1783948129.318187475 0.270627 0.029381 0.672028 -0.031568 -0.077984 0.898297 0.431259
1783948129.328092813 0.271128 0.029455 0.673165 -0.031571 -0.079589 0.898364 0.430825
1783948129.338060856 0.271188 0.029611 0.674224 -0.032089 -0.079256 0.898286 0.431011
1783948129.348047733 0.270980 0.029889 0.675314 -0.032992 -0.080397 0.897966 0.431399
1783948129.358058691 0.270637 0.030309 0.676424 -0.033654 -0.080533 0.897769 0.431732
1783948129.368612766 0.270282 0.030921 0.677671 -0.034429 -0.080423 0.897734 0.431763
1783948129.378067732 0.269928 0.031438 0.678867 -0.035119 -0.080200 0.897597 0.432035
1783948129.388055086 0.269636 0.031800 0.680141 -0.035329 -0.079874 0.897426 0.432434
1783948129.388260841 0.269626 0.031801 0.680168 -0.035327 -0.079871 0.897425 0.432435
1783948129.388260841 0.269626 0.031801 0.680168 -0.035327 -0.079871 0.897425 0.432435
1783948129.398159981 0.270847 0.032608 0.681331 -0.034869 -0.079688 0.897397 0.432564
1783948129.408413410 0.272058 0.033180 0.682515 -0.034218 -0.079757 0.897301 0.432803
1783948129.418098927 0.272987 0.033509 0.683619 -0.033707 -0.079918 0.897234 0.432954
1783948129.428097248 0.273701 0.033780 0.684742 -0.033236 -0.080152 0.897186 0.433046
1783948129.438077688 0.274078 0.034036 0.685824 -0.033156 -0.080498 0.897086 0.433195
1783948129.448057413 0.274131 0.034321 0.686867 -0.033271 -0.080769 0.897002 0.433310
1783948129.458902121 0.273948 0.034712 0.687981 -0.033431 -0.081039 0.896874 0.433510
1783948129.468158960 0.273518 0.035059 0.688948 -0.033700 -0.081173 0.896774 0.433673
1783948129.478132010 0.272960 0.035498 0.689999 -0.034023 -0.081161 0.896660 0.433885
1783948129.488252640 0.272295 0.035928 0.691083 -0.034250 -0.081031 0.896534 0.434151
1783948129.489129543 0.272190 0.035941 0.691181 -0.034307 -0.081028 0.896528 0.434160
1783948129.489129543 0.272190 0.035941 0.691181 -0.034307 -0.081028 0.896528 0.434160
1783948129.498472691 0.272865 0.036828 0.692084 -0.034385 -0.080896 0.896455 0.434328
1783948129.508055210 0.273507 0.037607 0.693013 -0.034264 -0.080838 0.896385 0.434494
1783948129.518077612 0.274105 0.038273 0.693979 -0.033893 -0.080850 0.896335 0.434624
1783948129.528167248 0.274549 0.038804 0.694939 -0.033495 -0.080959 0.896287 0.434734
1783948129.538064241 0.274757 0.039221 0.695868 -0.033174 -0.081097 0.896238 0.434833
1783948129.548100948 0.274721 0.039587 0.696789 -0.032936 -0.081275 0.896181 0.434936
1783948129.558124542 0.274418 0.039928 0.697689 -0.032847 -0.081454 0.896115 0.435046
1783948129.571564913 0.273910 0.040499 0.698853 -0.032544 -0.081584 0.896017 0.435246
1783948129.578277588 0.273236 0.040662 0.699453 -0.032747 -0.081669 0.895967 0.435316
1783948129.588126421 0.272299 0.040965 0.700321 -0.032826 -0.081695 0.895891 0.435462
1783948129.589997292 0.272017 0.040980 0.700494 -0.032936 -0.081707 0.895878 0.435478
1783948129.589997292 0.272017 0.040980 0.700494 -0.032936 -0.081707 0.895878 0.435478
1783948129.598140717 0.272318 0.041659 0.701125 -0.033020 -0.081674 0.895825 0.435588
1783948129.608083487 0.272705 0.042468 0.701893 -0.032910 -0.081572 0.895770 0.435728
1783948129.618068695 0.272993 0.043190 0.702669 -0.032684 -0.081478 0.895725 0.435855
1783948129.630396366 0.273355 0.044023 0.703613 -0.032057 -0.081364 0.895676 0.436024
1783948129.638106108 0.273229 0.044382 0.704216 -0.031961 -0.081384 0.895656 0.436069
1783948129.648131132 0.273027 0.044838 0.704977 -0.031675 -0.081419 0.895623 0.436150
1783948129.658137798 0.272595 0.045227 0.705722 -0.031440 -0.081489 0.895584 0.436233
1783948129.668106556 0.271931 0.045569 0.706451 -0.031299 -0.081589 0.895536 0.436325
1783948129.678135157 0.271048 0.045881 0.707172 -0.031208 -0.081621 0.895482 0.436436
1783948129.688118935 0.269970 0.046148 0.707887 -0.031182 -0.081671 0.895426 0.436542
1783948129.690900326 0.269513 0.046164 0.708095 -0.031309 -0.081698 0.895410 0.436562
1783948129.690900326 0.269513 0.046164 0.708095 -0.031309 -0.081698 0.895410 0.436562
1783948129.699676275 0.269727 0.046850 0.708625 -0.031305 -0.081686 0.895368 0.436650
1783948129.708136082 0.269815 0.047456 0.709137 -0.031319 -0.081675 0.895332 0.436724
1783948129.718071222 0.269903 0.048136 0.709736 -0.031134 -0.081608 0.895284 0.436849
1783948129.728810549 0.269913 0.048810 0.710383 -0.030793 -0.081537 0.895254 0.436949
1783948129.738140821 0.269694 0.049295 0.710950 -0.030592 -0.081514 0.895220 0.437035
1783948129.748142242 0.269333 0.049763 0.711550 -0.030323 -0.081525 0.895207 0.437079
1783948129.760971785 0.268805 0.050356 0.712287 -0.029760 -0.081485 0.895170 0.437201
1783948129.768148899 0.268087 0.050539 0.712710 -0.029800 -0.081561 0.895151 0.437223
1783948129.778125048 0.267088 0.050814 0.713277 -0.029699 -0.081613 0.895111 0.437302
1783948129.788157940 0.265888 0.051035 0.713843 -0.029623 -0.081671 0.895072 0.437376
1783948129.791746140 0.265265 0.051043 0.714056 -0.029766 -0.081723 0.895054 0.437394
1783948129.791746140 0.265265 0.051043 0.714056 -0.029766 -0.081723 0.895054 0.437394
1783948129.798096895 0.265209 0.051438 0.714373 -0.029881 -0.081768 0.895029 0.437429
1783948129.808096647 0.265218 0.052085 0.714870 -0.029740 -0.081726 0.894994 0.437517
1783948129.818124294 0.265098 0.052666 0.715373 -0.029549 -0.081650 0.894961 0.437612
1783948129.829193354 0.264880 0.053256 0.715933 -0.029185 -0.081527 0.894930 0.437724
1783948129.838213921 0.264464 0.053638 0.716394 -0.029011 -0.081455 0.894915 0.437779
1783948129.848134279 0.263899 0.054015 0.716898 -0.028762 -0.081402 0.894901 0.437835
1783948129.858170986 0.263140 0.054334 0.717400 -0.028531 -0.081370 0.894894 0.437870
1783948129.868138552 0.262174 0.054581 0.717888 -0.028351 -0.081353 0.894881 0.437911
1783948129.878123283 0.260999 0.054764 0.718369 -0.028216 -0.081348 0.894860 0.437964
1783948129.888442039 0.259599 0.054895 0.718860 -0.028075 -0.081345 0.894841 0.438012
1783948129.892615795 0.258831 0.054874 0.719061 -0.028216 -0.081393 0.894828 0.438021
1783948129.892615795 0.258831 0.054874 0.719061 -0.028216 -0.081393 0.894828 0.438021
1783948129.898134470 0.258758 0.055184 0.719263 -0.028361 -0.081440 0.894814 0.438031
1783948129.908160925 0.258820 0.055806 0.719612 -0.028244 -0.081390 0.894796 0.438084
1783948129.918171167 0.258746 0.056358 0.719963 -0.028100 -0.081303 0.894775 0.438152
1783948129.928138971 0.258534 0.056839 0.720316 -0.027909 -0.081193 0.894755 0.438227
1783948129.938152313 0.258178 0.057258 0.720672 -0.027690 -0.081079 0.894743 0.438287
1783948129.950412035 0.257707 0.057757 0.721096 -0.027232 -0.080908 0.894749 0.438334
1783948129.958113909 0.257032 0.057934 0.721373 -0.027232 -0.080905 0.894742 0.438349
1783948129.968136072 0.256133 0.058164 0.721718 -0.027106 -0.080876 0.894737 0.438373
1783948129.978153944 0.255034 0.058326 0.722056 -0.027015 -0.080870 0.894728 0.438397
1783948129.988357306 0.253730 0.058427 0.722394 -0.026928 -0.080866 0.894715 0.438429
1783948129.993472576 0.252829 0.058387 0.722572 -0.027071 -0.080922 0.894702 0.438437
1783948129.993472576 0.252829 0.058387 0.722572 -0.027071 -0.080922 0.894702 0.438437
1783948129.998153210 0.252734 0.058607 0.722694 -0.027223 -0.080977 0.894689 0.438444
1783948130.008163452 0.252788 0.059159 0.722938 -0.027129 -0.080951 0.894666 0.438502
1783948130.019586086 0.252794 0.059745 0.723212 -0.026865 -0.080838 0.894638 0.438597
1783948130.028162956 0.252516 0.060065 0.723429 -0.026809 -0.080780 0.894612 0.438663
1783948130.038151026 0.252152 0.060414 0.723680 -0.026627 -0.080689 0.894595 0.438725
1783948130.048288822 0.251630 0.060707 0.723933 -0.026437 -0.080606 0.894588 0.438767
1783948130.058124781 0.250926 0.060923 0.724176 -0.026310 -0.080561 0.894582 0.438794
1783948130.068116188 0.250029 0.061079 0.724415 -0.026210 -0.080534 0.894574 0.438821
1783948130.081376314 0.248835 0.061291 0.724708 -0.025815 -0.080429 0.894565 0.438883
1783948130.088139057 0.247797 0.061244 0.724869 -0.025943 -0.080475 0.894552 0.438893
1783948130.094404221 0.246743 0.061165 0.725019 -0.026076 -0.080520 0.894537 0.438907
1783948130.094404221 0.246743 0.061165 0.725019 -0.026076 -0.080520 0.894537 0.438907
1783948130.098177910 0.246649 0.061314 0.725082 -0.026227 -0.080566 0.894526 0.438912
1783948130.108122826 0.246722 0.061816 0.725232 -0.026165 -0.080537 0.894504 0.438967
1783948130.118104458 0.246661 0.062252 0.725385 -0.026062 -0.080464 0.894475 0.439046
1783948130.128134489 0.246466 0.062622 0.725542 -0.025916 -0.080372 0.894445 0.439131
1783948130.138130188 0.246123 0.062927 0.725701 -0.025749 -0.080279 0.894425 0.439200
1783948130.148124456 0.245619 0.063169 0.725858 -0.025609 -0.080199 0.894415 0.439243
1783948130.158119917 0.244939 0.063348 0.726014 -0.025496 -0.080144 0.894410 0.439270
1783948130.168117046 0.244070 0.063461 0.726163 -0.025417 -0.080106 0.894402 0.439297
1783948130.178117990 0.243009 0.063508 0.726304 -0.025377 -0.080089 0.894383 0.439342
1783948130.188182592 0.241761 0.063489 0.726442 -0.025348 -0.080066 0.894371 0.439371
1783948130.195206642 0.240640 0.063380 0.726544 -0.025473 -0.080099 0.894355 0.439390
1783948130.195206642 0.240640 0.063380 0.726544 -0.025473 -0.080099 0.894355 0.439390
1783948130.198095322 0.240556 0.063477 0.726562 -0.025610 -0.080138 0.894348 0.439391
1783948130.210259438 0.240824 0.064113 0.726605 -0.025388 -0.080032 0.894334 0.439451
1783948130.218214750 0.240664 0.064386 0.726645 -0.025434 -0.080000 0.894314 0.439494
1783948130.228144169 0.240476 0.064719 0.726692 -0.025330 -0.079907 0.894297 0.439553
1783948130.238598347 0.240160 0.065014 0.726741 -0.025166 -0.079790 0.894288 0.439601
1783948130.248180628 0.239661 0.065202 0.726790 -0.025093 -0.079716 0.894285 0.439624
1783948130.258160114 0.238999 0.065348 0.726836 -0.025011 -0.079658 0.894285 0.439639
1783948130.268188238 0.238150 0.065429 0.726875 -0.024968 -0.079629 0.894284 0.439650
1783948130.278226137 0.237110 0.065443 0.726909 -0.024957 -0.079622 0.894273 0.439674
1783948130.288167953 0.235894 0.065388 0.726938 -0.024965 -0.079623 0.894265 0.439690
1783948130.296133757 0.234692 0.065256 0.726967 -0.025073 -0.079646 0.894253 0.439703
1783948130.296133757 0.234692 0.065256 0.726967 -0.025073 -0.079646 0.894253 0.439703
1783948130.298144817 0.234628 0.065312 0.726963 -0.025181 -0.079678 0.894248 0.439703
1783948130.308638573 0.234783 0.065786 0.726920 -0.025140 -0.079663 0.894226 0.439751
1783948130.318167686 0.234732 0.066128 0.726885 -0.025116 -0.079636 0.894203 0.439804
1783948130.328195810 0.234578 0.066435 0.726849 -0.025030 -0.079579 0.894177 0.439873
1783948130.338517189 0.234287 0.066690 0.726813 -0.024904 -0.079499 0.894162 0.439924
1783948130.348195791 0.233820 0.066853 0.726780 -0.024843 -0.079459 0.894156 0.439947
1783948130.358132839 0.233189 0.066966 0.726742 -0.024796 -0.079448 0.894148 0.439969
1783948130.368173599 0.232373 0.067018 0.726698 -0.024773 -0.079449 0.894141 0.439984
1783948130.378154993 0.231369 0.067002 0.726648 -0.024783 -0.079474 0.894129 0.440003
1783948130.388150215 0.230185 0.066921 0.726594 -0.024806 -0.079499 0.894118 0.440019
1783948130.396953821 0.228933 0.066769 0.726549 -0.024891 -0.079525 0.894106 0.440036
1783948130.396953821 0.228933 0.066769 0.726549 -0.024891 -0.079525 0.894106 0.440036
1783948130.398150444 0.228892 0.066798 0.726538 -0.024960 -0.079544 0.894102 0.440035
1783948130.408133745 0.229006 0.067207 0.726431 -0.024985 -0.079546 0.894091 0.440057
1783948130.418124676 0.228985 0.067550 0.726325 -0.024970 -0.079513 0.894076 0.440093
1783948130.431381941 0.229027 0.068014 0.726182 -0.024623 -0.079357 0.894061 0.440171
1783948130.438142538 0.228666 0.068093 0.726120 -0.024716 -0.079357 0.894051 0.440187
1783948130.448195696 0.228207 0.068242 0.726019 -0.024662 -0.079314 0.894048 0.440204
1783948130.458194733 0.227574 0.068326 0.725917 -0.024638 -0.079301 0.894053 0.440197
1783948130.470358133 0.226724 0.068404 0.725778 -0.024471 -0.079265 0.894062 0.440195
1783948130.478132725 0.225814 0.068315 0.725691 -0.024610 -0.079315 0.894057 0.440188
1783948130.488156557 0.224627 0.068199 0.725572 -0.024659 -0.079341 0.894054 0.440187
1783948130.499542475 0.223176 0.068028 0.725434 -0.024615 -0.079343 0.894049 0.440199
1783948130.499650002 0.223161 0.068026 0.725433 -0.024615 -0.079343 0.894049 0.440200
1783948130.499650002 0.223161 0.068026 0.725433 -0.024615 -0.079343 0.894049 0.440200
1783948130.508145332 0.223213 0.068329 0.725286 -0.024686 -0.079351 0.894046 0.440201
1783948130.518116713 0.223247 0.068662 0.725112 -0.024638 -0.079304 0.894037 0.440228
1783948130.528236628 0.223155 0.068934 0.724937 -0.024540 -0.079224 0.894027 0.440270
1783948130.539680958 0.222970 0.069201 0.724735 -0.024318 -0.079102 0.894028 0.440301
1783948130.548153162 0.222537 0.069280 0.724594 -0.024332 -0.079081 0.894031 0.440298
1783948130.558211565 0.221967 0.069357 0.724418 -0.024274 -0.079057 0.894043 0.440282
1783948130.570404053 0.221197 0.069427 0.724188 -0.024074 -0.079010 0.894063 0.440260
1783948130.578123808 0.220339 0.069329 0.724048 -0.024201 -0.079059 0.894061 0.440248
1783948130.588188648 0.219217 0.069205 0.723855 -0.024224 -0.079081 0.894065 0.440235
1783948130.598154545 0.217935 0.069016 0.723665 -0.024241 -0.079102 0.894067 0.440226
1783948130.598707199 0.217831 0.068993 0.723656 -0.024269 -0.079110 0.894066 0.440226
1783948130.598707199 0.217831 0.068993 0.723656 -0.024269 -0.079110 0.894066 0.440226
1783948130.608190060 0.217986 0.069322 0.723487 -0.024290 -0.079113 0.894058 0.440241
1783948130.618201256 0.218053 0.069617 0.723311 -0.024237 -0.079064 0.894046 0.440276
1783948130.628920794 0.218024 0.069878 0.723123 -0.024090 -0.078976 0.894036 0.440320
1783948130.638211966 0.217776 0.070010 0.722962 -0.024041 -0.078914 0.894033 0.440340
1783948130.648195744 0.217406 0.070109 0.722788 -0.023963 -0.078850 0.894041 0.440340
1783948130.658165216 0.216866 0.070145 0.722611 -0.023907 -0.078824 0.894050 0.440329
1783948130.668174267 0.216143 0.070117 0.722427 -0.023888 -0.078822 0.894059 0.440313
1783948130.678206682 0.215235 0.070021 0.722236 -0.023891 -0.078840 0.894062 0.440304
1783948130.688218117 0.214150 0.069859 0.722044 -0.023911 -0.078859 0.894062 0.440297
1783948130.699221849 0.212840 0.069635 0.721832 -0.023851 -0.078850 0.894066 0.440294
1783948130.699852467 0.212722 0.069606 0.721820 -0.023884 -0.078858 0.894065 0.440294
1783948130.699852467 0.212722 0.069606 0.721820 -0.023884 -0.078858 0.894065 0.440294
1783948130.708188534 0.212849 0.069843 0.721663 -0.023960 -0.078870 0.894058 0.440303
1783948130.718180895 0.212992 0.070108 0.721476 -0.023903 -0.078831 0.894046 0.440336
1783948130.728135824 0.212998 0.070305 0.721293 -0.023810 -0.078759 0.894033 0.440380
1783948130.738215446 0.212864 0.070443 0.721108 -0.023701 -0.078678 0.894031 0.440405
1783948130.750448704 0.212664 0.070590 0.720883 -0.023415 -0.078546 0.894040 0.440425
1783948130.758212805 0.212172 0.070546 0.720736 -0.023485 -0.078559 0.894039 0.440421
1783948130.768209219 0.211525 0.070486 0.720541 -0.023461 -0.078561 0.894044 0.440412
1783948130.778149605 0.210698 0.070357 0.720342 -0.023469 -0.078581 0.894044 0.440409
1783948130.788243294 0.209691 0.070164 0.720136 -0.023478 -0.078602 0.894043 0.440406
1783948130.798206806 0.208526 0.069907 0.719932 -0.023483 -0.078608 0.894042 0.440406
1783948130.800440073 0.208131 0.069799 0.719886 -0.023590 -0.078638 0.894036 0.440408
1783948130.800440073 0.208131 0.069799 0.719886 -0.023590 -0.078638 0.894036 0.440408
1783948130.808237553 0.208280 0.069988 0.719708 -0.023681 -0.078665 0.894024 0.440423
1783948130.819397688 0.208609 0.070286 0.719451 -0.023525 -0.078590 0.894012 0.440468
1783948130.828137875 0.208604 0.070408 0.719253 -0.023514 -0.078552 0.893994 0.440512
1783948130.838257551 0.208556 0.070523 0.719024 -0.023401 -0.078477 0.893986 0.440548
1783948130.848226786 0.208341 0.070570 0.718798 -0.023302 -0.078424 0.893989 0.440556
1783948130.858188391 0.207957 0.070554 0.718569 -0.023236 -0.078404 0.893996 0.440550
1783948130.869390011 0.207406 0.070492 0.718303 -0.023113 -0.078376 0.894002 0.440550
1783948130.878166676 0.206666 0.070328 0.718093 -0.023185 -0.078417 0.893994 0.440554
1783948130.888243437 0.205742 0.070113 0.717849 -0.023189 -0.078440 0.893993 0.440553
1783948130.898243904 0.204655 0.069835 0.717607 -0.023184 -0.078453 0.893991 0.440553
1783948130.901273966 0.204154 0.069685 0.717536 -0.023315 -0.078489 0.893983 0.440557
1783948130.901273966 0.204154 0.069685 0.717536 -0.023315 -0.078489 0.893983 0.440557
1783948130.908198595 0.204281 0.069810 0.717393 -0.023447 -0.078523 0.893975 0.440559
1783948130.918222904 0.204563 0.070015 0.717192 -0.023399 -0.078481 0.893970 0.440580
1783948130.928219557 0.204707 0.070152 0.716994 -0.023321 -0.078414 0.893960 0.440617
1783948130.939121723 0.204768 0.070252 0.716780 -0.023156 -0.078312 0.893959 0.440646
1783948130.948149204 0.204565 0.070234 0.716601 -0.023139 -0.078283 0.893965 0.440639
1783948130.958184719 0.204245 0.070180 0.716399 -0.023092 -0.078267 0.893977 0.440620
1783948130.968541384 0.203746 0.070061 0.716184 -0.023050 -0.078264 0.893992 0.440593
1783948130.978176355 0.203060 0.069867 0.715978 -0.023089 -0.078300 0.893994 0.440580
1783948130.990852594 0.202177 0.069619 0.715705 -0.022900 -0.078278 0.894016 0.440548
1783948130.998182058 0.201280 0.069328 0.715543 -0.023039 -0.078322 0.894016 0.440534
1783948131.002204180 0.200665 0.069121 0.715453 -0.023190 -0.078359 0.894008 0.440535
1783948131.002204180 0.200665 0.069121 0.715453 -0.023190 -0.078359 0.894008 0.440535
1783948131.008159637 0.200725 0.069168 0.715358 -0.023342 -0.078391 0.894000 0.440538
1783948131.018192053 0.200956 0.069284 0.715224 -0.023299 -0.078333 0.893997 0.440556
1783948131.028156996 0.201048 0.069330 0.715093 -0.023230 -0.078254 0.893988 0.440593
1783948131.038178444 0.200999 0.069311 0.714962 -0.023146 -0.078172 0.893987 0.440613
1783948131.048200846 0.200795 0.069227 0.714829 -0.023075 -0.078112 0.893995 0.440613
1783948131.058176041 0.200420 0.069079 0.714692 -0.023047 -0.078089 0.894005 0.440597
1783948131.072527409 0.199932 0.068883 0.714523 -0.022625 -0.077958 0.894042 0.440567
1783948131.078181744 0.199354 0.068660 0.714426 -0.022800 -0.078021 0.894037 0.440558
1783948131.088213921 0.198444 0.068307 0.714277 -0.022832 -0.078048 0.894042 0.440540
1783948131.098208427 0.197375 0.067893 0.714130 -0.022853 -0.078066 0.894049 0.440522
1783948131.103013515 0.196665 0.067620 0.714047 -0.023014 -0.078107 0.894039 0.440526
1783948131.103013515 0.196665 0.067620 0.714047 -0.023014 -0.078107 0.894039 0.440526
1783948131.108205318 0.196779 0.067645 0.713970 -0.023178 -0.078159 0.894025 0.440537
1783948131.118196249 0.197229 0.067768 0.713830 -0.023147 -0.078136 0.894007 0.440581
1783948131.128220081 0.197547 0.067827 0.713691 -0.023085 -0.078097 0.893985 0.440635
1783948131.138171434 0.197716 0.067819 0.713554 -0.023020 -0.078054 0.893970 0.440675
1783948131.148170710 0.197735 0.067751 0.713416 -0.022969 -0.078028 0.893965 0.440693
1783948131.158173561 0.197587 0.067619 0.713275 -0.022947 -0.078035 0.893964 0.440695
1783948131.168192863 0.197260 0.067421 0.713129 -0.022952 -0.078071 0.893966 0.440685
1783948131.180443764 0.196807 0.067160 0.712947 -0.022804 -0.078085 0.893963 0.440696
1783948131.188212395 0.196145 0.066853 0.712823 -0.022944 -0.078153 0.893955 0.440693
1783948131.198213577 0.195306 0.066462 0.712667 -0.022979 -0.078197 0.893947 0.440699
1783948131.203881502 0.194596 0.066151 0.712575 -0.023144 -0.078246 0.893935 0.440707
1783948131.203881502 0.194596 0.066151 0.712575 -0.023144 -0.078246 0.893935 0.440707
1783948131.208205938 0.194705 0.066149 0.712522 -0.023307 -0.078289 0.893924 0.440712
1783948131.218619108 0.195304 0.066257 0.712406 -0.023257 -0.078246 0.893911 0.440750
1783948131.228226185 0.195674 0.066273 0.712300 -0.023226 -0.078189 0.893894 0.440795
1783948131.238239765 0.195945 0.066235 0.712191 -0.023157 -0.078122 0.893887 0.440825
1783948131.248202324 0.196057 0.066134 0.712081 -0.023110 -0.078071 0.893887 0.440836
1783948131.258218527 0.196006 0.065969 0.711966 -0.023086 -0.078058 0.893887 0.440839
1783948131.269361258 0.195825 0.065739 0.711834 -0.023021 -0.078054 0.893894 0.440830
1783948131.278239965 0.195383 0.065444 0.711719 -0.023117 -0.078104 0.893886 0.440832
1783948131.288257360 0.194801 0.065078 0.711587 -0.023160 -0.078135 0.893886 0.440825
1783948131.298204422 0.194060 0.064652 0.711456 -0.023200 -0.078157 0.893880 0.440831
1783948131.304750919 0.193338 0.064282 0.711366 -0.023354 -0.078199 0.893866 0.440843
1783948131.304750919 0.193338 0.064282 0.711366 -0.023354 -0.078199 0.893866 0.440843
1783948131.308209896 0.193434 0.064256 0.711330 -0.023504 -0.078240 0.893855 0.440851
1783948131.318235397 0.194064 0.064298 0.711243 -0.023488 -0.078197 0.893832 0.440906
1783948131.328215599 0.194553 0.064274 0.711157 -0.023443 -0.078139 0.893804 0.440974
1783948131.338187218 0.194896 0.064184 0.711072 -0.023388 -0.078065 0.893781 0.441038
1783948131.348217964 0.195088 0.064031 0.710985 -0.023342 -0.078010 0.893771 0.441070
1783948131.358211040 0.195108 0.063814 0.710894 -0.023330 -0.078004 0.893765 0.441085
1783948131.368191004 0.194949 0.063529 0.710796 -0.023360 -0.078027 0.893755 0.441098
1783948131.378217459 0.194613 0.063178 0.710694 -0.023411 -0.078064 0.893739 0.441121
1783948131.388188124 0.194106 0.062764 0.710587 -0.023464 -0.078103 0.893728 0.441135
1783948131.398507595 0.193437 0.062280 0.710478 -0.023493 -0.078125 0.893715 0.441156
1783948131.405622482 0.192728 0.061853 0.710399 -0.023636 -0.078164 0.893694 0.441184
1783948131.405622482 0.192728 0.061853 0.710399 -0.023636 -0.078164 0.893694 0.441184
1783948131.408215761 0.192802 0.061818 0.710373 -0.023762 -0.078199 0.893684 0.441190
1783948131.418227673 0.193488 0.061827 0.710278 -0.023774 -0.078162 0.893660 0.441246
1783948131.428481102 0.194068 0.061776 0.710182 -0.023739 -0.078105 0.893635 0.441308
1783948131.438316584 0.194454 0.061653 0.710089 -0.023717 -0.078050 0.893616 0.441358
1783948131.448259592 0.194700 0.061468 0.709993 -0.023702 -0.078011 0.893603 0.441390
1783948131.458884478 0.194829 0.061219 0.709886 -0.023678 -0.077997 0.893596 0.441409
1783948131.468217134 0.194695 0.060907 0.709786 -0.023763 -0.078028 0.893586 0.441420
1783948131.478233099 0.194424 0.060524 0.709673 -0.023835 -0.078068 0.893571 0.441440
1783948131.488241911 0.193980 0.060075 0.709558 -0.023915 -0.078110 0.893561 0.441447
1783948131.498533487 0.193374 0.059558 0.709439 -0.023961 -0.078139 0.893541 0.441481
1783948131.506477833 0.192672 0.059069 0.709347 -0.024091 -0.078175 0.893521 0.441508
1783948131.506477833 0.192672 0.059069 0.709347 -0.024091 -0.078175 0.893521 0.441508
1783948131.508212090 0.192720 0.059035 0.709329 -0.024182 -0.078200 0.893515 0.441510
1783948131.518292665 0.193444 0.059005 0.709235 -0.024190 -0.078159 0.893497 0.441554
1783948131.528955221 0.194099 0.058918 0.709136 -0.024129 -0.078081 0.893473 0.441619
1783948131.538223028 0.194451 0.058750 0.709050 -0.024155 -0.078029 0.893453 0.441667
1783948131.548188686 0.194726 0.058526 0.708956 -0.024156 -0.077977 0.893446 0.441691
1783948131.558881760 0.194884 0.058237 0.708851 -0.024128 -0.077945 0.893444 0.441702
1783948131.568228483 0.194773 0.057890 0.708752 -0.024214 -0.077967 0.893440 0.441701
1783948131.578232050 0.194522 0.057471 0.708641 -0.024294 -0.078007 0.893431 0.441708
1783948131.590529203 0.194163 0.056939 0.708502 -0.024228 -0.077993 0.893425 0.441726
1783948131.598230362 0.193581 0.056469 0.708412 -0.024394 -0.078044 0.893413 0.441731
1783948131.607370138 0.192860 0.055899 0.708309 -0.024481 -0.078057 0.893400 0.441752
1783948131.607370138 0.192860 0.055899 0.708309 -0.024481 -0.078057 0.893400 0.441752
1783948131.608212709 0.192883 0.055880 0.708300 -0.024526 -0.078069 0.893397 0.441752
1783948131.618278503 0.193627 0.055831 0.708204 -0.024522 -0.078000 0.893379 0.441801
1783948131.629425526 0.194368 0.055733 0.708100 -0.024412 -0.077883 0.893355 0.441876
1783948131.638251305 0.194693 0.055547 0.708017 -0.024438 -0.077824 0.893340 0.441917
1783948131.648250103 0.194988 0.055306 0.707921 -0.024419 -0.077758 0.893332 0.441945
1783948131.659666538 0.195223 0.054996 0.707807 -0.024325 -0.077690 0.893328 0.441970
1783948131.668260098 0.195088 0.054645 0.707714 -0.024428 -0.077710 0.893323 0.441972
1783948131.678257704 0.194853 0.054212 0.707602 -0.024507 -0.077723 0.893313 0.441985
1783948131.689383030 0.194471 0.053687 0.707475 -0.024512 -0.077721 0.893307 0.441996
1783948131.698240519 0.193895 0.053166 0.707372 -0.024625 -0.077746 0.893296 0.442009
1783948131.708220243 0.193176 0.052553 0.707260 -0.024659 -0.077729 0.893282 0.442038
1783948131.708229303 0.193182 0.052555 0.707260 -0.024653 -0.077727 0.893282 0.442038
1783948131.708229303 0.193182 0.052555 0.707260 -0.024653 -0.077727 0.893282 0.442038
1783948131.718212843 0.193894 0.052479 0.707167 -0.024683 -0.077677 0.893261 0.442088
1783948131.728360653 0.194487 0.052340 0.707072 -0.024690 -0.077596 0.893236 0.442152
1783948131.738273144 0.194905 0.052137 0.706980 -0.024700 -0.077515 0.893218 0.442202
1783948131.748217106 0.195171 0.051873 0.706886 -0.024716 -0.077456 0.893210 0.442227
1783948131.760943651 0.195485 0.051529 0.706763 -0.024563 -0.077367 0.893211 0.442250
1783948131.768250942 0.195293 0.051190 0.706685 -0.024735 -0.077411 0.893205 0.442246
1783948131.778230906 0.195039 0.050733 0.706575 -0.024831 -0.077438 0.893193 0.442260
1783948131.794638157 0.194901 0.050103 0.706395 -0.024383 -0.077279 0.893199 0.442300
1783948131.799450636 0.194436 0.049755 0.706337 -0.024575 -0.077333 0.893188 0.442301
1783948131.808225393 0.193708 0.049170 0.706235 -0.024701 -0.077337 0.893170 0.442330
1783948131.809084415 0.193594 0.049097 0.706225 -0.024746 -0.077347 0.893167 0.442333
1783948131.809084415 0.193594 0.049097 0.706225 -0.024746 -0.077347 0.893167 0.442333
1783948131.818274736 0.194246 0.049021 0.706133 -0.024792 -0.077302 0.893157 0.442358
1783948131.829444170 0.195022 0.048912 0.706025 -0.024676 -0.077169 0.893145 0.442412
1783948131.839155436 0.195458 0.048721 0.705930 -0.024661 -0.077087 0.893136 0.442445
1783948131.848235369 0.195694 0.048475 0.705839 -0.024693 -0.077028 0.893135 0.442454
1783948131.858265638 0.195853 0.048168 0.705735 -0.024699 -0.076986 0.893144 0.442443
1783948131.870424271 0.195970 0.047772 0.705603 -0.024580 -0.076917 0.893160 0.442431
1783948131.878253937 0.195687 0.047381 0.705511 -0.024736 -0.076950 0.893155 0.442426
1783948131.888237238 0.195311 0.046881 0.705392 -0.024801 -0.076954 0.893156 0.442419
1783948131.902404547 0.194888 0.046224 0.705229 -0.024525 -0.076816 0.893168 0.442434
1783948131.908231974 0.194315 0.045800 0.705160 -0.024694 -0.076843 0.893159 0.442438
1783948131.909974337 0.194092 0.045654 0.705140 -0.024778 -0.076859 0.893154 0.442442
1783948131.909974337 0.194092 0.045654 0.705140 -0.024778 -0.076859 0.893154 0.442442
1783948131.918292046 0.194696 0.045596 0.705044 -0.024826 -0.076817 0.893133 0.442488
1783948131.928289413 0.195409 0.045514 0.704930 -0.024753 -0.076708 0.893108 0.442563
1783948131.938226223 0.195967 0.045370 0.704817 -0.024674 -0.076591 0.893090 0.442623
1783948131.948264837 0.196380 0.045167 0.704701 -0.024597 -0.076502 0.893082 0.442659
1783948131.960361958 0.196820 0.044908 0.704553 -0.024382 -0.076385 0.893082 0.442691
1783948131.968315840 0.196744 0.044598 0.704454 -0.024485 -0.076406 0.893074 0.442699
1783948131.978262186 0.196624 0.044209 0.704323 -0.024506 -0.076392 0.893063 0.442721
1783948131.988264084 0.196338 0.043759 0.704189 -0.024527 -0.076379 0.893054 0.442740
1783948131.998269796 0.195893 0.043251 0.704055 -0.024541 -0.076359 0.893044 0.442763
1783948132.008246899 0.195298 0.042691 0.703925 -0.024535 -0.076316 0.893030 0.442800
1783948132.010840893 0.194993 0.042487 0.703893 -0.024644 -0.076333 0.893020 0.442810
1783948132.010840893 0.194993 0.042487 0.703893 -0.024644 -0.076333 0.893020 0.442810
1783948132.018950939 0.195596 0.042441 0.703833 -0.024695 -0.076285 0.893005 0.442847
1783948132.028278828 0.196256 0.042368 0.703767 -0.024658 -0.076189 0.892986 0.442903
1783948132.038253546 0.196865 0.042248 0.703696 -0.024567 -0.076058 0.892977 0.442948
1783948132.049052238 0.197409 0.042074 0.703619 -0.024433 -0.075925 0.892979 0.442976
1783948132.058212757 0.197617 0.041832 0.703548 -0.024442 -0.075874 0.892979 0.442984
1783948132.068266392 0.197734 0.041529 0.703466 -0.024426 -0.075829 0.892983 0.442984
1783948132.080429077 0.197810 0.041145 0.703363 -0.024262 -0.075726 0.892987 0.443003
1783948132.088315487 0.197498 0.040760 0.703290 -0.024381 -0.075743 0.892980 0.443006
1783948132.098259449 0.197101 0.040279 0.703199 -0.024388 -0.075708 0.892978 0.443016
1783948132.108316660 0.196557 0.039744 0.703111 -0.024363 -0.075651 0.892969 0.443045
1783948132.111725569 0.196190 0.039491 0.703079 -0.024492 -0.075668 0.892959 0.443055
1783948132.111725569 0.196190 0.039491 0.703079 -0.024492 -0.075668 0.892959 0.443055
1783948132.118241549 0.196635 0.039452 0.703042 -0.024616 -0.075662 0.892949 0.443070
1783948132.128321409 0.197449 0.039434 0.702994 -0.024545 -0.075549 0.892938 0.443116
1783948132.138316393 0.198102 0.039353 0.702947 -0.024474 -0.075424 0.892935 0.443147
1783948132.148903608 0.198664 0.039219 0.702896 -0.024366 -0.075308 0.892940 0.443162
1783948132.158261776 0.198929 0.039015 0.702844 -0.024376 -0.075261 0.892949 0.443152
1783948132.172073126 0.199446 0.038777 0.702771 -0.024035 -0.075100 0.892979 0.443136
1783948132.178289652 0.199253 0.038506 0.702727 -0.024206 -0.075145 0.892976 0.443127
1783948132.188288212 0.199058 0.038124 0.702659 -0.024233 -0.075132 0.892984 0.443112
1783948132.198238611 0.198705 0.037688 0.702593 -0.024258 -0.075098 0.892988 0.443108
1783948132.208276749 0.198208 0.037199 0.702529 -0.024252 -0.075051 0.892986 0.443120
1783948132.212579250 0.197787 0.036910 0.702500 -0.024390 -0.075067 0.892977 0.443127
1783948132.212579250 0.197787 0.036910 0.702500 -0.024390 -0.075067 0.892977 0.443127
1783948132.218291759 0.198148 0.036880 0.702505 -0.024522 -0.075070 0.892970 0.443133
1783948132.228252172 0.198921 0.036880 0.702540 -0.024453 -0.074956 0.892964 0.443169
1783948132.238244772 0.199553 0.036820 0.702575 -0.024378 -0.074835 0.892968 0.443186
1783948132.248258829 0.200032 0.036700 0.702609 -0.024306 -0.074732 0.892980 0.443183
1783948132.258265495 0.200344 0.036521 0.702639 -0.024270 -0.074668 0.892995 0.443165
1783948132.268242598 0.200480 0.036280 0.702663 -0.024269 -0.074639 0.893011 0.443138
1783948132.278265953 0.200442 0.035978 0.702682 -0.024276 -0.074615 0.893021 0.443121
1783948132.290409088 0.200326 0.035596 0.702719 -0.024134 -0.074537 0.893044 0.443095
1783948132.298237801 0.199927 0.035229 0.702722 -0.024256 -0.074555 0.893045 0.443085
1783948132.308271646 0.199416 0.034766 0.702740 -0.024240 -0.074506 0.893053 0.443078
1783948132.313435555 0.198948 0.034448 0.702737 -0.024378 -0.074519 0.893045 0.443085
1783948132.313435555 0.198948 0.034448 0.702737 -0.024378 -0.074519 0.893045 0.443085
1783948132.318307638 0.199315 0.034456 0.702754 -0.024526 -0.074552 0.893029 0.443103
1783948132.328265190 0.200319 0.034566 0.702800 -0.024478 -0.074502 0.892997 0.443179
1783948132.338269472 0.201186 0.034618 0.702847 -0.024433 -0.074438 0.892971 0.443244
1783948132.348296404 0.201901 0.034611 0.702892 -0.024388 -0.074403 0.892955 0.443284
1783948132.358548641 0.202477 0.034550 0.702936 -0.024369 -0.074401 0.892943 0.443310
1783948132.368297100 0.202821 0.034421 0.702972 -0.024404 -0.074437 0.892933 0.443322
1783948132.378258228 0.203017 0.034237 0.703004 -0.024453 -0.074477 0.892917 0.443344
1783948132.388362169 0.203059 0.033999 0.703034 -0.024503 -0.074523 0.892906 0.443357
1783948132.398274183 0.202932 0.033709 0.703063 -0.024551 -0.074557 0.892888 0.443384
1783948132.408299923 0.202666 0.033370 0.703094 -0.024563 -0.074557 0.892867 0.443426
1783948132.414289951 0.202269 0.033078 0.703110 -0.024704 -0.074578 0.892849 0.443451
1783948132.414289951 0.202269 0.033078 0.703110 -0.024704 -0.074578 0.892849 0.443451
1783948132.418248653 0.202585 0.033110 0.703139 -0.024855 -0.074614 0.892836 0.443462
1783948132.428378344 0.203717 0.033323 0.703225 -0.024855 -0.074610 0.892802 0.443531
1783948132.438285589 0.204664 0.033465 0.703309 -0.024862 -0.074600 0.892776 0.443586
1783948132.448252439 0.205466 0.033551 0.703390 -0.024862 -0.074603 0.892757 0.443623
1783948132.459532976 0.206278 0.033621 0.703479 -0.024825 -0.074638 0.892741 0.443652
1783948132.468274832 0.206602 0.033562 0.703538 -0.024951 -0.074720 0.892727 0.443659
1783948132.478260040 0.206894 0.033473 0.703601 -0.025052 -0.074814 0.892709 0.443673
1783948132.488292217 0.207025 0.033331 0.703661 -0.025161 -0.074906 0.892694 0.443682
1783948132.501405716 0.207240 0.033181 0.703749 -0.025040 -0.074949 0.892673 0.443723
1783948132.509207249 0.206963 0.032937 0.703795 -0.025194 -0.075016 0.892654 0.443742
1783948132.517283678 0.206599 0.032657 0.703846 -0.025315 -0.075040 0.892631 0.443776
1783948132.517283678 0.206599 0.032657 0.703846 -0.025315 -0.075040 0.892631 0.443776
1783948132.518300533 0.206672 0.032669 0.703856 -0.025368 -0.075052 0.892628 0.443778
1783948132.528280258 0.207846 0.032974 0.703964 -0.025359 -0.075037 0.892604 0.443829
1783948132.538273573 0.208877 0.033221 0.704073 -0.025342 -0.075019 0.892582 0.443877
1783948132.548448086 0.209777 0.033419 0.704182 -0.025326 -0.075029 0.892575 0.443892
1783948132.558309793 0.210464 0.033545 0.704283 -0.025360 -0.075072 0.892570 0.443891
1783948132.568312168 0.210998 0.033618 0.704379 -0.025408 -0.075146 0.892568 0.443881
1783948132.578264236 0.211352 0.033630 0.704470 -0.025501 -0.075239 0.892559 0.443877
1783948132.588254929 0.211543 0.033588 0.704558 -0.025595 -0.075327 0.892551 0.443874
1783948132.598264217 0.211580 0.033495 0.704645 -0.025674 -0.075405 0.892540 0.443878
1783948132.610302210 0.211590 0.033384 0.704757 -0.025593 -0.075445 0.892522 0.443912
1783948132.616024256 0.211286 0.033210 0.704806 -0.025746 -0.075491 0.892505 0.443930
1783948132.616024256 0.211286 0.033210 0.704806 -0.025746 -0.075491 0.892505 0.443930
1783948132.618257046 0.211466 0.033261 0.704831 -0.025848 -0.075518 0.892497 0.443935
1783948132.628334761 0.212703 0.033661 0.704956 -0.025803 -0.075508 0.892470 0.443993
1783948132.638267279 0.213765 0.033991 0.705078 -0.025765 -0.075495 0.892451 0.444036
1783948132.648274660 0.214682 0.034265 0.705197 -0.025728 -0.075508 0.892441 0.444056
1783948132.658293247 0.215431 0.034481 0.705312 -0.025724 -0.075555 0.892438 0.444055
1783948132.669056892 0.216093 0.034669 0.705429 -0.025714 -0.075631 0.892436 0.444046
1783948132.678318024 0.216404 0.034738 0.705523 -0.025810 -0.075724 0.892425 0.444047
1783948132.688262701 0.216624 0.034777 0.705622 -0.025880 -0.075826 0.892418 0.444039
1783948132.700359821 0.216856 0.034828 0.705745 -0.025784 -0.075896 0.892411 0.444047
1783948132.708348751 0.216671 0.034733 0.705822 -0.025913 -0.075963 0.892397 0.444057
1783948132.716922045 0.216400 0.034607 0.705907 -0.025980 -0.075994 0.892379 0.444084
1783948132.716922045 0.216400 0.034607 0.705907 -0.025980 -0.075994 0.892379 0.444084
1783948132.718282700 0.216508 0.034646 0.705923 -0.026047 -0.076012 0.892374 0.444086
1783948132.728270054 0.217749 0.035113 0.706050 -0.026019 -0.076028 0.892349 0.444135
1783948132.738290071 0.218848 0.035522 0.706175 -0.025974 -0.076033 0.892333 0.444169
1783948132.748297453 0.219786 0.035869 0.706297 -0.025945 -0.076061 0.892324 0.444184
1783948132.758343697 0.220562 0.036160 0.706413 -0.025945 -0.076145 0.892321 0.444176
1783948132.768275976 0.221147 0.036384 0.706521 -0.025980 -0.076244 0.892321 0.444157
1783948132.778275013 0.221563 0.036552 0.706624 -0.026034 -0.076365 0.892312 0.444150
1783948132.788307667 0.221814 0.036666 0.706723 -0.026097 -0.076486 0.892305 0.444139
1783948132.798597336 0.221925 0.036735 0.706823 -0.026135 -0.076591 0.892296 0.444139
1783948132.808368683 0.221852 0.036737 0.706920 -0.026177 -0.076674 0.892281 0.444152
1783948132.817754984 0.221623 0.036682 0.707017 -0.026203 -0.076715 0.892261 0.444184
1783948132.817754984 0.221623 0.036682 0.707017 -0.026203 -0.076715 0.892261 0.444184
1783948132.818291664 0.221667 0.036702 0.707023 -0.026229 -0.076721 0.892259 0.444185
1783948132.829136610 0.223064 0.037295 0.707160 -0.026120 -0.076718 0.892237 0.444236
1783948132.838318110 0.224012 0.037699 0.707274 -0.026124 -0.076730 0.892219 0.444269
1783948132.848316431 0.224941 0.038101 0.707394 -0.026097 -0.076760 0.892208 0.444288
1783948132.858283043 0.225696 0.038440 0.707509 -0.026095 -0.076820 0.892204 0.444285
1783948132.868308783 0.226280 0.038719 0.707616 -0.026120 -0.076912 0.892204 0.444268
1783948132.878311157 0.226684 0.038935 0.707716 -0.026176 -0.077034 0.892192 0.444268
1783948132.888287544 0.226916 0.039093 0.707813 -0.026238 -0.077151 0.892186 0.444257
1783948132.898292780 0.226992 0.039200 0.707909 -0.026279 -0.077248 0.892176 0.444258
1783948132.908319235 0.226918 0.039256 0.708007 -0.026294 -0.077315 0.892163 0.444271
1783948132.918307304 0.226692 0.039258 0.708107 -0.026279 -0.077351 0.892143 0.444305
1783948132.918649912 0.226666 0.039250 0.708111 -0.026292 -0.077354 0.892142 0.444307
1783948132.918649912 0.226666 0.039250 0.708111 -0.026292 -0.077354 0.892142 0.444307
1783948132.928282499 0.227800 0.039784 0.708227 -0.026277 -0.077380 0.892111 0.444364
1783948132.938309669 0.228855 0.040288 0.708347 -0.026250 -0.077415 0.892088 0.444406
1783948132.948340178 0.229748 0.040729 0.708463 -0.026224 -0.077458 0.892072 0.444432
1783948132.958290100 0.230461 0.041103 0.708573 -0.026241 -0.077551 0.892064 0.444432
1783948132.968357801 0.231009 0.041421 0.708680 -0.026282 -0.077674 0.892055 0.444425
1783948132.978294134 0.231365 0.041669 0.708778 -0.026354 -0.077804 0.892041 0.444426
1783948132.989277363 0.231636 0.041907 0.708882 -0.026365 -0.077940 0.892032 0.444421
1783948132.998332739 0.231604 0.042008 0.708965 -0.026477 -0.078055 0.892016 0.444425
1783948133.008374214 0.231485 0.042095 0.709060 -0.026505 -0.078151 0.891994 0.444450
1783948133.019500256 0.231254 0.042158 0.709168 -0.026432 -0.078208 0.891968 0.444497
1783948133.019500256 0.231254 0.042158 0.709168 -0.026432 -0.078208 0.891968 0.444497
1783948133.021394253 0.231389 0.042236 0.709189 -0.026523 -0.078234 0.891962 0.444499
1783948133.028331518 0.232049 0.042589 0.709268 -0.026634 -0.078278 0.891947 0.444515
1783948133.038381577 0.233072 0.043125 0.709381 -0.026590 -0.078311 0.891943 0.444520
1783948133.051046610 0.234340 0.043795 0.709521 -0.026333 -0.078349 0.891958 0.444498
1783948133.058370113 0.234699 0.044035 0.709598 -0.026457 -0.078444 0.891956 0.444479
1783948133.068344593 0.235200 0.044373 0.709696 -0.026493 -0.078565 0.891966 0.444436
1783948133.078387737 0.235528 0.044650 0.709789 -0.026557 -0.078706 0.891968 0.444403
1783948133.088536978 0.235690 0.044873 0.709878 -0.026619 -0.078848 0.891970 0.444370
1783948133.098317146 0.235668 0.045023 0.709963 -0.026690 -0.078984 0.891971 0.444338
1783948133.108298540 0.235509 0.045130 0.710050 -0.026719 -0.079084 0.891971 0.444320
1783948133.120495796 0.235283 0.045254 0.710161 -0.026536 -0.079131 0.891975 0.444313
1783948133.121170521 0.235220 0.045241 0.710167 -0.026567 -0.079138 0.891973 0.444315
1783948133.121170521 0.235220 0.045241 0.710167 -0.026567 -0.079138 0.891973 0.444315
1783948133.128307819 0.235887 0.045613 0.710237 -0.026653 -0.079175 0.891960 0.444329
1783948133.138390779 0.236888 0.046156 0.710334 -0.026582 -0.079201 0.891953 0.444342
1783948133.149668455 0.237899 0.046717 0.710436 -0.026434 -0.079240 0.891963 0.444324
1783948133.158320904 0.238380 0.047034 0.710510 -0.026486 -0.079331 0.891964 0.444304
1783948133.168300867 0.238852 0.047370 0.710588 -0.026499 -0.079442 0.891972 0.444267
1783948133.179492950 0.239257 0.047704 0.710668 -0.026443 -0.079583 0.891977 0.444234
1783948133.188307047 0.239287 0.047858 0.710727 -0.026544 -0.079708 0.891976 0.444209
1783948133.198318720 0.239248 0.048009 0.710794 -0.026579 -0.079828 0.891976 0.444185
1783948133.208349466 0.239055 0.048106 0.710862 -0.026579 -0.079913 0.891973 0.444175
1783948133.218787193 0.238720 0.048156 0.710937 -0.026505 -0.079965 0.891967 0.444182
1783948133.221224308 0.238494 0.048110 0.710956 -0.026606 -0.079990 0.891959 0.444189
1783948133.221224308 0.238494 0.048110 0.710956 -0.026606 -0.079990 0.891959 0.444189
1783948133.228348255 0.239127 0.048455 0.711008 -0.026676 -0.080011 0.891938 0.444222
1783948133.238378048 0.240080 0.048955 0.711078 -0.026570 -0.080008 0.891924 0.444257
1783948133.248343229 0.240861 0.049384 0.711144 -0.026487 -0.080014 0.891917 0.444275
1783948133.258386612 0.241479 0.049751 0.711204 -0.026429 -0.080067 0.891913 0.444276
1783948133.268301725 0.241902 0.050043 0.711257 -0.026410 -0.080144 0.891908 0.444275
1783948133.278334141 0.242156 0.050275 0.711304 -0.026412 -0.080242 0.891899 0.444274
1783948133.288345814 0.242235 0.050442 0.711346 -0.026425 -0.080342 0.891896 0.444262
1783948133.298379898 0.242152 0.050550 0.711388 -0.026415 -0.080422 0.891888 0.444264
1783948133.308674097 0.241925 0.050609 0.711432 -0.026353 -0.080465 0.891872 0.444292
1783948133.318384886 0.241525 0.050593 0.711476 -0.026310 -0.080475 0.891852 0.444332
1783948133.322129726 0.241185 0.050515 0.711493 -0.026429 -0.080505 0.891839 0.444345
1783948133.322129726 0.241185 0.050515 0.711493 -0.026429 -0.080505 0.891839 0.444345
1783948133.328389645 0.241659 0.050767 0.711515 -0.026534 -0.080526 0.891822 0.444370
1783948133.340502739 0.242865 0.051352 0.711551 -0.026267 -0.080453 0.891812 0.444420
1783948133.348320723 0.243299 0.051594 0.711573 -0.026329 -0.080474 0.891802 0.444431
1783948133.358397961 0.243848 0.051902 0.711594 -0.026296 -0.080503 0.891801 0.444431
1783948133.370215654 0.244390 0.052224 0.711607 -0.026153 -0.080541 0.891804 0.444427
1783948133.378382921 0.244422 0.052318 0.711612 -0.026266 -0.080632 0.891795 0.444422
1783948133.388394356 0.244425 0.052419 0.711614 -0.026287 -0.080715 0.891789 0.444416
1783948133.398329496 0.244262 0.052457 0.711616 -0.026309 -0.080776 0.891783 0.444416
1783948133.408321619 0.243950 0.052440 0.711620 -0.026295 -0.080808 0.891773 0.444431
1783948133.418473482 0.243486 0.052365 0.711628 -0.026242 -0.080802 0.891756 0.444471
1783948133.422959805 0.243066 0.052249 0.711633 -0.026367 -0.080822 0.891740 0.444490
1783948133.422959805 0.243066 0.052249 0.711633 -0.026367 -0.080822 0.891740 0.444490
1783948133.428390980 0.243402 0.052414 0.711635 -0.026488 -0.080837 0.891724 0.444514
1783948133.438453436 0.244202 0.052779 0.711636 -0.026413 -0.080794 0.891710 0.444553
1783948133.448418140 0.244825 0.053069 0.711632 -0.026355 -0.080774 0.891707 0.444567
1783948133.458386660 0.245277 0.053291 0.711624 -0.026336 -0.080794 0.891705 0.444569
1783948133.468365431 0.245550 0.053446 0.711608 -0.026335 -0.080843 0.891705 0.444559
1783948133.478363991 0.245644 0.053532 0.711585 -0.026362 -0.080913 0.891698 0.444558
1783948133.488384008 0.245565 0.053555 0.711559 -0.026395 -0.080979 0.891700 0.444542
1783948133.500318289 0.245408 0.053558 0.711528 -0.026267 -0.081011 0.891703 0.444537
1783948133.508363962 0.244976 0.053438 0.711509 -0.026360 -0.081056 0.891691 0.444546
1783948133.518388987 0.244428 0.053281 0.711488 -0.026321 -0.081047 0.891679 0.444576
1783948133.523828983 0.243903 0.053109 0.711477 -0.026446 -0.081068 0.891661 0.444599
1783948133.523828983 0.243903 0.053109 0.711477 -0.026446 -0.081068 0.891661 0.444599
1783948133.528369904 0.244088 0.053193 0.711463 -0.026567 -0.081076 0.891646 0.444621
1783948133.538371563 0.244681 0.053444 0.711442 -0.026455 -0.080977 0.891637 0.444665
1783948133.548382282 0.245110 0.053625 0.711418 -0.026353 -0.080899 0.891637 0.444684
1783948133.558379889 0.245365 0.053737 0.711389 -0.026285 -0.080862 0.891636 0.444697
1783948133.568375826 0.245438 0.053779 0.711352 -0.026252 -0.080856 0.891639 0.444694
1783948133.578357935 0.245330 0.053751 0.711309 -0.026226 -0.080873 0.891634 0.444702
1783948133.588382721 0.245049 0.053659 0.711261 -0.026224 -0.080876 0.891629 0.444713
1783948133.598630428 0.244607 0.053508 0.711212 -0.026188 -0.080862 0.891626 0.444724
1783948133.608350039 0.244009 0.053297 0.711167 -0.026164 -0.080828 0.891619 0.444745
1783948133.618368864 0.243258 0.053027 0.711124 -0.026086 -0.080752 0.891605 0.444792
1783948133.624701262 0.242572 0.052773 0.711092 -0.026175 -0.080735 0.891589 0.444820
1783948133.624701262 0.242572 0.052773 0.711092 -0.026175 -0.080735 0.891589 0.444820
1783948133.630388021 0.242823 0.052861 0.711049 -0.026273 -0.080716 0.891578 0.444840
1783948133.638402462 0.243213 0.052993 0.710987 -0.026283 -0.080642 0.891571 0.444867
1783948133.648383617 0.243682 0.053146 0.710906 -0.026174 -0.080538 0.891580 0.444875
1783948133.658761978 0.244016 0.053243 0.710816 -0.026059 -0.080459 0.891594 0.444868
1783948133.668349266 0.244101 0.053246 0.710727 -0.026044 -0.080427 0.891604 0.444855
1783948133.678386688 0.244042 0.053193 0.710627 -0.026012 -0.080411 0.891611 0.444846
1783948133.690440416 0.243906 0.053104 0.710503 -0.025805 -0.080326 0.891634 0.444826
1783948133.698386192 0.243471 0.052914 0.710424 -0.025889 -0.080330 0.891632 0.444824
1783948133.708397150 0.242922 0.052675 0.710326 -0.025828 -0.080268 0.891632 0.444840
1783948133.718448877 0.242219 0.052375 0.710231 -0.025728 -0.080159 0.891632 0.444865
1783948133.725564718 0.241487 0.052070 0.710166 -0.025782 -0.080114 0.891620 0.444894
1783948133.725564718 0.241487 0.052070 0.710166 -0.025782 -0.080114 0.891620 0.444894
1783948133.729230165 0.241580 0.052085 0.710128 -0.025895 -0.080116 0.891610 0.444908
1783948133.738394260 0.242052 0.052207 0.710031 -0.025839 -0.080006 0.891607 0.444936
1783948133.748396635 0.242467 0.052294 0.709921 -0.025723 -0.079886 0.891617 0.444945
1783948133.758363962 0.242709 0.052313 0.709806 -0.025641 -0.079807 0.891632 0.444934
1783948133.768414497 0.242778 0.052263 0.709683 -0.025588 -0.079750 0.891645 0.444921
1783948133.778473139 0.242669 0.052144 0.709555 -0.025556 -0.079712 0.891653 0.444914
1783948133.788378000 0.242382 0.051960 0.709425 -0.025545 -0.079676 0.891663 0.444900
1783948133.798405409 0.241939 0.051718 0.709294 -0.025519 -0.079622 0.891674 0.444889
1783948133.808377028 0.241344 0.051421 0.709166 -0.025464 -0.079544 0.891676 0.444903
1783948133.818416834 0.240598 0.051062 0.709041 -0.025372 -0.079429 0.891673 0.444934
1783948133.826436281 0.239781 0.050689 0.708944 -0.025390 -0.079355 0.891664 0.444965
1783948133.826436281 0.239781 0.050689 0.708944 -0.025390 -0.079355 0.891664 0.444965
1783948133.828377008 0.239804 0.050680 0.708919 -0.025473 -0.079364 0.891657 0.444972
1783948133.838434458 0.240343 0.050794 0.708790 -0.025373 -0.079221 0.891654 0.445009
1783948133.848357677 0.240705 0.050834 0.708661 -0.025303 -0.079107 0.891659 0.445024
1783948133.858418703 0.240912 0.050812 0.708526 -0.025253 -0.079035 0.891667 0.445023
1783948133.868426323 0.240935 0.050720 0.708385 -0.025236 -0.078980 0.891676 0.445016
1783948133.878433943 0.240779 0.050561 0.708240 -0.025239 -0.078947 0.891679 0.445016
1783948133.888362169 0.240451 0.050339 0.708094 -0.025260 -0.078923 0.891685 0.445007
1783948133.898360014 0.239967 0.050058 0.707947 -0.025264 -0.078875 0.891689 0.445008
1783948133.908370972 0.239332 0.049722 0.707802 -0.025235 -0.078802 0.891686 0.445027
1783948133.920027018 0.238528 0.049303 0.707639 -0.025037 -0.078629 0.891683 0.445076
1783948133.927301645 0.237712 0.048918 0.707541 -0.025104 -0.078573 0.891669 0.445109
1783948133.927301645 0.237712 0.048918 0.707541 -0.025104 -0.078573 0.891669 0.445109
1783948133.928562164 0.237721 0.048906 0.707524 -0.025162 -0.078580 0.891664 0.445114
1783948133.938467741 0.238219 0.048980 0.707397 -0.025088 -0.078443 0.891656 0.445159
1783948133.948573351 0.238579 0.048994 0.707265 -0.025006 -0.078325 0.891662 0.445172
1783948133.958445072 0.238750 0.048939 0.707132 -0.024970 -0.078263 0.891668 0.445174
1783948133.968456268 0.238757 0.048819 0.706991 -0.024957 -0.078215 0.891676 0.445167
1783948133.978674650 0.238596 0.048635 0.706842 -0.024956 -0.078189 0.891678 0.445168
1783948133.988392353 0.238247 0.048387 0.706697 -0.024994 -0.078179 0.891678 0.445166
1783948133.998392582 0.237752 0.048083 0.706549 -0.025008 -0.078137 0.891678 0.445173
1783948134.008383274 0.237109 0.047723 0.706405 -0.024991 -0.078066 0.891675 0.445194
1783948134.018395901 0.236317 0.047306 0.706267 -0.024938 -0.077963 0.891665 0.445233
1783948134.028163910 0.235380 0.046833 0.706135 -0.024879 -0.077843 0.891654 0.445281
1783948134.028163910 0.235380 0.046833 0.706135 -0.024879 -0.077843 0.891654 0.445281
1783948134.028375149 0.235386 0.046833 0.706132 -0.024884 -0.077843 0.891653 0.445282
1783948134.038447618 0.235915 0.046933 0.705966 -0.024782 -0.077709 0.891648 0.445322
1783948134.048427820 0.236274 0.046965 0.705799 -0.024704 -0.077600 0.891650 0.445340
1783948134.058441639 0.236468 0.046933 0.705627 -0.024661 -0.077533 0.891657 0.445341
1783948134.068435431 0.236485 0.046834 0.705451 -0.024640 -0.077496 0.891666 0.445330
1783948134.078385353 0.236326 0.046668 0.705271 -0.024654 -0.077476 0.891666 0.445334
1783948134.088386774 0.236003 0.046444 0.705088 -0.024657 -0.077452 0.891673 0.445323
1783948134.098359823 0.235524 0.046164 0.704907 -0.024656 -0.077418 0.891672 0.445332
1783948134.108403683 0.234898 0.045830 0.704727 -0.024615 -0.077350 0.891673 0.445343
1783948134.118431807 0.234125 0.045440 0.704552 -0.024557 -0.077254 0.891668 0.445373
1783948134.128369570 0.233201 0.044990 0.704382 -0.024473 -0.077138 0.891652 0.445429
1783948134.129069328 0.233094 0.044941 0.704371 -0.024503 -0.077142 0.891651 0.445430
1783948134.129069328 0.233094 0.044941 0.704371 -0.024503 -0.077142 0.891651 0.445430
1783948134.141828060 0.233944 0.045157 0.704213 -0.024158 -0.076925 0.891673 0.445442
1783948134.148430586 0.234022 0.045122 0.704125 -0.024260 -0.076917 0.891673 0.445438
1783948134.158396959 0.234218 0.045102 0.703995 -0.024218 -0.076865 0.891689 0.445416
1783948134.168402195 0.234243 0.045019 0.703859 -0.024199 -0.076845 0.891703 0.445394
1783948134.178367138 0.234092 0.044871 0.703719 -0.024215 -0.076842 0.891718 0.445363
1783948134.188433647 0.233780 0.044664 0.703575 -0.024242 -0.076840 0.891730 0.445338
1783948134.198390245 0.233310 0.044401 0.703434 -0.024267 -0.076827 0.891739 0.445321
1783948134.208416700 0.232695 0.044085 0.703295 -0.024251 -0.076779 0.891743 0.445322
1783948134.218749523 0.231927 0.043710 0.703157 -0.024167 -0.076682 0.891746 0.445337
1783948134.228382826 0.231021 0.043283 0.703030 -0.024119 -0.076590 0.891743 0.445361
1783948134.229893684 0.230791 0.043182 0.703010 -0.024186 -0.076599 0.891739 0.445365
1783948134.229893684 0.230791 0.043182 0.703010 -0.024186 -0.076599 0.891739 0.445365
1783948134.238447666 0.231200 0.043277 0.702894 -0.024202 -0.076553 0.891730 0.445390
1783948134.248440981 0.231630 0.043369 0.702758 -0.024132 -0.076500 0.891736 0.445390
1783948134.258384466 0.231891 0.043397 0.702618 -0.024105 -0.076488 0.891744 0.445379
1783948134.269229174 0.232047 0.043382 0.702459 -0.024046 -0.076484 0.891759 0.445351
1783948134.278469563 0.231921 0.043270 0.702320 -0.024113 -0.076535 0.891760 0.445338
1783948134.288404942 0.231675 0.043111 0.702168 -0.024133 -0.076561 0.891767 0.445318
1783948134.299771547 0.231319 0.042907 0.701996 -0.024038 -0.076553 0.891782 0.445295
1783948134.308403969 0.230766 0.042644 0.701868 -0.024100 -0.076563 0.891780 0.445293
1783948134.318506718 0.230081 0.042323 0.701722 -0.024040 -0.076504 0.891777 0.445312
1783948134.328449965 0.229245 0.041944 0.701583 -0.023977 -0.076429 0.891763 0.445357
1783948134.330764771 0.228913 0.041801 0.701550 -0.024073 -0.076442 0.891758 0.445360
1783948134.330764771 0.228913 0.041801 0.701550 -0.024073 -0.076442 0.891758 0.445360
1783948134.338432550 0.229297 0.041905 0.701439 -0.024139 -0.076428 0.891747 0.445380
1783948134.348475218 0.229825 0.042050 0.701289 -0.024080 -0.076405 0.891740 0.445400
1783948134.358430624 0.230180 0.042128 0.701136 -0.024048 -0.076409 0.891741 0.445401
1783948134.368436098 0.230368 0.042144 0.700978 -0.024046 -0.076454 0.891743 0.445389
1783948134.378405333 0.230383 0.042097 0.700815 -0.024068 -0.076508 0.891739 0.445385
1783948134.388412952 0.230238 0.041992 0.700648 -0.024099 -0.076560 0.891737 0.445380
1783948134.398415327 0.229939 0.041832 0.700482 -0.024122 -0.076608 0.891731 0.445382
1783948134.408469677 0.229496 0.041621 0.700319 -0.024111 -0.076617 0.891721 0.445401
1783948134.418446064 0.228906 0.041353 0.700161 -0.024071 -0.076590 0.891707 0.445436
1783948134.428458929 0.228167 0.041026 0.700008 -0.024000 -0.076534 0.891685 0.445494
1783948134.432829857 0.227625 0.040796 0.699944 -0.024127 -0.076552 0.891673 0.445508
1783948134.432829857 0.227625 0.040796 0.699944 -0.024127 -0.076552 0.891673 0.445508
1783948134.438472748 0.227852 0.040853 0.699882 -0.024251 -0.076573 0.891659 0.445525
1783948134.448424101 0.228414 0.041017 0.699772 -0.024211 -0.076563 0.891657 0.445534
1783948134.458376646 0.228815 0.041118 0.699658 -0.024208 -0.076590 0.891654 0.445534
1783948134.468391657 0.229051 0.041157 0.699538 -0.024227 -0.076646 0.891660 0.445512
1783948134.478443384 0.229117 0.041133 0.699415 -0.024262 -0.076728 0.891658 0.445499
1783948134.491375208 0.229211 0.041115 0.699257 -0.024071 -0.076769 0.891667 0.445484
1783948134.498391628 0.228877 0.040956 0.699170 -0.024227 -0.076845 0.891661 0.445476
1783948134.508407593 0.228476 0.040763 0.699049 -0.024229 -0.076870 0.891651 0.445491
1783948134.518407106 0.227931 0.040515 0.698933 -0.024204 -0.076868 0.891639 0.445516
1783948134.528405190 0.227235 0.040208 0.698819 -0.024151 -0.076840 0.891619 0.445565
1783948134.532504082 0.226746 0.040000 0.698773 -0.024280 -0.076859 0.891608 0.445576
1783948134.532504082 0.226746 0.040000 0.698773 -0.024280 -0.076859 0.891608 0.445576
1783948134.538393497 0.227017 0.040085 0.698718 -0.024391 -0.076866 0.891597 0.445591
1783948134.548451424 0.227636 0.040292 0.698629 -0.024319 -0.076838 0.891596 0.445603
1783948134.558411121 0.228078 0.040430 0.698536 -0.024284 -0.076857 0.891603 0.445587
1783948134.568422794 0.228354 0.040506 0.698437 -0.024278 -0.076904 0.891606 0.445572
1783948134.578460217 0.228459 0.040518 0.698333 -0.024298 -0.076972 0.891604 0.445564
1783948134.588404655 0.228393 0.040469 0.698227 -0.024332 -0.077038 0.891602 0.445555
1783948134.598471642 0.228182 0.040368 0.698121 -0.024331 -0.077091 0.891602 0.445545
1783948134.608406544 0.227820 0.040214 0.698019 -0.024322 -0.077110 0.891597 0.445553
1783948134.620432854 0.227360 0.040022 0.697904 -0.024108 -0.077050 0.891595 0.445578
1783948134.628454685 0.226713 0.039758 0.697827 -0.024153 -0.077036 0.891575 0.445618
1783948134.633369684 0.226164 0.039536 0.697779 -0.024275 -0.077056 0.891564 0.445631
1783948134.633369684 0.226164 0.039536 0.697779 -0.024275 -0.077056 0.891564 0.445631
1783948134.638430834 0.226348 0.039591 0.697751 -0.024402 -0.077081 0.891550 0.445647
1783948134.650422573 0.227096 0.039842 0.697710 -0.024185 -0.077044 0.891547 0.445671
1783948134.658421040 0.227281 0.039886 0.697668 -0.024271 -0.077095 0.891544 0.445664
1783948134.668468714 0.227476 0.039929 0.697618 -0.024275 -0.077164 0.891543 0.445654
1783948134.680796146 0.227640 0.039955 0.697561 -0.024134 -0.077231 0.891537 0.445662
1783948134.688405037 0.227412 0.039846 0.697512 -0.024280 -0.077325 0.891528 0.445655
1783948134.698440313 0.227115 0.039708 0.697457 -0.024299 -0.077395 0.891519 0.445660
1783948134.708450556 0.226673 0.039518 0.697404 -0.024299 -0.077428 0.891504 0.445686
1783948134.718427658 0.226085 0.039273 0.697355 -0.024267 -0.077431 0.891485 0.445725
1783948134.728491783 0.225346 0.038967 0.697309 -0.024201 -0.077409 0.891461 0.445779
1783948134.734236956 0.224710 0.038709 0.697275 -0.024319 -0.077428 0.891448 0.445796
1783948134.734236956 0.224710 0.038709 0.697275 -0.024319 -0.077428 0.891448 0.445796
1783948134.738445520 0.224875 0.038757 0.697250 -0.024442 -0.077448 0.891439 0.445804
1783948134.748552799 0.225550 0.038979 0.697192 -0.024372 -0.077436 0.891440 0.445808
1783948134.758474588 0.226037 0.039127 0.697131 -0.024337 -0.077466 0.891443 0.445797
1783948134.768512011 0.226364 0.039212 0.697063 -0.024322 -0.077526 0.891447 0.445782
1783948134.778424025 0.226507 0.039230 0.696989 -0.024339 -0.077601 0.891446 0.445769
1783948134.788424969 0.226495 0.039192 0.696912 -0.024357 -0.077670 0.891448 0.445752
1783948134.798403502 0.226328 0.039099 0.696835 -0.024375 -0.077731 0.891448 0.445741
1783948134.809561014 0.226060 0.038965 0.696753 -0.024276 -0.077749 0.891445 0.445748
1783948134.818451881 0.225581 0.038757 0.696691 -0.024292 -0.077756 0.891433 0.445771
1783948134.828541994 0.224972 0.038494 0.696624 -0.024208 -0.077718 0.891421 0.445805
1783948134.835102081 0.224336 0.038228 0.696579 -0.024297 -0.077726 0.891408 0.445826
1783948134.835102081 0.224336 0.038228 0.696579 -0.024297 -0.077726 0.891408 0.445826
1783948134.838453770 0.224453 0.038260 0.696560 -0.024412 -0.077746 0.891397 0.445838
1783948134.848480225 0.225130 0.038481 0.696503 -0.024344 -0.077741 0.891394 0.445847
1783948134.858490705 0.225639 0.038635 0.696441 -0.024317 -0.077776 0.891393 0.445845
1783948134.868482113 0.225972 0.038723 0.696373 -0.024321 -0.077843 0.891390 0.445840
1783948134.879302979 0.226198 0.038768 0.696295 -0.024300 -0.077919 0.891378 0.445851
1783948134.888538599 0.226144 0.038713 0.696226 -0.024373 -0.077998 0.891373 0.445844
1783948134.898494720 0.225986 0.038619 0.696152 -0.024391 -0.078063 0.891364 0.445850
1783948134.911356688 0.225818 0.038517 0.696063 -0.024148 -0.078054 0.891351 0.445890
1783948134.918459892 0.225353 0.038317 0.696015 -0.024256 -0.078079 0.891333 0.445915
1783948134.928531408 0.224759 0.038057 0.695950 -0.024186 -0.078047 0.891308 0.445975
1783948134.935967207 0.224085 0.037773 0.695903 -0.024251 -0.078055 0.891293 0.446000
1783948134.935967207 0.224085 0.037773 0.695903 -0.024251 -0.078055 0.891293 0.446000
1783948134.938469172 0.224163 0.037791 0.695889 -0.024352 -0.078075 0.891286 0.446004
1783948134.948451042 0.224854 0.038007 0.695828 -0.024311 -0.078082 0.891284 0.446011
1783948134.958540916 0.225392 0.038160 0.695761 -0.024295 -0.078134 0.891289 0.445992
1783948134.968457460 0.225738 0.038239 0.695689 -0.024322 -0.078215 0.891293 0.445968
1783948134.978497267 0.225925 0.038257 0.695611 -0.024355 -0.078313 0.891290 0.445955
1783948134.988506556 0.225945 0.038212 0.695531 -0.024409 -0.078416 0.891291 0.445933
1783948134.998461485 0.225809 0.038111 0.695452 -0.024457 -0.078498 0.891290 0.445917
1783948135.008616686 0.225536 0.037958 0.695374 -0.024464 -0.078550 0.891284 0.445920
1783948135.018470049 0.225108 0.037747 0.695301 -0.024443 -0.078560 0.891272 0.445942
1783948135.028463602 0.224534 0.037475 0.695229 -0.024393 -0.078555 0.891254 0.445983
1783948135.036877632 0.223837 0.037163 0.695170 -0.024425 -0.078561 0.891244 0.446001
1783948135.036877632 0.223837 0.037163 0.695170 -0.024425 -0.078561 0.891244 0.446001
1783948135.042932272 0.224160 0.037246 0.695130 -0.024533 -0.078584 0.891231 0.446016
1783948135.048474073 0.224386 0.037293 0.695091 -0.024661 -0.078623 0.891225 0.446014
1783948135.058509827 0.224972 0.037445 0.695017 -0.024640 -0.078675 0.891228 0.446000
1783948135.068521500 0.225380 0.037528 0.694937 -0.024652 -0.078761 0.891227 0.445986
1783948135.078447580 0.225606 0.037542 0.694853 -0.024685 -0.078862 0.891222 0.445976
1783948135.088497877 0.225678 0.037497 0.694766 -0.024719 -0.078960 0.891220 0.445961
1783948135.098482370 0.225590 0.037394 0.694681 -0.024737 -0.079046 0.891213 0.445959
1783948135.109251022 0.225391 0.037244 0.694590 -0.024685 -0.079095 0.891205 0.445969
1783948135.118478775 0.224987 0.037024 0.694516 -0.024695 -0.079111 0.891190 0.445995
1783948135.128457308 0.224455 0.036745 0.694437 -0.024639 -0.079104 0.891174 0.446033
1783948135.138448715 0.223762 0.036402 0.694360 -0.024577 -0.079090 0.891160 0.446066
1783948135.139427900 0.223631 0.036343 0.694353 -0.024623 -0.079102 0.891158 0.446066
1783948135.139427900 0.223631 0.036343 0.694353 -0.024623 -0.079102 0.891158 0.446066
1783948135.148434162 0.224214 0.036464 0.694281 -0.024672 -0.079133 0.891150 0.446073
1783948135.158481359 0.224773 0.036559 0.694196 -0.024696 -0.079185 0.891148 0.446066
1783948135.168489933 0.225154 0.036583 0.694104 -0.024751 -0.079271 0.891149 0.446047
1783948135.178442955 0.225356 0.036538 0.694006 -0.024831 -0.079367 0.891140 0.446042
1783948135.188485146 0.225400 0.036432 0.693903 -0.024911 -0.079469 0.891135 0.446029
1783948135.200444221 0.225398 0.036284 0.693780 -0.024862 -0.079535 0.891133 0.446025
1783948135.208460569 0.225076 0.036065 0.693700 -0.024996 -0.079594 0.891119 0.446035
1783948135.218487501 0.224670 0.035785 0.693602 -0.025005 -0.079606 0.891100 0.446070
1783948135.228458643 0.224109 0.035441 0.693509 -0.024986 -0.079599 0.891077 0.446119
1783948135.238452196 0.223384 0.035032 0.693416 -0.024965 -0.079588 0.891063 0.446149
1783948135.238577127 0.223373 0.035026 0.693415 -0.024967 -0.079589 0.891063 0.446150
1783948135.238577127 0.223373 0.035026 0.693415 -0.024967 -0.079589 0.891063 0.446150
1783948135.248476982 0.224063 0.035109 0.693317 -0.024947 -0.079564 0.891053 0.446175
1783948135.258446693 0.224597 0.035127 0.693212 -0.024963 -0.079584 0.891048 0.446179
1783948135.269172907 0.225031 0.035088 0.693092 -0.024962 -0.079616 0.891046 0.446179
1783948135.278529644 0.225161 0.034959 0.692982 -0.025063 -0.079679 0.891034 0.446185
1783948135.288514853 0.225180 0.034777 0.692861 -0.025140 -0.079745 0.891026 0.446186
1783948135.299139500 0.225075 0.034535 0.692731 -0.025168 -0.079781 0.891018 0.446194
1783948135.308471918 0.224767 0.034243 0.692618 -0.025238 -0.079805 0.891002 0.446216
1783948135.318478823 0.224337 0.033889 0.692500 -0.025242 -0.079778 0.890983 0.446259
1783948135.328469753 0.223752 0.033469 0.692384 -0.025214 -0.079723 0.890958 0.446321
1783948135.338459730 0.223003 0.032984 0.692269 -0.025183 -0.079672 0.890939 0.446370
1783948135.339443684 0.222868 0.032913 0.692258 -0.025230 -0.079682 0.890936 0.446371
1783948135.339443684 0.222868 0.032913 0.692258 -0.025230 -0.079682 0.890936 0.446371
1783948135.348475456 0.223421 0.032909 0.692143 -0.025254 -0.079648 0.890929 0.446389
1783948135.358498096 0.223938 0.032863 0.692010 -0.025245 -0.079622 0.890927 0.446399
1783948135.368457079 0.224273 0.032746 0.691872 -0.025289 -0.079641 0.890926 0.446395
1783948135.378486872 0.224439 0.032564 0.691728 -0.025341 -0.079662 0.890919 0.446403
1783948135.388466358 0.224435 0.032320 0.691581 -0.025397 -0.079689 0.890919 0.446395
1783948135.398467779 0.224277 0.032018 0.691433 -0.025450 -0.079702 0.890910 0.446406
1783948135.408519983 0.223974 0.031660 0.691286 -0.025476 -0.079683 0.890899 0.446430
1783948135.418553591 0.223522 0.031242 0.691143 -0.025459 -0.079630 0.890889 0.446461
1783948135.431125879 0.222941 0.030704 0.690966 -0.025208 -0.079473 0.890873 0.446536
1783948135.438496828 0.222232 0.030247 0.690865 -0.025294 -0.079443 0.890858 0.446565
1783948135.440313101 0.221982 0.030106 0.690840 -0.025378 -0.079460 0.890854 0.446566
1783948135.440313101 0.221982 0.030106 0.690840 -0.025378 -0.079460 0.890854 0.446566
1783948135.448495865 0.222413 0.030036 0.690722 -0.025456 -0.079437 0.890846 0.446581
1783948135.458974123 0.222955 0.029938 0.690565 -0.025449 -0.079394 0.890849 0.446584
1783948135.468505383 0.223224 0.029763 0.690417 -0.025520 -0.079410 0.890845 0.446584
1783948135.478494644 0.223364 0.029523 0.690255 -0.025593 -0.079430 0.890837 0.446593
1783948135.489913702 0.223430 0.029213 0.690067 -0.025574 -0.079417 0.890839 0.446593
1783948135.498468876 0.223187 0.028871 0.689925 -0.025709 -0.079444 0.890828 0.446601
1783948135.508477926 0.222859 0.028454 0.689762 -0.025739 -0.079419 0.890818 0.446625
1783948135.518519640 0.222384 0.027977 0.689599 -0.025735 -0.079365 0.890800 0.446670
1783948135.528510809 0.221751 0.027436 0.689439 -0.025702 -0.079278 0.890781 0.446725
1783948135.538549662 0.220951 0.026828 0.689278 -0.025662 -0.079175 0.890768 0.446771
1783948135.541174889 0.220591 0.026611 0.689236 -0.025773 -0.079194 0.890762 0.446774
1783948135.541174889 0.220591 0.026611 0.689236 -0.025773 -0.079194 0.890762 0.446774
1783948135.548509359 0.220906 0.026495 0.689091 -0.025862 -0.079159 0.890753 0.446794
1783948135.558508158 0.221364 0.026344 0.688887 -0.025839 -0.079096 0.890750 0.446811
1783948135.568521738 0.221646 0.026124 0.688676 -0.025854 -0.079064 0.890749 0.446819
1783948135.578464031 0.221747 0.025838 0.688460 -0.025895 -0.079052 0.890742 0.446832
1783948135.588474751 0.221688 0.025489 0.688240 -0.025932 -0.079029 0.890736 0.446846
1783948135.598536015 0.221474 0.025082 0.688021 -0.025959 -0.078987 0.890731 0.446861
1783948135.608560324 0.221109 0.024621 0.687806 -0.025962 -0.078926 0.890717 0.446900
1783948135.621133327 0.220650 0.024040 0.687539 -0.025718 -0.078721 0.890709 0.446967
1783948135.629070044 0.219993 0.023531 0.687378 -0.025776 -0.078652 0.890689 0.447016
1783948135.638528824 0.219166 0.022905 0.687183 -0.025752 -0.078538 0.890671 0.447073
1783948135.642081499 0.218681 0.022603 0.687112 -0.025877 -0.078552 0.890662 0.447080
1783948135.642081499 0.218681 0.022603 0.687112 -0.025877 -0.078552 0.890662 0.447080
1783948135.648505926 0.218877 0.022469 0.686958 -0.025996 -0.078535 0.890658 0.447084
1783948135.663493395 0.219881 0.022380 0.686562 -0.025517 -0.078265 0.890701 0.447074
1783948135.668712139 0.219813 0.022184 0.686432 -0.025690 -0.078301 0.890700 0.447060
1783948135.678519726 0.219842 0.021883 0.686174 -0.025752 -0.078284 0.890707 0.447046
1783948135.689396143 0.219763 0.021513 0.685884 -0.025755 -0.078241 0.890719 0.447029
1783948135.698555946 0.219453 0.021110 0.685644 -0.025847 -0.078217 0.890725 0.447016
1783948135.708520651 0.219029 0.020641 0.685382 -0.025870 -0.078152 0.890729 0.447017
1783948135.718555927 0.218456 0.020114 0.685122 -0.025858 -0.078036 0.890726 0.447046
1783948135.730471134 0.217714 0.019461 0.684811 -0.025665 -0.077823 0.890724 0.447097
1783948135.738579512 0.216878 0.018885 0.684607 -0.025717 -0.077749 0.890717 0.447122
1783948135.743184805 0.216251 0.018498 0.684494 -0.025860 -0.077752 0.890712 0.447122
1783948135.743184805 0.216251 0.018498 0.684494 -0.025860 -0.077752 0.890712 0.447122
1783948135.748542309 0.216367 0.018382 0.684368 -0.025987 -0.077745 0.890707 0.447126
1783948135.758550882 0.216762 0.018239 0.684130 -0.025935 -0.077662 0.890717 0.447124
1783948135.770424604 0.217151 0.018046 0.683841 -0.025760 -0.077558 0.890736 0.447115
1783948135.778501034 0.217071 0.017780 0.683638 -0.025868 -0.077564 0.890735 0.447109
1783948135.788537741 0.216954 0.017450 0.683385 -0.025881 -0.077530 0.890740 0.447103
1783948135.798557281 0.216682 0.017066 0.683133 -0.025886 -0.077480 0.890741 0.447109
1783948135.808869839 0.216269 0.016626 0.682877 -0.025837 -0.077398 0.890744 0.447121
1783948135.818532467 0.215699 0.016144 0.682641 -0.025797 -0.077297 0.890741 0.447147
1783948135.828505516 0.214979 0.015594 0.682399 -0.025708 -0.077159 0.890732 0.447193
1783948135.839426756 0.214072 0.014948 0.682137 -0.025541 -0.076978 0.890738 0.447222
1783948135.843784809 0.213465 0.014593 0.682032 -0.025666 -0.076978 0.890734 0.447224
1783948135.843784809 0.213465 0.014593 0.682032 -0.025666 -0.076978 0.890734 0.447224
1783948135.848552465 0.213544 0.014501 0.681920 -0.025793 -0.076985 0.890731 0.447222
1783948135.858541727 0.213931 0.014403 0.681682 -0.025771 -0.076944 0.890745 0.447202
1783948135.868550301 0.214146 0.014241 0.681438 -0.025766 -0.076930 0.890762 0.447169
1783948135.879139662 0.214226 0.014018 0.681176 -0.025745 -0.076924 0.890776 0.447145
1783948135.888580322 0.214070 0.013735 0.680941 -0.025808 -0.076944 0.890787 0.447115
1783948135.898548841 0.213793 0.013401 0.680693 -0.025817 -0.076933 0.890799 0.447093
1783948135.909463644 0.213393 0.013005 0.680426 -0.025739 -0.076870 0.890808 0.447091
1783948135.918507576 0.212817 0.012582 0.680208 -0.025753 -0.076818 0.890807 0.447100
1783948135.928584576 0.212094 0.012081 0.679968 -0.025671 -0.076714 0.890803 0.447131
1783948135.939924955 0.211178 0.011481 0.679700 -0.025482 -0.076545 0.890813 0.447150
1783948135.944649696 0.210524 0.011122 0.679588 -0.025613 -0.076555 0.890807 0.447153
1783948135.944649696 0.210524 0.011122 0.679588 -0.025613 -0.076555 0.890807 0.447153
1783948135.948523521 0.210564 0.011057 0.679502 -0.025740 -0.076571 0.890800 0.447158
1783948135.958517551 0.210945 0.011006 0.679281 -0.025704 -0.076540 0.890803 0.447159
1783948135.971433878 0.211430 0.010948 0.678991 -0.025448 -0.076468 0.890830 0.447131
1783948135.978545189 0.211304 0.010763 0.678824 -0.025596 -0.076523 0.890827 0.447121
1783948135.988614082 0.211179 0.010531 0.678588 -0.025613 -0.076527 0.890832 0.447109
1783948136.002413988 0.211099 0.010265 0.678271 -0.025276 -0.076425 0.890850 0.447109
1783948136.008523941 0.210668 0.009992 0.678129 -0.025420 -0.076455 0.890840 0.447116
1783948136.018547535 0.210097 0.009606 0.677902 -0.025363 -0.076391 0.890833 0.447144
1783948136.028581619 0.209372 0.009159 0.677680 -0.025278 -0.076297 0.890817 0.447197
1783948136.038584232 0.208483 0.008650 0.677460 -0.025197 -0.076195 0.890810 0.447233
1783948136.045523643 0.207627 0.008204 0.677306 -0.025283 -0.076184 0.890803 0.447243
1783948136.045523643 0.207627 0.008204 0.677306 -0.025283 -0.076184 0.890803 0.447243
1783948136.048512459 0.207634 0.008161 0.677252 -0.025392 -0.076202 0.890797 0.447246
1783948136.058500290 0.207934 0.008137 0.677115 -0.025340 -0.076179 0.890802 0.447243
1783948136.068553448 0.208068 0.008051 0.676972 -0.025312 -0.076178 0.890811 0.447228
1783948136.078907490 0.208043 0.007905 0.676822 -0.025284 -0.076182 0.890811 0.447228
1783948136.088510275 0.207824 0.007699 0.676677 -0.025314 -0.076206 0.890815 0.447215
1783948136.098594427 0.207471 0.007441 0.676529 -0.025298 -0.076205 0.890820 0.447206
1783948136.109422922 0.206975 0.007127 0.676381 -0.025199 -0.076155 0.890821 0.447218
1783948136.120486021 0.206306 0.006750 0.676236 -0.025035 -0.076054 0.890816 0.447255
1783948136.128517389 0.205566 0.006375 0.676118 -0.025059 -0.076009 0.890802 0.447288
1783948136.138538122 0.204609 0.005898 0.675984 -0.024957 -0.075914 0.890799 0.447315
1783948136.149133205 0.203445 0.005341 0.675847 -0.024814 -0.075834 0.890801 0.447332
1783948136.149133205 0.203445 0.005341 0.675847 -0.024814 -0.075834 0.890801 0.447332
1783948136.151250601 0.203457 0.005325 0.675811 -0.024902 -0.075855 0.890797 0.447332
1783948136.158597469 0.203682 0.005345 0.675688 -0.024998 -0.075896 0.890800 0.447314
1783948136.168534517 0.204011 0.005387 0.675520 -0.024978 -0.075934 0.890816 0.447277
1783948136.178575516 0.204181 0.005371 0.675345 -0.024970 -0.075993 0.890827 0.447246
1783948136.188513041 0.204183 0.005296 0.675172 -0.024977 -0.076050 0.890840 0.447210
1783948136.198541880 0.204042 0.005171 0.674998 -0.024975 -0.076085 0.890850 0.447185
1783948136.208574295 0.203759 0.004998 0.674828 -0.024940 -0.076093 0.890857 0.447171
1783948136.218532324 0.203329 0.004772 0.674665 -0.024881 -0.076063 0.890860 0.447173
1783948136.228527308 0.202751 0.004487 0.674504 -0.024793 -0.076001 0.890859 0.447191
1783948136.238541603 0.202013 0.004141 0.674344 -0.024699 -0.075943 0.890857 0.447209
1783948136.248143435 0.201121 0.003741 0.674191 -0.024644 -0.075916 0.890868 0.447196
1783948136.248143435 0.201121 0.003741 0.674191 -0.024644 -0.075916 0.890868 0.447196
1783948136.248523951 0.201126 0.003741 0.674185 -0.024660 -0.075919 0.890867 0.447196
1783948136.258561373 0.201603 0.003866 0.674045 -0.024676 -0.075963 0.890866 0.447189
1783948136.268554688 0.201906 0.003927 0.673901 -0.024729 -0.076037 0.890871 0.447164
1783948136.278580189 0.202042 0.003928 0.673752 -0.024806 -0.076124 0.890865 0.447157
1783948136.288519382 0.202014 0.003871 0.673601 -0.024891 -0.076216 0.890864 0.447139
1783948136.298545361 0.201841 0.003764 0.673450 -0.024959 -0.076284 0.890862 0.447128
1783948136.310407639 0.201587 0.003625 0.673277 -0.024874 -0.076302 0.890857 0.447139
1783948136.318539143 0.201111 0.003414 0.673158 -0.024972 -0.076326 0.890842 0.447159
1783948136.328567028 0.200502 0.003145 0.673016 -0.024954 -0.076307 0.890820 0.447207
1783948136.344492912 0.199788 0.002817 0.672804 -0.024350 -0.076137 0.890831 0.447248
1783948136.348243237 0.199277 0.002608 0.672751 -0.024483 -0.076168 0.890825 0.447246
1783948136.348243237 0.199277 0.002608 0.672751 -0.024483 -0.076168 0.890825 0.447246
1783948136.348524094 0.199284 0.002609 0.672748 -0.024493 -0.076171 0.890825 0.447246
1783948136.358549595 0.199866 0.002787 0.672632 -0.024485 -0.076225 0.890831 0.447225
1783948136.368555784 0.200275 0.002901 0.672511 -0.024506 -0.076313 0.890838 0.447195
1783948136.378537893 0.200514 0.002953 0.672387 -0.024558 -0.076410 0.890836 0.447180
1783948136.388668060 0.200605 0.002951 0.672259 -0.024595 -0.076512 0.890837 0.447159
1783948136.398608923 0.200532 0.002893 0.672134 -0.024639 -0.076596 0.890835 0.447145
1783948136.408584833 0.200319 0.002785 0.672012 -0.024651 -0.076650 0.890832 0.447142
1783948136.418551922 0.199964 0.002623 0.671893 -0.024627 -0.076660 0.890823 0.447159
1783948136.429376602 0.199471 0.002405 0.671768 -0.024511 -0.076637 0.890811 0.447193
1783948136.438546181 0.198807 0.002124 0.671662 -0.024512 -0.076637 0.890801 0.447212
1783948136.448551655 0.197977 0.001781 0.671547 -0.024465 -0.076660 0.890804 0.447206
1783948136.448985577 0.197916 0.001757 0.671542 -0.024485 -0.076666 0.890803 0.447205
1783948136.448985577 0.197916 0.001757 0.671542 -0.024485 -0.076666 0.890803 0.447205
1783948136.461440802 0.198888 0.002096 0.671423 -0.024300 -0.076699 0.890814 0.447187
1783948136.469388723 0.199133 0.002169 0.671337 -0.024425 -0.076787 0.890815 0.447164
1783948136.478589296 0.199359 0.002234 0.671236 -0.024520 -0.076891 0.890811 0.447149
1783948136.488641262 0.199506 0.002272 0.671126 -0.024585 -0.076996 0.890811 0.447128
1783948136.498568058 0.199495 0.002253 0.671019 -0.024634 -0.077083 0.890811 0.447111
1783948136.511450529 0.199525 0.002251 0.670887 -0.024445 -0.077111 0.890807 0.447123
1783948136.518547297 0.199168 0.002107 0.670814 -0.024561 -0.077154 0.890794 0.447135
1783948136.528606653 0.198729 0.001926 0.670716 -0.024513 -0.077144 0.890776 0.447176
1783948136.538640261 0.198127 0.001682 0.670618 -0.024474 -0.077130 0.890760 0.447213
1783948136.549911261 0.197341 0.001369 0.670508 -0.024352 -0.077138 0.890758 0.447221
1783948136.552784681 0.196948 0.001216 0.670477 -0.024476 -0.077179 0.890754 0.447215
1783948136.552784681 0.196948 0.001216 0.670477 -0.024476 -0.077179 0.890754 0.447215
1783948136.558560133 0.197180 0.001295 0.670424 -0.024629 -0.077241 0.890752 0.447200
1783948136.568573475 0.197720 0.001483 0.670329 -0.024669 -0.077332 0.890759 0.447169
1783948136.578621387 0.198094 0.001609 0.670229 -0.024723 -0.077432 0.890758 0.447149
1783948136.588731289 0.198309 0.001678 0.670125 -0.024777 -0.077537 0.890762 0.447120
1783948136.598547459 0.198354 0.001684 0.670023 -0.024839 -0.077617 0.890764 0.447101
1783948136.608628988 0.198274 0.001644 0.669922 -0.024862 -0.077669 0.890758 0.447102
1783948136.621402264 0.198186 0.001594 0.669800 -0.024631 -0.077645 0.890758 0.447118
1783948136.628610611 0.197771 0.001423 0.669731 -0.024728 -0.077657 0.890742 0.447142
1783948136.641363859 0.197287 0.001214 0.669615 -0.024455 -0.077606 0.890747 0.447157
1783948136.648613453 0.196633 0.000952 0.669546 -0.024556 -0.077641 0.890743 0.447153
1783948136.650717735 0.196360 0.000844 0.669525 -0.024658 -0.077673 0.890739 0.447149
1783948136.650717735 0.196360 0.000844 0.669525 -0.024658 -0.077673 0.890739 0.447149
1783948136.658585787 0.196813 0.000977 0.669457 -0.024760 -0.077732 0.890733 0.447146
1783948136.670396566 0.197605 0.001210 0.669352 -0.024644 -0.077789 0.890738 0.447133
1783948136.678661823 0.197823 0.001248 0.669271 -0.024773 -0.077885 0.890730 0.447125
1783948136.688809395 0.198068 0.001285 0.669172 -0.024815 -0.077974 0.890726 0.447115
1783948136.698539257 0.198130 0.001256 0.669077 -0.024866 -0.078052 0.890719 0.447112
1783948136.708576202 0.198072 0.001183 0.668983 -0.024868 -0.078088 0.890709 0.447125
1783948136.718546629 0.197866 0.001052 0.668892 -0.024859 -0.078090 0.890696 0.447152
1783948136.728578806 0.197511 0.000861 0.668804 -0.024808 -0.078062 0.890676 0.447199
1783948136.738566399 0.196995 0.000605 0.668717 -0.024750 -0.078035 0.890664 0.447230
1783948136.748548508 0.196310 0.000286 0.668630 -0.024713 -0.078045 0.890660 0.447239
1783948136.751583338 0.195930 0.000126 0.668602 -0.024842 -0.078088 0.890655 0.447234
1783948136.751583338 0.195930 0.000126 0.668602 -0.024842 -0.078088 0.890655 0.447234
1783948136.758544683 0.196311 0.000218 0.668515 -0.024977 -0.078142 0.890650 0.447228
1783948136.768632412 0.196928 0.000375 0.668378 -0.024994 -0.078207 0.890652 0.447212
1783948136.778711319 0.197370 0.000465 0.668236 -0.025033 -0.078287 0.890645 0.447209
1783948136.788645983 0.197636 0.000492 0.668093 -0.025084 -0.078358 0.890640 0.447204
1783948136.798580408 0.197753 0.000463 0.667951 -0.025132 -0.078418 0.890633 0.447205
1783948136.810477734 0.197864 0.000418 0.667780 -0.025018 -0.078400 0.890625 0.447231
1783948136.818630934 0.197615 0.000263 0.667672 -0.025093 -0.078416 0.890605 0.447262
1783948136.828544855 0.197294 0.000063 0.667540 -0.025056 -0.078380 0.890583 0.447315
1783948136.839404345 0.196829 -0.000205 0.667393 -0.024948 -0.078314 0.890567 0.447365
1783948136.848572016 0.196175 -0.000531 0.667272 -0.024965 -0.078310 0.890565 0.447369
1783948136.852451563 0.195718 -0.000737 0.667224 -0.025108 -0.078356 0.890557 0.447369
1783948136.852451563 0.195718 -0.000737 0.667224 -0.025108 -0.078356 0.890557 0.447369
1783948136.858621597 0.196024 -0.000695 0.667150 -0.025260 -0.078409 0.890547 0.447370
1783948136.868626595 0.196639 -0.000585 0.667024 -0.025327 -0.078463 0.890551 0.447349
1783948136.878562927 0.197077 -0.000542 0.666892 -0.025393 -0.078538 0.890540 0.447354
1783948136.888656139 0.197367 -0.000554 0.666757 -0.025473 -0.078607 0.890543 0.447331
1783948136.898602962 0.197492 -0.000625 0.666624 -0.025529 -0.078663 0.890533 0.447339
1783948136.908570051 0.197475 -0.000750 0.666493 -0.025564 -0.078678 0.890529 0.447341
1783948136.918615103 0.197318 -0.000932 0.666363 -0.025566 -0.078665 0.890513 0.447376
1783948136.928631544 0.197008 -0.001178 0.666235 -0.025544 -0.078616 0.890494 0.447424
1783948136.938603401 0.196535 -0.001487 0.666107 -0.025519 -0.078572 0.890475 0.447471
1783948136.948595762 0.195890 -0.001862 0.665977 -0.025499 -0.078553 0.890472 0.447481
1783948136.953315973 0.195358 -0.002122 0.665916 -0.025660 -0.078599 0.890465 0.447477
1783948136.953315973 0.195358 -0.002122 0.665916 -0.025660 -0.078599 0.890465 0.447477
1783948136.958654404 0.195587 -0.002118 0.665839 -0.025817 -0.078630 0.890460 0.447472
1783948136.970399857 0.196417 -0.001988 0.665662 -0.025729 -0.078606 0.890472 0.447459
1783948136.978626251 0.196663 -0.002024 0.665535 -0.025864 -0.078662 0.890470 0.447445
1783948136.988581896 0.196930 -0.002078 0.665378 -0.025933 -0.078691 0.890472 0.447431
1783948136.999423265 0.197114 -0.002177 0.665205 -0.025922 -0.078682 0.890479 0.447419
1783948137.008604050 0.197033 -0.002347 0.665061 -0.026001 -0.078676 0.890469 0.447435
1783948137.018599272 0.196858 -0.002567 0.664906 -0.025982 -0.078613 0.890463 0.447460
1783948137.028609037 0.196530 -0.002851 0.664754 -0.025941 -0.078524 0.890449 0.447506
1783948137.038611412 0.196038 -0.003200 0.664601 -0.025896 -0.078441 0.890443 0.447535
1783948137.048625469 0.195373 -0.003614 0.664447 -0.025861 -0.078382 0.890442 0.447549
1783948137.054182053 0.194761 -0.003933 0.664362 -0.026015 -0.078420 0.890437 0.447545
1783948137.054182053 0.194761 -0.003933 0.664362 -0.026015 -0.078420 0.890437 0.447545
1783948137.058596849 0.194915 -0.003945 0.664292 -0.026175 -0.078464 0.890431 0.447539
1783948137.068567753 0.195505 -0.003876 0.664126 -0.026225 -0.078492 0.890438 0.447517
1783948137.078569889 0.195928 -0.003870 0.663953 -0.026302 -0.078538 0.890438 0.447504
1783948137.088591814 0.196188 -0.003924 0.663777 -0.026391 -0.078583 0.890442 0.447483
1783948137.098597050 0.196293 -0.004033 0.663601 -0.026459 -0.078605 0.890443 0.447474
1783948137.108578682 0.196251 -0.004196 0.663427 -0.026517 -0.078592 0.890439 0.447480
1783948137.118626595 0.196065 -0.004416 0.663255 -0.026522 -0.078552 0.890434 0.447498
1783948137.128633022 0.195722 -0.004700 0.663086 -0.026510 -0.078481 0.890417 0.447544
1783948137.139517784 0.195228 -0.005057 0.662901 -0.026442 -0.078392 0.890414 0.447570
1783948137.148625851 0.194550 -0.005458 0.662746 -0.026494 -0.078375 0.890412 0.447573
1783948137.155055761 0.193866 -0.005817 0.662636 -0.026657 -0.078413 0.890407 0.447567
1783948137.155055761 0.193866 -0.005817 0.662636 -0.026657 -0.078413 0.890407 0.447567
1783948137.158623934 0.193963 -0.005835 0.662571 -0.026803 -0.078446 0.890401 0.447565
1783948137.168579817 0.194532 -0.005770 0.662384 -0.026844 -0.078448 0.890405 0.447553
1783948137.178655863 0.194941 -0.005765 0.662187 -0.026902 -0.078460 0.890404 0.447549
1783948137.188623905 0.195175 -0.005823 0.661989 -0.026968 -0.078472 0.890405 0.447541
1783948137.198605299 0.195255 -0.005935 0.661792 -0.027031 -0.078468 0.890405 0.447538
1783948137.208629370 0.195191 -0.006099 0.661595 -0.027056 -0.078433 0.890397 0.447559
1783948137.218611717 0.194977 -0.006320 0.661402 -0.027053 -0.078366 0.890382 0.447602
1783948137.230246067 0.194660 -0.006607 0.661180 -0.026897 -0.078225 0.890368 0.447662
1783948137.238656044 0.194111 -0.006938 0.661022 -0.026953 -0.078169 0.890355 0.447696
1783948137.248680115 0.193402 -0.007349 0.660831 -0.026920 -0.078108 0.890352 0.447715
1783948137.255920887 0.192642 -0.007737 0.660692 -0.027052 -0.078124 0.890348 0.447712
1783948137.255920887 0.192642 -0.007737 0.660692 -0.027052 -0.078124 0.890348 0.447712
1783948137.258596659 0.192675 -0.007760 0.660643 -0.027172 -0.078152 0.890343 0.447710
1783948137.268633127 0.193087 -0.007729 0.660483 -0.027195 -0.078147 0.890341 0.447713
1783948137.278656960 0.193325 -0.007761 0.660318 -0.027251 -0.078146 0.890336 0.447720
1783948137.289552212 0.193449 -0.007841 0.660138 -0.027268 -0.078130 0.890335 0.447723
1783948137.298620701 0.193317 -0.007994 0.659983 -0.027367 -0.078137 0.890330 0.447725
1783948137.308651924 0.193082 -0.008194 0.659816 -0.027395 -0.078098 0.890318 0.447754
1783948137.321366787 0.192756 -0.008453 0.659620 -0.027166 -0.077933 0.890306 0.447820
1783948137.328633785 0.192236 -0.008734 0.659495 -0.027265 -0.077898 0.890288 0.447856
1783948137.338706732 0.191528 -0.009115 0.659331 -0.027233 -0.077782 0.890275 0.447906
1783948137.348641634 0.190649 -0.009555 0.659168 -0.027205 -0.077692 0.890272 0.447929
1783948137.356793165 0.189713 -0.009992 0.659029 -0.027294 -0.077684 0.890268 0.447932
1783948137.356793165 0.189713 -0.009992 0.659029 -0.027294 -0.077684 0.890268 0.447932
1783948137.359469175 0.189740 -0.010006 0.658976 -0.027411 -0.077713 0.890264 0.447928
1783948137.368646860 0.190116 -0.009934 0.658786 -0.027486 -0.077727 0.890268 0.447912
1783948137.378635168 0.190412 -0.009893 0.658574 -0.027538 -0.077745 0.890269 0.447905
1783948137.388593674 0.190542 -0.009910 0.658358 -0.027605 -0.077763 0.890275 0.447885
1783948137.398667812 0.190524 -0.009979 0.658140 -0.027653 -0.077752 0.890277 0.447880
1783948137.408626795 0.190350 -0.010101 0.657926 -0.027682 -0.077726 0.890274 0.447888
1783948137.419388771 0.190054 -0.010271 0.657698 -0.027617 -0.077636 0.890269 0.447919
1783948137.428653717 0.189563 -0.010510 0.657506 -0.027635 -0.077571 0.890251 0.447964
1783948137.438627005 0.188924 -0.010807 0.657300 -0.027594 -0.077488 0.890244 0.447996
1783948137.448611259 0.188111 -0.011164 0.657094 -0.027566 -0.077429 0.890241 0.448013
1783948137.457655907 0.187162 -0.011560 0.656906 -0.027628 -0.077427 0.890248 0.447996
1783948137.457655907 0.187162 -0.011560 0.656906 -0.027628 -0.077427 0.890248 0.447996
1783948137.458679199 0.187158 -0.011563 0.656885 -0.027680 -0.077441 0.890246 0.447993
1783948137.468652248 0.187547 -0.011415 0.656687 -0.027717 -0.077466 0.890253 0.447974
1783948137.478596926 0.187763 -0.011328 0.656482 -0.027792 -0.077494 0.890259 0.447952
1783948137.488640785 0.187822 -0.011295 0.656272 -0.027869 -0.077523 0.890264 0.447932
1783948137.498643637 0.187722 -0.011317 0.656062 -0.027936 -0.077531 0.890268 0.447918
1783948137.508697748 0.187475 -0.011388 0.655854 -0.027969 -0.077503 0.890264 0.447930
1783948137.518662930 0.187077 -0.011513 0.655651 -0.027965 -0.077454 0.890259 0.447949
1783948137.528707743 0.186524 -0.011697 0.655448 -0.027928 -0.077377 0.890245 0.447991
1783948137.538702011 0.185806 -0.011940 0.655249 -0.027900 -0.077302 0.890239 0.448019
1783948137.549468756 0.184892 -0.012248 0.655034 -0.027812 -0.077235 0.890245 0.448024
1783948137.558562517 0.183858 -0.012602 0.654850 -0.027872 -0.077240 0.890247 0.448015
1783948137.558562517 0.183858 -0.012602 0.654850 -0.027872 -0.077240 0.890247 0.448015
1783948137.558623075 0.183864 -0.012600 0.654849 -0.027869 -0.077239 0.890247 0.448015
1783948137.568651199 0.184209 -0.012381 0.654626 -0.027876 -0.077258 0.890256 0.447994
1783948137.580276728 0.184509 -0.012154 0.654361 -0.027797 -0.077268 0.890262 0.447985
1783948137.588691235 0.184412 -0.012108 0.654169 -0.027922 -0.077313 0.890262 0.447969
1783948137.598632574 0.184253 -0.012062 0.653942 -0.027952 -0.077335 0.890265 0.447958
1783948137.609484434 0.183976 -0.012044 0.653695 -0.027913 -0.077295 0.890265 0.447967
1783948137.618622780 0.183506 -0.012118 0.653490 -0.027933 -0.077263 0.890258 0.447986
1783948137.628673553 0.182898 -0.012231 0.653268 -0.027880 -0.077183 0.890248 0.448022
1783948137.639415264 0.182113 -0.012398 0.653032 -0.027764 -0.077082 0.890244 0.448055
1783948137.648691177 0.181186 -0.012633 0.652828 -0.027770 -0.077044 0.890245 0.448058
1783948137.658611059 0.180061 -0.012923 0.652608 -0.027749 -0.077028 0.890251 0.448051
1783948137.659391880 0.179925 -0.012964 0.652591 -0.027790 -0.077041 0.890250 0.448048
1783948137.659391880 0.179925 -0.012964 0.652591 -0.027790 -0.077041 0.890250 0.448048
1783948137.668656111 0.180150 -0.012733 0.652370 -0.027813 -0.077062 0.890260 0.448024
1783948137.678603649 0.180272 -0.012526 0.652127 -0.027815 -0.077080 0.890268 0.448004
1783948137.688674927 0.180238 -0.012372 0.651879 -0.027828 -0.077096 0.890273 0.447990
1783948137.698673964 0.180042 -0.012274 0.651633 -0.027820 -0.077090 0.890281 0.447976
1783948137.708624363 0.179698 -0.012228 0.651389 -0.027791 -0.077050 0.890279 0.447989
1783948137.718760490 0.179210 -0.012229 0.651145 -0.027712 -0.076965 0.890277 0.448012
1783948137.728638172 0.178565 -0.012296 0.650910 -0.027626 -0.076872 0.890266 0.448057
1783948137.740130186 0.177731 -0.012398 0.650639 -0.027404 -0.076733 0.890263 0.448099
1783948137.748662472 0.176798 -0.012592 0.650438 -0.027403 -0.076701 0.890266 0.448098
1783948137.758658648 0.175632 -0.012835 0.650201 -0.027354 -0.076676 0.890278 0.448082
1783948137.760259867 0.175345 -0.012912 0.650163 -0.027434 -0.076701 0.890276 0.448076
1783948137.760259867 0.175345 -0.012912 0.650163 -0.027434 -0.076701 0.890276 0.448076
1783948137.768645525 0.175459 -0.012673 0.649956 -0.027491 -0.076741 0.890289 0.448041
1783948137.778790474 0.175551 -0.012392 0.649700 -0.027462 -0.076784 0.890299 0.448015
1783948137.788623571 0.175459 -0.012184 0.649448 -0.027465 -0.076815 0.890310 0.447987
1783948137.798650026 0.175224 -0.012019 0.649191 -0.027436 -0.076834 0.890316 0.447975
1783948137.808628082 0.174842 -0.011905 0.648939 -0.027397 -0.076817 0.890320 0.447971
1783948137.818695784 0.174315 -0.011840 0.648688 -0.027318 -0.076759 0.890319 0.447989
1783948137.828661919 0.173636 -0.011837 0.648443 -0.027225 -0.076683 0.890317 0.448011
1783948137.838637352 0.172795 -0.011893 0.648199 -0.027110 -0.076617 0.890313 0.448037
1783948137.848645449 0.171780 -0.012009 0.647954 -0.027009 -0.076578 0.890324 0.448028
1783948137.858649731 0.170585 -0.012181 0.647709 -0.026934 -0.076573 0.890338 0.448006
1783948137.861124992 0.170142 -0.012282 0.647648 -0.027046 -0.076611 0.890335 0.447998
1783948137.861124992 0.170142 -0.012282 0.647648 -0.027046 -0.076611 0.890335 0.447998
1783948137.868623495 0.170156 -0.012038 0.647459 -0.027143 -0.076658 0.890342 0.447970
1783948137.878706694 0.170188 -0.011696 0.647203 -0.027135 -0.076696 0.890349 0.447951
1783948137.888705730 0.170050 -0.011416 0.646947 -0.027139 -0.076726 0.890360 0.447924
1783948137.898612261 0.169757 -0.011191 0.646694 -0.027136 -0.076735 0.890371 0.447900
1783948137.908712387 0.169322 -0.011008 0.646439 -0.027090 -0.076707 0.890380 0.447890
1783948137.918719292 0.168738 -0.010882 0.646191 -0.027016 -0.076650 0.890382 0.447901
1783948137.929654360 0.167988 -0.010783 0.645925 -0.026836 -0.076539 0.890387 0.447921
1783948137.938659668 0.167115 -0.010800 0.645706 -0.026792 -0.076484 0.890386 0.447934
1783948137.948714018 0.166042 -0.010848 0.645461 -0.026695 -0.076424 0.890402 0.447918
1783948137.961375475 0.164642 -0.010907 0.645151 -0.026367 -0.076334 0.890443 0.447872
1783948137.961996317 0.164523 -0.010929 0.645136 -0.026398 -0.076344 0.890442 0.447869
1783948137.961996317 0.164523 -0.010929 0.645136 -0.026398 -0.076344 0.890442 0.447869
1783948137.968660831 0.164484 -0.010685 0.644961 -0.026522 -0.076392 0.890447 0.447844
1783948137.978674650 0.164499 -0.010284 0.644691 -0.026500 -0.076420 0.890457 0.447822
1783948137.988648653 0.164351 -0.009942 0.644420 -0.026478 -0.076444 0.890475 0.447784
1783948137.998699665 0.164055 -0.009647 0.644147 -0.026439 -0.076442 0.890487 0.447762
1783948138.008615971 0.163613 -0.009410 0.643882 -0.026392 -0.076422 0.890492 0.447758
1783948138.018690109 0.163028 -0.009218 0.643615 -0.026287 -0.076353 0.890499 0.447763
1783948138.029392242 0.162281 -0.009062 0.643334 -0.026109 -0.076255 0.890497 0.447793
1783948138.038695812 0.161399 -0.009015 0.643094 -0.026037 -0.076194 0.890499 0.447803
1783948138.048660040 0.160333 -0.009004 0.642835 -0.025935 -0.076145 0.890515 0.447787
1783948138.061976910 0.158918 -0.008965 0.642482 -0.025536 -0.076055 0.890555 0.447744
1783948138.062862158 0.158747 -0.008992 0.642459 -0.025582 -0.076070 0.890554 0.447742
1783948138.062862158 0.158747 -0.008992 0.642459 -0.025582 -0.076070 0.890554 0.447742
1783948138.068690300 0.158689 -0.008768 0.642332 -0.025699 -0.076111 0.890558 0.447719
1783948138.078688860 0.158733 -0.008328 0.642116 -0.025614 -0.076105 0.890584 0.447674
1783948138.088687181 0.158618 -0.007945 0.641897 -0.025537 -0.076093 0.890608 0.447633
1783948138.098676443 0.158352 -0.007614 0.641681 -0.025444 -0.076065 0.890629 0.447600
1783948138.108700991 0.157945 -0.007331 0.641468 -0.025325 -0.076006 0.890649 0.447579
1783948138.118661404 0.157393 -0.007103 0.641262 -0.025170 -0.075907 0.890661 0.447579
1783948138.128645897 0.156692 -0.006933 0.641058 -0.024993 -0.075793 0.890670 0.447591
1783948138.138702154 0.155832 -0.006820 0.640855 -0.024807 -0.075681 0.890683 0.447594
1783948138.148692846 0.154804 -0.006769 0.640655 -0.024641 -0.075600 0.890709 0.447566
1783948138.158703804 0.153599 -0.006777 0.640454 -0.024505 -0.075556 0.890736 0.447527
1783948138.163730383 0.152759 -0.006866 0.640349 -0.024636 -0.075601 0.890740 0.447505
1783948138.163730383 0.152759 -0.006866 0.640349 -0.024636 -0.075601 0.890740 0.447505
1783948138.168694973 0.152696 -0.006662 0.640229 -0.024777 -0.075650 0.890742 0.447484
1783948138.178715944 0.152792 -0.006160 0.639961 -0.024726 -0.075668 0.890758 0.447451
1783948138.188680887 0.152726 -0.005719 0.639696 -0.024681 -0.075672 0.890781 0.447408
1783948138.198657513 0.152515 -0.005329 0.639434 -0.024622 -0.075656 0.890801 0.447374
1783948138.208671331 0.152164 -0.004985 0.639175 -0.024534 -0.075612 0.890812 0.447364
1783948138.219642401 0.151688 -0.004639 0.638893 -0.024327 -0.075497 0.890830 0.447359
1783948138.229064703 0.151036 -0.004438 0.638661 -0.024222 -0.075414 0.890835 0.447370
1783948138.238717318 0.150239 -0.004282 0.638425 -0.024104 -0.075322 0.890848 0.447364
1783948138.251372337 0.149222 -0.004059 0.638101 -0.023698 -0.075164 0.890890 0.447329
1783948138.258670568 0.148240 -0.004080 0.637932 -0.023755 -0.075179 0.890897 0.447310
1783948138.264591217 0.147317 -0.004143 0.637797 -0.023876 -0.075222 0.890904 0.447282
1783948138.264591217 0.147317 -0.004143 0.637797 -0.023876 -0.075222 0.890904 0.447282
1783948138.268691778 0.147264 -0.003976 0.637738 -0.024014 -0.075265 0.890908 0.447261
1783948138.279394388 0.147477 -0.003416 0.637595 -0.023909 -0.075261 0.890938 0.447206
1783948138.288712740 0.147429 -0.003013 0.637468 -0.023911 -0.075275 0.890962 0.447157
1783948138.298674583 0.147280 -0.002617 0.637335 -0.023858 -0.075261 0.890987 0.447112
1783948138.308643341 0.146992 -0.002270 0.637206 -0.023793 -0.075222 0.891004 0.447088
1783948138.318756342 0.146569 -0.001969 0.637080 -0.023673 -0.075136 0.891018 0.447081
1783948138.328677416 0.145996 -0.001737 0.636962 -0.023550 -0.075034 0.891029 0.447083
1783948138.338684797 0.145271 -0.001561 0.636847 -0.023408 -0.074939 0.891043 0.447077
1783948138.349362850 0.144367 -0.001423 0.636727 -0.023218 -0.074853 0.891074 0.447041
1783948138.358751059 0.143327 -0.001387 0.636619 -0.023169 -0.074838 0.891100 0.446993
1783948138.365468264 0.142363 -0.001438 0.636538 -0.023276 -0.074883 0.891113 0.446955
1783948138.365468264 0.142363 -0.001438 0.636538 -0.023276 -0.074883 0.891113 0.446955
1783948138.368685484 0.142335 -0.001303 0.636510 -0.023406 -0.074930 0.891110 0.446946
1783948138.379403591 0.142668 -0.000695 0.636432 -0.023320 -0.074952 0.891114 0.446938
1783948138.388678312 0.142718 -0.000256 0.636359 -0.023346 -0.074985 0.891116 0.446929
1783948138.398716688 0.142686 0.000190 0.636284 -0.023315 -0.074990 0.891117 0.446927
1783948138.408716679 0.142514 0.000583 0.636214 -0.023256 -0.074966 0.891111 0.446946
1783948138.418697596 0.142203 0.000921 0.636150 -0.023168 -0.074903 0.891105 0.446972
1783948138.428685427 0.141749 0.001202 0.636089 -0.023063 -0.074828 0.891091 0.447020
1783948138.438793182 0.141144 0.001427 0.636032 -0.022929 -0.074744 0.891083 0.447055
1783948138.449019909 0.140372 0.001596 0.635977 -0.022807 -0.074696 0.891086 0.447065
1783948138.458678246 0.139441 0.001684 0.635924 -0.022750 -0.074698 0.891093 0.447052
1783948138.466342926 0.138479 0.001674 0.635878 -0.022828 -0.074746 0.891097 0.447033
1783948138.466342926 0.138479 0.001674 0.635878 -0.022828 -0.074746 0.891097 0.447033
1783948138.468963623 0.138479 0.001792 0.635869 -0.022945 -0.074789 0.891097 0.447019
1783948138.479784727 0.138982 0.002474 0.635839 -0.022913 -0.074829 0.891128 0.446952
1783948138.488773584 0.139145 0.002944 0.635812 -0.022985 -0.074893 0.891149 0.446896
1783948138.498729229 0.139260 0.003443 0.635784 -0.023011 -0.074926 0.891175 0.446838
1783948138.509228945 0.139276 0.003931 0.635759 -0.022968 -0.074915 0.891200 0.446792
1783948138.518732309 0.139093 0.004297 0.635741 -0.022958 -0.074886 0.891214 0.446769
1783948138.528714180 0.138796 0.004637 0.635728 -0.022890 -0.074831 0.891224 0.446762
1783948138.539630175 0.138372 0.004968 0.635717 -0.022736 -0.074759 0.891249 0.446731
1783948138.548699617 0.137754 0.005141 0.635709 -0.022730 -0.074751 0.891274 0.446684
1783948138.558736324 0.136976 0.005303 0.635700 -0.022693 -0.074765 0.891306 0.446619
1783948138.568698883 0.136020 0.005400 0.635689 -0.022686 -0.074809 0.891342 0.446541
1783948138.571096420 0.135638 0.005366 0.635685 -0.022805 -0.074853 0.891340 0.446531
1783948138.571096420 0.135638 0.005366 0.635685 -0.022805 -0.074853 0.891340 0.446531
1783948138.578707695 0.135913 0.005818 0.635743 -0.022954 -0.074952 0.891328 0.446530
1783948138.588721514 0.136299 0.006424 0.635826 -0.023005 -0.075029 0.891322 0.446528
1783948138.600410461 0.136700 0.007115 0.635931 -0.022913 -0.075066 0.891314 0.446542
1783948138.608701944 0.136688 0.007492 0.636001 -0.023013 -0.075111 0.891298 0.446561
1783948138.618764639 0.136665 0.007944 0.636096 -0.022985 -0.075109 0.891275 0.446609
1783948138.631457090 0.136653 0.008514 0.636233 -0.022705 -0.075044 0.891247 0.446690
1783948138.638678789 0.136278 0.008694 0.636301 -0.022792 -0.075059 0.891231 0.446714
1783948138.648756981 0.135803 0.008966 0.636405 -0.022740 -0.075059 0.891226 0.446728
1783948138.658715963 0.135157 0.009172 0.636506 -0.022729 -0.075104 0.891221 0.446730
1783948138.668105602 0.134352 0.009297 0.636598 -0.022786 -0.075176 0.891216 0.446724
1783948138.668105602 0.134352 0.009297 0.636598 -0.022786 -0.075176 0.891216 0.446724
1783948138.668735504 0.134360 0.009329 0.636609 -0.022818 -0.075187 0.891215 0.446723
1783948138.678710938 0.134852 0.009979 0.636865 -0.022829 -0.075252 0.891207 0.446728
1783948138.688725233 0.135194 0.010574 0.637121 -0.022840 -0.075317 0.891196 0.446738
1783948138.698770046 0.135395 0.011118 0.637379 -0.022839 -0.075361 0.891186 0.446751
1783948138.708710432 0.135453 0.011603 0.637636 -0.022816 -0.075379 0.891170 0.446782
1783948138.718739033 0.135379 0.012041 0.637900 -0.022738 -0.075357 0.891151 0.446827
1783948138.729411602 0.135182 0.012457 0.638191 -0.022597 -0.075295 0.891127 0.446893
1783948138.738734961 0.134799 0.012736 0.638435 -0.022556 -0.075271 0.891112 0.446929
1783948138.748741865 0.134270 0.012992 0.638705 -0.022479 -0.075257 0.891104 0.446951
1783948138.759367704 0.133559 0.013213 0.638998 -0.022383 -0.075274 0.891099 0.446963
1783948138.768682718 0.132703 0.013324 0.639240 -0.022415 -0.075337 0.891094 0.446960
1783948138.768930435 0.132671 0.013324 0.639245 -0.022425 -0.075341 0.891093 0.446960
1783948138.768930435 0.132671 0.013324 0.639245 -0.022425 -0.075341 0.891093 0.446960
1783948138.778714895 0.133365 0.014056 0.639496 -0.022471 -0.075433 0.891097 0.446935
1783948138.788703442 0.133938 0.014751 0.639751 -0.022501 -0.075526 0.891104 0.446904
1783948138.798778534 0.134377 0.015401 0.640011 -0.022522 -0.075597 0.891110 0.446879
1783948138.808716774 0.134667 0.015987 0.640271 -0.022530 -0.075641 0.891108 0.446875
1783948138.818778276 0.134833 0.016530 0.640539 -0.022484 -0.075647 0.891102 0.446888
1783948138.828709841 0.134846 0.017002 0.640807 -0.022426 -0.075635 0.891090 0.446916
1783948138.838715792 0.134715 0.017418 0.641078 -0.022355 -0.075621 0.891085 0.446933
1783948138.848753929 0.134425 0.017772 0.641351 -0.022294 -0.075627 0.891092 0.446922
1783948138.858694077 0.133964 0.018060 0.641619 -0.022274 -0.075683 0.891098 0.446901
1783948138.868751526 0.133327 0.018292 0.641887 -0.022272 -0.075767 0.891113 0.446856
1783948138.869802952 0.133193 0.018290 0.641913 -0.022330 -0.075789 0.891111 0.446853
1783948138.869802952 0.133193 0.018290 0.641913 -0.022330 -0.075789 0.891111 0.446853
1783948138.878764391 0.133843 0.018947 0.642196 -0.022429 -0.075903 0.891109 0.446834
1783948138.890403032 0.134707 0.019805 0.642568 -0.022377 -0.075995 0.891113 0.446813
1783948138.898750782 0.135030 0.020307 0.642830 -0.022504 -0.076086 0.891107 0.446802
1783948138.908762693 0.135400 0.020903 0.643151 -0.022517 -0.076146 0.891102 0.446802
1783948138.920438290 0.135784 0.021574 0.643534 -0.022371 -0.076141 0.891096 0.446821
1783948138.928762197 0.135761 0.021936 0.643804 -0.022430 -0.076160 0.891078 0.446852
1783948138.938745975 0.135702 0.022352 0.644133 -0.022393 -0.076172 0.891064 0.446879
1783948138.952785492 0.135714 0.022969 0.644609 -0.021989 -0.076152 0.891077 0.446877
1783948138.958776236 0.135310 0.023077 0.644802 -0.022137 -0.076220 0.891072 0.446868
1783948138.968805313 0.134749 0.023306 0.645131 -0.022155 -0.076323 0.891076 0.446841
1783948138.970663309 0.134532 0.023306 0.645189 -0.022255 -0.076362 0.891073 0.446836
1783948138.970663309 0.134532 0.023306 0.645189 -0.022255 -0.076362 0.891073 0.446836
1783948138.978726149 0.135158 0.023885 0.645500 -0.022367 -0.076478 0.891063 0.446831
1783948138.988808632 0.135937 0.024604 0.645893 -0.022378 -0.076589 0.891052 0.446833
1783948138.998702526 0.136548 0.025251 0.646278 -0.022394 -0.076687 0.891041 0.446838
1783948139.008767366 0.137045 0.025859 0.646673 -0.022370 -0.076748 0.891025 0.446860
1783948139.019188643 0.137441 0.026438 0.647087 -0.022278 -0.076775 0.891005 0.446900
1783948139.028735161 0.137614 0.026889 0.647468 -0.022229 -0.076791 0.890978 0.446953
1783948139.038740396 0.137678 0.027311 0.647869 -0.022159 -0.076803 0.890957 0.446996
1783948139.048827410 0.137586 0.027675 0.648273 -0.022075 -0.076840 0.890950 0.447008
1783948139.058732271 0.137318 0.027966 0.648667 -0.022039 -0.076917 0.890943 0.447011
1783948139.068742275 0.136878 0.028199 0.649062 -0.022028 -0.077032 0.890940 0.446999
1783948139.071572304 0.136590 0.028203 0.649168 -0.022158 -0.077087 0.890933 0.446995
1783948139.071572304 0.136590 0.028203 0.649168 -0.022158 -0.077087 0.890933 0.446995
1783948139.078766584 0.137164 0.028705 0.649461 -0.022287 -0.077182 0.890938 0.446964
1783948139.088757277 0.138019 0.029422 0.649870 -0.022294 -0.077265 0.890959 0.446907
1783948139.098710299 0.138724 0.030078 0.650278 -0.022295 -0.077332 0.890973 0.446867
1783948139.108749151 0.139306 0.030689 0.650692 -0.022267 -0.077369 0.890982 0.446843
1783948139.118722200 0.139744 0.031237 0.651107 -0.022205 -0.077374 0.890987 0.446836
1783948139.128742218 0.140045 0.031726 0.651526 -0.022125 -0.077369 0.890985 0.446845
1783948139.138715506 0.140191 0.032148 0.651945 -0.022045 -0.077361 0.890992 0.446835
1783948139.148719072 0.140178 0.032505 0.652363 -0.021972 -0.077375 0.891007 0.446808
1783948139.158734798 0.139996 0.032797 0.652780 -0.021930 -0.077436 0.891025 0.446762
1783948139.168780565 0.139637 0.033026 0.653195 -0.021909 -0.077518 0.891044 0.446712
1783948139.172397375 0.139310 0.033033 0.653340 -0.022061 -0.077586 0.891040 0.446701
1783948139.172397375 0.139310 0.033033 0.653340 -0.022061 -0.077586 0.891040 0.446701
1783948139.178726435 0.139837 0.033440 0.653605 -0.022231 -0.077695 0.891028 0.446698
1783948139.188780785 0.140806 0.034131 0.654022 -0.022276 -0.077816 0.891018 0.446695
1783948139.198758125 0.141619 0.034757 0.654436 -0.022308 -0.077920 0.891005 0.446701
1783948139.208710432 0.142294 0.035325 0.654852 -0.022309 -0.077992 0.890987 0.446723
1783948139.218718290 0.142842 0.035839 0.655274 -0.022282 -0.078029 0.890966 0.446760
1783948139.228751421 0.143252 0.036290 0.655699 -0.022229 -0.078042 0.890945 0.446802
1783948139.242597580 0.143929 0.036934 0.656288 -0.021815 -0.078009 0.890926 0.446866
1783948139.248719215 0.143808 0.037059 0.656550 -0.021940 -0.078062 0.890916 0.446870
1783948139.258781672 0.143740 0.037309 0.656976 -0.021925 -0.078146 0.890914 0.446860
1783948139.268804550 0.143492 0.037491 0.657396 -0.021940 -0.078264 0.890909 0.446850
1783948139.274770737 0.143096 0.037507 0.657646 -0.022113 -0.078369 0.890897 0.446847
1783948139.274770737 0.143096 0.037507 0.657646 -0.022113 -0.078369 0.890897 0.446847
1783948139.278761864 0.143409 0.037716 0.657832 -0.022275 -0.078440 0.890889 0.446842
1783948139.288747787 0.144484 0.038336 0.658307 -0.022295 -0.078538 0.890887 0.446828
1783948139.298756361 0.145420 0.038897 0.658782 -0.022307 -0.078610 0.890885 0.446818
1783948139.308720827 0.146214 0.039398 0.659258 -0.022300 -0.078648 0.890874 0.446834
1783948139.318805456 0.146890 0.039847 0.659743 -0.022250 -0.078661 0.890861 0.446860
1783948139.328761578 0.147407 0.040222 0.660223 -0.022193 -0.078647 0.890841 0.446906
1783948139.338974714 0.147800 0.040543 0.660716 -0.022104 -0.078630 0.890826 0.446943
1783948139.348785639 0.147992 0.040776 0.661188 -0.022059 -0.078642 0.890823 0.446949
1783948139.358810425 0.148034 0.040952 0.661668 -0.022016 -0.078700 0.890826 0.446934
1783948139.368733883 0.147893 0.041057 0.662139 -0.022026 -0.078786 0.890826 0.446919
1783948139.374145508 0.147579 0.041029 0.662391 -0.022196 -0.078870 0.890818 0.446911
1783948139.374145508 0.147579 0.041029 0.662391 -0.022196 -0.078870 0.890818 0.446911
1783948139.378826141 0.148008 0.041244 0.662602 -0.022374 -0.078945 0.890810 0.446906
1783948139.388751507 0.149158 0.041779 0.663041 -0.022443 -0.079028 0.890804 0.446899
1783948139.400410175 0.150467 0.042382 0.663554 -0.022392 -0.079086 0.890796 0.446907
1783948139.408822060 0.151110 0.042702 0.663929 -0.022503 -0.079133 0.890782 0.446921
1783948139.418812513 0.151854 0.043064 0.664374 -0.022504 -0.079137 0.890764 0.446957
1783948139.430422068 0.152669 0.043450 0.664891 -0.022357 -0.079091 0.890740 0.447020
1783948139.438759804 0.152942 0.043604 0.665269 -0.022408 -0.079095 0.890724 0.447049
1783948139.448829174 0.153239 0.043768 0.665720 -0.022384 -0.079102 0.890714 0.447069
1783948139.458750725 0.153354 0.043860 0.666161 -0.022403 -0.079149 0.890712 0.447063
1783948139.468816042 0.153301 0.043888 0.666603 -0.022434 -0.079223 0.890711 0.447052
1783948139.475003719 0.153015 0.043814 0.666878 -0.022617 -0.079309 0.890699 0.447049
1783948139.475003719 0.153015 0.043814 0.666878 -0.022617 -0.079309 0.890699 0.447049
1783948139.478775024 0.153364 0.043940 0.667054 -0.022782 -0.079363 0.890691 0.447049
1783948139.488791704 0.154606 0.044373 0.667522 -0.022845 -0.079395 0.890684 0.447054
1783948139.498770714 0.155695 0.044743 0.667988 -0.022892 -0.079406 0.890674 0.447069
1783948139.509502649 0.156768 0.045097 0.668492 -0.022879 -0.079370 0.890661 0.447103
1783948139.518784046 0.157476 0.045315 0.668929 -0.022914 -0.079323 0.890644 0.447142
1783948139.528787374 0.158149 0.045503 0.669402 -0.022890 -0.079250 0.890620 0.447205
1783948139.538745165 0.158667 0.045621 0.669873 -0.022866 -0.079180 0.890602 0.447255
1783948139.548738003 0.159027 0.045671 0.670343 -0.022846 -0.079142 0.890593 0.447279
1783948139.558942318 0.159234 0.045656 0.670820 -0.022848 -0.079131 0.890588 0.447291
1783948139.568745375 0.159228 0.045566 0.671273 -0.022888 -0.079164 0.890584 0.447291
1783948139.575869083 0.158987 0.045415 0.671599 -0.023056 -0.079227 0.890573 0.447294
1783948139.575869083 0.158987 0.045415 0.671599 -0.023056 -0.079227 0.890573 0.447294
1783948139.578803539 0.159260 0.045478 0.671733 -0.023200 -0.079272 0.890564 0.447296
1783948139.588756084 0.160542 0.045813 0.672184 -0.023292 -0.079281 0.890544 0.447330
1783948139.598812580 0.161699 0.046092 0.672638 -0.023358 -0.079286 0.890519 0.447374
1783948139.608797550 0.162704 0.046311 0.673091 -0.023407 -0.079243 0.890489 0.447440
1783948139.618835926 0.163578 0.046472 0.673548 -0.023417 -0.079172 0.890455 0.447520
1783948139.629178524 0.164347 0.046577 0.674020 -0.023374 -0.079067 0.890417 0.447615
1783948139.638779879 0.164867 0.046593 0.674459 -0.023379 -0.078997 0.890387 0.447686
1783948139.648751736 0.165272 0.046553 0.674913 -0.023378 -0.078933 0.890365 0.447743
1783948139.658805847 0.165514 0.046447 0.675369 -0.023394 -0.078913 0.890348 0.447780
1783948139.668808460 0.165572 0.046271 0.675817 -0.023446 -0.078926 0.890333 0.447804
1783948139.676763058 0.165382 0.046045 0.676170 -0.023599 -0.078966 0.890312 0.447830
1783948139.676763058 0.165382 0.046045 0.676170 -0.023599 -0.078966 0.890312 0.447830
1783948139.678745270 0.165558 0.046068 0.676258 -0.023709 -0.078999 0.890308 0.447827
1783948139.690376282 0.167164 0.046418 0.676773 -0.023763 -0.078993 0.890322 0.447797
1783948139.698780298 0.168026 0.046555 0.677144 -0.023950 -0.079025 0.890320 0.447785
1783948139.708778143 0.169027 0.046703 0.677588 -0.024055 -0.079010 0.890320 0.447782
1783948139.721909285 0.170393 0.046905 0.678173 -0.023927 -0.078857 0.890328 0.447800
1783948139.728839397 0.170741 0.046865 0.678482 -0.024083 -0.078842 0.890315 0.447820
1783948139.738780022 0.171300 0.046821 0.678925 -0.024127 -0.078768 0.890312 0.447838
1783948139.748852968 0.171709 0.046713 0.679373 -0.024175 -0.078714 0.890319 0.447831
1783948139.758798122 0.171933 0.046536 0.679813 -0.024261 -0.078703 0.890332 0.447802
1783948139.768834352 0.171983 0.046291 0.680253 -0.024371 -0.078724 0.890342 0.447771
1783948139.777602911 0.171807 0.045996 0.680634 -0.024549 -0.078771 0.890345 0.447749
1783948139.777602911 0.171807 0.045996 0.680634 -0.024549 -0.078771 0.890345 0.447749
1783948139.778820992 0.171915 0.046003 0.680683 -0.024619 -0.078792 0.890342 0.447747
1783948139.789150238 0.173321 0.046242 0.681066 -0.024731 -0.078790 0.890335 0.447755
1783948139.798789740 0.174447 0.046392 0.681424 -0.024856 -0.078780 0.890326 0.447767
1783948139.808810234 0.175505 0.046503 0.681798 -0.024956 -0.078729 0.890313 0.447796
1783948139.818767309 0.176413 0.046554 0.682171 -0.025010 -0.078650 0.890299 0.447836
1783948139.828744411 0.177179 0.046541 0.682547 -0.025042 -0.078546 0.890277 0.447895
1783948139.838764668 0.177795 0.046465 0.682923 -0.025065 -0.078459 0.890260 0.447944
1783948139.849338055 0.178305 0.046328 0.683317 -0.025073 -0.078382 0.890257 0.447963
1783948139.858778000 0.178525 0.046117 0.683667 -0.025166 -0.078372 0.890253 0.447967
1783948139.868842363 0.178623 0.045843 0.684034 -0.025263 -0.078375 0.890254 0.447958
1783948139.878471136 0.178518 0.045509 0.684383 -0.025394 -0.078402 0.890244 0.447966
1783948139.878471136 0.178518 0.045509 0.684383 -0.025394 -0.078402 0.890244 0.447966
1783948139.880432367 0.178690 0.045514 0.684459 -0.025499 -0.078432 0.890241 0.447962
1783948139.888797283 0.179647 0.045624 0.684802 -0.025654 -0.078435 0.890251 0.447932
1783948139.898751259 0.180739 0.045739 0.685215 -0.025733 -0.078381 0.890264 0.447911
1783948139.908779144 0.181702 0.045803 0.685632 -0.025780 -0.078297 0.890270 0.447912
1783948139.918749809 0.182515 0.045808 0.686049 -0.025802 -0.078178 0.890278 0.447915
1783948139.928818226 0.183192 0.045753 0.686473 -0.025790 -0.078038 0.890276 0.447944
1783948139.938774347 0.183699 0.045631 0.686890 -0.025797 -0.077905 0.890286 0.447947
1783948139.948821545 0.184050 0.045445 0.687308 -0.025797 -0.077790 0.890304 0.447931
1783948139.958819866 0.184223 0.045194 0.687721 -0.025827 -0.077714 0.890321 0.447908
1783948139.968790054 0.184210 0.044877 0.688127 -0.025883 -0.077670 0.890342 0.447870
1783948139.978884459 0.184022 0.044495 0.688534 -0.025963 -0.077633 0.890359 0.447838
1783948139.979476690 0.183978 0.044460 0.688556 -0.025996 -0.077641 0.890359 0.447836
1783948139.979476690 0.183978 0.044460 0.688556 -0.025996 -0.077641 0.890359 0.447836
1783948139.988825083 0.185220 0.044656 0.688889 -0.026122 -0.077658 0.890357 0.447830
1783948139.998815536 0.186447 0.044830 0.689244 -0.026213 -0.077634 0.890350 0.447842
1783948140.009410143 0.187638 0.044975 0.689621 -0.026236 -0.077572 0.890344 0.447863
1783948140.018819094 0.188487 0.045023 0.689957 -0.026300 -0.077494 0.890330 0.447901
1783948140.028798342 0.189284 0.045032 0.690316 -0.026301 -0.077394 0.890310 0.447957
1783948140.039414406 0.190006 0.044991 0.690698 -0.026263 -0.077270 0.890305 0.447991
1783948140.048784971 0.190408 0.044866 0.691032 -0.026299 -0.077212 0.890303 0.448004
1783948140.058776617 0.190710 0.044689 0.691385 -0.026338 -0.077182 0.890306 0.448001
1783948140.068786383 0.190830 0.044448 0.691733 -0.026401 -0.077174 0.890306 0.447999
1783948140.078788519 0.190767 0.044147 0.692079 -0.026497 -0.077183 0.890300 0.448002
1783948140.080241203 0.190665 0.044067 0.692130 -0.026581 -0.077207 0.890297 0.447999
1783948140.080241203 0.190665 0.044067 0.692130 -0.026581 -0.077207 0.890297 0.447999
1783948140.088824034 0.191773 0.044291 0.692413 -0.026769 -0.077248 0.890318 0.447940
1783948140.098795891 0.193015 0.044539 0.692740 -0.026891 -0.077259 0.890344 0.447879
1783948140.109228849 0.194196 0.044759 0.693083 -0.026965 -0.077223 0.890370 0.447830
1783948140.118828773 0.195092 0.044888 0.693403 -0.027044 -0.077173 0.890383 0.447808
1783948140.128793240 0.195902 0.044975 0.693735 -0.027077 -0.077091 0.890399 0.447788
1783948140.139621496 0.196667 0.045026 0.694094 -0.027052 -0.076992 0.890426 0.447752
1783948140.148763180 0.197059 0.044971 0.694397 -0.027139 -0.076966 0.890449 0.447705
1783948140.158801079 0.197379 0.044875 0.694726 -0.027216 -0.076955 0.890484 0.447633
1783948140.169044495 0.197531 0.044720 0.695056 -0.027309 -0.076975 0.890521 0.447550
1783948140.178811073 0.197468 0.044500 0.695368 -0.027448 -0.077010 0.890548 0.447482
1783948140.181074619 0.197320 0.044396 0.695441 -0.027572 -0.077047 0.890546 0.447472
1783948140.181074619 0.197320 0.044396 0.695441 -0.027572 -0.077047 0.890546 0.447472
1783948140.188832521 0.198283 0.044618 0.695677 -0.027746 -0.077101 0.890553 0.447438
1783948140.198835850 0.199540 0.044916 0.695977 -0.027830 -0.077107 0.890569 0.447401
1783948140.208821535 0.200652 0.045163 0.696276 -0.027883 -0.077085 0.890583 0.447373
1783948140.218800545 0.201619 0.045359 0.696577 -0.027908 -0.077033 0.890590 0.447365
1783948140.231363535 0.202841 0.045609 0.696956 -0.027715 -0.076889 0.890605 0.447373
1783948140.238861561 0.203199 0.045614 0.697185 -0.027821 -0.076870 0.890607 0.447366
1783948140.248837948 0.203692 0.045632 0.697485 -0.027826 -0.076823 0.890625 0.447337
1783948140.258810282 0.204009 0.045591 0.697781 -0.027867 -0.076820 0.890645 0.447296
1783948140.268816710 0.204145 0.045490 0.698072 -0.027934 -0.076846 0.890669 0.447240
1783948140.278858185 0.204100 0.045328 0.698360 -0.028019 -0.076884 0.890685 0.447197
1783948140.281941891 0.203910 0.045212 0.698449 -0.028171 -0.076933 0.890682 0.447185
1783948140.281941891 0.203910 0.045212 0.698449 -0.028171 -0.076933 0.890682 0.447185
1783948140.288854361 0.204705 0.045439 0.698634 -0.028361 -0.076998 0.890699 0.447127
1783948140.298788071 0.205916 0.045800 0.698897 -0.028446 -0.077000 0.890735 0.447049
1783948140.308802128 0.206997 0.046119 0.699163 -0.028493 -0.076982 0.890769 0.446981
1783948140.318835258 0.207936 0.046387 0.699429 -0.028507 -0.076927 0.890801 0.446927
1783948140.329030037 0.208747 0.046605 0.699700 -0.028490 -0.076851 0.890833 0.446876
1783948140.338774920 0.209340 0.046744 0.699959 -0.028493 -0.076790 0.890862 0.446829
1783948140.348778248 0.209798 0.046835 0.700222 -0.028496 -0.076748 0.890905 0.446750
1783948140.358777046 0.210078 0.046864 0.700481 -0.028520 -0.076743 0.890953 0.446653
1783948140.370314598 0.210287 0.046870 0.700774 -0.028477 -0.076741 0.891019 0.446526
1783948140.378797054 0.210113 0.046754 0.700987 -0.028626 -0.076795 0.891045 0.446454
1783948140.382814646 0.209872 0.046639 0.701088 -0.028803 -0.076851 0.891049 0.446427
1783948140.382814646 0.209872 0.046639 0.701088 -0.028803 -0.076851 0.891049 0.446427
1783948140.388787985 0.210473 0.046856 0.701203 -0.029005 -0.076927 0.891057 0.446384
1783948140.398804665 0.211616 0.047285 0.701380 -0.029092 -0.076982 0.891087 0.446308
1783948140.408795118 0.212610 0.047665 0.701559 -0.029157 -0.076999 0.891110 0.446255
1783948140.418806314 0.213462 0.047995 0.701742 -0.029176 -0.076984 0.891129 0.446218
1783948140.431365013 0.214517 0.048413 0.701961 -0.029003 -0.076893 0.891166 0.446172
1783948140.440013885 0.214882 0.048560 0.702121 -0.029075 -0.076884 0.891177 0.446148
1783948140.448796034 0.215129 0.048668 0.702281 -0.029152 -0.076902 0.891197 0.446098
1783948140.464154005 0.215871 0.049011 0.702519 -0.028743 -0.076829 0.891297 0.445938
1783948140.468833208 0.215694 0.048959 0.702605 -0.028921 -0.076895 0.891301 0.445906
1783948140.478811026 0.215515 0.048942 0.702767 -0.029022 -0.076967 0.891335 0.445821
1783948140.483716249 0.215205 0.048850 0.702854 -0.029219 -0.077035 0.891337 0.445791
1783948140.483716249 0.215205 0.048850 0.702854 -0.029219 -0.077035 0.891337 0.445791
1783948140.488842964 0.215669 0.049064 0.702936 -0.029409 -0.077099 0.891341 0.445760
1783948140.498794556 0.216764 0.049565 0.703092 -0.029473 -0.077129 0.891373 0.445686
1783948140.508801460 0.217724 0.050024 0.703249 -0.029517 -0.077127 0.891401 0.445628
1783948140.518805027 0.218539 0.050432 0.703408 -0.029522 -0.077092 0.891424 0.445588
1783948140.530424356 0.219416 0.050884 0.703592 -0.029380 -0.077003 0.891456 0.445549
1783948140.540928841 0.219946 0.051194 0.703759 -0.029328 -0.076939 0.891487 0.445500
1783948140.548799276 0.220084 0.051329 0.703884 -0.029416 -0.076946 0.891508 0.445452
1783948140.563363314 0.220678 0.051735 0.704100 -0.029033 -0.076845 0.891604 0.445302
1783948140.568834305 0.220477 0.051727 0.704183 -0.029207 -0.076905 0.891612 0.445265
1783948140.578863621 0.220258 0.051783 0.704328 -0.029268 -0.076961 0.891644 0.445187
1783948140.584556103 0.219894 0.051727 0.704412 -0.029457 -0.077028 0.891650 0.445150
1783948140.584556103 0.219894 0.051727 0.704412 -0.029457 -0.077028 0.891650 0.445150
1783948140.589445591 0.220311 0.051967 0.704478 -0.029640 -0.077105 0.891646 0.445133
1783948140.598800898 0.221281 0.052505 0.704603 -0.029721 -0.077184 0.891652 0.445102
1783948140.608853102 0.222228 0.053055 0.704737 -0.029752 -0.077221 0.891656 0.445085
1783948140.618863583 0.223022 0.053552 0.704873 -0.029744 -0.077230 0.891658 0.445080
1783948140.628854275 0.223660 0.053990 0.705008 -0.029702 -0.077216 0.891652 0.445098
1783948140.638856888 0.224139 0.054368 0.705142 -0.029671 -0.077192 0.891652 0.445104
1783948140.649469614 0.224502 0.054722 0.705282 -0.029601 -0.077210 0.891663 0.445083
1783948140.658843517 0.224576 0.054946 0.705401 -0.029639 -0.077274 0.891671 0.445053
1783948140.668902159 0.224520 0.055145 0.705523 -0.029673 -0.077358 0.891686 0.445007
1783948140.681444407 0.224395 0.055395 0.705668 -0.029544 -0.077446 0.891709 0.444954
1783948140.685414553 0.224072 0.055366 0.705716 -0.029715 -0.077518 0.891704 0.444940
1783948140.685414553 0.224072 0.055366 0.705716 -0.029715 -0.077518 0.891704 0.444940
1783948140.688868999 0.224315 0.055550 0.705756 -0.029869 -0.077585 0.891702 0.444923
1783948140.698875427 0.225345 0.056224 0.705872 -0.029881 -0.077675 0.891726 0.444857
1783948140.708868742 0.226227 0.056847 0.705989 -0.029878 -0.077741 0.891745 0.444809
1783948140.718805552 0.226953 0.057413 0.706108 -0.029849 -0.077762 0.891759 0.444778
1783948140.728817701 0.227535 0.057928 0.706228 -0.029773 -0.077771 0.891766 0.444767
1783948140.738848448 0.227955 0.058384 0.706346 -0.029694 -0.077778 0.891781 0.444742
1783948140.748806477 0.228195 0.058775 0.706459 -0.029639 -0.077819 0.891804 0.444691
1783948140.758892536 0.228264 0.059116 0.706569 -0.029609 -0.077895 0.891832 0.444626
1783948140.768925190 0.228140 0.059393 0.706673 -0.029612 -0.077990 0.891864 0.444544
1783948140.779280424 0.227837 0.059625 0.706775 -0.029615 -0.078105 0.891890 0.444471
1783948140.786275387 0.227368 0.059685 0.706843 -0.029773 -0.078205 0.891898 0.444427
1783948140.786275387 0.227368 0.059685 0.706843 -0.029773 -0.078205 0.891898 0.444427
1783948140.788803577 0.227510 0.059830 0.706868 -0.029898 -0.078253 0.891897 0.444412
1783948140.798807621 0.228461 0.060559 0.706973 -0.029895 -0.078343 0.891931 0.444329
1783948140.808927774 0.229281 0.061249 0.707080 -0.029857 -0.078403 0.891962 0.444257
1783948140.818889141 0.229929 0.061872 0.707187 -0.029809 -0.078434 0.891988 0.444204
1783948140.828889608 0.230429 0.062439 0.707295 -0.029732 -0.078436 0.892010 0.444165
1783948140.839410305 0.230814 0.062984 0.707409 -0.029599 -0.078436 0.892044 0.444105
1783948140.848829269 0.230927 0.063387 0.707508 -0.029565 -0.078472 0.892078 0.444034
1783948140.858853817 0.230910 0.063771 0.707609 -0.029527 -0.078540 0.892117 0.443944
1783948140.868859291 0.230703 0.064091 0.707703 -0.029513 -0.078630 0.892159 0.443846
1783948140.878903389 0.230307 0.064352 0.707794 -0.029515 -0.078741 0.892193 0.443756
1783948140.887140989 0.229748 0.064485 0.707867 -0.029625 -0.078843 0.892216 0.443686
1783948140.887140989 0.229748 0.064485 0.707867 -0.029625 -0.078843 0.892216 0.443686
1783948140.888820171 0.229822 0.064584 0.707884 -0.029714 -0.078876 0.892212 0.443681
1783948140.898883820 0.230709 0.065350 0.707991 -0.029690 -0.078974 0.892220 0.443649
1783948140.909020185 0.231457 0.066069 0.708100 -0.029640 -0.079034 0.892222 0.443638
1783948140.918880939 0.232019 0.066708 0.708207 -0.029572 -0.079059 0.892218 0.443646
1783948140.928901672 0.232447 0.067301 0.708318 -0.029476 -0.079058 0.892216 0.443657
1783948140.938858032 0.232706 0.067826 0.708427 -0.029377 -0.079073 0.892219 0.443655
1783948140.948821545 0.232793 0.068288 0.708535 -0.029294 -0.079113 0.892227 0.443637
1783948140.958866119 0.232704 0.068693 0.708640 -0.029233 -0.079192 0.892241 0.443599
1783948140.970219374 0.232473 0.069113 0.708752 -0.029097 -0.079302 0.892262 0.443546
1783948140.978874207 0.231979 0.069320 0.708833 -0.029161 -0.079422 0.892265 0.443515
1783948140.988013506 0.231342 0.069504 0.708916 -0.029210 -0.079542 0.892273 0.443473
1783948140.988013506 0.231342 0.069504 0.708916 -0.029210 -0.079542 0.892273 0.443473
1783948140.988893747 0.231372 0.069555 0.708925 -0.029258 -0.079560 0.892272 0.443469
1783948140.998854876 0.232145 0.070305 0.709037 -0.029265 -0.079661 0.892295 0.443404
1783948141.008850574 0.232777 0.071006 0.709150 -0.029253 -0.079733 0.892313 0.443357
1783948141.018839598 0.233260 0.071649 0.709266 -0.029196 -0.079764 0.892327 0.443326
1783948141.028867722 0.233592 0.072233 0.709383 -0.029115 -0.079762 0.892336 0.443314
1783948141.038834333 0.233754 0.072749 0.709499 -0.029037 -0.079774 0.892350 0.443288
1783948141.048864126 0.233745 0.073203 0.709612 -0.028961 -0.079810 0.892373 0.443240
1783948141.058858633 0.233553 0.073589 0.709720 -0.028918 -0.079883 0.892398 0.443180
1783948141.069368124 0.233184 0.073938 0.709829 -0.028883 -0.079986 0.892429 0.443101
1783948141.078875065 0.232610 0.074169 0.709922 -0.028919 -0.080106 0.892451 0.443033
1783948141.088841915 0.231865 0.074365 0.710018 -0.028939 -0.080216 0.892479 0.442955
1783948141.088889360 0.231864 0.074367 0.710019 -0.028935 -0.080215 0.892479 0.442955
1783948141.088889360 0.231864 0.074367 0.710019 -0.028935 -0.080215 0.892479 0.442955
1783948141.098888874 0.232399 0.075043 0.710150 -0.028991 -0.080286 0.892502 0.442892
1783948141.109072924 0.232802 0.075678 0.710285 -0.028999 -0.080328 0.892521 0.442846
1783948141.118847847 0.233024 0.076224 0.710413 -0.029000 -0.080337 0.892537 0.442813
1783948141.128849268 0.233111 0.076724 0.710545 -0.028967 -0.080323 0.892547 0.442797
1783948141.138873577 0.233035 0.077159 0.710677 -0.028928 -0.080318 0.892560 0.442774
1783948141.148964167 0.232786 0.077530 0.710809 -0.028899 -0.080335 0.892585 0.442722
1783948141.165731668 0.232537 0.078216 0.711060 -0.028201 -0.080287 0.892690 0.442564
1783948141.168926239 0.232210 0.078242 0.711090 -0.028344 -0.080342 0.892688 0.442548
1783948141.178875923 0.231405 0.078408 0.711207 -0.028394 -0.080444 0.892715 0.442473
1783948141.188855886 0.230421 0.078516 0.711322 -0.028458 -0.080536 0.892739 0.442404
1783948141.189770222 0.230284 0.078508 0.711330 -0.028509 -0.080553 0.892737 0.442401
1783948141.189770222 0.230284 0.078508 0.711330 -0.028509 -0.080553 0.892737 0.442401
1783948141.198839664 0.230811 0.079128 0.711395 -0.028522 -0.080603 0.892748 0.442370
1783948141.208858013 0.231317 0.079784 0.711468 -0.028440 -0.080611 0.892757 0.442356
1783948141.218915462 0.231679 0.080384 0.711543 -0.028323 -0.080580 0.892765 0.442352
1783948141.228856564 0.231875 0.080909 0.711619 -0.028196 -0.080541 0.892766 0.442366
1783948141.239232063 0.231937 0.081396 0.711698 -0.028028 -0.080494 0.892774 0.442368
1783948141.248920918 0.231782 0.081768 0.711770 -0.027921 -0.080480 0.892791 0.442343
1783948141.258895397 0.231465 0.082092 0.711841 -0.027829 -0.080499 0.892812 0.442303
1783948141.268928289 0.230963 0.082351 0.711905 -0.027761 -0.080547 0.892837 0.442248
1783948141.278899908 0.230273 0.082543 0.711965 -0.027712 -0.080612 0.892851 0.442210
1783948141.288860798 0.229407 0.082674 0.712024 -0.027677 -0.080672 0.892868 0.442169
1783948141.290625811 0.229143 0.082657 0.712036 -0.027764 -0.080701 0.892865 0.442164
1783948141.290625811 0.229143 0.082657 0.712036 -0.027764 -0.080701 0.892865 0.442164
1783948141.298859358 0.229525 0.083162 0.712108 -0.027818 -0.080748 0.892876 0.442128
1783948141.308946609 0.229984 0.083776 0.712198 -0.027729 -0.080738 0.892896 0.442097
1783948141.318885565 0.230282 0.084318 0.712290 -0.027603 -0.080695 0.892911 0.442083
1783948141.328921318 0.230437 0.084801 0.712384 -0.027453 -0.080638 0.892925 0.442074
1783948141.338889122 0.230425 0.085212 0.712476 -0.027302 -0.080579 0.892942 0.442059
1783948141.348896742 0.230245 0.085555 0.712566 -0.027163 -0.080546 0.892967 0.442023
1783948141.358983755 0.229887 0.085834 0.712654 -0.027046 -0.080559 0.892995 0.441971
1783948141.368893862 0.229340 0.086036 0.712736 -0.026967 -0.080593 0.893027 0.441906
1783948141.378943920 0.228610 0.086179 0.712817 -0.026903 -0.080648 0.893050 0.441852
1783948141.388873577 0.227706 0.086257 0.712897 -0.026853 -0.080702 0.893078 0.441790
1783948141.391489506 0.227315 0.086222 0.712918 -0.026969 -0.080741 0.893075 0.441781
1783948141.391489506 0.227315 0.086222 0.712918 -0.026969 -0.080741 0.893075 0.441781
1783948141.398866177 0.227579 0.086616 0.712976 -0.027074 -0.080795 0.893083 0.441749
1783948141.408884764 0.227987 0.087167 0.713054 -0.027010 -0.080790 0.893100 0.441719
1783948141.419061184 0.228264 0.087668 0.713134 -0.026905 -0.080745 0.893110 0.441713
1783948141.428885937 0.228361 0.088078 0.713214 -0.026803 -0.080687 0.893116 0.441719
1783948141.438865423 0.228312 0.088430 0.713295 -0.026677 -0.080625 0.893131 0.441708
1783948141.450963736 0.228197 0.088825 0.713391 -0.026371 -0.080540 0.893172 0.441658
1783948141.458920479 0.227761 0.088948 0.713452 -0.026424 -0.080578 0.893184 0.441624
1783948141.468898535 0.227182 0.089089 0.713525 -0.026377 -0.080617 0.893208 0.441570
1783948141.478897095 0.226420 0.089163 0.713595 -0.026346 -0.080668 0.893233 0.441512
1783948141.489334106 0.225469 0.089187 0.713666 -0.026290 -0.080707 0.893262 0.441450
1783948141.492505789 0.224993 0.089126 0.713689 -0.026426 -0.080752 0.893259 0.441440
1783948141.492505789 0.224993 0.089126 0.713689 -0.026426 -0.080752 0.893259 0.441440
1783948141.498933792 0.225167 0.089411 0.713727 -0.026555 -0.080800 0.893257 0.441428
1783948141.508905888 0.225558 0.089896 0.713785 -0.026472 -0.080782 0.893262 0.441426
1783948141.518884659 0.225806 0.090321 0.713846 -0.026352 -0.080728 0.893263 0.441442
1783948141.528937101 0.225909 0.090683 0.713909 -0.026212 -0.080658 0.893257 0.441473
1783948141.538873911 0.225844 0.090969 0.713971 -0.026073 -0.080590 0.893258 0.441492
1783948141.548882961 0.225616 0.091190 0.714033 -0.025936 -0.080539 0.893267 0.441492
1783948141.558893442 0.225211 0.091341 0.714091 -0.025828 -0.080537 0.893280 0.441473
1783948141.568916559 0.224623 0.091423 0.714146 -0.025746 -0.080569 0.893296 0.441439
1783948141.578950882 0.223851 0.091437 0.714196 -0.025684 -0.080603 0.893302 0.441423
1783948141.588892221 0.222907 0.091387 0.714244 -0.025646 -0.080638 0.893312 0.441399
1783948141.593229532 0.222280 0.091287 0.714268 -0.025793 -0.080688 0.893306 0.441394
1783948141.593229532 0.222280 0.091287 0.714268 -0.025793 -0.080688 0.893306 0.441394
1783948141.598910332 0.222373 0.091494 0.714286 -0.025941 -0.080731 0.893311 0.441367
1783948141.612182140 0.223075 0.092159 0.714322 -0.025564 -0.080590 0.893373 0.441290
1783948141.618954897 0.223046 0.092346 0.714346 -0.025647 -0.080580 0.893380 0.441273
1783948141.628940105 0.223090 0.092645 0.714380 -0.025532 -0.080494 0.893398 0.441259
1783948141.638980627 0.222979 0.092878 0.714415 -0.025400 -0.080394 0.893428 0.441224
1783948141.648882866 0.222696 0.093034 0.714449 -0.025299 -0.080330 0.893460 0.441176
1783948141.658915281 0.222243 0.093126 0.714479 -0.025214 -0.080301 0.893507 0.441092
1783948141.668920517 0.221607 0.093145 0.714505 -0.025162 -0.080296 0.893550 0.441008
1783948141.678924322 0.220790 0.093095 0.714529 -0.025137 -0.080310 0.893584 0.440937
1783948141.688930273 0.219799 0.092981 0.714552 -0.025111 -0.080325 0.893619 0.440867
1783948141.694107771 0.219057 0.092835 0.714567 -0.025262 -0.080367 0.893622 0.440843
1783948141.694107771 0.219057 0.092835 0.714567 -0.025262 -0.080367 0.893622 0.440843
1783948141.698928118 0.219093 0.092964 0.714576 -0.025425 -0.080410 0.893622 0.440827
1783948141.709923267 0.219488 0.093366 0.714600 -0.025331 -0.080341 0.893650 0.440787
1783948141.718892574 0.219568 0.093596 0.714620 -0.025330 -0.080293 0.893658 0.440780
1783948141.728908777 0.219586 0.093814 0.714645 -0.025247 -0.080192 0.893666 0.440787
1783948141.740751028 0.219546 0.094032 0.714676 -0.025006 -0.080035 0.893700 0.440760
1783948141.748902321 0.219188 0.094053 0.714697 -0.025047 -0.080011 0.893715 0.440732
1783948141.758898258 0.218710 0.094059 0.714720 -0.025013 -0.079990 0.893744 0.440679
1783948141.773931503 0.218142 0.094113 0.714749 -0.024501 -0.079838 0.893835 0.440551
1783948141.778934956 0.217537 0.093976 0.714758 -0.024663 -0.079900 0.893835 0.440531
1783948141.788924694 0.216518 0.093775 0.714775 -0.024674 -0.079916 0.893862 0.440471
1783948141.794951916 0.215670 0.093567 0.714785 -0.024827 -0.079964 0.893866 0.440447
1783948141.794951916 0.215670 0.093567 0.714785 -0.024827 -0.079964 0.893866 0.440447
1783948141.798953533 0.215697 0.093639 0.714782 -0.024977 -0.080009 0.893860 0.440441
1783948141.809831619 0.216169 0.093970 0.714770 -0.024869 -0.079936 0.893866 0.440450
1783948141.818898678 0.216322 0.094148 0.714765 -0.024863 -0.079879 0.893864 0.440463
1783948141.828903913 0.216416 0.094302 0.714759 -0.024776 -0.079770 0.893862 0.440492
1783948141.838918447 0.216356 0.094386 0.714755 -0.024675 -0.079661 0.893868 0.440506
1783948141.848963737 0.216134 0.094400 0.714750 -0.024578 -0.079584 0.893882 0.440497
1783948141.858917713 0.215734 0.094343 0.714742 -0.024528 -0.079552 0.893899 0.440471
1783948141.868920088 0.215157 0.094218 0.714730 -0.024499 -0.079543 0.893915 0.440441
1783948141.878956079 0.214401 0.094024 0.714716 -0.024492 -0.079550 0.893925 0.440420
1783948141.888941050 0.213473 0.093767 0.714702 -0.024491 -0.079554 0.893934 0.440402
1783948141.895828247 0.212591 0.093502 0.714696 -0.024623 -0.079582 0.893934 0.440389
1783948141.895828247 0.212591 0.093502 0.714696 -0.024623 -0.079582 0.893934 0.440389
1783948141.899927139 0.212640 0.093550 0.714682 -0.024777 -0.079619 0.893930 0.440382
1783948141.908907413 0.212968 0.093735 0.714642 -0.024805 -0.079584 0.893928 0.440390
1783948141.918947220 0.213276 0.093911 0.714599 -0.024733 -0.079487 0.893928 0.440412
1783948141.928941488 0.213436 0.094019 0.714558 -0.024640 -0.079376 0.893922 0.440449
1783948141.938949585 0.213442 0.094059 0.714518 -0.024546 -0.079260 0.893925 0.440470
1783948141.948904276 0.213283 0.094029 0.714477 -0.024457 -0.079168 0.893937 0.440466
1783948141.960412502 0.213012 0.093955 0.714422 -0.024286 -0.079081 0.893960 0.440444
1783948141.968951941 0.212480 0.093773 0.714384 -0.024343 -0.079091 0.893968 0.440423
1783948141.978979349 0.211793 0.093533 0.714333 -0.024344 -0.079086 0.893978 0.440405
1783948141.988959312 0.210937 0.093229 0.714283 -0.024351 -0.079068 0.893989 0.440385
1783948141.996681690 0.210043 0.092907 0.714248 -0.024454 -0.079078 0.893989 0.440378
1783948141.996681690 0.210043 0.092907 0.714248 -0.024454 -0.079078 0.893989 0.440378
1783948141.998869419 0.210053 0.092912 0.714244 -0.024562 -0.079107 0.893983 0.440378
1783948142.008943796 0.210534 0.093090 0.714231 -0.024554 -0.079061 0.893972 0.440409
1783948142.018925667 0.210867 0.093204 0.714221 -0.024513 -0.078978 0.893958 0.440456
1783948142.028905153 0.211056 0.093253 0.714212 -0.024452 -0.078880 0.893941 0.440510
1783948142.038929224 0.211096 0.093236 0.714205 -0.024379 -0.078766 0.893929 0.440559
1783948142.048931122 0.210972 0.093149 0.714197 -0.024323 -0.078697 0.893927 0.440578
1783948142.058914900 0.210675 0.092995 0.714186 -0.024302 -0.078662 0.893929 0.440583
1783948142.068961143 0.210200 0.092770 0.714171 -0.024298 -0.078650 0.893936 0.440570
1783948142.078944206 0.209547 0.092479 0.714153 -0.024334 -0.078667 0.893930 0.440578
1783948142.088943243 0.208724 0.092125 0.714136 -0.024370 -0.078671 0.893927 0.440581
1783948142.097556114 0.207806 0.091744 0.714123 -0.024459 -0.078681 0.893920 0.440588
1783948142.097556114 0.207806 0.091744 0.714123 -0.024459 -0.078681 0.893920 0.440588
1783948142.098897696 0.207813 0.091742 0.714117 -0.024532 -0.078703 0.893917 0.440587
1783948142.108957291 0.208331 0.091916 0.714057 -0.024549 -0.078685 0.893906 0.440610
1783948142.118940115 0.208702 0.092027 0.714000 -0.024542 -0.078625 0.893896 0.440643
1783948142.128896236 0.208930 0.092073 0.713945 -0.024513 -0.078543 0.893879 0.440693
1783948142.138950825 0.209013 0.092055 0.713889 -0.024464 -0.078472 0.893870 0.440727
1783948142.148940325 0.208929 0.091967 0.713832 -0.024442 -0.078430 0.893869 0.440737
1783948142.158931017 0.208674 0.091812 0.713772 -0.024450 -0.078430 0.893871 0.440734
1783948142.168970823 0.208242 0.091587 0.713708 -0.024486 -0.078452 0.893875 0.440720
1783948142.178953886 0.207631 0.091295 0.713641 -0.024546 -0.078494 0.893873 0.440713
1783948142.190763235 0.206835 0.090927 0.713555 -0.024496 -0.078495 0.893874 0.440712
1783948142.198420525 0.205988 0.090560 0.713508 -0.024643 -0.078537 0.893868 0.440710
1783948142.198420525 0.205988 0.090560 0.713508 -0.024643 -0.078537 0.893868 0.440710
1783948142.198930264 0.205993 0.090559 0.713506 -0.024669 -0.078544 0.893867 0.440709
1783948142.208934546 0.206512 0.090711 0.713473 -0.024693 -0.078517 0.893871 0.440705
1783948142.219431162 0.206943 0.090820 0.713442 -0.024651 -0.078431 0.893873 0.440718
1783948142.228924274 0.207137 0.090833 0.713414 -0.024660 -0.078360 0.893870 0.440737
1783948142.239292860 0.207250 0.090801 0.713385 -0.024596 -0.078258 0.893873 0.440751
1783948142.249065399 0.207158 0.090689 0.713356 -0.024582 -0.078201 0.893886 0.440736
1783948142.258908510 0.206907 0.090513 0.713323 -0.024597 -0.078178 0.893901 0.440709
1783948142.268932343 0.206485 0.090270 0.713286 -0.024620 -0.078186 0.893920 0.440668
1783948142.282417297 0.205939 0.089958 0.713237 -0.024395 -0.078122 0.893948 0.440635
1783948142.288933039 0.205272 0.089650 0.713210 -0.024571 -0.078177 0.893949 0.440612
1783948142.298903704 0.204341 0.089220 0.713173 -0.024615 -0.078160 0.893962 0.440587
1783948142.299282312 0.204285 0.089196 0.713172 -0.024633 -0.078164 0.893961 0.440587
1783948142.299282312 0.204285 0.089196 0.713172 -0.024633 -0.078164 0.893961 0.440587
1783948142.308985233 0.204745 0.089290 0.713187 -0.024630 -0.078131 0.893955 0.440605
1783948142.318943977 0.205099 0.089335 0.713206 -0.024572 -0.078048 0.893948 0.440637
1783948142.328978539 0.205317 0.089319 0.713228 -0.024491 -0.077948 0.893933 0.440691
1783948142.338946581 0.205378 0.089235 0.713250 -0.024415 -0.077847 0.893925 0.440730
1783948142.348924875 0.205280 0.089084 0.713271 -0.024338 -0.077777 0.893925 0.440745
1783948142.358960390 0.205013 0.088867 0.713289 -0.024294 -0.077745 0.893931 0.440742
1783948142.368984938 0.204566 0.088580 0.713303 -0.024280 -0.077742 0.893940 0.440724
1783948142.378954411 0.203942 0.088227 0.713314 -0.024290 -0.077749 0.893941 0.440721
1783948142.388983727 0.203148 0.087812 0.713325 -0.024300 -0.077748 0.893942 0.440719
1783948142.398946047 0.202197 0.087344 0.713339 -0.024303 -0.077734 0.893941 0.440722
1783948142.400164843 0.202011 0.087261 0.713337 -0.024365 -0.077748 0.893938 0.440723
1783948142.400164843 0.202011 0.087261 0.713337 -0.024365 -0.077748 0.893938 0.440723
1783948142.412591457 0.202938 0.087502 0.713347 -0.024208 -0.077702 0.893930 0.440756
1783948142.418942213 0.203078 0.087491 0.713353 -0.024337 -0.077718 0.893917 0.440773
1783948142.428956032 0.203421 0.087516 0.713367 -0.024297 -0.077662 0.893896 0.440827
1783948142.441073895 0.203801 0.087525 0.713387 -0.024091 -0.077560 0.893887 0.440875
1783948142.448939800 0.203702 0.087391 0.713397 -0.024175 -0.077572 0.893879 0.440884
1783948142.458981276 0.203567 0.087216 0.713409 -0.024180 -0.077593 0.893875 0.440888
1783948142.469000578 0.203254 0.086975 0.713415 -0.024207 -0.077640 0.893875 0.440877
1783948142.479410410 0.202770 0.086664 0.713419 -0.024231 -0.077697 0.893871 0.440875
1783948142.489017010 0.202112 0.086300 0.713422 -0.024308 -0.077761 0.893865 0.440871
1783948142.498980522 0.201301 0.085877 0.713428 -0.024351 -0.077796 0.893860 0.440874
1783948142.501075268 0.201007 0.085740 0.713430 -0.024452 -0.077824 0.893854 0.440874
1783948142.501075268 0.201007 0.085740 0.713430 -0.024452 -0.077824 0.893854 0.440874
1783948142.508996487 0.201435 0.085818 0.713448 -0.024550 -0.077850 0.893851 0.440870
1783948142.519000292 0.201992 0.085919 0.713476 -0.024511 -0.077797 0.893845 0.440894
1783948142.529057980 0.202412 0.085956 0.713506 -0.024440 -0.077735 0.893837 0.440925
1783948142.538927317 0.202663 0.085922 0.713537 -0.024386 -0.077676 0.893831 0.440950
1783948142.548964262 0.202767 0.085825 0.713567 -0.024324 -0.077635 0.893840 0.440944
1783948142.558985710 0.202701 0.085660 0.713594 -0.024306 -0.077642 0.893849 0.440925
1783948142.569892168 0.202494 0.085429 0.713621 -0.024238 -0.077657 0.893866 0.440892
1783948142.578970909 0.202051 0.085134 0.713642 -0.024311 -0.077720 0.893870 0.440868
1783948142.588984966 0.201466 0.084776 0.713665 -0.024335 -0.077760 0.893879 0.440841
1783948142.599807978 0.200713 0.084351 0.713694 -0.024298 -0.077770 0.893889 0.440823
1783948142.601931810 0.200425 0.084213 0.713699 -0.024398 -0.077797 0.893883 0.440823
1783948142.601931810 0.200425 0.084213 0.713699 -0.024398 -0.077797 0.893883 0.440823
1783948142.609001160 0.200810 0.084269 0.713732 -0.024521 -0.077842 0.893873 0.440830
1783948142.618997574 0.201437 0.084374 0.713783 -0.024472 -0.077815 0.893862 0.440859
1783948142.629008293 0.201924 0.084417 0.713836 -0.024402 -0.077766 0.893853 0.440891
1783948142.641388416 0.202516 0.084455 0.713903 -0.024115 -0.077669 0.893848 0.440934
1783948142.648930073 0.202508 0.084331 0.713942 -0.024188 -0.077687 0.893842 0.440937
1783948142.658967495 0.202518 0.084173 0.713993 -0.024155 -0.077713 0.893845 0.440928
1783948142.669378281 0.202367 0.083948 0.714041 -0.024129 -0.077764 0.893851 0.440910
1783948142.679012537 0.202007 0.083655 0.714081 -0.024166 -0.077839 0.893847 0.440902
1783948142.689029217 0.201494 0.083303 0.714121 -0.024191 -0.077906 0.893849 0.440885
1783948142.699129820 0.200822 0.082895 0.714165 -0.024196 -0.077946 0.893850 0.440876
1783948142.702761889 0.200385 0.082674 0.714181 -0.024335 -0.077986 0.893842 0.440878
1783948142.702761889 0.200385 0.082674 0.714181 -0.024335 -0.077986 0.893842 0.440878
1783948142.709002733 0.200738 0.082716 0.714221 -0.024467 -0.078031 0.893828 0.440890
1783948142.719040394 0.201455 0.082838 0.714292 -0.024413 -0.078013 0.893807 0.440938
1783948142.728954792 0.202014 0.082893 0.714363 -0.024341 -0.077975 0.893785 0.440995
1783948142.739031553 0.202440 0.082887 0.714436 -0.024246 -0.077933 0.893770 0.441038
1783948142.749022961 0.202695 0.082811 0.714507 -0.024175 -0.077923 0.893762 0.441058
1783948142.758971691 0.202778 0.082668 0.714574 -0.024147 -0.077950 0.893755 0.441069
1783948142.768962622 0.202688 0.082458 0.714639 -0.024137 -0.078007 0.893751 0.441068
1783948142.779043674 0.202428 0.082183 0.714700 -0.024131 -0.078077 0.893740 0.441079
1783948142.788971424 0.201996 0.081847 0.714761 -0.024157 -0.078140 0.893731 0.441084
1783948142.798959494 0.201411 0.081456 0.714824 -0.024164 -0.078178 0.893720 0.441100
1783948142.803637266 0.200915 0.081188 0.714853 -0.024305 -0.078218 0.893708 0.441110
1783948142.803637266 0.200915 0.081188 0.714853 -0.024305 -0.078218 0.893708 0.441110
1783948142.808979988 0.201211 0.081202 0.714897 -0.024449 -0.078259 0.893697 0.441116
1783948142.819013119 0.201979 0.081298 0.714986 -0.024400 -0.078240 0.893686 0.441145
1783948142.829383373 0.202648 0.081338 0.715081 -0.024311 -0.078197 0.893670 0.441189
1783948142.839016438 0.203074 0.081293 0.715169 -0.024263 -0.078163 0.893658 0.441222
1783948142.849005461 0.203382 0.081187 0.715259 -0.024197 -0.078156 0.893652 0.441239
1783948142.858981609 0.203520 0.081015 0.715344 -0.024174 -0.078185 0.893654 0.441232
1783948142.868970633 0.203485 0.080774 0.715425 -0.024179 -0.078249 0.893655 0.441219
1783948142.879030466 0.203277 0.080465 0.715504 -0.024188 -0.078327 0.893649 0.441217
1783948142.889860868 0.202923 0.080085 0.715590 -0.024165 -0.078391 0.893645 0.441215
1783948142.898985147 0.202376 0.079674 0.715663 -0.024230 -0.078446 0.893638 0.441214
1783948142.904493093 0.201851 0.079354 0.715706 -0.024381 -0.078489 0.893627 0.441221
1783948142.904493093 0.201851 0.079354 0.715706 -0.024381 -0.078489 0.893627 0.441221
1783948142.909009457 0.202095 0.079339 0.715734 -0.024540 -0.078528 0.893615 0.441229
1783948142.923016071 0.203555 0.079544 0.715808 -0.024164 -0.078381 0.893604 0.441299
1783948142.929017067 0.203776 0.079474 0.715846 -0.024288 -0.078387 0.893585 0.441329
1783948142.938978672 0.204285 0.079402 0.715904 -0.024244 -0.078336 0.893570 0.441372
1783948142.949018717 0.204641 0.079262 0.715961 -0.024214 -0.078313 0.893559 0.441398
1783948142.958966494 0.204818 0.079053 0.716014 -0.024217 -0.078325 0.893557 0.441400
1783948142.968993664 0.204826 0.078776 0.716062 -0.024242 -0.078377 0.893555 0.441394
1783948142.979017019 0.204658 0.078431 0.716108 -0.024293 -0.078440 0.893545 0.441401
1783948142.991516590 0.204418 0.077994 0.716159 -0.024161 -0.078463 0.893543 0.441408
1783948142.999001741 0.203904 0.077595 0.716196 -0.024307 -0.078515 0.893530 0.441416
1783948143.005356789 0.203354 0.077217 0.716229 -0.024459 -0.078552 0.893515 0.441432
1783948143.005356789 0.203354 0.077217 0.716229 -0.024459 -0.078552 0.893515 0.441432
1783948143.008957148 0.203535 0.077179 0.716257 -0.024611 -0.078590 0.893503 0.441442
1783948143.021208048 0.204670 0.077236 0.716355 -0.024491 -0.078518 0.893470 0.441528
1783948143.029265881 0.205090 0.077143 0.716421 -0.024585 -0.078505 0.893438 0.441589
1783948143.038963079 0.205563 0.077009 0.716499 -0.024596 -0.078461 0.893409 0.441656
1783948143.049550772 0.205965 0.076811 0.716583 -0.024581 -0.078420 0.893386 0.441710
1783948143.058996201 0.206096 0.076545 0.716653 -0.024652 -0.078449 0.893370 0.441733
1783948143.068958521 0.206096 0.076211 0.716723 -0.024726 -0.078498 0.893354 0.441752
1783948143.086108923 0.206464 0.075771 0.716838 -0.024183 -0.078428 0.893327 0.441849
1783948143.089008570 0.206223 0.075583 0.716856 -0.024329 -0.078476 0.893320 0.441848
1783948143.099007130 0.205721 0.075061 0.716923 -0.024403 -0.078512 0.893299 0.441878
1783948143.106229782 0.205142 0.074605 0.716974 -0.024559 -0.078555 0.893277 0.441908
1783948143.106229782 0.205142 0.074605 0.716974 -0.024559 -0.078555 0.893277 0.441908
1783948143.108973980 0.205281 0.074566 0.716995 -0.024682 -0.078588 0.893270 0.441908
1783948143.120119572 0.206347 0.074594 0.717085 -0.024597 -0.078514 0.893268 0.441930
1783948143.129035473 0.206942 0.074509 0.717158 -0.024626 -0.078472 0.893256 0.441962
1783948143.139047146 0.207537 0.074379 0.717238 -0.024589 -0.078411 0.893252 0.441982
1783948143.148976088 0.207963 0.074180 0.717316 -0.024577 -0.078377 0.893257 0.441979
1783948143.159037352 0.208234 0.073913 0.717392 -0.024581 -0.078385 0.893262 0.441967
1783948143.169083118 0.208325 0.073575 0.717462 -0.024607 -0.078414 0.893272 0.441939
1783948143.180101395 0.208294 0.073154 0.717537 -0.024606 -0.078448 0.893277 0.441923
1783948143.189026833 0.207994 0.072711 0.717596 -0.024710 -0.078504 0.893280 0.441903
1783948143.199015617 0.207580 0.072189 0.717664 -0.024763 -0.078530 0.893282 0.441891
1783948143.207089186 0.207032 0.071690 0.717720 -0.024879 -0.078552 0.893277 0.441889
1783948143.207089186 0.207032 0.071690 0.717720 -0.024879 -0.078552 0.893277 0.441889
1783948143.209414005 0.207151 0.071648 0.717738 -0.024987 -0.078579 0.893270 0.441892
1783948143.219058037 0.208026 0.071614 0.717816 -0.024976 -0.078534 0.893246 0.441951
1783948143.229052305 0.208818 0.071526 0.717898 -0.024928 -0.078452 0.893218 0.442024
1783948143.239274979 0.209486 0.071372 0.717981 -0.024859 -0.078373 0.893197 0.442084
1783948143.249041080 0.209937 0.071146 0.718058 -0.024829 -0.078328 0.893183 0.442122
1783948143.259046793 0.210247 0.070854 0.718134 -0.024811 -0.078320 0.893172 0.442147
1783948143.268979549 0.210374 0.070493 0.718204 -0.024829 -0.078342 0.893164 0.442158
1783948143.279057980 0.210336 0.070063 0.718270 -0.024857 -0.078365 0.893148 0.442185
1783948143.289111137 0.210127 0.069572 0.718335 -0.024902 -0.078398 0.893135 0.442203
1783948143.299056768 0.209755 0.069029 0.718400 -0.024931 -0.078402 0.893121 0.442228
1783948143.307969809 0.209234 0.068473 0.718461 -0.024992 -0.078399 0.893102 0.442265
1783948143.307969809 0.209234 0.068473 0.718461 -0.024992 -0.078399 0.893102 0.442265
1783948143.309000969 0.209285 0.068450 0.718469 -0.025047 -0.078413 0.893099 0.442265
1783948143.318993568 0.210238 0.068389 0.718543 -0.025070 -0.078361 0.893085 0.442301
1783948143.329017162 0.211053 0.068266 0.718619 -0.025057 -0.078290 0.893066 0.442353
1783948143.339028358 0.211713 0.068076 0.718696 -0.025051 -0.078224 0.893052 0.442393
1783948143.349019289 0.212210 0.067819 0.718769 -0.025057 -0.078181 0.893047 0.442410
1783948143.359082222 0.212542 0.067494 0.718839 -0.025092 -0.078192 0.893049 0.442403
1783948143.370268583 0.212782 0.067084 0.718909 -0.025086 -0.078201 0.893051 0.442398
1783948143.379085064 0.212678 0.066649 0.718961 -0.025222 -0.078262 0.893042 0.442397
1783948143.389030218 0.212478 0.066131 0.719018 -0.025312 -0.078298 0.893039 0.442392
1783948143.399029016 0.212123 0.065556 0.719076 -0.025386 -0.078319 0.893029 0.442403
1783948143.408875942 0.211617 0.064935 0.719138 -0.025449 -0.078313 0.893017 0.442425
1783948143.408875942 0.211617 0.064935 0.719138 -0.025449 -0.078313 0.893017 0.442425
1783948143.409270525 0.211639 0.064926 0.719141 -0.025468 -0.078318 0.893016 0.442425
1783948143.419096470 0.212594 0.064836 0.719205 -0.025502 -0.078273 0.892991 0.442482
1783948143.429061651 0.213431 0.064686 0.719271 -0.025510 -0.078204 0.892964 0.442547
1783948143.439015627 0.214116 0.064473 0.719337 -0.025513 -0.078136 0.892943 0.442603
1783948143.449077845 0.214652 0.064194 0.719402 -0.025527 -0.078101 0.892930 0.442634
1783948143.459069014 0.215009 0.063849 0.719462 -0.025575 -0.078104 0.892915 0.442660
1783948143.469048738 0.215188 0.063435 0.719518 -0.025647 -0.078133 0.892902 0.442677
1783948143.479038239 0.215192 0.062957 0.719570 -0.025734 -0.078176 0.892885 0.442698
1783948143.489021063 0.215026 0.062418 0.719620 -0.025841 -0.078212 0.892868 0.442722
1783948143.499033928 0.214703 0.061824 0.719673 -0.025927 -0.078221 0.892849 0.442753
1783948143.509084940 0.214229 0.061176 0.719729 -0.025993 -0.078200 0.892828 0.442795
1783948143.509727001 0.214159 0.061120 0.719733 -0.026024 -0.078205 0.892826 0.442797
1783948143.509727001 0.214159 0.061120 0.719733 -0.026024 -0.078205 0.892826 0.442797
1783948143.519060612 0.215046 0.061017 0.719789 -0.026056 -0.078131 0.892804 0.442852
1783948143.529038668 0.215897 0.060862 0.719850 -0.026036 -0.078022 0.892775 0.442931
1783948143.539000273 0.216595 0.060644 0.719911 -0.026022 -0.077908 0.892754 0.442993
1783948143.549064159 0.217143 0.060359 0.719969 -0.026012 -0.077831 0.892743 0.443031
1783948143.559011221 0.217507 0.060008 0.720022 -0.026038 -0.077800 0.892734 0.443052
1783948143.569033623 0.217699 0.059589 0.720069 -0.026083 -0.077793 0.892731 0.443058
1783948143.579063654 0.217713 0.059104 0.720112 -0.026142 -0.077800 0.892717 0.443080
1783948143.589073420 0.217557 0.058560 0.720153 -0.026219 -0.077793 0.892703 0.443104
1783948143.599042177 0.217238 0.057965 0.720194 -0.026287 -0.077772 0.892689 0.443133
1783948143.609098673 0.216771 0.057316 0.720238 -0.026324 -0.077717 0.892669 0.443180
1783948143.610571146 0.216612 0.057187 0.720245 -0.026395 -0.077728 0.892664 0.443185
1783948143.610571146 0.216612 0.057187 0.720245 -0.026395 -0.077728 0.892664 0.443185
1783948143.619111776 0.217386 0.057096 0.720243 -0.026467 -0.077685 0.892642 0.443232
1783948143.629412651 0.218302 0.056976 0.720239 -0.026427 -0.077579 0.892617 0.443303
1783948143.639008999 0.218964 0.056788 0.720236 -0.026423 -0.077494 0.892601 0.443352
1783948143.649082661 0.219530 0.056539 0.720228 -0.026407 -0.077425 0.892591 0.443384
1783948143.659027338 0.219909 0.056224 0.720217 -0.026420 -0.077398 0.892585 0.443400
1783948143.669022799 0.220113 0.055844 0.720200 -0.026469 -0.077400 0.892577 0.443412
1783948143.679067373 0.220142 0.055399 0.720179 -0.026530 -0.077414 0.892568 0.443425
1783948143.692253590 0.220197 0.054838 0.720139 -0.026371 -0.077338 0.892560 0.443463
1783948143.699043989 0.219828 0.054398 0.720129 -0.026540 -0.077372 0.892547 0.443475
1783948143.709089041 0.219370 0.053790 0.720110 -0.026565 -0.077329 0.892529 0.443515
1783948143.711474895 0.219121 0.053591 0.720110 -0.026671 -0.077343 0.892521 0.443523
1783948143.711474895 0.219121 0.053591 0.720110 -0.026671 -0.077343 0.892521 0.443523
1783948143.719023705 0.219747 0.053495 0.720149 -0.026782 -0.077314 0.892497 0.443569
1783948143.729036093 0.220611 0.053374 0.720212 -0.026760 -0.077220 0.892461 0.443660
1783948143.739076138 0.221326 0.053192 0.720277 -0.026737 -0.077117 0.892436 0.443730
1783948143.749095440 0.221874 0.052947 0.720339 -0.026716 -0.077058 0.892420 0.443773
1783948143.759038448 0.222244 0.052640 0.720396 -0.026741 -0.077034 0.892407 0.443802
1783948143.769059658 0.222444 0.052266 0.720448 -0.026785 -0.077026 0.892394 0.443827
1783948143.779052258 0.222463 0.051830 0.720496 -0.026859 -0.077046 0.892370 0.443867
1783948143.789211750 0.222320 0.051333 0.720544 -0.026920 -0.077050 0.892351 0.443901
1783948143.799085140 0.222002 0.050791 0.720590 -0.026985 -0.077044 0.892328 0.443945
1783948143.809093714 0.221538 0.050197 0.720641 -0.027020 -0.076993 0.892296 0.444016
1783948143.812297344 0.221216 0.049947 0.720649 -0.027147 -0.077008 0.892284 0.444030
1783948143.812297344 0.221216 0.049947 0.720649 -0.027147 -0.077008 0.892284 0.444030
1783948143.819864750 0.221810 0.049938 0.720629 -0.027224 -0.076986 0.892274 0.444049
1783948143.829032898 0.222516 0.049923 0.720604 -0.027209 -0.076911 0.892263 0.444084
1783948143.839051485 0.223195 0.049870 0.720575 -0.027131 -0.076825 0.892261 0.444108
1783948143.849022150 0.223706 0.049754 0.720542 -0.027080 -0.076762 0.892268 0.444108
1783948143.859098673 0.224056 0.049576 0.720505 -0.027046 -0.076740 0.892277 0.444097
1783948143.869032860 0.224211 0.049334 0.720463 -0.027042 -0.076756 0.892285 0.444078
1783948143.879423141 0.224218 0.049029 0.720414 -0.027033 -0.076778 0.892287 0.444070
1783948143.889025688 0.224010 0.048672 0.720368 -0.027082 -0.076803 0.892292 0.444053
1783948143.899068356 0.223663 0.048261 0.720321 -0.027093 -0.076803 0.892295 0.444047
1783948143.909042597 0.223162 0.047804 0.720278 -0.027089 -0.076769 0.892295 0.444053
1783948143.913165331 0.222754 0.047533 0.720264 -0.027223 -0.076784 0.892286 0.444060
1783948143.913165331 0.222754 0.047533 0.720264 -0.027223 -0.076784 0.892286 0.444060
1783948143.919012070 0.223130 0.047546 0.720220 -0.027338 -0.076790 0.892273 0.444077
1783948143.929093599 0.223947 0.047643 0.720133 -0.027228 -0.076701 0.892261 0.444124
1783948143.939071417 0.224597 0.047676 0.720049 -0.027117 -0.076620 0.892253 0.444160
1783948143.949090958 0.225089 0.047647 0.719961 -0.027021 -0.076573 0.892254 0.444174
1783948143.959078312 0.225404 0.047556 0.719868 -0.026964 -0.076559 0.892256 0.444175
1783948143.969079494 0.225542 0.047400 0.719770 -0.026932 -0.076576 0.892260 0.444165
1783948143.979505777 0.225527 0.047185 0.719662 -0.026891 -0.076594 0.892258 0.444168
1783948143.989089012 0.225295 0.046910 0.719564 -0.026907 -0.076625 0.892255 0.444168
1783948143.999121428 0.224926 0.046585 0.719462 -0.026884 -0.076627 0.892251 0.444178
1783948144.009034634 0.224402 0.046214 0.719366 -0.026838 -0.076605 0.892239 0.444207
1783948144.014045000 0.223917 0.045939 0.719327 -0.026957 -0.076615 0.892226 0.444224
1783948144.014045000 0.223917 0.045939 0.719327 -0.026957 -0.076615 0.892226 0.444224
1783948144.019038916 0.224204 0.045956 0.719277 -0.027078 -0.076621 0.892217 0.444235
1783948144.029020309 0.225013 0.046058 0.719164 -0.026976 -0.076522 0.892213 0.444267
1783948144.042892694 0.226263 0.046221 0.718992 -0.026473 -0.076295 0.892228 0.444305
1783948144.049088955 0.226389 0.046147 0.718927 -0.026572 -0.076300 0.892227 0.444302
1783948144.059069157 0.226716 0.046063 0.718809 -0.026510 -0.076279 0.892236 0.444290
1783948144.069086552 0.226869 0.045915 0.718687 -0.026480 -0.076287 0.892248 0.444267
1783948144.079023600 0.226840 0.045707 0.718562 -0.026464 -0.076311 0.892254 0.444251
1783948144.089096546 0.226648 0.045442 0.718434 -0.026454 -0.076333 0.892263 0.444231
1783948144.099066973 0.226292 0.045128 0.718309 -0.026433 -0.076328 0.892270 0.444218
1783948144.109860659 0.225799 0.044756 0.718176 -0.026337 -0.076270 0.892276 0.444222
1783948144.114897490 0.225307 0.044497 0.718124 -0.026460 -0.076284 0.892266 0.444232
1783948144.114897490 0.225307 0.044497 0.718124 -0.026460 -0.076284 0.892266 0.444232
1783948144.119091272 0.225516 0.044540 0.718078 -0.026580 -0.076301 0.892257 0.444240
1783948144.129062653 0.226289 0.044752 0.717967 -0.026460 -0.076206 0.892249 0.444279
1783948144.139734507 0.226999 0.044933 0.717847 -0.026271 -0.076096 0.892255 0.444297
1783948144.149042845 0.227382 0.044998 0.717741 -0.026209 -0.076054 0.892262 0.444294
1783948144.159053802 0.227677 0.045027 0.717623 -0.026118 -0.076032 0.892276 0.444275
1783948144.170119762 0.227875 0.045017 0.717487 -0.025972 -0.076020 0.892297 0.444245
1783948144.179081917 0.227752 0.044904 0.717373 -0.026002 -0.076058 0.892302 0.444226
1783948144.189062595 0.227523 0.044753 0.717245 -0.025972 -0.076066 0.892311 0.444207
1783948144.201425076 0.227219 0.044575 0.717088 -0.025710 -0.075987 0.892336 0.444185
1783948144.209084272 0.226674 0.044332 0.716996 -0.025779 -0.075992 0.892334 0.444185
1783948144.215759993 0.226084 0.044079 0.716920 -0.025863 -0.075981 0.892323 0.444205
1783948144.215759993 0.226084 0.044079 0.716920 -0.025863 -0.075981 0.892323 0.444205
1783948144.219061613 0.226232 0.044128 0.716878 -0.025974 -0.075997 0.892312 0.444216
1783948144.229072094 0.227030 0.044414 0.716751 -0.025827 -0.075910 0.892302 0.444262
1783948144.239064217 0.227675 0.044638 0.716625 -0.025670 -0.075834 0.892298 0.444292
1783948144.249032021 0.228157 0.044800 0.716496 -0.025538 -0.075777 0.892302 0.444300
1783948144.259094000 0.228478 0.044903 0.716361 -0.025422 -0.075754 0.892313 0.444289
1783948144.269103050 0.228618 0.044940 0.716224 -0.025338 -0.075771 0.892324 0.444269
1783948144.279068470 0.228581 0.044916 0.716084 -0.025287 -0.075801 0.892328 0.444258
1783948144.289097309 0.228380 0.044838 0.715942 -0.025228 -0.075823 0.892332 0.444250
1783948144.299044847 0.228021 0.044708 0.715805 -0.025169 -0.075823 0.892338 0.444241
1783948144.309047699 0.227516 0.044533 0.715673 -0.025082 -0.075791 0.892334 0.444260
1783948144.316631794 0.226909 0.044317 0.715577 -0.025115 -0.075769 0.892322 0.444285
1783948144.316631794 0.226909 0.044317 0.715577 -0.025115 -0.075769 0.892322 0.444285
1783948144.319035769 0.227007 0.044365 0.715545 -0.025207 -0.075785 0.892316 0.444290
1783948144.330412626 0.228022 0.044810 0.715388 -0.024932 -0.075661 0.892320 0.444318
1783948144.339058161 0.228508 0.045030 0.715270 -0.024872 -0.075619 0.892323 0.444323
1783948144.349113464 0.229019 0.045266 0.715131 -0.024720 -0.075565 0.892336 0.444315
1783948144.360477924 0.229494 0.045496 0.714969 -0.024479 -0.075527 0.892364 0.444277
1783948144.369120359 0.229549 0.045552 0.714843 -0.024491 -0.075565 0.892380 0.444238
1783948144.379391670 0.229557 0.045605 0.714687 -0.024402 -0.075587 0.892395 0.444211
1783948144.389083624 0.229368 0.045585 0.714541 -0.024374 -0.075619 0.892412 0.444172
1783948144.400474072 0.229089 0.045552 0.714370 -0.024196 -0.075601 0.892429 0.444151
1783948144.409069300 0.228592 0.045422 0.714246 -0.024203 -0.075596 0.892430 0.444149
1783948144.417537451 0.227990 0.045254 0.714129 -0.024186 -0.075564 0.892430 0.444155
1783948144.417537451 0.227990 0.045254 0.714129 -0.024186 -0.075564 0.892430 0.444155
1783948144.419040680 0.228052 0.045291 0.714108 -0.024250 -0.075577 0.892427 0.444155
1783948144.429045677 0.228921 0.045722 0.713972 -0.024090 -0.075503 0.892435 0.444160
1783948144.439119577 0.229652 0.046095 0.713836 -0.023917 -0.075427 0.892451 0.444150
1783948144.449111223 0.230215 0.046398 0.713701 -0.023769 -0.075381 0.892476 0.444116
1783948144.459231615 0.230626 0.046644 0.713561 -0.023634 -0.075377 0.892505 0.444065
1783948144.469083786 0.230838 0.046814 0.713421 -0.023546 -0.075403 0.892534 0.444007
1783948144.479071140 0.230893 0.046928 0.713276 -0.023470 -0.075443 0.892559 0.443956
1783948144.489147663 0.230790 0.046988 0.713128 -0.023403 -0.075477 0.892589 0.443893
1783948144.499064922 0.230526 0.046993 0.712984 -0.023336 -0.075486 0.892612 0.443849
1783948144.509130239 0.230122 0.046953 0.712843 -0.023220 -0.075463 0.892630 0.443822
1783948144.518372059 0.229571 0.046850 0.712719 -0.023147 -0.075426 0.892642 0.443809
1783948144.518372059 0.229571 0.046850 0.712719 -0.023147 -0.075426 0.892642 0.443809
1783948144.519053936 0.229604 0.046870 0.712710 -0.023177 -0.075433 0.892640 0.443809
1783948144.529119015 0.230560 0.047336 0.712586 -0.023063 -0.075388 0.892643 0.443817
1783948144.539052486 0.231351 0.047730 0.712465 -0.022946 -0.075359 0.892657 0.443800
1783948144.549121857 0.232005 0.048068 0.712341 -0.022837 -0.075336 0.892678 0.443766
1783948144.559066534 0.232482 0.048335 0.712214 -0.022775 -0.075370 0.892702 0.443715
1783948144.569085121 0.232796 0.048542 0.712083 -0.022734 -0.075427 0.892725 0.443662
1783948144.579059601 0.232937 0.048684 0.711949 -0.022715 -0.075498 0.892743 0.443614
1783948144.590360403 0.233004 0.048816 0.711798 -0.022596 -0.075548 0.892773 0.443552
1783948144.599089384 0.232774 0.048815 0.711681 -0.022642 -0.075598 0.892786 0.443515
1783948144.609103441 0.232462 0.048801 0.711552 -0.022586 -0.075605 0.892800 0.443488
1783948144.619066715 0.232004 0.048734 0.711430 -0.022499 -0.075582 0.892807 0.443482
1783948144.619235277 0.231990 0.048731 0.711428 -0.022501 -0.075582 0.892807 0.443482
1783948144.619235277 0.231990 0.048731 0.711428 -0.022501 -0.075582 0.892807 0.443482
1783948144.629069567 0.233019 0.049213 0.711333 -0.022434 -0.075558 0.892802 0.443499
1783948144.639089346 0.233938 0.049646 0.711237 -0.022348 -0.075542 0.892805 0.443501
1783948144.649070263 0.234698 0.050012 0.711139 -0.022288 -0.075551 0.892813 0.443487
1783948144.659108162 0.235304 0.050317 0.711039 -0.022258 -0.075599 0.892823 0.443460
1783948144.669104338 0.235738 0.050555 0.710935 -0.022259 -0.075681 0.892835 0.443421
1783948144.679135561 0.236007 0.050730 0.710827 -0.022279 -0.075771 0.892841 0.443392
1783948144.689089537 0.236111 0.050844 0.710720 -0.022313 -0.075856 0.892848 0.443363
1783948144.699103594 0.236071 0.050906 0.710615 -0.022325 -0.075922 0.892855 0.443338
1783948144.709126949 0.235890 0.050918 0.710514 -0.022315 -0.075943 0.892858 0.443328
1783948144.720214605 0.235602 0.050899 0.710410 -0.022184 -0.075922 0.892860 0.443334
1783948144.720214605 0.235602 0.050899 0.710410 -0.022184 -0.075922 0.892860 0.443334
1783948144.720359802 0.235618 0.050906 0.710409 -0.022187 -0.075923 0.892860 0.443334
1783948144.729140520 0.236612 0.051334 0.710351 -0.022205 -0.075931 0.892843 0.443365
1783948144.739156246 0.237696 0.051794 0.710287 -0.022147 -0.075932 0.892836 0.443381
1783948144.749140978 0.238621 0.052187 0.710220 -0.022100 -0.075959 0.892843 0.443366
1783948144.759169817 0.239392 0.052515 0.710149 -0.022081 -0.076030 0.892852 0.443336
1783948144.769174337 0.239989 0.052775 0.710072 -0.022092 -0.076122 0.892860 0.443304
1783948144.779558897 0.240459 0.052987 0.709989 -0.022106 -0.076225 0.892864 0.443277
1783948144.789150715 0.240688 0.053106 0.709910 -0.022172 -0.076328 0.892867 0.443251
1783948144.799128771 0.240807 0.053188 0.709830 -0.022191 -0.076406 0.892869 0.443232
1783948144.810033798 0.240845 0.053245 0.709750 -0.022130 -0.076451 0.892869 0.443228
1783948144.819181681 0.240637 0.053203 0.709685 -0.022142 -0.076468 0.892861 0.443241
1783948144.820969343 0.240498 0.053157 0.709672 -0.022220 -0.076483 0.892855 0.443245
1783948144.820969343 0.240498 0.053157 0.709672 -0.022220 -0.076483 0.892855 0.443245
1783948144.829151869 0.241484 0.053529 0.709634 -0.022296 -0.076506 0.892840 0.443269
1783948144.839107752 0.242674 0.053967 0.709591 -0.022277 -0.076512 0.892827 0.443295
1783948144.849110365 0.243720 0.054341 0.709546 -0.022276 -0.076547 0.892826 0.443289
1783948144.859140396 0.244609 0.054650 0.709497 -0.022290 -0.076630 0.892829 0.443268
1783948144.871445656 0.245658 0.055007 0.709434 -0.022178 -0.076730 0.892842 0.443231
1783948144.879150152 0.245947 0.055092 0.709389 -0.022340 -0.076841 0.892838 0.443213
1783948144.889135122 0.246333 0.055206 0.709333 -0.022411 -0.076950 0.892835 0.443196
1783948144.899120092 0.246569 0.055265 0.709278 -0.022461 -0.077049 0.892833 0.443179
1783948144.909519672 0.246693 0.055283 0.709223 -0.022471 -0.077112 0.892825 0.443185
1783948144.919137239 0.246619 0.055229 0.709177 -0.022499 -0.077133 0.892814 0.443202
1783948144.921829700 0.246452 0.055160 0.709163 -0.022608 -0.077159 0.892804 0.443212
1783948144.921829700 0.246452 0.055160 0.709163 -0.022608 -0.077159 0.892804 0.443212
1783948144.929156065 0.247359 0.055470 0.709140 -0.022719 -0.077193 0.892783 0.443242
1783948144.939232826 0.248661 0.055908 0.709109 -0.022706 -0.077208 0.892769 0.443269
1783948144.949089289 0.249770 0.056266 0.709076 -0.022715 -0.077250 0.892764 0.443270
1783948144.959172964 0.250757 0.056569 0.709040 -0.022748 -0.077330 0.892765 0.443253
1783948144.969126701 0.251554 0.056798 0.708997 -0.022805 -0.077440 0.892764 0.443233
1783948144.980435371 0.252358 0.057017 0.708944 -0.022806 -0.077562 0.892756 0.443228
1783948144.989089966 0.252680 0.057074 0.708902 -0.022949 -0.077676 0.892750 0.443211
1783948145.001417875 0.253248 0.057199 0.708845 -0.022872 -0.077757 0.892743 0.443215
1783948145.009125948 0.253254 0.057146 0.708809 -0.023017 -0.077824 0.892730 0.443223
1783948145.019134283 0.253288 0.057087 0.708767 -0.023041 -0.077841 0.892711 0.443257
1783948145.022705555 0.253114 0.056993 0.708751 -0.023169 -0.077870 0.892699 0.443270
1783948145.022705555 0.253114 0.056993 0.708751 -0.023169 -0.077870 0.892699 0.443270
1783948145.029195547 0.253918 0.057242 0.708729 -0.023290 -0.077892 0.892685 0.443287
1783948145.039962530 0.255419 0.057710 0.708693 -0.023223 -0.077877 0.892687 0.443290
1783948145.049099922 0.256452 0.058007 0.708659 -0.023261 -0.077907 0.892692 0.443273
1783948145.059132576 0.257489 0.058289 0.708618 -0.023284 -0.077956 0.892703 0.443240
1783948145.069129467 0.258347 0.058501 0.708571 -0.023328 -0.078043 0.892714 0.443201
1783948145.079113960 0.259032 0.058646 0.708519 -0.023403 -0.078145 0.892715 0.443176
1783948145.089107513 0.259557 0.058730 0.708465 -0.023483 -0.078239 0.892723 0.443139
1783948145.101443768 0.260188 0.058831 0.708398 -0.023387 -0.078304 0.892736 0.443107
1783948145.110183716 0.260293 0.058773 0.708354 -0.023484 -0.078355 0.892731 0.443103
1783948145.119155407 0.260300 0.058673 0.708312 -0.023538 -0.078372 0.892728 0.443104
1783948145.123582840 0.260127 0.058555 0.708293 -0.023672 -0.078396 0.892716 0.443116
1783948145.123582840 0.260127 0.058555 0.708293 -0.023672 -0.078396 0.892716 0.443116
1783948145.129137278 0.260802 0.058735 0.708281 -0.023803 -0.078418 0.892704 0.443129
1783948145.139101267 0.262192 0.059106 0.708269 -0.023777 -0.078410 0.892702 0.443136
1783948145.149113655 0.263435 0.059411 0.708255 -0.023763 -0.078427 0.892710 0.443118
1783948145.159103155 0.264507 0.059647 0.708235 -0.023781 -0.078486 0.892719 0.443088
1783948145.169133902 0.265413 0.059814 0.708209 -0.023817 -0.078576 0.892731 0.443045
1783948145.179121017 0.266140 0.059912 0.708177 -0.023884 -0.078673 0.892736 0.443016
1783948145.189117432 0.266704 0.059948 0.708144 -0.023953 -0.078769 0.892744 0.442978
1783948145.200013876 0.267209 0.059945 0.708111 -0.023955 -0.078832 0.892754 0.442946
1783948145.209153891 0.267392 0.059854 0.708083 -0.024036 -0.078875 0.892755 0.442933
1783948145.219185114 0.267512 0.059721 0.708057 -0.024035 -0.078876 0.892752 0.442940
1783948145.224440336 0.267347 0.059568 0.708040 -0.024171 -0.078904 0.892741 0.442949
1783948145.224440336 0.267347 0.059568 0.708040 -0.024171 -0.078904 0.892741 0.442949
1783948145.231426716 0.268260 0.059839 0.708029 -0.024275 -0.078931 0.892742 0.442937
1783948145.239178896 0.269228 0.060117 0.708016 -0.024348 -0.078947 0.892752 0.442909
1783948145.249510288 0.270548 0.060497 0.707998 -0.024303 -0.078968 0.892782 0.442847
1783948145.259398460 0.271617 0.060780 0.707975 -0.024309 -0.079034 0.892816 0.442767
1783948145.269189119 0.272501 0.060990 0.707947 -0.024354 -0.079133 0.892847 0.442684
1783948145.279177904 0.273245 0.061142 0.707912 -0.024404 -0.079244 0.892876 0.442604
1783948145.289401054 0.273853 0.061239 0.707874 -0.024445 -0.079350 0.892906 0.442521
1783948145.299144983 0.274250 0.061262 0.707837 -0.024503 -0.079441 0.892932 0.442450
1783948145.309155226 0.274531 0.061240 0.707802 -0.024515 -0.079503 0.892953 0.442394
1783948145.319139004 0.274661 0.061159 0.707770 -0.024499 -0.079522 0.892968 0.442361
1783948145.325338364 0.274508 0.061013 0.707749 -0.024621 -0.079552 0.892964 0.442358
1783948145.325338364 0.274508 0.061013 0.707749 -0.024621 -0.079552 0.892964 0.442358
1783948145.329115391 0.274930 0.061123 0.707742 -0.024748 -0.079583 0.892954 0.442366
1783948145.339185476 0.276360 0.061532 0.707731 -0.024696 -0.079589 0.892960 0.442354
1783948145.349148750 0.277608 0.061865 0.707716 -0.024668 -0.079631 0.892974 0.442321
1783948145.359214544 0.278707 0.062133 0.707696 -0.024658 -0.079713 0.892992 0.442271
1783948145.369150162 0.279608 0.062323 0.707671 -0.024689 -0.079822 0.893009 0.442214
1783948145.379142046 0.280345 0.062448 0.707642 -0.024729 -0.079949 0.893020 0.442168
1783948145.389137745 0.280917 0.062510 0.707609 -0.024773 -0.080074 0.893029 0.442125
1783948145.399228096 0.281343 0.062516 0.707575 -0.024801 -0.080171 0.893039 0.442085
1783948145.409169912 0.281605 0.062463 0.707544 -0.024817 -0.080231 0.893039 0.442073
1783948145.419598818 0.281755 0.062358 0.707515 -0.024765 -0.080265 0.893041 0.442066
1783948145.426194906 0.281596 0.062190 0.707495 -0.024874 -0.080297 0.893030 0.442076
1783948145.426194906 0.281596 0.062190 0.707495 -0.024874 -0.080297 0.893030 0.442076
1783948145.429175854 0.281906 0.062261 0.707491 -0.024989 -0.080324 0.893025 0.442075
1783948145.439135313 0.283282 0.062634 0.707484 -0.024954 -0.080338 0.893054 0.442015
1783948145.449315548 0.284540 0.062947 0.707474 -0.024924 -0.080386 0.893092 0.441931
1783948145.459126711 0.285564 0.063170 0.707457 -0.024946 -0.080475 0.893129 0.441839
1783948145.469191313 0.286454 0.063334 0.707432 -0.024983 -0.080585 0.893172 0.441731
1783948145.480034828 0.287272 0.063455 0.707402 -0.024976 -0.080720 0.893216 0.441617
1783948145.489190578 0.287711 0.063458 0.707371 -0.025075 -0.080838 0.893245 0.441531
1783948145.499205828 0.288096 0.063426 0.707338 -0.025118 -0.080946 0.893282 0.441435
1783948145.509460211 0.288351 0.063342 0.707306 -0.025131 -0.081013 0.893314 0.441356
1783948145.519169569 0.288413 0.063190 0.707277 -0.025142 -0.081044 0.893342 0.441294
1783948145.527032852 0.288260 0.062985 0.707253 -0.025215 -0.081066 0.893349 0.441270
1783948145.527032852 0.288260 0.062985 0.707253 -0.025215 -0.081066 0.893349 0.441270
1783948145.529175520 0.288464 0.063020 0.707253 -0.025304 -0.081082 0.893346 0.441270
1783948145.539163828 0.289808 0.063330 0.707262 -0.025248 -0.081059 0.893384 0.441199
1783948145.549160480 0.290992 0.063565 0.707267 -0.025200 -0.081055 0.893437 0.441095
1783948145.559223413 0.292017 0.063730 0.707267 -0.025173 -0.081105 0.893493 0.440975
1783948145.569178343 0.292847 0.063819 0.707261 -0.025189 -0.081179 0.893548 0.440850
1783948145.579199076 0.293512 0.063838 0.707248 -0.025214 -0.081264 0.893597 0.440732
1783948145.589165449 0.294003 0.063789 0.707232 -0.025248 -0.081335 0.893650 0.440610
1783948145.599181175 0.294340 0.063683 0.707215 -0.025272 -0.081388 0.893697 0.440503
1783948145.609213114 0.294527 0.063520 0.707198 -0.025265 -0.081414 0.893740 0.440411
1783948145.619165421 0.294557 0.063296 0.707185 -0.025233 -0.081415 0.893777 0.440338
1783948145.627909660 0.294386 0.063019 0.707172 -0.025258 -0.081403 0.893796 0.440301
1783948145.627909660 0.294386 0.063019 0.707172 -0.025258 -0.081403 0.893796 0.440301
1783948145.629139662 0.294492 0.063026 0.707175 -0.025317 -0.081414 0.893793 0.440300
1783948145.640428543 0.296027 0.063306 0.707230 -0.025219 -0.081387 0.893876 0.440143
1783948145.649149179 0.296929 0.063402 0.707263 -0.025291 -0.081423 0.893925 0.440032
1783948145.659203529 0.297895 0.063477 0.707298 -0.025322 -0.081493 0.893999 0.439868
1783948145.670219183 0.298815 0.063500 0.707331 -0.025325 -0.081585 0.894089 0.439666
1783948145.679161310 0.299286 0.063410 0.707347 -0.025455 -0.081702 0.894141 0.439533
1783948145.689184904 0.299726 0.063272 0.707364 -0.025540 -0.081818 0.894209 0.439367
1783948145.699133396 0.300003 0.063073 0.707380 -0.025623 -0.081914 0.894275 0.439211
1783948145.709362268 0.300152 0.062814 0.707398 -0.025678 -0.081977 0.894339 0.439066
1783948145.719184637 0.300123 0.062494 0.707416 -0.025704 -0.082000 0.894393 0.438949
1783948145.728793621 0.299932 0.062113 0.707434 -0.025717 -0.082005 0.894440 0.438851
1783948145.728793621 0.299932 0.062113 0.707434 -0.025717 -0.082005 0.894440 0.438851
1783948145.729145527 0.299963 0.062113 0.707437 -0.025730 -0.082007 0.894440 0.438851
1783948145.739217520 0.301205 0.062238 0.707561 -0.025668 -0.081914 0.894491 0.438767
1783948145.749139071 0.302256 0.062283 0.707676 -0.025616 -0.081862 0.894548 0.438664
1783948145.759133101 0.303149 0.062257 0.707788 -0.025593 -0.081848 0.894609 0.438543
1783948145.769147396 0.303868 0.062157 0.707892 -0.025597 -0.081862 0.894674 0.438408
1783948145.781397820 0.304682 0.062000 0.708026 -0.025462 -0.081843 0.894765 0.438235
1783948145.789197206 0.304849 0.061764 0.708092 -0.025601 -0.081899 0.894798 0.438149
1783948145.799158096 0.305057 0.061459 0.708187 -0.025622 -0.081901 0.894859 0.438021
1783948145.809179783 0.305119 0.061094 0.708284 -0.025612 -0.081869 0.894912 0.437919
1783948145.819135666 0.305025 0.060666 0.708381 -0.025573 -0.081804 0.894962 0.437833
1783948145.829158783 0.304772 0.060166 0.708481 -0.025511 -0.081713 0.895010 0.437755
1783948145.829663992 0.304730 0.060130 0.708485 -0.025532 -0.081716 0.895009 0.437754
1783948145.829663992 0.304730 0.060130 0.708485 -0.025532 -0.081716 0.895009 0.437754
1783948145.839222431 0.305787 0.060133 0.708705 -0.025527 -0.081667 0.895100 0.437578
1783948145.849143028 0.306749 0.060072 0.708932 -0.025509 -0.081635 0.895204 0.437372
1783948145.859135866 0.307555 0.059939 0.709156 -0.025526 -0.081645 0.895311 0.437151
1783948145.869228601 0.308197 0.059732 0.709377 -0.025561 -0.081682 0.895423 0.436912
1783948145.879190445 0.308648 0.059452 0.709587 -0.025623 -0.081743 0.895528 0.436683
1783948145.889178038 0.308936 0.059104 0.709795 -0.025691 -0.081795 0.895634 0.436452
1783948145.899437428 0.309083 0.058687 0.710010 -0.025727 -0.081825 0.895744 0.436217
1783948145.909148693 0.309044 0.058222 0.710212 -0.025768 -0.081826 0.895834 0.436030
1783948145.919219494 0.308874 0.057686 0.710425 -0.025761 -0.081792 0.895931 0.435837
1783948145.929254770 0.308543 0.057081 0.710639 -0.025722 -0.081741 0.896023 0.435660
1783948145.930508375 0.308427 0.056975 0.710660 -0.025779 -0.081752 0.896024 0.435653
1783948145.930508375 0.308427 0.056975 0.710660 -0.025779 -0.081752 0.896024 0.435653
1783948145.939442396 0.309293 0.056923 0.710665 -0.025790 -0.081707 0.896065 0.435577
1783948145.949203014 0.310141 0.056821 0.710646 -0.025771 -0.081665 0.896118 0.435475
1783948145.959250689 0.310862 0.056651 0.710614 -0.025765 -0.081660 0.896180 0.435350
1783948145.969146252 0.311400 0.056410 0.710553 -0.025722 -0.081676 0.896254 0.435197
1783948145.979209661 0.311791 0.056104 0.710451 -0.025830 -0.081813 0.896283 0.435105
1783948145.989175081 0.312080 0.055745 0.710378 -0.026705 -0.082511 0.896387 0.434706
1783948145.999147892 0.312308 0.055294 0.710299 -0.025793 -0.081791 0.896403 0.434865
1783948146.009244204 0.312426 0.054805 0.710226 -0.025856 -0.081773 0.896537 0.434587
1783948146.019208431 0.312354 0.054306 0.710179 -0.025634 -0.081374 0.896526 0.434698
1783948146.031424046 0.312233 0.053730 0.710069 -0.025636 -0.081924 0.896703 0.434229
1783948146.031436205 0.312238 0.053732 0.710067 -0.025630 -0.081921 0.896704 0.434229
1783948146.031436205 0.312238 0.053732 0.710067 -0.025630 -0.081921 0.896704 0.434229
1783948146.039218187 0.312935 0.053663 0.710393 -0.025518 -0.081513 0.896747 0.434222
1783948146.049171686 0.313769 0.053531 0.710815 -0.025390 -0.081466 0.896893 0.433937
1783948146.059213161 0.314427 0.053308 0.711236 -0.025062 -0.081064 0.897003 0.433804
1783948146.069162369 0.314881 0.053023 0.711625 -0.024938 -0.080949 0.897108 0.433616
1783948146.079181433 0.315100 0.052633 0.711992 -0.024884 -0.080812 0.897240 0.433371
1783948146.091533661 0.315179 0.052040 0.712415 -0.024681 -0.080682 0.897421 0.433031
1783948146.099160433 0.314809 0.051473 0.712633 -0.024852 -0.080744 0.897462 0.432925
1783948146.109189272 0.314315 0.050691 0.712933 -0.024953 -0.080944 0.897578 0.432642
1783948146.119168043 0.313682 0.049814 0.713235 -0.024956 -0.081095 0.897656 0.432451
1783948146.129410267 0.312935 0.048844 0.713560 -0.024802 -0.081182 0.897770 0.432207
1783948146.132267237 0.312580 0.048510 0.713640 -0.024898 -0.081217 0.897774 0.432186
1783948146.132267237 0.312580 0.048510 0.713640 -0.024898 -0.081217 0.897774 0.432186
1783948146.139224768 0.312846 0.048228 0.713981 -0.024873 -0.081215 0.897839 0.432054
1783948146.149214983 0.313354 0.047906 0.714522 -0.024497 -0.081053 0.898010 0.431751
1783948146.159163713 0.313771 0.047583 0.715081 -0.024095 -0.080819 0.898167 0.431491
1783948146.169191599 0.314052 0.047233 0.715653 -0.023726 -0.080564 0.898345 0.431187
1783948146.179193735 0.314136 0.046829 0.716218 -0.023417 -0.080366 0.898491 0.430937
1783948146.191489935 0.314099 0.046312 0.716920 -0.022949 -0.080062 0.898743 0.430492
1783948146.199188471 0.313704 0.045824 0.717313 -0.022969 -0.079994 0.898828 0.430328
1783948146.209221601 0.313168 0.045171 0.717844 -0.022808 -0.079867 0.898986 0.430029
1783948146.222407341 0.312474 0.044265 0.718584 -0.022169 -0.079509 0.899236 0.429605
1783948146.229180098 0.311763 0.043594 0.718919 -0.022161 -0.079517 0.899302 0.429467
1783948146.233103514 0.311256 0.043153 0.719102 -0.022218 -0.079547 0.899321 0.429420
1783948146.233103514 0.311256 0.043153 0.719102 -0.022218 -0.079547 0.899321 0.429420
1783948146.239187241 0.311296 0.042889 0.719513 -0.022169 -0.079570 0.899368 0.429317
1783948146.251610756 0.311586 0.042474 0.720394 -0.021415 -0.079467 0.899614 0.428861
1783948146.259232521 0.311478 0.042086 0.720918 -0.021296 -0.079488 0.899696 0.428691
1783948146.269196510 0.311315 0.041616 0.721618 -0.020937 -0.079440 0.899866 0.428359
1783948146.279185534 0.310991 0.041121 0.722322 -0.020648 -0.079341 0.900006 0.428099
1783948146.289169550 0.310507 0.040592 0.723029 -0.020386 -0.079215 0.900171 0.427786
1783948146.299170732 0.309867 0.040005 0.723740 -0.020137 -0.079062 0.900315 0.427523
1783948146.309259415 0.309078 0.039331 0.724460 -0.019868 -0.078903 0.900468 0.427243
1783948146.327081919 0.308011 0.038212 0.725808 -0.018002 -0.078302 0.900918 0.426488
1783948146.329178810 0.307703 0.037969 0.725951 -0.018054 -0.078321 0.900923 0.426470
1783948146.333975077 0.307026 0.037425 0.726282 -0.018065 -0.078352 0.900953 0.426402
1783948146.333975077 0.307026 0.037425 0.726282 -0.018065 -0.078352 0.900953 0.426402
1783948146.339203119 0.306923 0.037192 0.726837 -0.017916 -0.078316 0.901022 0.426269
1783948146.349241257 0.306840 0.036838 0.727913 -0.017061 -0.078105 0.901276 0.425806
1783948146.359190941 0.306584 0.036403 0.728974 -0.016276 -0.077909 0.901524 0.425347
1783948146.369194269 0.306137 0.035890 0.730039 -0.015522 -0.077743 0.901774 0.424875
1783948146.379209757 0.305489 0.035306 0.731106 -0.014793 -0.077579 0.902018 0.424413
1783948146.389213562 0.304627 0.034664 0.732172 -0.014158 -0.077465 0.902256 0.423949
1783948146.402365685 0.303371 0.033895 0.733598 -0.012827 -0.077175 0.902681 0.423139
1783948146.409219742 0.302346 0.033338 0.734347 -0.012599 -0.077088 0.902788 0.422933
1783948146.419239998 0.300728 0.032634 0.735456 -0.012122 -0.076733 0.903013 0.422531
1783948146.429192066 0.298759 0.031875 0.736546 -0.012068 -0.076458 0.903138 0.422315
1783948146.434880495 0.297366 0.031305 0.737169 -0.012277 -0.076463 0.903214 0.422146
1783948146.434880495 0.297366 0.031305 0.737169 -0.012277 -0.076463 0.903214 0.422146
1783948146.439217329 0.296687 0.031119 0.737790 -0.012417 -0.076467 0.903277 0.422006
1783948146.449204683 0.295084 0.030721 0.739259 -0.011843 -0.076363 0.903562 0.421432
1783948146.459221840 0.293102 0.030143 0.740719 -0.011581 -0.076684 0.903840 0.420784
1783948146.469215631 0.290772 0.029442 0.742179 -0.011478 -0.077044 0.904129 0.420100
1783948146.479218483 0.288123 0.028691 0.743663 -0.011337 -0.077389 0.904446 0.419357
1783948146.489491463 0.285077 0.027950 0.745197 -0.011436 -0.077717 0.904713 0.418717
1783948146.499236107 0.281878 0.027279 0.746661 -0.011935 -0.077903 0.904950 0.418157
1783948146.509248018 0.278358 0.026612 0.748192 -0.012398 -0.078049 0.905185 0.417605
1783948146.523657560 0.273117 0.025736 0.750468 -0.012230 -0.077822 0.905678 0.416583
1783948146.529545784 0.270659 0.025157 0.751376 -0.012970 -0.078004 0.905734 0.416405
1783948146.535708666 0.268015 0.024473 0.752327 -0.013614 -0.078275 0.905788 0.416216
1783948146.535708666 0.268015 0.024473 0.752327 -0.013614 -0.078275 0.905788 0.416216
1783948146.539222240 0.266808 0.024297 0.753048 -0.014068 -0.078460 0.905813 0.416112
1783948146.549189329 0.263480 0.023887 0.755209 -0.014159 -0.078974 0.906167 0.415240
1783948146.559276581 0.259859 0.023243 0.757389 -0.014366 -0.079805 0.906525 0.414292
1783948146.569228172 0.256005 0.022464 0.759549 -0.014651 -0.080731 0.906882 0.413320
1783948146.579228401 0.251831 0.021645 0.761742 -0.015054 -0.081642 0.907230 0.412362
1783948146.589229345 0.247322 0.020857 0.763950 -0.015743 -0.082418 0.907550 0.411476
1783948146.599241495 0.242463 0.020114 0.766175 -0.016766 -0.083093 0.907825 0.410693
1783948146.611122370 0.236338 0.019309 0.768877 -0.017761 -0.083739 0.908208 0.409670
1783948146.619238615 0.231749 0.018565 0.770671 -0.019128 -0.084405 0.908338 0.409184
1783948146.629260540 0.225849 0.017581 0.772917 -0.020648 -0.085289 0.908585 0.408378
1783948146.639229536 0.219678 0.016405 0.775147 -0.022191 -0.086403 0.908817 0.407545
1783948146.639239311 0.219676 0.016408 0.775151 -0.022175 -0.086399 0.908821 0.407538
1783948146.639239311 0.219676 0.016408 0.775151 -0.022175 -0.086399 0.908821 0.407538
1783948146.649230719 0.213989 0.015799 0.777509 -0.023327 -0.087684 0.909076 0.406630
1783948146.659259319 0.208082 0.015054 0.779880 -0.024619 -0.089070 0.909318 0.405712
1783948146.669193745 0.202074 0.014240 0.782234 -0.026011 -0.090359 0.909545 0.404829
1783948146.679216146 0.195883 0.013367 0.784625 -0.027351 -0.091618 0.909750 0.403996
1783948146.689234018 0.189541 0.012434 0.787036 -0.028849 -0.092865 0.909952 0.403151
1783948146.699277401 0.183027 0.011422 0.789463 -0.030443 -0.094139 0.910121 0.402357
1783948146.709298372 0.176400 0.010302 0.791882 -0.032070 -0.095386 0.910267 0.401606
1783948146.719294310 0.169669 0.009040 0.794297 -0.033597 -0.096739 0.910417 0.400816
1783948146.730496407 0.162000 0.007501 0.796995 -0.035151 -0.098273 0.910644 0.399793
1783948146.737442732 0.157103 0.006385 0.798665 -0.036789 -0.099398 0.910649 0.399356
1783948146.737442732 0.157103 0.006385 0.798665 -0.036789 -0.099398 0.910649 0.399356
1783948146.739211798 0.155971 0.006223 0.799152 -0.037395 -0.099726 0.910614 0.399299
1783948146.749260187 0.149745 0.005582 0.802186 -0.039055 -0.101172 0.910724 0.398522
1783948146.759268522 0.143520 0.004866 0.805204 -0.040774 -0.102596 0.910854 0.397690
1783948146.769278526 0.137277 0.004087 0.808215 -0.042713 -0.104024 0.910942 0.396912
1783948146.779279232 0.131061 0.003237 0.811231 -0.044629 -0.105402 0.911006 0.396190
1783948146.789268732 0.124899 0.002302 0.814256 -0.046271 -0.106690 0.911093 0.395456
1783948146.799201012 0.118805 0.001282 0.817264 -0.047943 -0.108021 0.911179 0.394697
1783948146.809264421 0.112677 0.000159 0.820316 -0.049746 -0.109364 0.911230 0.393986
1783948146.819278240 0.106663 -0.001062 0.823358 -0.051409 -0.110688 0.911269 0.393311
1783948146.829845190 0.100445 -0.002462 0.826594 -0.052814 -0.111920 0.911379 0.392521
1783948146.838308334 0.095499 -0.003771 0.829134 -0.054212 -0.113068 0.911383 0.391992
1783948146.838308334 0.095499 -0.003771 0.829134 -0.054212 -0.113068 0.911383 0.391992
1783948146.839220762 0.095006 -0.003861 0.829383 -0.054498 -0.113226 0.911353 0.391977
1783948146.849321127 0.089698 -0.004624 0.832220 -0.055952 -0.114595 0.911294 0.391512
1783948146.862884521 0.082788 -0.005649 0.836078 -0.057110 -0.116219 0.911334 0.390771
1783948146.869233131 0.079567 -0.006342 0.837853 -0.058504 -0.117195 0.911221 0.390536
1783948146.879287481 0.074567 -0.007358 0.840705 -0.059967 -0.118464 0.911137 0.390128
1783948146.890397072 0.069143 -0.008501 0.843887 -0.061316 -0.119721 0.911094 0.389634
1783948146.899245739 0.064856 -0.009533 0.846415 -0.062795 -0.120806 0.910976 0.389340
1783948146.909215689 0.060101 -0.010732 0.849279 -0.064315 -0.121935 0.910850 0.389034
1783948146.919238806 0.055419 -0.012046 0.852170 -0.065700 -0.123044 0.910745 0.388700
1783948146.930414438 0.050341 -0.013623 0.855417 -0.066881 -0.124233 0.910671 0.388294
1783948146.939194679 0.046435 -0.015052 0.857956 -0.068093 -0.125288 0.910572 0.387976
1783948146.939194679 0.046435 -0.015052 0.857956 -0.068093 -0.125288 0.910572 0.387976
1783948146.939226389 0.046422 -0.015055 0.857963 -0.068087 -0.125290 0.910574 0.387971
1783948146.949720621 0.042247 -0.016312 0.860627 -0.069448 -0.126570 0.910586 0.387285
1783948146.962378979 0.037450 -0.017953 0.863816 -0.070605 -0.127920 0.910721 0.386313
1783948146.969226599 0.034930 -0.018926 0.865621 -0.071845 -0.128863 0.910639 0.385965
1783948146.979222536 0.031370 -0.020374 0.868216 -0.073145 -0.129950 0.910639 0.385357
1783948146.989238977 0.027933 -0.021882 0.870840 -0.074306 -0.131012 0.910658 0.384730
1783948146.999235392 0.024614 -0.023459 0.873476 -0.075455 -0.131928 0.910655 0.384200
1783948147.009266138 0.021389 -0.025137 0.876128 -0.076679 -0.132913 0.910632 0.383672
1783948147.019278288 0.018289 -0.026934 0.878784 -0.077792 -0.133879 0.910620 0.383139
1783948147.031365871 0.014731 -0.029249 0.881967 -0.078601 -0.134900 0.910736 0.382341
1783948147.039406538 0.012453 -0.030914 0.884153 -0.079542 -0.135732 0.910691 0.381957
1783948147.040044546 0.012274 -0.031052 0.884333 -0.079675 -0.135810 0.910676 0.381939
1783948147.040044546 0.012274 -0.031052 0.884333 -0.079675 -0.135810 0.910676 0.381939
1783948147.049251318 0.009903 -0.032035 0.887186 -0.080944 -0.136812 0.910635 0.381411
1783948147.063307762 0.006542 -0.033452 0.891586 -0.081983 -0.138148 0.910799 0.380315
1783948147.069229126 0.005233 -0.034261 0.893439 -0.082972 -0.138801 0.910714 0.380066
1783948147.079271793 0.003140 -0.035561 0.896606 -0.084120 -0.139736 0.910704 0.379494
1783948147.089266300 0.001233 -0.036943 0.899780 -0.085155 -0.140612 0.910707 0.378933
1783948147.099309444 -0.000509 -0.038420 0.902991 -0.086085 -0.141441 0.910720 0.378381
1783948147.109274149 -0.002069 -0.039981 0.906196 -0.086993 -0.142241 0.910722 0.377870
1783948147.120099068 -0.003568 -0.041751 0.909704 -0.087820 -0.143046 0.910762 0.377278
1783948147.129233122 -0.004662 -0.043388 0.912683 -0.088549 -0.143690 0.910766 0.376852
1783948147.139274836 -0.005694 -0.045259 0.915982 -0.089085 -0.144354 0.910827 0.376323
1783948147.140912771 -0.005845 -0.045618 0.916518 -0.089322 -0.144495 0.910799 0.376282
1783948147.140912771 -0.005845 -0.045618 0.916518 -0.089322 -0.144495 0.910799 0.376282
1783948147.149315596 -0.006659 -0.046622 0.919306 -0.090157 -0.145121 0.910779 0.375889
1783948147.159267664 -0.007474 -0.047847 0.922625 -0.090989 -0.145828 0.910801 0.375363
1783948147.169307232 -0.008119 -0.049174 0.925997 -0.091747 -0.146490 0.910833 0.374841
1783948147.179241896 -0.008588 -0.050579 0.929355 -0.092417 -0.147091 0.910875 0.374339
1783948147.189294815 -0.008907 -0.052083 0.932774 -0.093036 -0.147660 0.910928 0.373832
1783948147.199262857 -0.009081 -0.053663 0.936181 -0.093635 -0.148195 0.910977 0.373351
1783948147.211359262 -0.009134 -0.055605 0.940340 -0.094081 -0.148759 0.911099 0.372716
1783948147.219269753 -0.009032 -0.057069 0.943067 -0.094636 -0.149162 0.911093 0.372430
1783948147.229308367 -0.008812 -0.058948 0.946539 -0.095084 -0.149619 0.911151 0.371990
1783948147.239351034 -0.008472 -0.060940 0.950021 -0.095474 -0.150061 0.911222 0.371540
1783948147.243924856 -0.008255 -0.061973 0.951606 -0.095865 -0.150322 0.911194 0.371401
1783948147.243924856 -0.008255 -0.061973 0.951606 -0.095865 -0.150322 0.911194 0.371401
1783948147.249265671 -0.008138 -0.062752 0.953441 -0.096351 -0.150609 0.911174 0.371207
1783948147.259289742 -0.007913 -0.064136 0.956897 -0.096890 -0.151052 0.911272 0.370646
1783948147.269308805 -0.007577 -0.065624 0.960358 -0.097435 -0.151504 0.911374 0.370068
1783948147.279350758 -0.007138 -0.067211 0.963836 -0.097956 -0.151926 0.911476 0.369506
1783948147.289284945 -0.006605 -0.068870 0.967286 -0.098460 -0.152339 0.911573 0.368963
1783948147.299279213 -0.005980 -0.070622 0.970761 -0.098968 -0.152716 0.911665 0.368442
1783948147.309434414 -0.005256 -0.072487 0.974295 -0.099475 -0.153088 0.911755 0.367928
1783948147.319333315 -0.004451 -0.074407 0.977745 -0.100000 -0.153445 0.911828 0.367456
1783948147.329382896 -0.003528 -0.076455 0.981254 -0.100482 -0.153762 0.911912 0.366983
1783948147.339281797 -0.002497 -0.078586 0.984721 -0.100891 -0.154094 0.912003 0.366506
1783948147.342665911 -0.002077 -0.079416 0.985906 -0.101183 -0.154254 0.911981 0.366414
1783948147.342665911 -0.002077 -0.079416 0.985906 -0.101183 -0.154254 0.911981 0.366414
1783948147.349323273 -0.001554 -0.080483 0.988090 -0.101747 -0.154546 0.911956 0.366197
1783948147.359321594 -0.000727 -0.082061 0.991327 -0.102414 -0.154947 0.911994 0.365746
1783948147.372362614 0.000476 -0.084131 0.995511 -0.103041 -0.155370 0.912133 0.365044
1783948147.379310846 0.001302 -0.085440 0.997817 -0.103549 -0.155646 0.912121 0.364812
1783948147.389258146 0.002532 -0.087286 1.001086 -0.104095 -0.155947 0.912178 0.364385
1783948147.399296045 0.003897 -0.089231 1.004398 -0.104623 -0.156213 0.912230 0.363989
1783948147.409270048 0.005376 -0.091253 1.007704 -0.105121 -0.156447 0.912287 0.363602
1783948147.419312000 0.006988 -0.093384 1.011046 -0.105589 -0.156653 0.912342 0.363239
1783948147.429323673 0.008725 -0.095614 1.014393 -0.106000 -0.156834 0.912407 0.362879
1783948147.443515539 0.011288 -0.098764 1.019065 -0.106166 -0.157026 0.912636 0.362170
1783948147.443515539 0.011288 -0.098764 1.019065 -0.106166 -0.157026 0.912636 0.362170
1783948147.444397688 0.011421 -0.098930 1.019364 -0.106233 -0.157056 0.912627 0.362161
1783948147.449272394 0.012129 -0.099809 1.021006 -0.106523 -0.157188 0.912616 0.362045
1783948147.459354162 0.013530 -0.101517 1.024372 -0.106794 -0.157370 0.912710 0.361649
1783948147.471253157 0.015286 -0.103577 1.028347 -0.106978 -0.157517 0.912872 0.361121
1783948147.479351997 0.016679 -0.105155 1.031089 -0.107246 -0.157641 0.912920 0.360866
1783948147.489320993 0.018440 -0.107105 1.034465 -0.107473 -0.157732 0.913021 0.360504
1783948147.500794411 0.020553 -0.109389 1.038355 -0.107607 -0.157769 0.913169 0.360073
1783948147.510136366 0.022449 -0.111401 1.041551 -0.107795 -0.157811 0.913252 0.359788
1783948147.519266129 0.024403 -0.113454 1.044685 -0.107949 -0.157814 0.913334 0.359532
1783948147.529310942 0.026630 -0.115787 1.048136 -0.107997 -0.157797 0.913445 0.359243
1783948147.539294958 0.028948 -0.118228 1.051572 -0.108021 -0.157793 0.913569 0.358922
1783948147.544426918 0.030255 -0.119617 1.053358 -0.108151 -0.157853 0.913590 0.358801
1783948147.544426918 0.030255 -0.119617 1.053358 -0.108151 -0.157853 0.913590 0.358801
1783948147.549330473 0.031134 -0.120567 1.054967 -0.108271 -0.157887 0.913615 0.358689
1783948147.559294462 0.032801 -0.122402 1.058192 -0.108206 -0.157849 0.913781 0.358300
1783948147.569269419 0.034543 -0.124337 1.061424 -0.108151 -0.157801 0.913949 0.357909
1783948147.579321623 0.036353 -0.126372 1.064679 -0.108118 -0.157755 0.914111 0.357526
1783948147.589363813 0.038203 -0.128487 1.067928 -0.108128 -0.157685 0.914264 0.357162
1783948147.599910736 0.040153 -0.130780 1.071328 -0.108134 -0.157597 0.914425 0.356786
1783948147.609294415 0.041945 -0.132944 1.074354 -0.108231 -0.157529 0.914534 0.356508
1783948147.619288683 0.043836 -0.135331 1.077556 -0.108333 -0.157463 0.914653 0.356202
1783948147.632222891 0.046140 -0.138466 1.081637 -0.108309 -0.157329 0.914868 0.355715
1783948147.639301777 0.047554 -0.140420 1.083898 -0.108536 -0.157395 0.914899 0.355538
1783948147.645249367 0.048759 -0.142136 1.085796 -0.108778 -0.157501 0.914914 0.355378
1783948147.645249367 0.048759 -0.142136 1.085796 -0.108778 -0.157501 0.914914 0.355378
1783948147.649350643 0.049216 -0.143021 1.087000 -0.108928 -0.157556 0.914934 0.355255
1783948147.659378529 0.050050 -0.145052 1.089855 -0.108915 -0.157523 0.915158 0.354698
1783948147.669630289 0.050850 -0.147233 1.092743 -0.108955 -0.157519 0.915380 0.354114
1783948147.679292202 0.051570 -0.149407 1.095444 -0.109121 -0.157573 0.915551 0.353595
1783948147.689311266 0.052222 -0.151742 1.098207 -0.109404 -0.157656 0.915715 0.353045
1783948147.699289560 0.052782 -0.154165 1.100922 -0.109793 -0.157773 0.915855 0.352510
1783948147.709281206 0.053243 -0.156694 1.103601 -0.110299 -0.157935 0.915957 0.352015
1783948147.720507145 0.053577 -0.159622 1.106544 -0.110922 -0.158142 0.916084 0.351394
1783948147.729279518 0.053853 -0.162095 1.108834 -0.111681 -0.158437 0.916092 0.350998
1783948147.739310503 0.054037 -0.164998 1.111401 -0.112510 -0.158784 0.916130 0.350478
1783948147.746113539 0.054221 -0.167121 1.113150 -0.113285 -0.159160 0.916083 0.350182
1783948147.746113539 0.054221 -0.167121 1.113150 -0.113285 -0.159160 0.916083 0.350182
1783948147.749336958 0.053988 -0.167901 1.113871 -0.113718 -0.159365 0.916034 0.350075
1783948147.759266615 0.052907 -0.170133 1.115955 -0.114591 -0.159767 0.916112 0.349403
1783948147.769321203 0.051771 -0.172504 1.118032 -0.115560 -0.160232 0.916175 0.348706
1783948147.779287577 0.050623 -0.174960 1.120065 -0.116583 -0.160722 0.916218 0.348025
1783948147.789790392 0.049364 -0.177628 1.122172 -0.117664 -0.161205 0.916276 0.347283
1783948147.799266815 0.048264 -0.180161 1.124068 -0.118783 -0.161721 0.916271 0.346677
1783948147.809267998 0.047067 -0.182907 1.126036 -0.120000 -0.162279 0.916256 0.346037
1783948147.820559025 0.045649 -0.186073 1.128209 -0.121314 -0.162873 0.916275 0.345247
1783948147.829335928 0.044685 -0.188712 1.129923 -0.122527 -0.163445 0.916201 0.344744
1783948147.839314699 0.043571 -0.191771 1.131839 -0.123778 -0.164050 0.916170 0.344093
1783948147.846983671 0.042846 -0.194265 1.133335 -0.124895 -0.164637 0.916082 0.343641
1783948147.846983671 0.042846 -0.194265 1.133335 -0.124895 -0.164637 0.916082 0.343641
1783948147.850081444 0.042240 -0.195046 1.133812 -0.125455 -0.164927 0.915998 0.343521
1783948147.859273434 0.040179 -0.197192 1.135097 -0.126637 -0.165537 0.915968 0.342875
1783948147.869299889 0.037976 -0.199585 1.136482 -0.127847 -0.166157 0.915969 0.342124
1783948147.880405664 0.035590 -0.202287 1.137998 -0.129024 -0.166756 0.916020 0.341251
1783948147.889263153 0.033896 -0.204591 1.139261 -0.130120 -0.167321 0.915990 0.340639
1783948147.899314165 0.032000 -0.207222 1.140672 -0.131245 -0.167885 0.915999 0.339904
1783948147.911396742 0.029713 -0.210366 1.142321 -0.132363 -0.168414 0.916089 0.338965
1783948147.919306517 0.028488 -0.212614 1.143483 -0.133440 -0.168912 0.916011 0.338507
1783948147.929299116 0.026922 -0.215444 1.144911 -0.134557 -0.169407 0.915998 0.337851
1783948147.939305305 0.025478 -0.218364 1.146355 -0.135565 -0.169891 0.916014 0.337162
1783948147.947875977 0.024407 -0.220991 1.147629 -0.136527 -0.170369 0.915981 0.336621
1783948147.947875977 0.024407 -0.220991 1.147629 -0.136527 -0.170369 0.915981 0.336621
1783948147.949385643 0.024077 -0.221351 1.147777 -0.136797 -0.170505 0.915926 0.336591
1783948147.959290743 0.021553 -0.223446 1.148380 -0.137871 -0.171068 0.915830 0.336129
1783948147.969282150 0.019133 -0.225646 1.148992 -0.138954 -0.171643 0.915741 0.335633
1783948147.979612827 0.016749 -0.227992 1.149621 -0.140007 -0.172197 0.915662 0.335125
1783948147.989271164 0.014684 -0.230279 1.150255 -0.140996 -0.172724 0.915574 0.334680
1783948147.999309301 0.012640 -0.232701 1.150908 -0.141969 -0.173219 0.915500 0.334215
1783948148.009458065 0.010690 -0.235206 1.151577 -0.142949 -0.173700 0.915417 0.333775
1783948148.019309282 0.008932 -0.237713 1.152251 -0.143912 -0.174142 0.915327 0.333376
1783948148.029319048 0.007256 -0.240325 1.152942 -0.144837 -0.174553 0.915245 0.332987
1783948148.042907238 0.004910 -0.243804 1.153664 -0.145566 -0.174864 0.915321 0.332296
1783948148.048715115 0.004229 -0.245521 1.154193 -0.146278 -0.175230 0.915208 0.332103
1783948148.048715115 0.004229 -0.245521 1.154193 -0.146278 -0.175230 0.915208 0.332103
1783948148.049299002 0.004088 -0.245644 1.154217 -0.146370 -0.175277 0.915189 0.332089
1783948148.059283972 0.001278 -0.247442 1.154366 -0.147302 -0.175711 0.915126 0.331620
1783948148.069313288 -0.001408 -0.249323 1.154528 -0.148212 -0.176114 0.915081 0.331126
1783948148.079284191 -0.003937 -0.251269 1.154706 -0.149076 -0.176518 0.915034 0.330651
1783948148.089425564 -0.006387 -0.253308 1.154899 -0.149904 -0.176903 0.915002 0.330160
1783948148.099415779 -0.008670 -0.255386 1.155107 -0.150712 -0.177262 0.914972 0.329683
1783948148.109356165 -0.010827 -0.257516 1.155325 -0.151546 -0.177624 0.914922 0.329244
1783948148.119335413 -0.012880 -0.259712 1.155552 -0.152380 -0.177968 0.914874 0.328807
1783948148.129406452 -0.014831 -0.261984 1.155792 -0.153187 -0.178273 0.914825 0.328401
1783948148.140415907 -0.016871 -0.264492 1.156041 -0.153918 -0.178539 0.914828 0.327906
1783948148.149306536 -0.018279 -0.266652 1.156323 -0.154641 -0.178818 0.914778 0.327554
1783948148.149594069 -0.018314 -0.266729 1.156338 -0.154678 -0.178836 0.914771 0.327546
1783948148.149594069 -0.018314 -0.266729 1.156338 -0.154678 -0.178836 0.914771 0.327546
1783948148.159317970 -0.021256 -0.268142 1.155920 -0.155543 -0.179207 0.914613 0.327376
1783948148.170562029 -0.024588 -0.269780 1.155416 -0.156387 -0.179541 0.914472 0.327183
1783948148.179312944 -0.026900 -0.271204 1.155097 -0.157163 -0.179887 0.914329 0.327020
1783948148.189290762 -0.029468 -0.272832 1.154723 -0.157918 -0.180214 0.914193 0.326858
1783948148.199415207 -0.031925 -0.274535 1.154362 -0.158637 -0.180513 0.914080 0.326661
1783948148.209334850 -0.034161 -0.276263 1.154038 -0.159338 -0.180801 0.913951 0.326520
1783948148.219340086 -0.036258 -0.278045 1.153736 -0.160017 -0.181040 0.913831 0.326391
1783948148.229319572 -0.038175 -0.279868 1.153467 -0.160624 -0.181209 0.913724 0.326299
1783948148.240722895 -0.040252 -0.281941 1.153164 -0.161093 -0.181297 0.913671 0.326168
1783948148.249314547 -0.041504 -0.283648 1.153029 -0.161553 -0.181409 0.913596 0.326089
1783948148.250458479 -0.041611 -0.283910 1.153032 -0.161677 -0.181464 0.913568 0.326075
1783948148.250458479 -0.041611 -0.283910 1.153032 -0.161677 -0.181464 0.913568 0.326075
1783948148.259359121 -0.044182 -0.284826 1.152069 -0.162245 -0.181690 0.913423 0.326074
1783948148.270650864 -0.047415 -0.285951 1.150809 -0.162773 -0.181851 0.913278 0.326127
1783948148.279309511 -0.049560 -0.286941 1.149943 -0.163227 -0.182023 0.913157 0.326143
1783948148.289368868 -0.051967 -0.288090 1.148933 -0.163576 -0.182123 0.913056 0.326195
1783948148.299307823 -0.054154 -0.289284 1.147971 -0.163902 -0.182218 0.912966 0.326230
1783948148.309344769 -0.056184 -0.290533 1.147030 -0.164198 -0.182289 0.912876 0.326292
1783948148.319346189 -0.058012 -0.291819 1.146132 -0.164405 -0.182284 0.912806 0.326387
1783948148.335364580 -0.061216 -0.293615 1.144497 -0.163963 -0.181833 0.912879 0.326657
1783948148.339323282 -0.061592 -0.294251 1.144244 -0.164145 -0.181883 0.912829 0.326676
1783948148.349342823 -0.062833 -0.295676 1.143462 -0.164151 -0.181768 0.912825 0.326750
1783948148.351319075 -0.062946 -0.296019 1.143355 -0.164243 -0.181795 0.912803 0.326751
1783948148.351319075 -0.062946 -0.296019 1.143355 -0.164243 -0.181795 0.912803 0.326751
1783948148.359353542 -0.064790 -0.296336 1.142242 -0.164402 -0.181822 0.912682 0.326991
1783948148.369303226 -0.067003 -0.296687 1.140855 -0.164441 -0.181786 0.912560 0.327334
1783948148.379387617 -0.069043 -0.297090 1.139485 -0.164395 -0.181717 0.912448 0.327706
1783948148.390760183 -0.071185 -0.297538 1.137954 -0.164199 -0.181573 0.912348 0.328163
1783948148.399338007 -0.072475 -0.298023 1.136889 -0.164143 -0.181493 0.912272 0.328447
1783948148.409342766 -0.073885 -0.298562 1.135649 -0.163931 -0.181306 0.912204 0.328845
1783948148.419318914 -0.075092 -0.299141 1.134451 -0.163631 -0.181064 0.912152 0.329270
1783948148.429312944 -0.076108 -0.299763 1.133286 -0.163264 -0.180783 0.912115 0.329709
1783948148.439445734 -0.076950 -0.300434 1.132137 -0.162827 -0.180458 0.912099 0.330148
1783948148.449379683 -0.077572 -0.301148 1.131048 -0.162367 -0.180120 0.912101 0.330554
1783948148.452186108 -0.077591 -0.301446 1.130792 -0.162333 -0.180067 0.912099 0.330604
1783948148.452186108 -0.077591 -0.301446 1.130792 -0.162333 -0.180067 0.912099 0.330604
1783948148.460235357 -0.078898 -0.301275 1.129350 -0.162143 -0.179899 0.912023 0.331000
1783948148.469316244 -0.080268 -0.301078 1.127724 -0.161828 -0.179677 0.911949 0.331476
1783948148.479352951 -0.081646 -0.300865 1.125932 -0.161397 -0.179410 0.911865 0.332063
1783948148.490052938 -0.082937 -0.300655 1.124038 -0.160894 -0.179090 0.911778 0.332718
1783948148.499444246 -0.083811 -0.300561 1.122444 -0.160439 -0.178786 0.911721 0.333258
1783948148.509349346 -0.084561 -0.300465 1.120787 -0.159849 -0.178363 0.911677 0.333885
1783948148.521593809 -0.085354 -0.300256 1.118717 -0.158904 -0.177692 0.911628 0.334827
1783948148.529349089 -0.085489 -0.300312 1.117536 -0.158372 -0.177290 0.911632 0.335281
1783948148.539360046 -0.085595 -0.300322 1.115982 -0.157545 -0.176713 0.911639 0.335956
1783948148.549356937 -0.085477 -0.300384 1.114468 -0.156666 -0.176099 0.911672 0.336601
1783948148.554976702 -0.085172 -0.300554 1.113703 -0.156200 -0.175767 0.911723 0.336851
1783948148.554976702 -0.085172 -0.300554 1.113703 -0.156200 -0.175767 0.911723 0.336851
1783948148.559659004 -0.085434 -0.300220 1.112895 -0.155876 -0.175538 0.911731 0.337100
1783948148.569386721 -0.086069 -0.299359 1.111234 -0.154978 -0.175018 0.911682 0.337915
1783948148.579362392 -0.086510 -0.298529 1.109562 -0.153982 -0.174491 0.911639 0.338758
1783948148.589331388 -0.086729 -0.297757 1.107921 -0.152985 -0.173949 0.911596 0.339604
1783948148.599389076 -0.086728 -0.297023 1.106300 -0.151886 -0.173320 0.911571 0.340485
1783948148.609387636 -0.086495 -0.296338 1.104725 -0.150661 -0.172604 0.911566 0.341403
1783948148.619342566 -0.086043 -0.295703 1.103191 -0.149318 -0.171830 0.911590 0.342318
1783948148.629393578 -0.085383 -0.295108 1.101669 -0.147892 -0.171033 0.911615 0.343271
1783948148.639350653 -0.084525 -0.294573 1.100185 -0.146466 -0.170217 0.911653 0.344183
1783948148.650938272 -0.083383 -0.293933 1.098479 -0.144698 -0.169214 0.911680 0.345353
1783948148.653930187 -0.082913 -0.293890 1.098047 -0.144276 -0.168948 0.911744 0.345491
1783948148.653930187 -0.082913 -0.293890 1.098047 -0.144276 -0.168948 0.911744 0.345491
1783948148.659365416 -0.082561 -0.293171 1.096850 -0.143596 -0.168499 0.911809 0.345821
1783948148.669387817 -0.081920 -0.291678 1.094541 -0.142288 -0.167689 0.911830 0.346700
1783948148.681401014 -0.081004 -0.289863 1.091725 -0.140704 -0.166739 0.911786 0.347919
1783948148.689375877 -0.080160 -0.288867 1.089941 -0.139642 -0.166086 0.911838 0.348522
1783948148.699393749 -0.079034 -0.287572 1.087653 -0.138288 -0.165255 0.911851 0.349420
1783948148.711398840 -0.077573 -0.285983 1.084857 -0.136588 -0.164179 0.911822 0.350669
1783948148.719408989 -0.076382 -0.285127 1.083071 -0.135393 -0.163429 0.911880 0.351332
1783948148.729386330 -0.074854 -0.284027 1.080789 -0.133879 -0.162520 0.911899 0.352284
1783948148.739434719 -0.073206 -0.282981 1.078478 -0.132428 -0.161611 0.911912 0.353217
1783948148.749360323 -0.071461 -0.282018 1.076192 -0.131010 -0.160690 0.911927 0.354124
1783948148.754826307 -0.070369 -0.281635 1.074992 -0.130188 -0.160154 0.912004 0.354472
1783948148.754826307 -0.070369 -0.281635 1.074992 -0.130188 -0.160154 0.912004 0.354472
1783948148.759384155 -0.069784 -0.280863 1.073752 -0.129539 -0.159723 0.912052 0.354781
1783948148.769336939 -0.068559 -0.279011 1.070828 -0.128183 -0.158869 0.911990 0.355815
1783948148.779339552 -0.067214 -0.277236 1.067878 -0.126815 -0.158067 0.911912 0.356861
1783948148.789372683 -0.065747 -0.275536 1.064911 -0.125477 -0.157280 0.911818 0.357921
1783948148.799380541 -0.064156 -0.273911 1.061950 -0.124122 -0.156449 0.911727 0.358986
1783948148.809697866 -0.062383 -0.272285 1.058889 -0.122642 -0.155540 0.911628 0.360139
1783948148.819414377 -0.060562 -0.270840 1.056035 -0.121146 -0.154620 0.911566 0.361199
1783948148.829350710 -0.058577 -0.269417 1.053105 -0.119614 -0.153680 0.911479 0.362328
1783948148.843756199 -0.055643 -0.267202 1.048591 -0.117529 -0.152408 0.911117 0.364450
1783948148.849550962 -0.054253 -0.266573 1.046974 -0.116587 -0.151806 0.911159 0.364898
1783948148.855663538 -0.052742 -0.265931 1.045260 -0.115538 -0.151154 0.911210 0.365377
1783948148.855663538 -0.052742 -0.265931 1.045260 -0.115538 -0.151154 0.911210 0.365377
1783948148.859427452 -0.051968 -0.265213 1.044260 -0.114880 -0.150741 0.911274 0.365595
1783948148.869426966 -0.049937 -0.263135 1.041568 -0.113161 -0.149734 0.911242 0.366624
1783948148.879352331 -0.047827 -0.261171 1.038883 -0.111465 -0.148786 0.911204 0.367622
1783948148.889382362 -0.045622 -0.259273 1.036153 -0.109776 -0.147819 0.911154 0.368643
1783948148.899402857 -0.043352 -0.257458 1.033413 -0.108170 -0.146915 0.911080 0.369660
1783948148.909422398 -0.041016 -0.255712 1.030663 -0.106475 -0.145880 0.911013 0.370726
1783948148.919364452 -0.038647 -0.254054 1.027920 -0.104740 -0.144841 0.910940 0.371805
1783948148.929397821 -0.036224 -0.252462 1.025123 -0.103074 -0.143845 0.910844 0.372891
1783948148.942225695 -0.033146 -0.250433 1.021492 -0.101115 -0.142660 0.910573 0.374540
1783948148.949373245 -0.031338 -0.249537 1.019471 -0.099951 -0.141955 0.910574 0.375118
1783948148.956526279 -0.029509 -0.248698 1.017437 -0.098749 -0.141244 0.910580 0.375690
1783948148.956526279 -0.029509 -0.248698 1.017437 -0.098749 -0.141244 0.910580 0.375690
1783948148.959427357 -0.028818 -0.248148 1.016583 -0.098265 -0.140931 0.910622 0.375834
1783948148.969472408 -0.026462 -0.246047 1.013590 -0.096804 -0.140015 0.910515 0.376813
1783948148.979413748 -0.024125 -0.244079 1.010601 -0.095415 -0.139158 0.910388 0.377790
1783948148.989366293 -0.021789 -0.242198 1.007587 -0.094111 -0.138319 0.910248 0.378762
1783948149.001413584 -0.018983 -0.239921 1.003904 -0.092668 -0.137300 0.909963 0.380169
1783948149.009396553 -0.017104 -0.238596 1.001460 -0.091614 -0.136550 0.909881 0.380891
1783948149.019365549 -0.014772 -0.236942 0.998385 -0.090353 -0.135625 0.909700 0.381953
1783948149.029416084 -0.012425 -0.235375 0.995261 -0.089140 -0.134742 0.909496 0.383035
1783948149.040017843 -0.009956 -0.233829 0.991937 -0.087974 -0.133894 0.909250 0.384185
1783948149.049425840 -0.007744 -0.232617 0.988972 -0.086905 -0.133162 0.909085 0.385072
1783948149.057389736 -0.005848 -0.231715 0.986457 -0.085902 -0.132539 0.908997 0.385720
1783948149.057389736 -0.005848 -0.231715 0.986457 -0.085902 -0.132539 0.908997 0.385720
1783948149.059357882 -0.005374 -0.231368 0.985816 -0.085623 -0.132368 0.909018 0.385791
1783948149.069440842 -0.002901 -0.229338 0.982412 -0.084432 -0.131582 0.908864 0.386684
1783948149.079458237 -0.000455 -0.227419 0.979015 -0.083308 -0.130824 0.908694 0.387581
1783948149.089394808 0.001948 -0.225598 0.975631 -0.082307 -0.130081 0.908509 0.388478
1783948149.100254059 0.004553 -0.223652 0.971902 -0.081302 -0.129243 0.908254 0.389566
1783948149.109391451 0.006720 -0.222150 0.968778 -0.080394 -0.128480 0.908087 0.390396
1783948149.119368315 0.009076 -0.220570 0.965343 -0.079409 -0.127655 0.907872 0.391365
1783948149.129487038 0.011451 -0.219081 0.961841 -0.078466 -0.126878 0.907634 0.392360
1783948149.139423132 0.013774 -0.217754 0.958388 -0.077588 -0.126175 0.907408 0.393282
1783948149.149399757 0.016110 -0.216547 0.954908 -0.076674 -0.125513 0.907193 0.394168
1783948149.158257008 0.018185 -0.215611 0.951827 -0.075786 -0.124918 0.907045 0.394868
1783948149.158257008 0.018185 -0.215611 0.951827 -0.075786 -0.124918 0.907045 0.394868
1783948149.159386873 0.018463 -0.215430 0.951457 -0.075648 -0.124833 0.907055 0.394899
1783948149.169494629 0.021045 -0.213554 0.948158 -0.074663 -0.124150 0.906883 0.395696
1783948149.179376841 0.023544 -0.211818 0.944924 -0.073766 -0.123514 0.906705 0.396471
1783948149.189424753 0.026052 -0.210122 0.941626 -0.072964 -0.122828 0.906499 0.397303
1783948149.199409962 0.028515 -0.208511 0.938342 -0.072197 -0.122103 0.906287 0.398149
1783948149.209391117 0.030957 -0.206984 0.935055 -0.071392 -0.121324 0.906072 0.399020
1783948149.219374418 0.033380 -0.205561 0.931756 -0.070578 -0.120583 0.905851 0.399891
1783948149.229544401 0.035831 -0.204232 0.928384 -0.069775 -0.119878 0.905612 0.400783
1783948149.239414215 0.038196 -0.203083 0.925098 -0.068978 -0.119231 0.905400 0.401592
1783948149.249405384 0.040586 -0.202040 0.921764 -0.068136 -0.118614 0.905198 0.402375
1783948149.259132862 0.042897 -0.201137 0.918513 -0.067277 -0.118007 0.905013 0.403112
1783948149.259132862 0.042897 -0.201137 0.918513 -0.067277 -0.118007 0.905013 0.403112
1783948149.261474133 0.043515 -0.200785 0.917734 -0.067015 -0.117842 0.905022 0.403185
1783948149.269412041 0.045671 -0.199473 0.915098 -0.066268 -0.117317 0.904923 0.403683
1783948149.279385328 0.048366 -0.197818 0.911782 -0.065447 -0.116657 0.904723 0.404455
1783948149.289407015 0.051006 -0.196226 0.908442 -0.064757 -0.115972 0.904507 0.405246
1783948149.299405575 0.053565 -0.194714 0.905103 -0.064132 -0.115293 0.904268 0.406072
1783948149.309461355 0.056073 -0.193280 0.901737 -0.063508 -0.114585 0.904027 0.406906
1783948149.323518991 0.059577 -0.191255 0.897025 -0.062809 -0.113611 0.903511 0.408431
1783948149.329472780 0.060935 -0.190651 0.895016 -0.062348 -0.113228 0.903427 0.408793
1783948149.339431286 0.063236 -0.189590 0.891651 -0.061760 -0.112648 0.903186 0.409575
1783948149.349402189 0.065497 -0.188635 0.888275 -0.061199 -0.112086 0.902952 0.410328
1783948149.359872341 0.067848 -0.187715 0.884731 -0.060534 -0.111492 0.902688 0.411169
1783948149.360028744 0.067882 -0.187704 0.884678 -0.060522 -0.111482 0.902686 0.411177
