id: 4
T_world_origin: 
    0.82017    0.571907   0.0156166  -0.0910677
  -0.572039    0.820208  0.00554979   0.0871626
-0.00963489  -0.0134851    0.999863    0.242028
          0           0           0           1
T_origin_endpoint_L: 
  0.994253   0.104971 -0.0210463  0.0388912
 -0.106057   0.992566 -0.0597047  0.0715153
 0.0146226  0.0615937   0.997994   0.169393
         0          0          0          1
T_origin_endpoint_R: 
 0.958152  0.271633 -0.090334  0.139125
 -0.23386  0.924755  0.300229   0.30751
 0.165089 -0.266539   0.94958 -0.561673
        0         0         0         1
T_lidar_imu: 
-2.22045e-16            1            0            0
           1 -2.22045e-16            0            0
           0            0           -1         0.07
           0            0            0            1
imu_bias:  0.00127745  0.00376354   0.0114514 -0.00111644  0.00133478 -0.00144057
frame_id: 2
num_frames: 834
frame_0
id: 789
stamp: 1783948401.418012381
T_odom_lidar: 
     0.6551    0.748797    0.100734   0.0832264
   0.753025   -0.657962 -0.00622571 0.000358794
  0.0616174   0.0799338   -0.994894    0.244064
          0           0           0           1
T_world_lidar: 
     0.6551    0.748797    0.100734   0.0832264
   0.753025   -0.657962 -0.00622571 0.000358794
  0.0616174   0.0799338   -0.994894    0.244064
          0           0           0           1
v_world_imu:  0.407795 0.0642106  0.142789
frame_1
id: 790
stamp: 1783948401.518874645
T_odom_lidar: 
  0.636669   0.766522   0.084241   0.125046
  0.769789  -0.638209 -0.0106754  0.0103652
 0.0455804  0.0716445  -0.996388   0.257278
         0          0          0          1
T_world_lidar: 
  0.636669   0.766522   0.084241   0.125046
  0.769789  -0.638209 -0.0106754  0.0103652
 0.0455804  0.0716445  -0.996388   0.257278
         0          0          0          1
v_world_imu:  0.412483 0.0778228  0.127425
frame_2
id: 791
stamp: 1783948401.619747877
T_odom_lidar: 
   0.618246    0.783738   0.0593853    0.165025
   0.785222   -0.619208 -0.00274623   0.0165473
  0.0346196   0.0483285   -0.998231    0.268767
          0           0           0           1
T_world_lidar: 
   0.618246    0.783738   0.0593853    0.165025
   0.785222   -0.619208 -0.00274623   0.0165473
  0.0346196   0.0483285   -0.998231    0.268767
          0           0           0           1
v_world_imu:  0.336995 0.0628945 0.0898771
frame_3
id: 792
stamp: 1783948401.720644474
T_odom_lidar: 
 0.611525  0.790205 0.0401702  0.192472
 0.790398 -0.612418 0.0146434 0.0183179
0.0361722 0.0227957 -0.999086  0.275717
        0         0         0         1
T_world_lidar: 
 0.611525  0.790205 0.0401702  0.192472
 0.790398 -0.612418 0.0146434 0.0183179
0.0361722 0.0227957 -0.999086  0.275717
        0         0         0         1
v_world_imu:  0.165003 0.0421978 0.0466807
frame_4
id: 793
stamp: 1783948401.821522713
T_odom_lidar: 
  0.600738   0.798807   0.031961   0.201596
  0.798139  -0.601561  0.0331401  0.0235572
 0.0456991 0.00560076   -0.99894   0.279912
         0          0          0          1
T_world_lidar: 
  0.600738   0.798807   0.031961   0.201596
  0.798139  -0.601561  0.0331401  0.0235572
 0.0456991 0.00560076   -0.99894   0.279912
         0          0          0          1
v_world_imu: -0.022281 0.0471587 0.0192415
frame_5
id: 794
stamp: 1783948401.922346354
T_odom_lidar: 
   0.606096    0.794679   0.0336525    0.193402
   0.793541   -0.607029   0.0425324   0.0264277
  0.0542277 0.000925905   -0.998528     0.28132
          0           0           0           1
T_world_lidar: 
   0.606096    0.794679   0.0336525    0.193402
   0.793541   -0.607029   0.0425324   0.0264277
  0.0542277 0.000925905   -0.998528     0.28132
          0           0           0           1
v_world_imu: -0.157466 0.0500027 0.0376063
frame_6
id: 795
stamp: 1783948402.023205519
T_odom_lidar: 
   0.61169   0.790202  0.0376425   0.174431
   0.78908  -0.612835  0.0422689   0.030069
 0.0564696 0.00384753  -0.998397   0.286684
         0          0          0          1
T_world_lidar: 
   0.61169   0.790202  0.0376425   0.174431
   0.78908  -0.612835  0.0422689   0.030069
 0.0564696 0.00384753  -0.998397   0.286684
         0          0          0          1
v_world_imu: -0.236769 0.0187572 0.0651587
frame_7
id: 796
stamp: 1783948402.124062777
T_odom_lidar: 
 0.613677  0.788673 0.0373451  0.148664
 0.788182 -0.614713 0.0299485 0.0361214
0.0465761  0.011056 -0.998854   0.29231
        0         0         0         1
T_world_lidar: 
 0.613677  0.788673 0.0373451  0.148664
 0.788182 -0.614713 0.0299485 0.0361214
0.0465761  0.011056 -0.998854   0.29231
        0         0         0         1
v_world_imu:  -0.29464 0.0168643 0.0189951
frame_8
id: 797
stamp: 1783948402.224926710
T_odom_lidar: 
  0.61812  0.785117  0.038976   0.11818
 0.785094  -0.61907 0.0194917 0.0370652
0.0394321 0.0185516  -0.99905  0.289876
        0         0         0         1
T_world_lidar: 
  0.61812  0.785117  0.038976   0.11818
 0.785094  -0.61907 0.0194917 0.0370652
0.0394321 0.0185516  -0.99905  0.289876
        0         0         0         1
v_world_imu:  -0.346837  0.0104146 -0.0769477
frame_9
id: 798
stamp: 1783948402.327895164
T_odom_lidar: 
 0.628054  0.776931 0.0438863 0.0783106
 0.777059 -0.629172 0.0179507 0.0344232
0.0415585 0.0228282 -0.998875  0.278818
        0         0         0         1
T_world_lidar: 
 0.628054  0.776931 0.0438863 0.0783106
 0.777059 -0.629172 0.0179507 0.0344232
0.0415585 0.0228282 -0.998875  0.278818
        0         0         0         1
v_world_imu:  -0.387496 -0.0416909  -0.159131
frame_10
id: 799
stamp: 1783948402.426721096
T_odom_lidar: 
    0.636  0.769897 0.0525622   0.03596
 0.769265 -0.637924 0.0358394 0.0273841
0.0611234 0.0176404 -0.997974  0.262726
        0         0         0         1
T_world_lidar: 
    0.636  0.769897 0.0525622   0.03596
 0.769265 -0.637924 0.0358394 0.0273841
0.0611234 0.0176404 -0.997974  0.262726
        0         0         0         1
v_world_imu:  -0.400191 -0.0852906   -0.17781
frame_11
id: 800
stamp: 1783948402.527555227
T_odom_lidar: 
   0.646169    0.760196   0.0675932 -0.00345277
   0.757651    -0.64961   0.0630212    0.015751
  0.0918176   0.0104898   -0.995721     0.24552
          0           0           0           1
T_world_lidar: 
   0.646169    0.760196   0.0675932 -0.00345277
   0.757651    -0.64961   0.0630212    0.015751
  0.0918176   0.0104898   -0.995721     0.24552
          0           0           0           1
v_world_imu: -0.342735  -0.10403 -0.179124
frame_12
id: 801
stamp: 1783948402.628384829
T_odom_lidar: 
   0.647337    0.759243   0.0671135   -0.033953
    0.75477   -0.650801   0.0823444  0.00288506
   0.106197 -0.00264936   -0.994342    0.228276
          0           0           0           1
T_world_lidar: 
   0.647337    0.759243   0.0671135   -0.033953
    0.75477   -0.650801   0.0823444  0.00288506
   0.106197 -0.00264936   -0.994342    0.228276
          0           0           0           1
v_world_imu:   -0.20233 -0.0854216  -0.163322
frame_13
id: 802
stamp: 1783948402.729250431
T_odom_lidar: 
   0.643818    0.763196   0.0550443  -0.0505039
   0.757604    -0.64589   0.0941378 -0.00658809
   0.107398  -0.0189059   -0.994036    0.213586
          0           0           0           1
T_world_lidar: 
   0.643818    0.763196   0.0550443  -0.0505039
   0.757604    -0.64589   0.0941378 -0.00658809
   0.107398  -0.0189059   -0.994036    0.213586
          0           0           0           1
v_world_imu:  -0.100425 -0.0803421  -0.140306
frame_14
id: 803
stamp: 1783948402.830120325
T_odom_lidar: 
  0.639222   0.767607  0.0466255 -0.0566137
  0.761992  -0.640393  0.0962595 -0.0144822
  0.103748  -0.026003  -0.994264   0.199179
         0          0          0          1
T_world_lidar: 
  0.639222   0.767607  0.0466255 -0.0566137
  0.761992  -0.640393  0.0962595 -0.0144822
  0.103748  -0.026003  -0.994264   0.199179
         0          0          0          1
v_world_imu: -0.0346214 -0.0664228  -0.143229
frame_15
id: 804
stamp: 1783948402.931976557
T_odom_lidar: 
  0.635722   0.770612  0.0448963 -0.0580512
  0.766151     -0.637  0.0851124 -0.0200317
 0.0941876 -0.0197104  -0.995359   0.185513
         0          0          0          1
T_world_lidar: 
  0.635722   0.770612  0.0448963 -0.0580512
  0.766151     -0.637  0.0851124 -0.0200317
 0.0941876 -0.0197104  -0.995359   0.185513
         0          0          0          1
v_world_imu: -0.00950634  -0.0529754   -0.125834
frame_16
id: 805
stamp: 1783948403.031908751
T_odom_lidar: 
   0.617115    0.785071   0.0532221  -0.0599435
   0.782172   -0.619406   0.0674051   -0.023468
  0.0858838 3.21618e-05   -0.996305    0.173335
          0           0           0           1
T_world_lidar: 
   0.617115    0.785071   0.0532221  -0.0599435
   0.782172   -0.619406   0.0674051   -0.023468
  0.0858838 3.21618e-05   -0.996305    0.173335
          0           0           0           1
v_world_imu: -0.0176178 -0.0372476  -0.124613
frame_17
id: 806
stamp: 1783948403.132707357
T_odom_lidar: 
  0.612147   0.787551  0.0709875 -0.0644774
  0.786657   -0.61564  0.0464549  -0.024974
 0.0802884  0.0274056  -0.996395   0.159545
         0          0          0          1
T_world_lidar: 
  0.612147   0.787551  0.0709875 -0.0644774
  0.786657   -0.61564  0.0464549  -0.024974
 0.0802884  0.0274056  -0.996395   0.159545
         0          0          0          1
v_world_imu: -0.00233357  -0.0281999   -0.174399
frame_18
id: 807
stamp: 1783948403.233571768
T_odom_lidar: 
  0.612371   0.786849  0.0766245 -0.0601414
   0.78735  -0.615745  0.0306421  -0.026513
 0.0712918   0.041566  -0.996589   0.146811
         0          0          0          1
T_world_lidar: 
  0.612371   0.786849  0.0766245 -0.0601414
   0.78735  -0.615745  0.0306421  -0.026513
 0.0712918   0.041566  -0.996589   0.146811
         0          0          0          1
v_world_imu:   0.119731 -0.0323662  -0.112197
frame_19
id: 808
stamp: 1783948403.334465027
T_odom_lidar: 
  0.597649   0.799007  0.0663539 -0.0442543
  0.799714  -0.599986  0.0217738 -0.0302709
 0.0572088  0.0400511  -0.997559    0.13217
         0          0          0          1
T_world_lidar: 
  0.597649   0.799007  0.0663539 -0.0442543
  0.799714  -0.599986  0.0217738 -0.0302709
 0.0572088  0.0400511  -0.997559    0.13217
         0          0          0          1
v_world_imu:   0.143813 -0.0909202  -0.117895
frame_20
id: 809
stamp: 1783948403.435301781
T_odom_lidar: 
  0.590413   0.805338  0.0533263  -0.026115
  0.805293  -0.592223  0.0278279 -0.0388744
 0.0539919  0.0265133  -0.998189   0.121536
         0          0          0          1
T_world_lidar: 
  0.590413   0.805338  0.0533263  -0.026115
  0.805293  -0.592223  0.0278279 -0.0388744
 0.0539919  0.0265133  -0.998189   0.121536
         0          0          0          1
v_world_imu:   0.177953 -0.0403385 -0.0667759
frame_21
id: 810
stamp: 1783948403.536172867
T_odom_lidar: 
  0.576542   0.815376  0.0525518 -0.0132805
  0.816161  -0.577738 0.00994067 -0.0348002
 0.0384665  0.0371595  -0.998569   0.108616
         0          0          0          1
T_world_lidar: 
  0.576542   0.815376  0.0525518 -0.0132805
  0.816161  -0.577738 0.00994067 -0.0348002
 0.0384665  0.0371595  -0.998569   0.108616
         0          0          0          1
v_world_imu: -0.00148204   0.0657231   -0.121945
frame_22
id: 811
stamp: 1783948403.640362740
T_odom_lidar: 
  0.593388   0.802356  0.0641511 -0.0114125
  0.804782  -0.592859 -0.0290634 -0.0186301
 0.0147134  0.0688735  -0.997517  0.0981477
         0          0          0          1
T_world_lidar: 
  0.593388   0.802356  0.0641511 -0.0114125
  0.804782  -0.592859 -0.0290634 -0.0186301
 0.0147134  0.0688735  -0.997517  0.0981477
         0          0          0          1
v_world_imu:  0.129232  0.144034 -0.115608
frame_23
id: 812
stamp: 1783948403.737901688
T_odom_lidar: 
   0.610846    0.790444   0.0454466  0.00956226
   0.791494   -0.608184  -0.0604152 -0.00864753
 -0.0201149   0.0728751   -0.997138   0.0893267
          0           0           0           1
T_world_lidar: 
   0.610846    0.790444   0.0454466  0.00956226
   0.791494   -0.608184  -0.0604152 -0.00864753
 -0.0201149   0.0728751   -0.997138   0.0893267
          0           0           0           1
v_world_imu:     0.2092 -0.0274987 -0.0257379
frame_24
id: 813
stamp: 1783948403.838763952
T_odom_lidar: 
  0.580425   0.813343  0.0397342  0.0250861
  0.814006  -0.578173 -0.0557752 -0.0202913
-0.0223911  0.0647172  -0.997652  0.0834018
         0          0          0          1
T_world_lidar: 
  0.580425   0.813343  0.0397342  0.0250861
  0.814006  -0.578173 -0.0557752 -0.0202913
-0.0223911  0.0647172  -0.997652  0.0834018
         0          0          0          1
v_world_imu:  0.0905435  -0.157891 -0.0438626
frame_25
id: 814
stamp: 1783948403.939623833
T_odom_lidar: 
  0.582283   0.811439  0.0501247  0.0208732
   0.81283  -0.579857 -0.0554271 -0.0273373
-0.0159105  0.0730171  -0.997204  0.0796548
         0          0          0          1
T_world_lidar: 
  0.582283   0.811439  0.0501247  0.0208732
   0.81283  -0.579857 -0.0554271 -0.0273373
-0.0159105  0.0730171  -0.997204  0.0796548
         0          0          0          1
v_world_imu: -0.139472 -0.120471 -0.043951
frame_26
id: 815
stamp: 1783948404.040487051
T_odom_lidar: 
  0.579606   0.813427   0.048926  0.0215466
  0.814812  -0.577638 -0.0491386  -0.035057
-0.0117091  0.0683465  -0.997593  0.0769677
         0          0          0          1
T_world_lidar: 
  0.579606   0.813427   0.048926  0.0215466
  0.814812  -0.577638 -0.0491386  -0.035057
-0.0117091  0.0683465  -0.997593  0.0769677
         0          0          0          1
v_world_imu: 0.00198415 -0.0281336 -0.0278375
frame_27
id: 816
stamp: 1783948404.141350985
T_odom_lidar: 
  0.578969   0.813769  0.0507539  0.0225461
  0.815283  -0.577001 -0.0488216 -0.0379264
-0.0104444  0.0696449  -0.997517  0.0744447
         0          0          0          1
T_world_lidar: 
  0.578969   0.813769  0.0507539  0.0225461
  0.815283  -0.577001 -0.0488216 -0.0379264
-0.0104444  0.0696449  -0.997517  0.0744447
         0          0          0          1
v_world_imu:  0.0252325 -0.0324355 -0.0195972
frame_28
id: 817
stamp: 1783948404.246229887
T_odom_lidar: 
  0.578672   0.813985  0.0506716  0.0239153
  0.815483  -0.576641 -0.0497293 -0.0394649
-0.0112596  0.0700988  -0.997477  0.0726062
         0          0          0          1
T_world_lidar: 
  0.578672   0.813985  0.0506716  0.0239153
  0.815483  -0.576641 -0.0497293 -0.0394649
-0.0112596  0.0700988  -0.997477  0.0726062
         0          0          0          1
v_world_imu:  0.0255736 -0.0193805 -0.0137264
frame_29
id: 818
stamp: 1783948404.343156338
T_odom_lidar: 
    0.57834    0.814204   0.0509356   0.0242416
   0.815735   -0.576404  -0.0483231  -0.0417386
-0.00998533   0.0694971   -0.997532   0.0715879
          0           0           0           1
T_world_lidar: 
    0.57834    0.814204   0.0509356   0.0242416
   0.815735   -0.576404  -0.0483231  -0.0417386
-0.00998533   0.0694971   -0.997532   0.0715879
          0           0           0           1
v_world_imu: -0.000167534   -0.0210917    -0.010418
frame_30
id: 819
stamp: 1783948404.443944931
T_odom_lidar: 
   0.578055    0.814447   0.0502897    0.025063
    0.81594   -0.576177  -0.0475723  -0.0429669
-0.00976943   0.0685327   -0.997601   0.0707198
          0           0           0           1
T_world_lidar: 
   0.578055    0.814447   0.0502897    0.025063
    0.81594   -0.576177  -0.0475723  -0.0429669
-0.00976943   0.0685327   -0.997601   0.0707198
          0           0           0           1
v_world_imu:  0.00161597  -0.0138502 -0.00673095
frame_31
id: 820
stamp: 1783948404.544830799
T_odom_lidar: 
   0.577761    0.814671   0.0500265   0.0251537
   0.816153   -0.575942  -0.0467333  -0.0440228
-0.00925987     0.06783   -0.997654   0.0701304
          0           0           0           1
T_world_lidar: 
   0.577761    0.814671   0.0500265   0.0251537
   0.816153   -0.575942  -0.0467333  -0.0440228
-0.00925987     0.06783   -0.997654   0.0701304
          0           0           0           1
v_world_imu:  0.00371072 -0.00831398 -0.00355038
frame_32
id: 821
stamp: 1783948404.645672083
T_odom_lidar: 
   0.577517    0.814854   0.0498724   0.0253559
   0.816332   -0.575753  -0.0459421  -0.0443795
-0.00872193   0.0672448   -0.997698   0.0698277
          0           0           0           1
T_world_lidar: 
   0.577517    0.814854   0.0498724   0.0253559
   0.816332   -0.575753  -0.0459421  -0.0443795
-0.00872193   0.0672448   -0.997698   0.0698277
          0           0           0           1
v_world_imu:   0.0034362 -0.00410458 -0.00196389
frame_33
id: 822
stamp: 1783948404.746541739
T_odom_lidar: 
   0.577366    0.814966    0.049792   0.0254808
   0.816444    -0.57565  -0.0452297  -0.0443511
-0.00819789   0.0667665   -0.997735   0.0697024
          0           0           0           1
T_world_lidar: 
   0.577366    0.814966    0.049792   0.0254808
   0.816444    -0.57565  -0.0452297  -0.0443511
-0.00819789   0.0667665   -0.997735   0.0697024
          0           0           0           1
v_world_imu:   0.00218921  -0.00174747 -0.000976994
frame_34
id: 823
stamp: 1783948404.847427845
T_odom_lidar: 
   0.577154    0.815124   0.0496593    0.025507
   0.816598   -0.575483  -0.0445761  -0.0441696
-0.00775702    0.066279   -0.997771   0.0696801
          0           0           0           1
T_world_lidar: 
   0.577154    0.815124   0.0496593    0.025507
   0.816598   -0.575483  -0.0445761  -0.0441696
-0.00775702    0.066279   -0.997771   0.0696801
          0           0           0           1
v_world_imu:  0.000904951 -0.000488217   0.00288274
frame_35
id: 824
stamp: 1783948404.954383373
T_odom_lidar: 
   0.576992    0.815244   0.0495664   0.0254795
   0.816718   -0.575367  -0.0438799  -0.0438317
-0.00725399   0.0658001   -0.997806   0.0697861
          0           0           0           1
T_world_lidar: 
   0.576992    0.815244   0.0495664   0.0254795
   0.816718   -0.575367  -0.0438799  -0.0438317
-0.00725399   0.0658001   -0.997806   0.0697861
          0           0           0           1
v_world_imu: -0.00127333  0.00102328 0.000908836
frame_36
id: 825
stamp: 1783948405.050005674
T_odom_lidar: 
   0.576879     0.81533   0.0494801   0.0253913
     0.8168   -0.575276  -0.0435416  -0.0433953
-0.00703608   0.0655335   -0.997826   0.0698967
          0           0           0           1
T_world_lidar: 
   0.576879     0.81533   0.0494801   0.0253913
     0.8168   -0.575276  -0.0435416  -0.0433953
-0.00703608   0.0655335   -0.997826   0.0698967
          0           0           0           1
v_world_imu: -0.000821049   0.00156751   0.00166424
frame_37
id: 826
stamp: 1783948405.149995327
T_odom_lidar: 
   0.576809    0.815383   0.0494126    0.025274
   0.816851   -0.575227   -0.043228  -0.0429578
-0.00682389    0.065297   -0.997843   0.0700727
          0           0           0           1
T_world_lidar: 
   0.576809    0.815383   0.0494126    0.025274
   0.816851   -0.575227   -0.043228  -0.0429578
-0.00682389    0.065297   -0.997843   0.0700727
          0           0           0           1
v_world_imu: -0.000878652   0.00116924   0.00187958
frame_38
id: 827
stamp: 1783948405.250885963
T_odom_lidar: 
   0.576783    0.815401   0.0494287    0.025071
    0.81687   -0.575215  -0.0430205  -0.0425742
-0.00664683   0.0651903   -0.997851   0.0702944
          0           0           0           1
T_world_lidar: 
   0.576783    0.815401   0.0494287    0.025071
    0.81687   -0.575215  -0.0430205  -0.0425742
-0.00664683   0.0651903   -0.997851   0.0702944
          0           0           0           1
v_world_imu:  -0.0014526 0.000997528  0.00179972
frame_39
id: 828
stamp: 1783948405.351754427
T_odom_lidar: 
   0.576736    0.815443   0.0492776   0.0249281
   0.816905   -0.575186   -0.042757  -0.0421843
-0.00652209   0.0649146    -0.99787   0.0704415
          0           0           0           1
T_world_lidar: 
   0.576736    0.815443   0.0492776   0.0249281
   0.816905   -0.575186   -0.042757  -0.0421843
-0.00652209   0.0649146    -0.99787   0.0704415
          0           0           0           1
v_world_imu: -0.00204073 0.000763653  0.00136459
frame_40
id: 829
stamp: 1783948405.452586889
T_odom_lidar: 
   0.576729    0.815454   0.0491859   0.0246914
    0.81691   -0.575183  -0.0426951  -0.0418556
-0.00652499    0.064804   -0.997877   0.0706221
          0           0           0           1
T_world_lidar: 
   0.576729    0.815454   0.0491859   0.0246914
    0.81691   -0.575183  -0.0426951  -0.0418556
-0.00652499    0.064804   -0.997877   0.0706221
          0           0           0           1
v_world_imu: -0.00259759 0.000270216  0.00170547
frame_41
id: 830
stamp: 1783948405.553476572
T_odom_lidar: 
   0.576733    0.815457   0.0490802   0.0244509
   0.816907   -0.575194  -0.0425934  -0.0416002
-0.00650246   0.0646589   -0.997886    0.070742
          0           0           0           1
T_world_lidar: 
   0.576733    0.815457   0.0490802   0.0244509
   0.816907   -0.575194  -0.0425934  -0.0416002
-0.00650246   0.0646589   -0.997886    0.070742
          0           0           0           1
v_world_imu:  -0.00268073 -0.000673599   0.00143117
frame_42
id: 831
stamp: 1783948405.654320240
T_odom_lidar: 
   0.576723     0.81547   0.0489798   0.0242422
   0.816913   -0.575188  -0.0425645  -0.0414157
-0.00653751   0.0645602   -0.997892   0.0709303
          0           0           0           1
T_world_lidar: 
   0.576723     0.81547   0.0489798   0.0242422
   0.816913   -0.575188  -0.0425645  -0.0414157
-0.00653751   0.0645602   -0.997892   0.0709303
          0           0           0           1
v_world_imu: -0.00267572 -0.00120184  0.00172488
frame_43
id: 832
stamp: 1783948405.755186796
T_odom_lidar: 
   0.576736    0.815458   0.0490279   0.0239825
   0.816904   -0.575199  -0.0425797   -0.041368
-0.00652116   0.0646083   -0.997889   0.0708802
          0           0           0           1
T_world_lidar: 
   0.576736    0.815458   0.0490279   0.0239825
   0.816904   -0.575199  -0.0425797   -0.041368
-0.00652116   0.0646083   -0.997889   0.0708802
          0           0           0           1
v_world_imu: -0.00303394 -0.00202799  0.00142211
frame_44
id: 833
stamp: 1783948405.856048107
T_odom_lidar: 
   0.576694    0.815491   0.0489674   0.0237557
   0.816933   -0.575155  -0.0426195  -0.0413322
-0.00659197   0.0645815   -0.997891   0.0710823
          0           0           0           1
T_world_lidar: 
   0.576694    0.815491   0.0489674   0.0237557
   0.816933   -0.575155  -0.0426195  -0.0413322
-0.00659197   0.0645815   -0.997891   0.0710823
          0           0           0           1
v_world_imu: -0.00402598 -0.00291144   0.0034771
frame_45
id: 834
stamp: 1783948405.956917048
T_odom_lidar: 
   0.576711    0.815478   0.0489848   0.0235177
   0.816922   -0.575173  -0.0426022  -0.0413431
-0.00656646   0.0645859   -0.997891    0.071191
          0           0           0           1
T_world_lidar: 
   0.576711    0.815478   0.0489848   0.0235177
   0.816922   -0.575173  -0.0426022  -0.0413431
-0.00656646   0.0645859   -0.997891    0.071191
          0           0           0           1
v_world_imu: -0.00360773 -0.00242176  0.00130091
frame_46
id: 835
stamp: 1783948406.057801723
T_odom_lidar: 
   0.576718    0.815477   0.0489276   0.0232781
   0.816916   -0.575172  -0.0427256  -0.0413738
-0.00669989   0.0646104   -0.997888   0.0713081
          0           0           0           1
T_world_lidar: 
   0.576718    0.815477   0.0489276   0.0232781
   0.816916   -0.575172  -0.0427256  -0.0413738
-0.00669989   0.0646104   -0.997888   0.0713081
          0           0           0           1
v_world_imu: -0.00400558 -0.00252941  0.00126137
frame_47
id: 836
stamp: 1783948406.158644199
T_odom_lidar: 
   0.576792    0.815425   0.0489158   0.0230285
   0.816863   -0.575241  -0.0428008  -0.0414487
-0.00676241   0.0646447   -0.997885   0.0714255
          0           0           0           1
T_world_lidar: 
   0.576792    0.815425   0.0489158   0.0230285
   0.816863   -0.575241  -0.0428008  -0.0414487
-0.00676241   0.0646447   -0.997885   0.0714255
          0           0           0           1
v_world_imu: -0.00350507 -0.00286821  0.00122328
frame_48
id: 837
stamp: 1783948406.260550261
T_odom_lidar: 
   0.576753    0.815455   0.0488746   0.0228527
    0.81689   -0.575197  -0.0428804  -0.0415304
-0.00685447   0.0646566   -0.997884   0.0716022
          0           0           0           1
T_world_lidar: 
   0.576753    0.815455   0.0488746   0.0228527
    0.81689   -0.575197  -0.0428804  -0.0415304
-0.00685447   0.0646566   -0.997884   0.0716022
          0           0           0           1
v_world_imu: -0.00429936 -0.00319231  0.00267529
frame_49
id: 838
stamp: 1783948406.360372782
T_odom_lidar: 
   0.576775    0.815431   0.0490134   0.0226602
   0.816874   -0.575216  -0.0429194  -0.0415892
-0.00680449   0.0647927   -0.997876   0.0716481
          0           0           0           1
T_world_lidar: 
   0.576775    0.815431   0.0490134   0.0226602
   0.816874   -0.575216  -0.0429194  -0.0415892
-0.00680449   0.0647927   -0.997876   0.0716481
          0           0           0           1
v_world_imu: -0.00356775  -0.0023774  0.00106008
frame_50
id: 839
stamp: 1783948406.461234331
T_odom_lidar: 
  0.576817   0.815405  0.0489513  0.0225563
  0.816844  -0.575253 -0.0430146 -0.0416562
 -0.006915  0.0647972  -0.997874   0.071715
         0          0          0          1
T_world_lidar: 
  0.576817   0.815405  0.0489513  0.0225563
  0.816844  -0.575253 -0.0430146 -0.0416562
 -0.006915  0.0647972  -0.997874   0.071715
         0          0          0          1
v_world_imu: -0.00323189 -0.00227639 0.000967594
frame_51
id: 840
stamp: 1783948406.562099457
T_odom_lidar: 
   0.576824      0.8154   0.0489605   0.0224028
   0.816839   -0.575257  -0.0430627   -0.041721
-0.00694844   0.0648324   -0.997872    0.071898
          0           0           0           1
T_world_lidar: 
   0.576824      0.8154   0.0489605   0.0224028
   0.816839   -0.575257  -0.0430627   -0.041721
-0.00694844   0.0648324   -0.997872    0.071898
          0           0           0           1
v_world_imu: -0.00414712 -0.00257103  0.00309654
frame_52
id: 841
stamp: 1783948406.662958860
T_odom_lidar: 
   0.576834    0.815385   0.0490901   0.0223022
   0.816833   -0.575268  -0.0430225  -0.0417469
-0.00683999   0.0649153   -0.997867   0.0719978
          0           0           0           1
T_world_lidar: 
   0.576834    0.815385   0.0490901   0.0223022
   0.816833   -0.575268  -0.0430225  -0.0417469
-0.00683999   0.0649153   -0.997867   0.0719978
          0           0           0           1
v_world_imu:  -0.0028942 -0.00172213   0.0012462
frame_53
id: 842
stamp: 1783948406.763825178
T_odom_lidar: 
   0.576862    0.815367   0.0490735   0.0222548
   0.816813   -0.575293  -0.0430602  -0.0418076
-0.00687816   0.0649237   -0.997867   0.0721409
          0           0           0           1
T_world_lidar: 
   0.576862    0.815367   0.0490735   0.0222548
   0.816813   -0.575293  -0.0430602  -0.0418076
-0.00687816   0.0649237   -0.997867   0.0721409
          0           0           0           1
v_world_imu:  -0.0030755 -0.00169655  0.00151376
frame_54
id: 843
stamp: 1783948406.864689112
T_odom_lidar: 
  0.576898   0.815342   0.049054  0.0221972
  0.816787   -0.57533 -0.0430556 -0.0418417
-0.0068828  0.0649053  -0.997868  0.0723136
         0          0          0          1
T_world_lidar: 
  0.576898   0.815342   0.049054  0.0221972
  0.816787   -0.57533 -0.0430556 -0.0418417
-0.0068828  0.0649053  -0.997868  0.0723136
         0          0          0          1
v_world_imu:   -0.0031982 -0.000379777   0.00155149
frame_55
id: 844
stamp: 1783948406.965858459
T_odom_lidar: 
     0.5769    0.815342   0.0490346   0.0221459
   0.816786   -0.575333  -0.0430394  -0.0418238
-0.00688058   0.0648802   -0.997869   0.0724909
          0           0           0           1
T_world_lidar: 
     0.5769    0.815342   0.0490346   0.0221459
   0.816786   -0.575333  -0.0430394  -0.0418238
-0.00688058   0.0648802   -0.997869   0.0724909
          0           0           0           1
v_world_imu:  -0.00342272 -0.000540164   0.00149443
frame_56
id: 845
stamp: 1783948407.066453457
T_odom_lidar: 
   0.576957    0.815299   0.0490704   0.0220951
   0.816745   -0.575388  -0.0430725  -0.0418276
-0.00688246    0.064929   -0.997866   0.0726082
          0           0           0           1
T_world_lidar: 
   0.576957    0.815299   0.0490704   0.0220951
   0.816745   -0.575388  -0.0430725  -0.0418276
-0.00688246    0.064929   -0.997866   0.0726082
          0           0           0           1
v_world_imu: -0.00321065  4.9182e-05   0.0012796
frame_57
id: 846
stamp: 1783948407.167281628
T_odom_lidar: 
   0.576952    0.815303   0.0490722   0.0220668
   0.816749   -0.575384  -0.0430589  -0.0417801
-0.00687074   0.0649226   -0.997867   0.0727637
          0           0           0           1
T_world_lidar: 
   0.576952    0.815303   0.0490722   0.0220668
   0.816749   -0.575384  -0.0430589  -0.0417801
-0.00687074   0.0649226   -0.997867   0.0727637
          0           0           0           1
v_world_imu: -0.00281151 0.000699232  0.00142003
frame_58
id: 847
stamp: 1783948407.268147469
T_odom_lidar: 
   0.576971     0.81529   0.0490679      0.0221
   0.816736   -0.575403  -0.0430493  -0.0417127
-0.00686384   0.0649137   -0.997867   0.0728526
          0           0           0           1
T_world_lidar: 
   0.576971     0.81529   0.0490679      0.0221
   0.816736   -0.575403  -0.0430493  -0.0417127
-0.00686384   0.0649137   -0.997867   0.0728526
          0           0           0           1
v_world_imu: -0.00256548  0.00120726 0.000903052
frame_59
id: 848
stamp: 1783948407.369037151
T_odom_lidar: 
   0.576993    0.815272   0.0491083   0.0221567
   0.816721   -0.575426  -0.0430444  -0.0416131
-0.00683464   0.0649441   -0.997865   0.0729383
          0           0           0           1
T_world_lidar: 
   0.576993    0.815272   0.0491083   0.0221567
   0.816721   -0.575426  -0.0430444  -0.0416131
-0.00683464   0.0649441   -0.997865   0.0729383
          0           0           0           1
v_world_imu: -0.00211228  0.00166466 0.000517296
frame_60
id: 849
stamp: 1783948407.469885349
T_odom_lidar: 
   0.576925    0.815315   0.0491887   0.0222327
   0.816769   -0.575357    -0.04305  -0.0415096
-0.00679823   0.0650124   -0.997861   0.0730152
          0           0           0           1
T_world_lidar: 
   0.576925    0.815315   0.0491887   0.0222327
   0.816769   -0.575357    -0.04305  -0.0415096
-0.00679823   0.0650124   -0.997861   0.0730152
          0           0           0           1
v_world_imu: -0.00261988 0.000699553  0.00206058
frame_61
id: 850
stamp: 1783948407.574347496
T_odom_lidar: 
   0.576879    0.815337   0.0493652   0.0223791
   0.816803   -0.575314  -0.0429694  -0.0414306
-0.00663405   0.0651098   -0.997856   0.0730302
          0           0           0           1
T_world_lidar: 
   0.576879    0.815337   0.0493652   0.0223791
   0.816803   -0.575314  -0.0429694  -0.0414306
-0.00663405   0.0651098   -0.997856   0.0730302
          0           0           0           1
v_world_imu: -0.00201187  0.00298455 9.83243e-06
frame_62
id: 851
stamp: 1783948407.671612501
T_odom_lidar: 
   0.576899    0.815323   0.0493474   0.0225219
   0.816788   -0.575335  -0.0429681  -0.0413086
-0.00664155   0.0650947   -0.997857   0.0730128
          0           0           0           1
T_world_lidar: 
   0.576899    0.815323   0.0493474   0.0225219
   0.816788   -0.575335  -0.0429681  -0.0413086
-0.00664155   0.0650947   -0.997857   0.0730128
          0           0           0           1
v_world_imu: -0.00202141  0.00290856 9.62645e-05
frame_63
id: 852
stamp: 1783948407.772477388
T_odom_lidar: 
   0.576841    0.815362   0.0493908   0.0226233
    0.81683   -0.575278  -0.0429338  -0.0411439
-0.00659317   0.0651099   -0.997856   0.0730566
          0           0           0           1
T_world_lidar: 
   0.576841    0.815362   0.0493908   0.0226233
    0.81683   -0.575278  -0.0429338  -0.0411439
-0.00659317   0.0651099   -0.997856   0.0730566
          0           0           0           1
v_world_imu:  -0.00260741   0.00301571 -9.97555e-05
frame_64
id: 853
stamp: 1783948407.873335600
T_odom_lidar: 
   0.576855    0.815351   0.0494046   0.0227312
    0.81682   -0.575297  -0.0428788  -0.0409911
-0.00653895   0.0650895   -0.997858   0.0731009
          0           0           0           1
T_world_lidar: 
   0.576855    0.815351   0.0494046   0.0227312
    0.81682   -0.575297  -0.0428788  -0.0409911
-0.00653895   0.0650895   -0.997858   0.0731009
          0           0           0           1
v_world_imu: -0.00249399  0.00307018 0.000494358
frame_65
id: 854
stamp: 1783948407.974195004
T_odom_lidar: 
   0.576854    0.815348   0.0494615    0.022833
   0.816821   -0.575293  -0.0429097  -0.0408432
-0.00653146   0.0651538   -0.997854   0.0731478
          0           0           0           1
T_world_lidar: 
   0.576854    0.815348   0.0494615    0.022833
   0.816821   -0.575293  -0.0429097  -0.0408432
-0.00653146   0.0651538   -0.997854   0.0731478
          0           0           0           1
v_world_imu: -0.00212899   0.0032967 0.000693735
frame_66
id: 855
stamp: 1783948408.075093746
T_odom_lidar: 
   0.576836    0.815361    0.049464   0.0226791
   0.816833   -0.575268  -0.0430172   -0.040942
-0.00661947   0.0652178   -0.997849    0.073369
          0           0           0           1
T_world_lidar: 
   0.576836    0.815361    0.049464   0.0226791
   0.816833   -0.575268  -0.0430172   -0.040942
-0.00661947   0.0652178   -0.997849    0.073369
          0           0           0           1
v_world_imu: -0.00277072  0.00292651  0.00158682
frame_67
id: 856
stamp: 1783948408.175929308
T_odom_lidar: 
   0.576795    0.815387   0.0495112   0.0227554
   0.816862   -0.575226  -0.0430278  -0.0408171
-0.00660415   0.0652621   -0.997846   0.0735807
          0           0           0           1
T_world_lidar: 
   0.576795    0.815387   0.0495112   0.0227554
   0.816862   -0.575226  -0.0430278  -0.0408171
-0.00660415   0.0652621   -0.997846   0.0735807
          0           0           0           1
v_world_imu: -0.00256012  0.00338087  0.00161596
frame_68
id: 857
stamp: 1783948408.277479172
T_odom_lidar: 
   0.576792    0.815388   0.0495278   0.0228409
   0.816865   -0.575226  -0.0429749  -0.0406715
-0.00655155   0.0652451   -0.997848   0.0737376
          0           0           0           1
T_world_lidar: 
   0.576792    0.815388   0.0495278   0.0228409
   0.816865   -0.575226  -0.0429749  -0.0406715
-0.00655155   0.0652451   -0.997848   0.0737376
          0           0           0           1
v_world_imu: -0.00285156  0.00330562  0.00143253
frame_69
id: 858
stamp: 1783948408.377657413
T_odom_lidar: 
  0.576772   0.815405  0.0494946  0.0228794
  0.816879  -0.575209 -0.0429261 -0.0405608
-0.0065324  0.0651897  -0.997852  0.0738904
         0          0          0          1
T_world_lidar: 
  0.576772   0.815405  0.0494946  0.0228794
  0.816879  -0.575209 -0.0429261 -0.0405608
-0.0065324  0.0651897  -0.997852  0.0738904
         0          0          0          1
v_world_imu: -0.00325203  0.00352611  0.00127565
frame_70
id: 859
stamp: 1783948408.478521347
T_odom_lidar: 
   0.576743    0.815423    0.049519   0.0228617
     0.8169   -0.575183  -0.0428878  -0.0404172
-0.00648917   0.0651873   -0.997852   0.0740476
          0           0           0           1
T_world_lidar: 
   0.576743    0.815423    0.049519   0.0228617
     0.8169   -0.575183  -0.0428878  -0.0404172
-0.00648917   0.0651873   -0.997852   0.0740476
          0           0           0           1
v_world_imu: -0.0035919 0.00369849 0.00108979
frame_71
id: 860
stamp: 1783948408.579383850
T_odom_lidar: 
   0.576743    0.815429   0.0494281   0.0228355
   0.816899   -0.575186  -0.0428525  -0.0403072
-0.00651283   0.0650927   -0.997858   0.0741382
          0           0           0           1
T_world_lidar: 
   0.576743    0.815429   0.0494281   0.0228355
   0.816899   -0.575186  -0.0428525  -0.0403072
-0.00651283   0.0650927   -0.997858   0.0741382
          0           0           0           1
v_world_imu: -0.00375788   0.0032915 0.000334723
frame_72
id: 861
stamp: 1783948408.680250406
T_odom_lidar: 
   0.576751    0.815422   0.0494506   0.0228029
   0.816895   -0.575196  -0.0428121  -0.0402227
-0.00646616   0.0650879   -0.997859   0.0741588
          0           0           0           1
T_world_lidar: 
   0.576751    0.815422   0.0494506   0.0228029
   0.816895   -0.575196  -0.0428121  -0.0402227
-0.00646616   0.0650879   -0.997859   0.0741588
          0           0           0           1
v_world_imu:  -0.00375139   0.00322256 -0.000149808
frame_73
id: 862
stamp: 1783948408.781115770
T_odom_lidar: 
   0.576752    0.815416   0.0495462   0.0227929
   0.816895     -0.5752  -0.0427609  -0.0401059
-0.00636891   0.0651365   -0.997856   0.0741096
          0           0           0           1
T_world_lidar: 
   0.576752    0.815416   0.0495462   0.0227929
   0.816895     -0.5752  -0.0427609  -0.0401059
-0.00636891   0.0651365   -0.997856   0.0741096
          0           0           0           1
v_world_imu:   -0.0036719   0.00360216 -0.000968623
frame_74
id: 863
stamp: 1783948408.881975889
T_odom_lidar: 
   0.576803    0.815373   0.0496534   0.0227185
    0.81686   -0.575254  -0.0426904  -0.0400495
-0.00624527   0.0651838   -0.997854   0.0739886
          0           0           0           1
T_world_lidar: 
   0.576803    0.815373   0.0496534   0.0227185
    0.81686   -0.575254  -0.0426904  -0.0400495
-0.00624527   0.0651838   -0.997854   0.0739886
          0           0           0           1
v_world_imu: -0.00387341  0.00327747 -0.00179865
frame_75
id: 864
stamp: 1783948408.982846975
T_odom_lidar: 
    0.57677     0.81539   0.0497619   0.0226199
   0.816884   -0.575225  -0.0426315  -0.0399687
-0.00613701   0.0652383   -0.997851   0.0738104
          0           0           0           1
T_world_lidar: 
    0.57677     0.81539   0.0497619   0.0226199
   0.816884   -0.575225  -0.0426315  -0.0399687
-0.00613701   0.0652383   -0.997851   0.0738104
          0           0           0           1
v_world_imu: -0.00463403  0.00337235 -0.00209846
frame_76
id: 865
stamp: 1783948409.083714008
T_odom_lidar: 
   0.576712    0.815428   0.0498064   0.0224787
   0.816926   -0.575173  -0.0425249  -0.0399275
-0.00602867   0.0652127   -0.997853   0.0735737
          0           0           0           1
T_world_lidar: 
   0.576712    0.815428   0.0498064   0.0224787
   0.816926   -0.575173  -0.0425249  -0.0399275
-0.00602867   0.0652127   -0.997853   0.0735737
          0           0           0           1
v_world_imu: -0.00479809   0.0028282 -0.00295477
frame_77
id: 866
stamp: 1783948409.184569597
T_odom_lidar: 
   0.576694    0.815435   0.0499026   0.0222488
   0.816939   -0.575162  -0.0424162  -0.0399745
-0.00588555   0.0652286   -0.997853   0.0732476
          0           0           0           1
T_world_lidar: 
   0.576694    0.815435   0.0499026   0.0222488
   0.816939   -0.575162  -0.0424162  -0.0399745
-0.00588555   0.0652286   -0.997853   0.0732476
          0           0           0           1
v_world_imu: -0.00582927  0.00159686 -0.00388835
frame_78
id: 867
stamp: 1783948409.285435677
T_odom_lidar: 
   0.576687    0.815437   0.0499459   0.0219534
   0.816944   -0.575154    -0.04243  -0.0401284
-0.00587245   0.0652718    -0.99785    0.072836
          0           0           0           1
T_world_lidar: 
   0.576687    0.815437   0.0499459   0.0219534
   0.816944   -0.575154    -0.04243  -0.0401284
-0.00587245   0.0652718    -0.99785    0.072836
          0           0           0           1
v_world_imu: -0.00606117 0.000668407 -0.00455226
frame_79
id: 868
stamp: 1783948409.386301756
T_odom_lidar: 
   0.576687    0.815444   0.0498424   0.0219236
   0.816943    -0.57515  -0.0424978  -0.0400887
-0.00598769   0.0652264   -0.997853   0.0731481
          0           0           0           1
T_world_lidar: 
   0.576687    0.815444   0.0498424   0.0219236
   0.816943    -0.57515  -0.0424978  -0.0400887
-0.00598769   0.0652264   -0.997853   0.0731481
          0           0           0           1
v_world_imu:  -0.0053313 0.000819838 -0.00432224
frame_80
id: 869
stamp: 1783948409.487167597
T_odom_lidar: 
   0.576733    0.815442   0.0493383   0.0213269
   0.816906   -0.575171  -0.0429278  -0.0405874
-0.00662718   0.0650627   -0.997859   0.0739951
          0           0           0           1
T_world_lidar: 
   0.576733    0.815442   0.0493383   0.0213269
   0.816906   -0.575171  -0.0429278  -0.0405874
-0.00662718   0.0650627   -0.997859   0.0739951
          0           0           0           1
v_world_imu: -0.00456876  0.00101096 -0.00131451
frame_81
id: 870
stamp: 1783948409.589855433
T_odom_lidar: 
   0.576727    0.815451   0.0492449   0.0211453
   0.816909   -0.575163  -0.0429816  -0.0407704
-0.00672558   0.0650172   -0.997861   0.0739002
          0           0           0           1
T_world_lidar: 
   0.576727    0.815451   0.0492449   0.0211453
   0.816909   -0.575163  -0.0429816  -0.0407704
-0.00672558   0.0650172   -0.997861   0.0739002
          0           0           0           1
v_world_imu:  -0.0039088 0.000721266  -0.0015064
frame_82
id: 871
stamp: 1783948409.688893557
T_odom_lidar: 
   0.576759    0.815434   0.0491506   0.0210218
   0.816886   -0.575193   -0.043025  -0.0409856
-0.00681303   0.0649655   -0.997864   0.0737312
          0           0           0           1
T_world_lidar: 
   0.576759    0.815434   0.0491506   0.0210218
   0.816886   -0.575193   -0.043025  -0.0409856
-0.00681303   0.0649655   -0.997864   0.0737312
          0           0           0           1
v_world_imu: -0.00395089 0.000347097 -0.00168919
frame_83
id: 872
stamp: 1783948409.789758921
T_odom_lidar: 
   0.576716    0.815468   0.0490949   0.0208681
   0.816916   -0.575147    -0.04307  -0.0412078
-0.00688542   0.0649455   -0.997865    0.073597
          0           0           0           1
T_world_lidar: 
   0.576716    0.815468   0.0490949   0.0208681
   0.816916   -0.575147    -0.04307  -0.0412078
-0.00688542   0.0649455   -0.997865    0.073597
          0           0           0           1
v_world_imu:  -0.0034718 0.000617987 -0.00203288
frame_84
id: 873
stamp: 1783948409.890618324
T_odom_lidar: 
   0.576703    0.815483    0.049008    0.020765
   0.816924   -0.575126   -0.043195  -0.0414335
-0.00703899   0.0649465   -0.997864   0.0733579
          0           0           0           1
T_world_lidar: 
   0.576703    0.815483    0.049008    0.020765
   0.816924   -0.575126   -0.043195  -0.0414335
-0.00703899   0.0649465   -0.997864   0.0733579
          0           0           0           1
v_world_imu: -0.00309606 0.000532372 -0.00219632
frame_85
id: 874
stamp: 1783948409.991509914
T_odom_lidar: 
   0.576628     0.81554   0.0489277   0.0207031
   0.816975   -0.575046  -0.0432944  -0.0416095
-0.00717263   0.0649375   -0.997864   0.0732148
          0           0           0           1
T_world_lidar: 
   0.576628     0.81554   0.0489277   0.0207031
   0.816975   -0.575046  -0.0432944  -0.0416095
-0.00717263   0.0649375   -0.997864   0.0732148
          0           0           0           1
v_world_imu:  -0.00321373  0.000325181 -0.000238321
frame_86
id: 875
stamp: 1783948410.092355728
T_odom_lidar: 
    0.57658    0.815576   0.0488982   0.0207364
   0.817009   -0.574998  -0.0432895  -0.0417896
-0.00718956   0.0649102   -0.997865   0.0729269
          0           0           0           1
T_world_lidar: 
    0.57658    0.815576   0.0488982   0.0207364
   0.817009   -0.574998  -0.0432895  -0.0417896
-0.00718956   0.0649102   -0.997865   0.0729269
          0           0           0           1
v_world_imu:  -0.00202996  6.02612e-05 -0.000889615
frame_87
id: 876
stamp: 1783948410.193404198
T_odom_lidar: 
   0.576618    0.815542   0.0490159   0.0208406
   0.816984   -0.575039  -0.0432196  -0.0419705
-0.00706134   0.0649664   -0.997862    0.072699
          0           0           0           1
T_world_lidar: 
   0.576618    0.815542   0.0490159   0.0208406
   0.816984   -0.575039  -0.0432196  -0.0419705
-0.00706134   0.0649664   -0.997862    0.072699
          0           0           0           1
v_world_imu:  -0.00166219 -0.000143642 -0.000740093
frame_88
id: 877
stamp: 1783948410.294075727
T_odom_lidar: 
   0.576627    0.815531   0.0491012   0.0209183
   0.816978   -0.575048  -0.0432122  -0.0421584
-0.00700534   0.0650318   -0.997859   0.0724258
          0           0           0           1
T_world_lidar: 
   0.576627    0.815531   0.0491012   0.0209183
   0.816978   -0.575048  -0.0432122  -0.0421584
-0.00700534   0.0650318   -0.997859   0.0724258
          0           0           0           1
v_world_imu: -0.00101038 0.000181306 -0.00106059
frame_89
id: 878
stamp: 1783948410.394944668
T_odom_lidar: 
   0.576625    0.815527   0.0491843   0.0211126
    0.81698   -0.575049  -0.0431482  -0.0422866
-0.00690514    0.065063   -0.997857   0.0721313
          0           0           0           1
T_world_lidar: 
   0.576625    0.815527   0.0491843   0.0211126
    0.81698   -0.575049  -0.0431482  -0.0422866
-0.00690514    0.065063   -0.997857   0.0721313
          0           0           0           1
v_world_imu: 0.000704517  0.00142436 -0.00308681
frame_90
id: 879
stamp: 1783948410.495840549
T_odom_lidar: 
    0.57668    0.815491   0.0491353   0.0213611
   0.816941   -0.575104  -0.0431598  -0.0423838
-0.00693854     0.06503   -0.997859   0.0718267
          0           0           0           1
T_world_lidar: 
    0.57668    0.815491   0.0491353   0.0213611
   0.816941   -0.575104  -0.0431598  -0.0423838
-0.00693854     0.06503   -0.997859   0.0718267
          0           0           0           1
v_world_imu:  0.000114648  0.000726337 -0.000909202
frame_91
id: 880
stamp: 1783948410.596670628
T_odom_lidar: 
   0.576666    0.815496   0.0492181   0.0215715
   0.816951   -0.575092  -0.0431302  -0.0424646
-0.00686759   0.0650805   -0.997856   0.0715895
          0           0           0           1
T_world_lidar: 
   0.576666    0.815496   0.0492181   0.0215715
   0.816951   -0.575092  -0.0431302  -0.0424646
-0.00686759   0.0650805   -0.997856   0.0715895
          0           0           0           1
v_world_imu:  0.000577045  0.000910788 -0.000816421
frame_92
id: 881
stamp: 1783948410.697533607
T_odom_lidar: 
   0.576637    0.815507   0.0493713   0.0217867
   0.816973   -0.575068  -0.0430356  -0.0425454
-0.00670398   0.0651509   -0.997853   0.0713373
          0           0           0           1
T_world_lidar: 
   0.576637    0.815507   0.0493713   0.0217867
   0.816973   -0.575068  -0.0430356  -0.0425454
-0.00670398   0.0651509   -0.997853   0.0713373
          0           0           0           1
v_world_imu:  0.00162152  0.00113141 -0.00227769
frame_93
id: 882
stamp: 1783948410.798398495
T_odom_lidar: 
   0.576612    0.815523   0.0494113   0.0219934
   0.816991   -0.575041  -0.0430532  -0.0426788
-0.00669738   0.0651935    -0.99785   0.0711194
          0           0           0           1
T_world_lidar: 
   0.576612    0.815523   0.0494113   0.0219934
   0.816991   -0.575041  -0.0430532  -0.0426788
-0.00669738   0.0651935    -0.99785   0.0711194
          0           0           0           1
v_world_imu:  0.00128216  0.00113653 -0.00196577
frame_94
id: 883
stamp: 1783948410.900342703
T_odom_lidar: 
   0.576595     0.81553   0.0494899    0.022183
   0.817003    -0.57502  -0.0431169  -0.0427767
-0.00670543   0.0652944   -0.997844   0.0709797
          0           0           0           1
T_world_lidar: 
   0.576595     0.81553   0.0494899    0.022183
   0.817003    -0.57502  -0.0431169  -0.0427767
-0.00670543   0.0652944   -0.997844   0.0709797
          0           0           0           1
v_world_imu:  0.00165324 0.000751966 -0.00167927
frame_95
id: 884
stamp: 1783948411.000131607
T_odom_lidar: 
  0.576554   0.815558  0.0495086  0.0223472
  0.817031  -0.574977 -0.0431456 -0.0429157
-0.0067214  0.0653259  -0.997841  0.0708397
         0          0          0          1
T_world_lidar: 
  0.576554   0.815558  0.0495086  0.0223472
  0.817031  -0.574977 -0.0431456 -0.0429157
-0.0067214  0.0653259  -0.997841  0.0708397
         0          0          0          1
v_world_imu:  0.00126824 0.000552892 -0.00147191
frame_96
id: 885
stamp: 1783948411.100992203
T_odom_lidar: 
   0.576572    0.815549   0.0494308   0.0224712
   0.817018   -0.574992  -0.0431968   -0.043091
-0.00680679   0.0652919   -0.997843   0.0706774
          0           0           0           1
T_world_lidar: 
   0.576572    0.815549   0.0494308   0.0224712
   0.817018   -0.574992  -0.0431968   -0.043091
-0.00680679   0.0652919   -0.997843   0.0706774
          0           0           0           1
v_world_imu:  0.00102829 0.000146061 -0.00130028
frame_97
id: 886
stamp: 1783948411.201861382
T_odom_lidar: 
   0.576605    0.815526   0.0494366   0.0225989
   0.816994   -0.575019  -0.0432962  -0.0432466
-0.00688223   0.0653542   -0.997838   0.0705634
          0           0           0           1
T_world_lidar: 
   0.576605    0.815526   0.0494366   0.0225989
   0.816994   -0.575019  -0.0432962  -0.0432466
-0.00688223   0.0653542   -0.997838   0.0705634
          0           0           0           1
v_world_imu:   0.00155281  0.000313811 -0.000832663
frame_98
id: 887
stamp: 1783948411.302722692
T_odom_lidar: 
   0.576611    0.815523   0.0494256   0.0227494
   0.816989    -0.57502  -0.0433657  -0.0434099
-0.00694504   0.0653853   -0.997836   0.0705372
          0           0           0           1
T_world_lidar: 
   0.576611    0.815523   0.0494256   0.0227494
   0.816989    -0.57502  -0.0433657  -0.0434099
-0.00694504   0.0653853   -0.997836   0.0705372
          0           0           0           1
v_world_imu:    0.0015956  0.000678104 -0.000297558
frame_99
id: 888
stamp: 1783948411.403614521
T_odom_lidar: 
   0.576593     0.81554    0.049339   0.0228789
   0.817002   -0.575004  -0.0433462  -0.0435477
-0.00698044   0.0653032   -0.997841   0.0705606
          0           0           0           1
T_world_lidar: 
   0.576593     0.81554    0.049339   0.0228789
   0.817002   -0.575004  -0.0433462  -0.0435477
-0.00698044   0.0653032   -0.997841   0.0705606
          0           0           0           1
v_world_imu:  0.00205219 0.000416441 0.000141187
frame_100
id: 889
stamp: 1783948411.504462957
T_odom_lidar: 
   0.576581    0.815551   0.0492971    0.023019
    0.81701   -0.574991  -0.0433672   -0.043669
-0.00702277   0.0652809   -0.997842   0.0706106
          0           0           0           1
T_world_lidar: 
   0.576581    0.815551   0.0492971    0.023019
    0.81701   -0.574991  -0.0433672   -0.043669
-0.00702277   0.0652809   -0.997842   0.0706106
          0           0           0           1
v_world_imu:  0.00248802 0.000175084 0.000389968
frame_101
id: 890
stamp: 1783948411.606959820
T_odom_lidar: 
    0.57658    0.815553   0.0492892   0.0232158
   0.817011   -0.574989  -0.0433754  -0.0437928
-0.00703418   0.0652792   -0.997842   0.0706321
          0           0           0           1
T_world_lidar: 
    0.57658    0.815553   0.0492892   0.0232158
   0.817011   -0.574989  -0.0433754  -0.0437928
-0.00703418   0.0652792   -0.997842   0.0706321
          0           0           0           1
v_world_imu:  0.00302108 4.91942e-05 0.000531523
frame_102
id: 891
stamp: 1783948411.706186056
T_odom_lidar: 
   0.576565    0.815564   0.0492745   0.0233918
    0.81702    -0.57497  -0.0434445   -0.043888
-0.00710038   0.0653069    -0.99784   0.0707226
          0           0           0           1
T_world_lidar: 
   0.576565    0.815564   0.0492745   0.0233918
    0.81702    -0.57497  -0.0434445   -0.043888
-0.00710038   0.0653069    -0.99784   0.0707226
          0           0           0           1
v_world_imu:  0.00336749 0.000391537 0.000419938
frame_103
id: 892
stamp: 1783948411.807041407
T_odom_lidar: 
   0.576542     0.81558   0.0492857   0.0236051
   0.817037   -0.574946  -0.0434474  -0.0439563
-0.00709822   0.0653174   -0.997839   0.0707881
          0           0           0           1
T_world_lidar: 
   0.576542     0.81558   0.0492857   0.0236051
   0.817037   -0.574946  -0.0434474  -0.0439563
-0.00709822   0.0653174   -0.997839   0.0707881
          0           0           0           1
v_world_imu:  0.00277869 0.000810869  0.00036016
frame_104
id: 893
stamp: 1783948411.907920837
T_odom_lidar: 
   0.576556    0.815569   0.0492999   0.0234315
   0.817027    -0.57496  -0.0434511  -0.0442489
-0.00709197   0.0653313   -0.997838   0.0707614
          0           0           0           1
T_world_lidar: 
   0.576556    0.815569   0.0492999   0.0234315
   0.817027    -0.57496  -0.0434511  -0.0442489
-0.00709197   0.0653313   -0.997838   0.0707614
          0           0           0           1
v_world_imu:  0.00224368 0.000502304  0.00121265
frame_105
id: 894
stamp: 1783948412.008776665
T_odom_lidar: 
   0.576561    0.815562   0.0493659   0.0235008
   0.817024   -0.574965  -0.0434363  -0.0442469
-0.00704127   0.0653768   -0.997836   0.0709253
          0           0           0           1
T_world_lidar: 
   0.576561    0.815562   0.0493659   0.0235008
   0.817024   -0.574965  -0.0434363  -0.0442469
-0.00704127   0.0653768   -0.997836   0.0709253
          0           0           0           1
v_world_imu:  0.00213342 0.000635187  0.00127759
frame_106
id: 895
stamp: 1783948412.109638453
T_odom_lidar: 
  0.576564   0.815556  0.0494196  0.0235474
  0.817022  -0.574971 -0.0433907 -0.0442224
-0.0069727  0.0653944  -0.997835  0.0710425
         0          0          0          1
T_world_lidar: 
  0.576564   0.815556  0.0494196  0.0235474
  0.817022  -0.574971 -0.0433907 -0.0442224
-0.0069727  0.0653944  -0.997835  0.0710425
         0          0          0          1
v_world_imu:  0.00265963 0.000933897  0.00121113
frame_107
id: 896
stamp: 1783948412.210516930
T_odom_lidar: 
   0.576556    0.815566   0.0493609   0.0236722
   0.817028   -0.574967   -0.043326  -0.0441301
-0.00695428   0.0653091   -0.997841   0.0711646
          0           0           0           1
T_world_lidar: 
   0.576556    0.815566   0.0493609   0.0236722
   0.817028   -0.574967   -0.043326  -0.0441301
-0.00695428   0.0653091   -0.997841   0.0711646
          0           0           0           1
v_world_imu: 0.00301389 0.00127096 0.00123218
frame_108
id: 897
stamp: 1783948412.311370134
T_odom_lidar: 
   0.576526    0.815586   0.0493667   0.0237753
   0.817049    -0.57494  -0.0432921  -0.0440195
-0.00692555    0.065294   -0.997842   0.0713337
          0           0           0           1
T_world_lidar: 
   0.576526    0.815586   0.0493667   0.0237753
   0.817049    -0.57494  -0.0432921  -0.0440195
-0.00692555    0.065294   -0.997842   0.0713337
          0           0           0           1
v_world_imu:   0.0029267 0.000797011  0.00121124
frame_109
id: 898
stamp: 1783948412.412230968
T_odom_lidar: 
   0.576459    0.815635   0.0493479   0.0238107
   0.817097   -0.574874  -0.0432782   -0.043941
-0.00693035   0.0652701   -0.997844   0.0714927
          0           0           0           1
T_world_lidar: 
   0.576459    0.815635   0.0493479   0.0238107
   0.817097   -0.574874  -0.0432782   -0.043941
-0.00693035   0.0652701   -0.997844   0.0714927
          0           0           0           1
v_world_imu:  0.00249504 0.000897894  0.00114684
frame_110
id: 899
stamp: 1783948412.513094902
T_odom_lidar: 
   0.576416    0.815657   0.0494882   0.0238075
   0.817128    -0.57483  -0.0432721  -0.0437955
-0.00684785   0.0653809   -0.997837   0.0715916
          0           0           0           1
T_world_lidar: 
   0.576416    0.815657   0.0494882   0.0238075
   0.817128    -0.57483  -0.0432721  -0.0437955
-0.00684785   0.0653809   -0.997837   0.0715916
          0           0           0           1
v_world_imu: 0.00239132 0.00111983 0.00124912
frame_111
id: 900
stamp: 1783948412.613961220
T_odom_lidar: 
   0.576416    0.815651   0.0495749   0.0237915
   0.817129   -0.574831  -0.0432434  -0.0436714
-0.00677436   0.0654352   -0.997834   0.0717268
          0           0           0           1
T_world_lidar: 
   0.576416    0.815651   0.0495749   0.0237915
   0.817129   -0.574831  -0.0432434  -0.0436714
-0.00677436   0.0654352   -0.997834   0.0717268
          0           0           0           1
v_world_imu:  0.00205496 0.000464554 0.000917359
frame_112
id: 901
stamp: 1783948412.714824438
T_odom_lidar: 
   0.576381    0.815679   0.0495288   0.0237292
   0.817153   -0.574799  -0.0432157  -0.0435916
-0.00678106   0.0653813   -0.997837   0.0718552
          0           0           0           1
T_world_lidar: 
   0.576381    0.815679   0.0495288   0.0237292
   0.817153   -0.574799  -0.0432157  -0.0435916
-0.00678106   0.0653813   -0.997837   0.0718552
          0           0           0           1
v_world_imu:  0.00200218 0.000112714  0.00114805
frame_113
id: 902
stamp: 1783948412.815687656
T_odom_lidar: 
   0.576366    0.815691   0.0495026   0.0237143
   0.817163   -0.574781   -0.043261  -0.0435232
-0.00683445   0.0653859   -0.997837   0.0719262
          0           0           0           1
T_world_lidar: 
   0.576366    0.815691   0.0495026   0.0237143
   0.817163   -0.574781   -0.043261  -0.0435232
-0.00683445   0.0653859   -0.997837   0.0719262
          0           0           0           1
v_world_imu:  0.00287285 1.47558e-05 0.000861017
frame_114
id: 903
stamp: 1783948412.916549683
T_odom_lidar: 
    0.57638    0.815685   0.0494413   0.0237074
   0.817153   -0.574798  -0.0432189  -0.0434536
-0.00683423   0.0653116   -0.997842   0.0719981
          0           0           0           1
T_world_lidar: 
    0.57638    0.815685   0.0494413   0.0237074
   0.817153   -0.574798  -0.0432189  -0.0434536
-0.00683423   0.0653116   -0.997842   0.0719981
          0           0           0           1
v_world_imu:  0.00280224 8.62628e-05 0.000574849
frame_115
id: 904
stamp: 1783948413.017438412
T_odom_lidar: 
   0.576328    0.815724   0.0493978   0.0236828
    0.81719   -0.574744  -0.0432499  -0.0433617
-0.00688894   0.0652935   -0.997842   0.0721105
          0           0           0           1
T_world_lidar: 
   0.576328    0.815724   0.0493978   0.0236828
    0.81719   -0.574744  -0.0432499  -0.0433617
-0.00688894   0.0652935   -0.997842   0.0721105
          0           0           0           1
v_world_imu:   0.0030836 0.000353176 0.000512505
frame_116
id: 905
stamp: 1783948413.118280888
T_odom_lidar: 
  0.576249   0.815778  0.0494374  0.0237011
  0.817246  -0.574664 -0.0432616 -0.0432642
 -0.006882   0.065332   -0.99784  0.0721296
         0          0          0          1
T_world_lidar: 
  0.576249   0.815778  0.0494374  0.0237011
  0.817246  -0.574664 -0.0432616 -0.0432642
 -0.006882   0.065332   -0.99784  0.0721296
         0          0          0          1
v_world_imu:   0.00334255 -0.000316076  0.000222225
frame_117
id: 906
stamp: 1783948413.219149590
T_odom_lidar: 
  0.576211   0.815798  0.0495444  0.0236727
  0.817272  -0.574626 -0.0432529 -0.0432273
-0.0068161  0.0654141  -0.997835   0.072149
         0          0          0          1
T_world_lidar: 
  0.576211   0.815798  0.0495444  0.0236727
  0.817272  -0.574626 -0.0432529 -0.0432273
-0.0068161  0.0654141  -0.997835   0.072149
         0          0          0          1
v_world_imu:    0.0033117 -0.000489353 -0.000195161
frame_118
id: 907
stamp: 1783948413.320009470
T_odom_lidar: 
   0.576194    0.815809   0.0495515   0.0236735
   0.817284   -0.574608   -0.043275  -0.0431939
-0.00683145   0.0654325   -0.997834   0.0721101
          0           0           0           1
T_world_lidar: 
   0.576194    0.815809   0.0495515   0.0236735
   0.817284   -0.574608   -0.043275  -0.0431939
-0.00683145   0.0654325   -0.997834   0.0721101
          0           0           0           1
v_world_imu:   0.00340212 -0.000557124 -0.000558786
frame_119
id: 908
stamp: 1783948413.420909882
T_odom_lidar: 
   0.576175    0.815825   0.0495098   0.0236752
   0.817297   -0.574588  -0.0432798  -0.0431408
-0.00686102    0.065401   -0.997835   0.0720248
          0           0           0           1
T_world_lidar: 
   0.576175    0.815825   0.0495098   0.0236752
   0.817297   -0.574588  -0.0432798  -0.0431408
-0.00686102    0.065401   -0.997835   0.0720248
          0           0           0           1
v_world_imu:   0.00354195 -0.000555288  -0.00118635
frame_120
id: 909
stamp: 1783948413.521752119
T_odom_lidar: 
   0.576176    0.815827   0.0494794   0.0236701
   0.817297   -0.574592  -0.0432419  -0.0431191
-0.00684747   0.0653543   -0.997839   0.0719023
          0           0           0           1
T_world_lidar: 
   0.576176    0.815827   0.0494794   0.0236701
   0.817297   -0.574592  -0.0432419  -0.0431191
-0.00684747   0.0653543   -0.997839   0.0719023
          0           0           0           1
v_world_imu:   0.00400796 -0.000830557  -0.00146115
frame_121
id: 910
stamp: 1783948413.622638464
T_odom_lidar: 
   0.576138    0.815847   0.0495913   0.0234857
   0.817324   -0.574554  -0.0432302  -0.0432364
-0.00677637   0.0654388   -0.997834   0.0716735
          0           0           0           1
T_world_lidar: 
   0.576138    0.815847   0.0495913   0.0234857
   0.817324   -0.574554  -0.0432302  -0.0432364
-0.00677637   0.0654388   -0.997834   0.0716735
          0           0           0           1
v_world_imu:   0.00371645  -0.00118324 -0.000930634
frame_122
id: 911
stamp: 1783948413.723466396
T_odom_lidar: 
   0.576126    0.815858   0.0495436   0.0234147
   0.817333   -0.574545  -0.0431745  -0.0432143
-0.00675926   0.0653675   -0.997838   0.0715647
          0           0           0           1
T_world_lidar: 
   0.576126    0.815858   0.0495436   0.0234147
   0.817333   -0.574545  -0.0431745  -0.0432143
-0.00675926   0.0653675   -0.997838   0.0715647
          0           0           0           1
v_world_imu:   0.00271715 -0.000655788  -0.00119012
frame_123
id: 912
stamp: 1783948413.824338198
T_odom_lidar: 
   0.576124    0.815866   0.0494329   0.0233271
   0.817334   -0.574549  -0.0430996  -0.0431192
-0.00676187   0.0652339   -0.997847   0.0714532
          0           0           0           1
T_world_lidar: 
   0.576124    0.815866   0.0494329   0.0233271
   0.817334   -0.574549  -0.0430996  -0.0431192
-0.00676187   0.0652339   -0.997847   0.0714532
          0           0           0           1
v_world_imu:   0.00266667 -0.000447346  -0.00103211
frame_124
id: 913
stamp: 1783948413.925190449
T_odom_lidar: 
   0.576104    0.815879   0.0494489   0.0232096
   0.817349   -0.574534  -0.0430382  -0.0429601
-0.00670395   0.0652115   -0.997849   0.0713634
          0           0           0           1
T_world_lidar: 
   0.576104    0.815879   0.0494489   0.0232096
   0.817349   -0.574534  -0.0430382  -0.0429601
-0.00670395   0.0652115   -0.997849   0.0713634
          0           0           0           1
v_world_imu:  0.00261236 0.000140659 -0.00123621
frame_125
id: 914
stamp: 1783948414.026060581
T_odom_lidar: 
   0.576089     0.81589   0.0494535   0.0230949
    0.81736   -0.574523  -0.0429564  -0.0427789
-0.00663544    0.065168   -0.997852   0.0712319
          0           0           0           1
T_world_lidar: 
   0.576089     0.81589   0.0494535   0.0230949
    0.81736   -0.574523  -0.0429564  -0.0427789
-0.00663544    0.065168   -0.997852   0.0712319
          0           0           0           1
v_world_imu:  0.00257974 0.000169783  -0.0010859
frame_126
id: 915
stamp: 1783948414.126927614
T_odom_lidar: 
    0.57609    0.815891   0.0494117   0.0229636
   0.817359    -0.57453  -0.0428876  -0.0425756
-0.00660313   0.0650943   -0.997857   0.0711852
          0           0           0           1
T_world_lidar: 
    0.57609    0.815891   0.0494117   0.0229636
   0.817359    -0.57453  -0.0428876  -0.0425756
-0.00660313   0.0650943   -0.997857   0.0711852
          0           0           0           1
v_world_imu:  0.00222282 0.000456726 -0.00069688
frame_127
id: 916
stamp: 1783948414.228743553
T_odom_lidar: 
   0.576143    0.815851   0.0494578    0.022804
   0.817323   -0.574586  -0.0428279  -0.0423483
-0.00652349    0.065098   -0.997858     0.07114
          0           0           0           1
T_world_lidar: 
   0.576143    0.815851   0.0494578    0.022804
   0.817323   -0.574586  -0.0428279  -0.0423483
-0.00652349    0.065098   -0.997858     0.07114
          0           0           0           1
v_world_imu:   0.00185608 -9.68016e-05 -7.57332e-05
frame_128
id: 917
stamp: 1783948414.328653812
T_odom_lidar: 
   0.576148    0.815852   0.0493878   0.0226187
    0.81732   -0.574594  -0.0427827  -0.0421954
-0.00652642   0.0650147   -0.997863   0.0711201
          0           0           0           1
T_world_lidar: 
   0.576148    0.815852   0.0493878   0.0226187
    0.81732   -0.574594  -0.0427827  -0.0421954
-0.00652642   0.0650147   -0.997863   0.0711201
          0           0           0           1
v_world_imu:    0.0022524 -0.000442932 -0.000198124
frame_129
id: 918
stamp: 1783948414.429513693
T_odom_lidar: 
   0.576175    0.815838   0.0493096    0.022489
   0.817301   -0.574626  -0.0427206  -0.0420598
-0.00651852   0.0649153   -0.997869   0.0711338
          0           0           0           1
T_world_lidar: 
   0.576175    0.815838   0.0493096    0.022489
   0.817301   -0.574626  -0.0427206  -0.0420598
-0.00651852   0.0649153   -0.997869   0.0711338
          0           0           0           1
v_world_imu:   0.00193534  -0.00112977 -0.000111867
frame_130
id: 919
stamp: 1783948414.530381918
T_odom_lidar: 
   0.576171    0.815841    0.049302   0.0223195
   0.817303   -0.574624  -0.0426984  -0.0419392
-0.00650501   0.0648963   -0.997871    0.071118
          0           0           0           1
T_world_lidar: 
   0.576171    0.815841    0.049302   0.0223195
   0.817303   -0.574624  -0.0426984  -0.0419392
-0.00650501   0.0648963   -0.997871    0.071118
          0           0           0           1
v_world_imu:   0.00129868   -0.0008953 -0.000574809
frame_131
id: 920
stamp: 1783948414.631248474
T_odom_lidar: 
   0.576213    0.815816   0.0492238     0.02211
   0.817273   -0.574664  -0.0427282  -0.0418265
-0.00657119   0.0648498   -0.997873   0.0710836
          0           0           0           1
T_world_lidar: 
   0.576213    0.815816   0.0492238     0.02211
   0.817273   -0.574664  -0.0427282  -0.0418265
-0.00657119   0.0648498   -0.997873   0.0710836
          0           0           0           1
v_world_imu:  0.00163898 -0.00134738 6.73844e-06
frame_132
id: 921
stamp: 1783948414.732109547
T_odom_lidar: 
     0.5763    0.815759   0.0491411   0.0219543
   0.817212   -0.574752  -0.0427192  -0.0417422
-0.00660462   0.0647778   -0.997878   0.0711038
          0           0           0           1
T_world_lidar: 
     0.5763    0.815759   0.0491411   0.0219543
   0.817212   -0.574752  -0.0427192  -0.0417422
-0.00660462   0.0647778   -0.997878   0.0711038
          0           0           0           1
v_world_imu:  0.00125579 -0.00251672  0.00233807
frame_133
id: 922
stamp: 1783948414.832971573
T_odom_lidar: 
   0.576313    0.815745   0.0492314   0.0218116
   0.817203   -0.574769  -0.0426608  -0.0416929
-0.00650365    0.064818   -0.997876   0.0711825
          0           0           0           1
T_world_lidar: 
   0.576313    0.815745   0.0492314   0.0218116
   0.817203   -0.574769  -0.0426608  -0.0416929
-0.00650365    0.064818   -0.997876   0.0711825
          0           0           0           1
v_world_imu:  0.00146343 -0.00318315  0.00253647
frame_134
id: 923
stamp: 1783948414.934232950
T_odom_lidar: 
    0.57631    0.815744   0.0492725   0.0217403
   0.817205   -0.574766    -0.04265  -0.0416692
-0.00647127   0.0648453   -0.997874   0.0712401
          0           0           0           1
T_world_lidar: 
    0.57631    0.815744   0.0492725   0.0217403
   0.817205   -0.574766    -0.04265  -0.0416692
-0.00647127   0.0648453   -0.997874   0.0712401
          0           0           0           1
v_world_imu:  0.00142039 -0.00349688  0.00297487
frame_135
id: 924
stamp: 1783948415.034711123
T_odom_lidar: 
   0.576339    0.815719    0.049361   0.0216341
   0.817186   -0.574797  -0.0426151  -0.0416762
-0.00638943   0.0648978   -0.997871   0.0713028
          0           0           0           1
T_world_lidar: 
   0.576339    0.815719    0.049361   0.0216341
   0.817186   -0.574797  -0.0426151  -0.0416762
-0.00638943   0.0648978   -0.997871   0.0713028
          0           0           0           1
v_world_imu:   0.0016953 -0.00239104 0.000841602
frame_136
id: 925
stamp: 1783948415.135580063
T_odom_lidar: 
   0.576403     0.81568   0.0492546   0.0215182
    0.81714   -0.574856  -0.0427014  -0.0416827
-0.00651634   0.0648611   -0.997873   0.0714264
          0           0           0           1
T_world_lidar: 
   0.576403     0.81568   0.0492546   0.0215182
    0.81714   -0.574856  -0.0427014  -0.0416827
-0.00651634   0.0648611   -0.997873   0.0714264
          0           0           0           1
v_world_imu:   0.0019213 -0.00265463 0.000863165
frame_137
id: 926
stamp: 1783948415.236426353
T_odom_lidar: 
   0.576437    0.815653   0.0493091   0.0214249
   0.817115   -0.574882  -0.0428134  -0.0416963
-0.00657397   0.0649704   -0.997866   0.0715107
          0           0           0           1
T_world_lidar: 
   0.576437    0.815653   0.0493091   0.0214249
   0.817115   -0.574882  -0.0428134  -0.0416963
-0.00657397   0.0649704   -0.997866   0.0715107
          0           0           0           1
v_world_imu:  0.00189405 -0.00316745  0.00100832
frame_138
id: 927
stamp: 1783948415.337333918
T_odom_lidar: 
   0.576496    0.815613   0.0492825    0.021402
   0.817073   -0.574938  -0.0428685  -0.0417831
-0.00662977   0.0649809   -0.997864   0.0715896
          0           0           0           1
T_world_lidar: 
   0.576496    0.815613   0.0492825    0.021402
   0.817073   -0.574938  -0.0428685  -0.0417831
-0.00662977   0.0649809   -0.997864   0.0715896
          0           0           0           1
v_world_imu:   0.0027375 -0.00388827  0.00078922
frame_139
id: 928
stamp: 1783948415.438157320
T_odom_lidar: 
   0.576567    0.815568   0.0491818   0.0214698
   0.817021   -0.575002  -0.0430003  -0.0418856
-0.00679007   0.0649751   -0.997864   0.0717042
          0           0           0           1
T_world_lidar: 
   0.576567    0.815568   0.0491818   0.0214698
   0.817021   -0.575002  -0.0430003  -0.0418856
-0.00679007   0.0649751   -0.997864   0.0717042
          0           0           0           1
v_world_imu:  0.00254592 -0.00426008  0.00279705
frame_140
id: 929
stamp: 1783948415.541183710
T_odom_lidar: 
   0.576573    0.815561   0.0492376   0.0215565
   0.817018   -0.575008  -0.0429742  -0.0419763
-0.00673604   0.0650057   -0.997862   0.0718019
          0           0           0           1
T_world_lidar: 
   0.576573    0.815561   0.0492376   0.0215565
   0.817018   -0.575008  -0.0429742  -0.0419763
-0.00673604   0.0650057   -0.997862   0.0718019
          0           0           0           1
v_world_imu:   0.0026055 -0.00429188  0.00291435
frame_141
id: 930
stamp: 1783948415.641781092
T_odom_lidar: 
   0.576621    0.815519   0.0493657   0.0217536
   0.816985   -0.575059  -0.0429203  -0.0420542
-0.00661419   0.0650798   -0.997858   0.0718514
          0           0           0           1
T_world_lidar: 
   0.576621    0.815519   0.0493657   0.0217536
   0.816985   -0.575059  -0.0429203  -0.0420542
-0.00661419   0.0650798   -0.997858   0.0718514
          0           0           0           1
v_world_imu:  0.00372832 -0.00332152 0.000357656
frame_142
id: 931
stamp: 1783948415.740754128
T_odom_lidar: 
   0.576636    0.815507   0.0493849   0.0219298
   0.816974    -0.57507  -0.0429957  -0.0421093
-0.00666352    0.065139   -0.997854   0.0718832
          0           0           0           1
T_world_lidar: 
   0.576636    0.815507   0.0493849   0.0219298
   0.816974    -0.57507  -0.0429957  -0.0421093
-0.00666352    0.065139   -0.997854   0.0718832
          0           0           0           1
v_world_imu:  0.00408782 -0.00307588 0.000464025
frame_143
id: 932
stamp: 1783948415.841649294
T_odom_lidar: 
   0.576627    0.815512   0.0494126   0.0221083
    0.81698   -0.575061  -0.0429906  -0.0421593
-0.00664406   0.0651587   -0.997853   0.0719597
          0           0           0           1
T_world_lidar: 
   0.576627    0.815512   0.0494126   0.0221083
    0.81698   -0.575061  -0.0429906  -0.0421593
-0.00664406   0.0651587   -0.997853   0.0719597
          0           0           0           1
v_world_imu:  0.00340201 -0.00294721 0.000244264
frame_144
id: 933
stamp: 1783948415.942476988
T_odom_lidar: 
   0.576653    0.815492    0.049447   0.0222544
   0.816963    -0.57509  -0.0429262  -0.0421605
-0.00656947   0.0651499   -0.997854   0.0719354
          0           0           0           1
T_world_lidar: 
   0.576653    0.815492    0.049447   0.0222544
   0.816963    -0.57509  -0.0429262  -0.0421605
-0.00656947   0.0651499   -0.997854   0.0719354
          0           0           0           1
v_world_imu:    0.0031856   -0.0025553 -0.000317254
frame_145
id: 934
stamp: 1783948416.043354034
T_odom_lidar: 
   0.576685    0.815465   0.0495211   0.0223661
   0.816941   -0.575123   -0.042904  -0.0421601
-0.00650596   0.0651979   -0.997851    0.071902
          0           0           0           1
T_world_lidar: 
   0.576685    0.815465   0.0495211   0.0223661
   0.816941   -0.575123   -0.042904  -0.0421601
-0.00650596   0.0651979   -0.997851    0.071902
          0           0           0           1
v_world_imu:   0.00292554  -0.00206813 -0.000365446
frame_146
id: 935
stamp: 1783948416.144206762
T_odom_lidar: 
   0.576684    0.815474   0.0493836   0.0223155
   0.816941   -0.575123  -0.0429044  -0.0422828
-0.00658581   0.0650857   -0.997858   0.0721453
          0           0           0           1
T_world_lidar: 
   0.576684    0.815474   0.0493836   0.0223155
   0.816941   -0.575123  -0.0429044  -0.0422828
-0.00658581   0.0650857   -0.997858   0.0721453
          0           0           0           1
v_world_imu:  0.00230582 -0.00182821 0.000137552
frame_147
id: 936
stamp: 1783948416.245072603
T_odom_lidar: 
   0.576696    0.815465   0.0493722    0.022045
   0.816932   -0.575136  -0.0429015  -0.0425208
-0.00658895   0.0650749   -0.997859   0.0721218
          0           0           0           1
T_world_lidar: 
   0.576696    0.815465   0.0493722    0.022045
   0.816932   -0.575136  -0.0429015  -0.0425208
-0.00658895   0.0650749   -0.997859   0.0721218
          0           0           0           1
v_world_imu:  0.00139181 -0.00211115 0.000592903
frame_148
id: 937
stamp: 1783948416.345939636
T_odom_lidar: 
   0.576671    0.815486   0.0493296    0.022076
    0.81695   -0.575112  -0.0428821  -0.0424613
-0.00659966   0.0650287   -0.997862   0.0722135
          0           0           0           1
T_world_lidar: 
   0.576671    0.815486   0.0493296    0.022076
    0.81695   -0.575112  -0.0428821  -0.0424613
-0.00659966   0.0650287   -0.997862   0.0722135
          0           0           0           1
v_world_imu:  0.00109509 -0.00162668 0.000363942
frame_149
id: 938
stamp: 1783948416.446800232
T_odom_lidar: 
   0.576658    0.815501   0.0492291   0.0221064
   0.816958   -0.575103  -0.0428464  -0.0424138
-0.00662944   0.0649259   -0.997868   0.0721874
          0           0           0           1
T_world_lidar: 
   0.576658    0.815501   0.0492291   0.0221064
   0.816958   -0.575103  -0.0428464  -0.0424138
-0.00662944   0.0649259   -0.997868   0.0721874
          0           0           0           1
v_world_imu:  0.000946483  -0.00167362 -0.000126044
frame_150
id: 939
stamp: 1783948416.547672033
T_odom_lidar: 
   0.576677    0.815485    0.049271    0.022122
   0.816945   -0.575122   -0.042841  -0.0423254
-0.00659942   0.0649571   -0.997866   0.0721852
          0           0           0           1
T_world_lidar: 
   0.576677    0.815485    0.049271    0.022122
   0.816945   -0.575122   -0.042841  -0.0423254
-0.00659942   0.0649571   -0.997866   0.0721852
          0           0           0           1
v_world_imu:   0.00112977   -0.0015973 -0.000246857
frame_151
id: 940
stamp: 1783948416.648532629
T_odom_lidar: 
   0.576677    0.815486   0.0492496   0.0221578
   0.816945   -0.575119  -0.0428774  -0.0422747
-0.00664153   0.0649607   -0.997866   0.0721981
          0           0           0           1
T_world_lidar: 
   0.576677    0.815486   0.0492496   0.0221578
   0.816945   -0.575119  -0.0428774  -0.0422747
-0.00664153   0.0649607   -0.997866   0.0721981
          0           0           0           1
v_world_imu: 0.000125253 -0.00229934  0.00175592
frame_152
id: 941
stamp: 1783948416.749395847
T_odom_lidar: 
   0.576664    0.815489   0.0493546   0.0222538
   0.816956   -0.575115   -0.042737  -0.0422152
-0.00646702   0.0649654   -0.997867   0.0721476
          0           0           0           1
T_world_lidar: 
   0.576664    0.815489   0.0493546   0.0222538
   0.816956   -0.575115   -0.042737  -0.0422152
-0.00646702   0.0649654   -0.997867   0.0721476
          0           0           0           1
v_world_imu:   0.00104989  -0.00148304 -0.000437095
frame_153
id: 942
stamp: 1783948416.850263596
T_odom_lidar: 
  0.576661   0.815496  0.0492765  0.0223144
  0.816957   -0.57511 -0.0427779 -0.0421974
-0.0065458  0.0649251  -0.997869  0.0720902
         0          0          0          1
T_world_lidar: 
  0.576661   0.815496  0.0492765  0.0223144
  0.816957   -0.57511 -0.0427779 -0.0421974
-0.0065458  0.0649251  -0.997869  0.0720902
         0          0          0          1
v_world_imu:   0.00104089  -0.00155956 -0.000472996
frame_154
id: 943
stamp: 1783948416.951159477
T_odom_lidar: 
   0.576701     0.81547    0.049234   0.0224869
   0.816929   -0.575153  -0.0427333   -0.042195
-0.00653066    0.064865   -0.997873   0.0720385
          0           0           0           1
T_world_lidar: 
   0.576701     0.81547    0.049234   0.0224869
   0.816929   -0.575153  -0.0427333   -0.042195
-0.00653066    0.064865   -0.997873   0.0720385
          0           0           0           1
v_world_imu:   0.00130414  -0.00204308 -0.000408735
frame_155
id: 944
stamp: 1783948417.051997185
T_odom_lidar: 
  0.576649   0.815505  0.0492634  0.0225768
  0.816965  -0.575095 -0.0428126 -0.0422264
-0.0065827  0.0649343  -0.997868  0.0720342
         0          0          0          1
T_world_lidar: 
  0.576649   0.815505  0.0492634  0.0225768
  0.816965  -0.575095 -0.0428126 -0.0422264
-0.0065827  0.0649343  -0.997868  0.0720342
         0          0          0          1
v_world_imu: 0.000232341 -0.00277573  0.00182317
frame_156
id: 945
stamp: 1783948417.152848959
T_odom_lidar: 
   0.576664    0.815487   0.0493935   0.0227592
   0.816956   -0.575116  -0.0427107  -0.0422333
-0.00642301    0.064982   -0.997866   0.0720303
          0           0           0           1
T_world_lidar: 
   0.576664    0.815487   0.0493935   0.0227592
   0.816956   -0.575116  -0.0427107  -0.0422333
-0.00642301    0.064982   -0.997866   0.0720303
          0           0           0           1
v_world_imu:   0.00101382  -0.00163914 -0.000107783
frame_157
id: 946
stamp: 1783948417.253714085
T_odom_lidar: 
   0.576646    0.815504   0.0493109   0.0229542
   0.816968   -0.575097  -0.0427391  -0.0422406
-0.00649536   0.0649308   -0.997869   0.0720291
          0           0           0           1
T_world_lidar: 
   0.576646    0.815504   0.0493109   0.0229542
   0.816968   -0.575097  -0.0427391  -0.0422406
-0.00649536   0.0649308   -0.997869   0.0720291
          0           0           0           1
v_world_imu:   0.00088428  -0.00157205 -0.000198513
frame_158
id: 947
stamp: 1783948417.354674339
T_odom_lidar: 
   0.576658    0.815496   0.0493195   0.0228409
    0.81696   -0.575102   -0.042832  -0.0424855
-0.00656557   0.0649914   -0.997864   0.0719171
          0           0           0           1
T_world_lidar: 
   0.576658    0.815496   0.0493195   0.0228409
    0.81696   -0.575102   -0.042832  -0.0424855
-0.00656557   0.0649914   -0.997864   0.0719171
          0           0           0           1
v_world_imu: -0.00019549 -0.00182906 0.000800873
frame_159
id: 948
stamp: 1783948417.455448151
T_odom_lidar: 
   0.576605    0.815531   0.0493591   0.0229178
   0.816996   -0.575042  -0.0429329   -0.042521
-0.00662951   0.0650815   -0.997858   0.0720683
          0           0           0           1
T_world_lidar: 
   0.576605    0.815531   0.0493591   0.0229178
   0.816996   -0.575042  -0.0429329   -0.042521
-0.00662951   0.0650815   -0.997858   0.0720683
          0           0           0           1
v_world_imu: -0.000981304  -0.00237276   0.00283374
frame_160
id: 949
stamp: 1783948417.556307077
T_odom_lidar: 
  0.576617   0.815518  0.0494213  0.0230772
  0.816989  -0.575064  -0.042798 -0.0425708
-0.0064822  0.0650547  -0.997861  0.0720937
         0          0          0          1
T_world_lidar: 
  0.576617   0.815518  0.0494213  0.0230772
  0.816989  -0.575064  -0.042798 -0.0425708
-0.0064822  0.0650547  -0.997861  0.0720937
         0          0          0          1
v_world_imu: -0.000346886  -0.00126924   0.00080201
frame_161
id: 950
stamp: 1783948417.657176018
T_odom_lidar: 
   0.576581    0.815545   0.0494048   0.0232061
   0.817014   -0.575027  -0.0427982  -0.0425257
-0.00649468   0.0650411   -0.997861   0.0721095
          0           0           0           1
T_world_lidar: 
   0.576581    0.815545   0.0494048   0.0232061
   0.817014   -0.575027  -0.0427982  -0.0425257
-0.00649468   0.0650411   -0.997861   0.0721095
          0           0           0           1
v_world_imu:  -0.00102869 -0.000622139  0.000605723
frame_162
id: 951
stamp: 1783948417.758037329
T_odom_lidar: 
   0.576586    0.815541   0.0494112   0.0232404
   0.817011    -0.57503  -0.0428247  -0.0424524
-0.00651239   0.0650615    -0.99786   0.0721459
          0           0           0           1
T_world_lidar: 
   0.576586    0.815541   0.0494112   0.0232404
   0.817011    -0.57503  -0.0428247  -0.0424524
-0.00651239   0.0650615    -0.99786   0.0721459
          0           0           0           1
v_world_imu: -0.00196332 9.45363e-05 0.000334721
frame_163
id: 952
stamp: 1783948417.858905077
T_odom_lidar: 
   0.576601    0.815534   0.0493534   0.0232299
      0.817   -0.575048   -0.042797  -0.0423535
-0.00652189   0.0649985   -0.997864   0.0721965
          0           0           0           1
T_world_lidar: 
   0.576601    0.815534   0.0493534   0.0232299
      0.817   -0.575048   -0.042797  -0.0423535
-0.00652189   0.0649985   -0.997864   0.0721965
          0           0           0           1
v_world_imu: -0.00206278 0.000205045   0.0006358
frame_164
id: 953
stamp: 1783948417.959765911
T_odom_lidar: 
   0.576649    0.815504   0.0492874   0.0232185
   0.816966   -0.575096  -0.0428009  -0.0422169
-0.00655932   0.0649473   -0.997867   0.0722744
          0           0           0           1
T_world_lidar: 
   0.576649    0.815504   0.0492874   0.0232185
   0.816966   -0.575096  -0.0428009  -0.0422169
-0.00655932   0.0649473   -0.997867   0.0722744
          0           0           0           1
v_world_imu: -0.00239522  0.00111175 0.000609617
frame_165
id: 954
stamp: 1783948418.060628414
T_odom_lidar: 
   0.576666    0.815493   0.0492628   0.0232024
   0.816954   -0.575116  -0.0427538  -0.0420333
-0.00653359   0.0649001    -0.99787   0.0723184
          0           0           0           1
T_world_lidar: 
   0.576666    0.815493   0.0492628   0.0232024
   0.816954   -0.575116  -0.0427538  -0.0420333
-0.00653359   0.0649001    -0.99787   0.0723184
          0           0           0           1
v_world_imu: -0.00256524  0.00155584 0.000410839
frame_166
id: 955
stamp: 1783948418.165958643
T_odom_lidar: 
    0.57666      0.8155   0.0492245   0.0231666
   0.816957    -0.57511  -0.0427732  -0.0418379
-0.00657206   0.0648799   -0.997871   0.0723762
          0           0           0           1
T_world_lidar: 
    0.57666      0.8155   0.0492245   0.0231666
   0.816957    -0.57511  -0.0427732  -0.0418379
-0.00657206   0.0648799   -0.997871   0.0723762
          0           0           0           1
v_world_imu: -0.00347473  0.00195898 8.57979e-05
frame_167
id: 956
stamp: 1783948418.263552904
T_odom_lidar: 
   0.576635     0.81552   0.0491902   0.0231548
   0.816976   -0.575087  -0.0427277  -0.0416814
-0.00655664   0.0648254   -0.997875   0.0724008
          0           0           0           1
T_world_lidar: 
   0.576635     0.81552   0.0491902   0.0231548
   0.816976   -0.575087  -0.0427277  -0.0416814
-0.00655664   0.0648254   -0.997875   0.0724008
          0           0           0           1
v_world_imu: -0.00346881  0.00153395 0.000245446
frame_168
id: 957
stamp: 1783948418.363229990
T_odom_lidar: 
   0.576675    0.815495   0.0491304   0.0230872
   0.816947   -0.575128  -0.0427192  -0.0415715
-0.00658101    0.064772   -0.997878    0.072423
          0           0           0           1
T_world_lidar: 
   0.576675    0.815495   0.0491304   0.0230872
   0.816947   -0.575128  -0.0427192  -0.0415715
-0.00658101    0.064772   -0.997878    0.072423
          0           0           0           1
v_world_imu: -0.00382343  0.00118943  0.00042738
frame_169
id: 958
stamp: 1783948418.464084864
T_odom_lidar: 
   0.576701    0.815478   0.0491104   0.0230294
   0.816929   -0.575155  -0.0427155  -0.0414791
-0.00658751   0.0647538    -0.99788   0.0724885
          0           0           0           1
T_world_lidar: 
   0.576701    0.815478   0.0491104   0.0230294
   0.816929   -0.575155  -0.0427155  -0.0414791
-0.00658751   0.0647538    -0.99788   0.0724885
          0           0           0           1
v_world_imu: -0.00369206 0.000850647 0.000523489
frame_170
id: 959
stamp: 1783948418.564955950
T_odom_lidar: 
  0.576698   0.815479  0.0491294  0.0229137
  0.816931  -0.575147 -0.0427776 -0.0413611
-0.0066276   0.064805  -0.997876  0.0725776
         0          0          0          1
T_world_lidar: 
  0.576698   0.815479  0.0491294  0.0229137
  0.816931  -0.575147 -0.0427776 -0.0413611
-0.0066276   0.064805  -0.997876  0.0725776
         0          0          0          1
v_world_imu: -0.00395161  0.00170241 0.000740702
frame_171
id: 960
stamp: 1783948418.665822983
T_odom_lidar: 
    0.57667    0.815499   0.0491197   0.0228299
    0.81695   -0.575119  -0.0427923  -0.0412187
-0.00664744   0.0648054   -0.997876   0.0726895
          0           0           0           1
T_world_lidar: 
    0.57667    0.815499   0.0491197   0.0228299
    0.81695   -0.575119  -0.0427923  -0.0412187
-0.00664744   0.0648054   -0.997876   0.0726895
          0           0           0           1
v_world_imu: -0.00395447  0.00188522  0.00112149
frame_172
id: 961
stamp: 1783948418.766683102
T_odom_lidar: 
   0.576712    0.815466   0.0491801   0.0227719
   0.816921   -0.575163  -0.0427501  -0.0410862
-0.00657466   0.0648307   -0.997875   0.0728125
          0           0           0           1
T_world_lidar: 
   0.576712    0.815466   0.0491801   0.0227719
   0.816921   -0.575163  -0.0427501  -0.0410862
-0.00657466   0.0648307   -0.997875   0.0728125
          0           0           0           1
v_world_imu: -0.00367183  0.00183216  0.00140438
frame_173
id: 962
stamp: 1783948418.867545605
T_odom_lidar: 
   0.576693    0.815478   0.0491994     0.02269
   0.816935   -0.575142   -0.042775  -0.0409687
-0.00658546   0.0648608   -0.997873   0.0729969
          0           0           0           1
T_world_lidar: 
   0.576693    0.815478   0.0491994     0.02269
   0.816935   -0.575142   -0.042775  -0.0409687
-0.00658546   0.0648608   -0.997873   0.0729969
          0           0           0           1
v_world_imu: -0.00450539  0.00108604  0.00349033
frame_174
id: 963
stamp: 1783948418.968650818
T_odom_lidar: 
   0.576659    0.815496   0.0493092   0.0226695
    0.81696   -0.575114  -0.0426609  -0.0408733
-0.00643135   0.0648844   -0.997872   0.0731012
          0           0           0           1
T_world_lidar: 
   0.576659    0.815496   0.0493092   0.0226695
    0.81696   -0.575114  -0.0426609  -0.0408733
-0.00643135   0.0648844   -0.997872   0.0731012
          0           0           0           1
v_world_imu: -0.00349641  0.00180121 0.000791001
frame_175
id: 964
stamp: 1783948419.069280863
T_odom_lidar: 
   0.576626    0.815519   0.0493137   0.0226565
   0.816983   -0.575081  -0.0426641  -0.0408119
-0.00643399   0.0648896   -0.997872   0.0732282
          0           0           0           1
T_world_lidar: 
   0.576626    0.815519   0.0493137   0.0226565
   0.816983   -0.575081  -0.0426641  -0.0408119
-0.00643399   0.0648896   -0.997872   0.0732282
          0           0           0           1
v_world_imu:  -0.0033968  0.00189793 0.000556075
frame_176
id: 965
stamp: 1783948419.170137882
T_odom_lidar: 
   0.576623    0.815519   0.0493521   0.0226937
   0.816985   -0.575076   -0.042698  -0.0407378
-0.00643981   0.0649405   -0.997868   0.0732557
          0           0           0           1
T_world_lidar: 
   0.576623    0.815519   0.0493521   0.0226937
   0.816985   -0.575076   -0.042698  -0.0407378
-0.00643981   0.0649405   -0.997868   0.0732557
          0           0           0           1
v_world_imu: -0.00303093  0.00220205 0.000583608
frame_177
id: 966
stamp: 1783948419.271001816
T_odom_lidar: 
   0.576645    0.815499   0.0494116   0.0227192
   0.816969   -0.575096  -0.0427252  -0.0406595
-0.00642596    0.065005   -0.997864   0.0733358
          0           0           0           1
T_world_lidar: 
   0.576645    0.815499   0.0494116   0.0227192
   0.816969   -0.575096  -0.0427252  -0.0406595
-0.00642596    0.065005   -0.997864   0.0733358
          0           0           0           1
v_world_imu: -0.00332397  0.00217681 0.000416072
frame_178
id: 967
stamp: 1783948419.371866226
T_odom_lidar: 
   0.576618    0.815516   0.0494458   0.0227228
   0.816988   -0.575063  -0.0428104  -0.0406082
-0.00647817   0.0650819   -0.997859   0.0734238
          0           0           0           1
T_world_lidar: 
   0.576618    0.815516   0.0494458   0.0227228
   0.816988   -0.575063  -0.0428104  -0.0406082
-0.00647817   0.0650819   -0.997859   0.0734238
          0           0           0           1
v_world_imu: -0.00329439  0.00243725 0.000550826
frame_179
id: 968
stamp: 1783948419.472763062
T_odom_lidar: 
  0.576631   0.815503  0.0495156  0.0227481
  0.816979  -0.575073 -0.0428587 -0.0405279
-0.0064763  0.0651669  -0.997853  0.0734675
         0          0          0          1
T_world_lidar: 
  0.576631   0.815503  0.0495156  0.0227481
  0.816979  -0.575073 -0.0428587 -0.0405279
-0.0064763  0.0651669  -0.997853  0.0734675
         0          0          0          1
v_world_imu: -0.00358702  0.00235176 0.000563441
frame_180
id: 969
stamp: 1783948419.573868990
T_odom_lidar: 
   0.576648     0.81549   0.0495319   0.0227517
   0.816967   -0.575084  -0.0429434  -0.0404863
-0.00653489   0.0652292   -0.997849   0.0735129
          0           0           0           1
T_world_lidar: 
   0.576648     0.81549   0.0495319   0.0227517
   0.816967   -0.575084  -0.0429434  -0.0404863
-0.00653489   0.0652292   -0.997849   0.0735129
          0           0           0           1
v_world_imu: -0.00379754  0.00280085 0.000200905
frame_181
id: 970
stamp: 1783948419.674510479
T_odom_lidar: 
    0.57666    0.815483   0.0495101    0.022756
   0.816958   -0.575096  -0.0429482  -0.0403663
-0.00655045   0.0652142    -0.99785    0.073536
          0           0           0           1
T_world_lidar: 
    0.57666    0.815483   0.0495101    0.022756
   0.816958   -0.575096  -0.0429482  -0.0403663
-0.00655045   0.0652142    -0.99785    0.073536
          0           0           0           1
v_world_imu:  -0.00333181    0.0032504 -9.35843e-05
frame_182
id: 971
stamp: 1783948419.775321245
T_odom_lidar: 
   0.576659    0.815485    0.049496   0.0227859
   0.816959   -0.575096  -0.0429295  -0.0402599
-0.00654345   0.0651919   -0.997851   0.0735381
          0           0           0           1
T_world_lidar: 
   0.576659    0.815485    0.049496   0.0227859
   0.816959   -0.575096  -0.0429295  -0.0402599
-0.00654345   0.0651919   -0.997851   0.0735381
          0           0           0           1
v_world_imu:  -0.00348631   0.00299402 -0.000254838
frame_183
id: 972
stamp: 1783948419.876191854
T_odom_lidar: 
   0.576688    0.815464   0.0494968   0.0227956
   0.816938   -0.575123  -0.0429593  -0.0401606
-0.00656502   0.0652099    -0.99785   0.0735567
          0           0           0           1
T_world_lidar: 
   0.576688    0.815464   0.0494968   0.0227956
   0.816938   -0.575123  -0.0429593  -0.0401606
-0.00656502   0.0652099    -0.99785   0.0735567
          0           0           0           1
v_world_imu: -0.00346143  0.00313443 1.88427e-05
frame_184
id: 973
stamp: 1783948419.977051497
T_odom_lidar: 
   0.576712    0.815447   0.0494983   0.0228327
   0.816921   -0.575147   -0.042957  -0.0400287
-0.00656036     0.06521    -0.99785   0.0735235
          0           0           0           1
T_world_lidar: 
   0.576712    0.815447   0.0494983   0.0228327
   0.816921   -0.575147   -0.042957  -0.0400287
-0.00656036     0.06521    -0.99785   0.0735235
          0           0           0           1
v_world_imu:  -0.00314464   0.00362478 -0.000243079
frame_185
id: 974
stamp: 1783948420.077938318
T_odom_lidar: 
   0.576712    0.815452   0.0494082   0.0226277
    0.81692    -0.57514  -0.0430828  -0.0400941
-0.00671533   0.0652089   -0.997849   0.0737649
          0           0           0           1
T_world_lidar: 
   0.576712    0.815452   0.0494082   0.0226277
    0.81692    -0.57514  -0.0430828  -0.0400941
-0.00671533   0.0652089   -0.997849   0.0737649
          0           0           0           1
v_world_imu: -0.00335669  0.00388766 0.000417618
frame_186
id: 975
stamp: 1783948420.178786039
T_odom_lidar: 
   0.576695    0.815463   0.0494287   0.0226539
   0.816932   -0.575123  -0.0430742  -0.0399406
-0.00669775   0.0652206   -0.997848   0.0737849
          0           0           0           1
T_world_lidar: 
   0.576695    0.815463   0.0494287   0.0226539
   0.816932   -0.575123  -0.0430742  -0.0399406
-0.00669775   0.0652206   -0.997848   0.0737849
          0           0           0           1
v_world_imu: -0.00329572  0.00372699 0.000544682
frame_187
id: 976
stamp: 1783948420.279957294
T_odom_lidar: 
   0.576721    0.815438    0.049533   0.0226586
   0.816914   -0.575152  -0.0430301  -0.0397939
-0.00659942   0.0652806   -0.997845   0.0738821
          0           0           0           1
T_world_lidar: 
   0.576721    0.815438    0.049533   0.0226586
   0.816914   -0.575152  -0.0430301  -0.0397939
-0.00659942   0.0652806   -0.997845   0.0738821
          0           0           0           1
v_world_imu: -0.00325963   0.0037675 0.000383137
frame_188
id: 977
stamp: 1783948420.380543232
T_odom_lidar: 
   0.576763    0.815411   0.0494903   0.0224156
   0.816884   -0.575191  -0.0430767  -0.0399062
-0.00665881   0.0652729   -0.997845   0.0738275
          0           0           0           1
T_world_lidar: 
   0.576763    0.815411   0.0494903   0.0224156
   0.816884   -0.575191  -0.0430767  -0.0399062
-0.00665881   0.0652729   -0.997845   0.0738275
          0           0           0           1
v_world_imu: -0.00380813  0.00335728  0.00103922
frame_189
id: 978
stamp: 1783948420.481375694
T_odom_lidar: 
   0.576755    0.815414   0.0495232   0.0224023
    0.81689   -0.575185  -0.0430378  -0.0398209
-0.00660862   0.0652773   -0.997845    0.073908
          0           0           0           1
T_world_lidar: 
   0.576755    0.815414   0.0495232   0.0224023
    0.81689   -0.575185  -0.0430378  -0.0398209
-0.00660862   0.0652773   -0.997845    0.073908
          0           0           0           1
v_world_imu: -0.00365082  0.00331434 0.000397284
frame_190
id: 979
stamp: 1783948420.582237005
T_odom_lidar: 
   0.576746    0.815422   0.0495089   0.0223829
   0.816897   -0.575176  -0.0430349  -0.0397129
-0.00661527   0.0652639   -0.997846   0.0739913
          0           0           0           1
T_world_lidar: 
   0.576746    0.815422   0.0495089   0.0223829
   0.816897   -0.575176  -0.0430349  -0.0397129
-0.00661527   0.0652639   -0.997846   0.0739913
          0           0           0           1
v_world_imu: -0.00439421  0.00299897  0.00215237
frame_191
id: 980
stamp: 1783948420.683105230
T_odom_lidar: 
   0.576728    0.815427   0.0496394   0.0224095
   0.816911   -0.575169  -0.0428621  -0.0395681
-0.00639986   0.0652707   -0.997847   0.0740131
          0           0           0           1
T_world_lidar: 
   0.576728    0.815427   0.0496394   0.0224095
   0.816911   -0.575169  -0.0428621  -0.0395681
-0.00639986   0.0652707   -0.997847   0.0740131
          0           0           0           1
v_world_imu:  -0.00326453   0.00394229 -1.89063e-05
frame_192
id: 981
stamp: 1783948420.783968687
T_odom_lidar: 
   0.576735     0.81542   0.0496709   0.0223814
   0.816907   -0.575177  -0.0428415  -0.0394199
-0.00636423   0.0652847   -0.997846   0.0739764
          0           0           0           1
T_world_lidar: 
   0.576735     0.81542   0.0496709   0.0223814
   0.816907   -0.575177  -0.0428415  -0.0394199
-0.00636423   0.0652847   -0.997846   0.0739764
          0           0           0           1
v_world_imu:  -0.00355303   0.00396911 -4.68153e-05
frame_193
id: 982
stamp: 1783948420.884860277
T_odom_lidar: 
   0.576709    0.815434   0.0497329   0.0223487
   0.816925   -0.575153  -0.0428027   -0.039248
-0.00629875   0.0653128   -0.997845    0.074004
          0           0           0           1
T_world_lidar: 
   0.576709    0.815434   0.0497329   0.0223487
   0.816925   -0.575153  -0.0428027   -0.039248
-0.00629875   0.0653128   -0.997845    0.074004
          0           0           0           1
v_world_imu:  -0.00348144   0.00426798 -0.000387802
frame_194
id: 983
stamp: 1783948420.985692739
T_odom_lidar: 
   0.576656    0.815471   0.0497536   0.0223055
   0.816963   -0.575102  -0.0427682  -0.0390938
-0.00626279   0.0653094   -0.997845   0.0740184
          0           0           0           1
T_world_lidar: 
   0.576656    0.815471   0.0497536   0.0223055
   0.816963   -0.575102  -0.0427682  -0.0390938
-0.00626279   0.0653094   -0.997845   0.0740184
          0           0           0           1
v_world_imu: -0.00430068  0.00289787  0.00182557
frame_195
id: 984
stamp: 1783948421.086559534
T_odom_lidar: 
   0.576691    0.815442    0.049821   0.0222549
    0.81694   -0.575145  -0.0426319  -0.0390055
-0.00610952   0.0652862   -0.997848   0.0739227
          0           0           0           1
T_world_lidar: 
   0.576691    0.815442    0.049821   0.0222549
    0.81694   -0.575145  -0.0426319  -0.0390055
-0.00610952   0.0652862   -0.997848   0.0739227
          0           0           0           1
v_world_imu:  -0.00318137   0.00288271 -0.000855486
frame_196
id: 985
stamp: 1783948421.187456131
T_odom_lidar: 
   0.576685    0.815447   0.0497963   0.0221724
   0.816943    -0.57514  -0.0426294  -0.0389849
-0.00612218   0.0652645   -0.997849   0.0738371
          0           0           0           1
T_world_lidar: 
   0.576685    0.815447   0.0497963   0.0221724
   0.816943    -0.57514  -0.0426294  -0.0389849
-0.00612218   0.0652645   -0.997849   0.0738371
          0           0           0           1
v_world_imu: -0.00400546  0.00233125 -0.00117669
frame_197
id: 986
stamp: 1783948421.288289309
T_odom_lidar: 
   0.576666    0.815458    0.049846   0.0220361
   0.816956   -0.575113  -0.0427447  -0.0390118
-0.00618941   0.0653714   -0.997842   0.0737553
          0           0           0           1
T_world_lidar: 
   0.576666    0.815458    0.049846   0.0220361
   0.816956   -0.575113  -0.0427447  -0.0390118
-0.00618941   0.0653714   -0.997842   0.0737553
          0           0           0           1
v_world_imu: -0.00324616  0.00192788 -0.00124363
frame_198
id: 987
stamp: 1783948421.389150620
T_odom_lidar: 
    0.57666    0.815465   0.0497958    0.021965
    0.81696   -0.575104  -0.0427926  -0.0390842
-0.00625812    0.065358   -0.997842   0.0736114
          0           0           0           1
T_world_lidar: 
    0.57666    0.815465   0.0497958    0.021965
    0.81696   -0.575104  -0.0427926  -0.0390842
-0.00625812    0.065358   -0.997842   0.0736114
          0           0           0           1
v_world_imu: -0.00364287  0.00129101 -0.00156821
frame_199
id: 988
stamp: 1783948421.490042686
T_odom_lidar: 
  0.576689   0.815447  0.0497559  0.0218216
  0.816939  -0.575129 -0.0428568 -0.0392255
-0.0063314  0.0653626  -0.997841  0.0734153
         0          0          0          1
T_world_lidar: 
  0.576689   0.815447  0.0497559  0.0218216
  0.816939  -0.575129 -0.0428568 -0.0392255
-0.0063314  0.0653626  -0.997841  0.0734153
         0          0          0          1
v_world_imu: -0.00400706  0.00121696  -0.0022992
frame_200
id: 989
stamp: 1783948421.590898752
T_odom_lidar: 
   0.576671    0.815462   0.0497179   0.0216229
   0.816951   -0.575106  -0.0429486  -0.0393532
-0.00642986   0.0653843   -0.997839   0.0732029
          0           0           0           1
T_world_lidar: 
   0.576671    0.815462   0.0497179   0.0216229
   0.816951   -0.575106  -0.0429486  -0.0393532
-0.00642986   0.0653843   -0.997839   0.0732029
          0           0           0           1
v_world_imu:  -0.0035999  0.00139372 -0.00261428
frame_201
id: 990
stamp: 1783948421.691743851
T_odom_lidar: 
   0.576639    0.815491    0.049624   0.0214801
   0.816973    -0.57507  -0.0430065   -0.039498
-0.00653405   0.0653407   -0.997842   0.0729351
          0           0           0           1
T_world_lidar: 
   0.576639    0.815491    0.049624   0.0214801
   0.816973    -0.57507  -0.0430065   -0.039498
-0.00653405   0.0653407   -0.997842   0.0729351
          0           0           0           1
v_world_imu: -0.00319514  0.00103602 -0.00303866
frame_202
id: 991
stamp: 1783948421.792668104
T_odom_lidar: 
   0.576639    0.815492   0.0495982   0.0213276
   0.816973    -0.57507  -0.0430067    -0.03969
-0.00654919   0.0653197   -0.997843   0.0724002
          0           0           0           1
T_world_lidar: 
   0.576639    0.815492   0.0495982   0.0213276
   0.816973    -0.57507  -0.0430067    -0.03969
-0.00654919   0.0653197   -0.997843   0.0724002
          0           0           0           1
v_world_imu: -0.00374979 0.000612647 -0.00376462
frame_203
id: 992
stamp: 1783948421.893470526
T_odom_lidar: 
  0.576622    0.81551   0.049498  0.0210936
  0.816984  -0.575048 -0.0430998 -0.0399313
-0.0066846  0.0652914  -0.997844  0.0720599
         0          0          0          1
T_world_lidar: 
  0.576622    0.81551   0.049498  0.0210936
  0.816984  -0.575048 -0.0430998 -0.0399313
-0.0066846  0.0652914  -0.997844  0.0720599
         0          0          0          1
v_world_imu:  -0.00399086 -0.000645369  -0.00202614
frame_204
id: 993
stamp: 1783948421.994343758
T_odom_lidar: 
   0.576642    0.815494   0.0495391   0.0209653
    0.81697   -0.575072  -0.0430319  -0.0401667
-0.00660365   0.0652859   -0.997845    0.071637
          0           0           0           1
T_world_lidar: 
   0.576642    0.815494   0.0495391   0.0209653
    0.81697   -0.575072  -0.0430319  -0.0401667
-0.00660365   0.0652859   -0.997845    0.071637
          0           0           0           1
v_world_imu:  -0.00290256 -3.67846e-06  -0.00402416
frame_205
id: 994
stamp: 1783948422.095223427
T_odom_lidar: 
   0.576656    0.815489   0.0494593   0.0208016
   0.816959   -0.575078   -0.043157  -0.0404306
-0.00675102    0.065293   -0.997843    0.071182
          0           0           0           1
T_world_lidar: 
   0.576656    0.815489   0.0494593   0.0208016
   0.816959   -0.575078   -0.043157  -0.0404306
-0.00675102    0.065293   -0.997843    0.071182
          0           0           0           1
v_world_imu: -0.00354492 -0.00142891 -0.00269689
frame_206
id: 995
stamp: 1783948422.196081877
T_odom_lidar: 
   0.576573    0.815542   0.0495417   0.0206442
   0.817018   -0.574995  -0.0431581  -0.0407024
-0.00671103   0.0653602   -0.997839   0.0707952
          0           0           0           1
T_world_lidar: 
   0.576573    0.815542   0.0495417   0.0206442
   0.817018   -0.574995  -0.0431581  -0.0407024
-0.00671103   0.0653602   -0.997839   0.0707952
          0           0           0           1
v_world_imu: -0.00270794 -0.00125573 -0.00257915
frame_207
id: 996
stamp: 1783948422.297670603
T_odom_lidar: 
   0.576541    0.815563   0.0495689   0.0205657
   0.817041   -0.574967   -0.043089  -0.0409331
-0.00664133   0.0653424   -0.997841   0.0703039
          0           0           0           1
T_world_lidar: 
   0.576541    0.815563   0.0495689   0.0205657
   0.817041   -0.574967   -0.043089  -0.0409331
-0.00664133   0.0653424   -0.997841   0.0703039
          0           0           0           1
v_world_imu:  -0.0025021 -0.00116041 -0.00273261
frame_208
id: 997
stamp: 1783948422.397797585
T_odom_lidar: 
   0.576558    0.815546   0.0496573   0.0205462
    0.81703   -0.574985  -0.0430679  -0.0411518
-0.00657163   0.0654026   -0.997837   0.0698614
          0           0           0           1
T_world_lidar: 
   0.576558    0.815546   0.0496573   0.0205462
    0.81703   -0.574985  -0.0430679  -0.0411518
-0.00657163   0.0654026   -0.997837   0.0698614
          0           0           0           1
v_world_imu: -0.000467782 -0.000228153  -0.00415714
frame_209
id: 998
stamp: 1783948422.498670816
T_odom_lidar: 
   0.576528    0.815564   0.0497008   0.0205644
    0.81705    -0.57495  -0.0431453  -0.0413241
-0.00661233   0.0654825   -0.997832   0.0695265
          0           0           0           1
T_world_lidar: 
   0.576528    0.815564   0.0497008   0.0205644
    0.81705    -0.57495  -0.0431453  -0.0413241
-0.00661233   0.0654825   -0.997832   0.0695265
          0           0           0           1
v_world_imu:  0.000100006 -0.000110077  -0.00376799
frame_210
id: 999
stamp: 1783948422.599522829
T_odom_lidar: 
  0.576495   0.815589  0.0496855  0.0206214
  0.817074  -0.574915 -0.0431631 -0.0415085
-0.0066384    0.06548  -0.997832  0.0691144
         0          0          0          1
T_world_lidar: 
  0.576495   0.815589  0.0496855  0.0206214
  0.817074  -0.574915 -0.0431631 -0.0415085
-0.0066384    0.06548  -0.997832  0.0691144
         0          0          0          1
v_world_imu: -1.46331e-07 -0.000228919   -0.0035469
frame_211
id: 1000
stamp: 1783948422.700387478
T_odom_lidar: 
   0.576501    0.815584   0.0496937   0.0206046
   0.817069   -0.574918  -0.0432168  -0.0416587
-0.00667712   0.0655177   -0.997829   0.0688429
          0           0           0           1
T_world_lidar: 
   0.576501    0.815584   0.0496937   0.0206046
   0.817069   -0.574918  -0.0432168  -0.0416587
-0.00667712   0.0655177   -0.997829   0.0688429
          0           0           0           1
v_world_imu: -0.000448128  0.000214132  -0.00323929
frame_212
id: 1001
stamp: 1783948422.801249743
T_odom_lidar: 
   0.576472    0.815608   0.0496399   0.0205587
   0.817089   -0.574891  -0.0431934  -0.0417858
-0.00669133     0.06546   -0.997833   0.0685489
          0           0           0           1
T_world_lidar: 
   0.576472    0.815608   0.0496399   0.0205587
   0.817089   -0.574891  -0.0431934  -0.0417858
-0.00669133     0.06546   -0.997833   0.0685489
          0           0           0           1
v_world_imu: -0.000468346   0.00023225  -0.00233959
frame_213
id: 1002
stamp: 1783948422.902117729
T_odom_lidar: 
   0.576459     0.81562   0.0495912   0.0205261
   0.817098   -0.574876   -0.043222  -0.0418535
-0.00674387   0.0654366   -0.997834   0.0683361
          0           0           0           1
T_world_lidar: 
   0.576459     0.81562   0.0495912   0.0205261
   0.817098   -0.574876   -0.043222  -0.0418535
-0.00674387   0.0654366   -0.997834   0.0683361
          0           0           0           1
v_world_imu: -7.22003e-05  0.000601704  -0.00177558
frame_214
id: 1003
stamp: 1783948423.002988577
T_odom_lidar: 
     0.5764    0.815659   0.0496258   0.0204223
   0.817139   -0.574814  -0.0432654  -0.0419224
-0.00676414   0.0654894    -0.99783   0.0682421
          0           0           0           1
T_world_lidar: 
     0.5764    0.815659   0.0496258   0.0204223
   0.817139   -0.574814  -0.0432654  -0.0419224
-0.00676414   0.0654894    -0.99783   0.0682421
          0           0           0           1
v_world_imu: -0.000323579  0.000798998  -0.00123377
frame_215
id: 1004
stamp: 1783948423.103849888
T_odom_lidar: 
     0.5764    0.815663   0.0495787   0.0203368
    0.81714   -0.574814  -0.0432638  -0.0419452
-0.00679017     0.06545   -0.997833   0.0681518
          0           0           0           1
T_world_lidar: 
     0.5764    0.815663   0.0495787   0.0203368
    0.81714   -0.574814  -0.0432638  -0.0419452
-0.00679017     0.06545   -0.997833   0.0681518
          0           0           0           1
v_world_imu: -0.000426661  0.000666728 -0.000869836
frame_216
id: 1005
stamp: 1783948423.204710007
T_odom_lidar: 
   0.576387    0.815672   0.0495766   0.0201772
   0.817149   -0.574801  -0.0432713  -0.0419675
-0.00679858   0.0654524   -0.997833   0.0680954
          0           0           0           1
T_world_lidar: 
   0.576387    0.815672   0.0495766   0.0201772
   0.817149   -0.574801  -0.0432713  -0.0419675
-0.00679858   0.0654524   -0.997833   0.0680954
          0           0           0           1
v_world_imu: -0.000298352  0.000731264 -0.000116297
frame_217
id: 1006
stamp: 1783948423.305572510
T_odom_lidar: 
   0.576384    0.815677   0.0495253   0.0200882
    0.81715   -0.574797  -0.0432854  -0.0419618
-0.00683993   0.0654186   -0.997834   0.0681465
          0           0           0           1
T_world_lidar: 
   0.576384    0.815677   0.0495253   0.0200882
    0.81715   -0.574797  -0.0432854  -0.0419618
-0.00683993   0.0654186   -0.997834   0.0681465
          0           0           0           1
v_world_imu: 0.000100754 0.000936431 0.000505048
frame_218
id: 1007
stamp: 1783948423.406436682
T_odom_lidar: 
   0.576408    0.815664   0.0494585   0.0199844
   0.817133   -0.574818  -0.0433333  -0.0419087
-0.00691581   0.0653918   -0.997836   0.0682163
          0           0           0           1
T_world_lidar: 
   0.576408    0.815664   0.0494585   0.0199844
   0.817133   -0.574818  -0.0433333  -0.0419087
-0.00691581   0.0653918   -0.997836   0.0682163
          0           0           0           1
v_world_imu: 0.000350074  0.00154094  0.00122273
frame_219
id: 1008
stamp: 1783948423.508435965
T_odom_lidar: 
   0.576392    0.815682   0.0493522   0.0199034
   0.817143   -0.574796  -0.0434446  -0.0418335
-0.00706956   0.0653689   -0.997836   0.0683761
          0           0           0           1
T_world_lidar: 
   0.576392    0.815682   0.0493522   0.0199034
   0.817143   -0.574796  -0.0434446  -0.0418335
-0.00706956   0.0653689   -0.997836   0.0683761
          0           0           0           1
v_world_imu: 0.000660195 0.000348076  0.00307308
frame_220
id: 1009
stamp: 1783948423.608169794
T_odom_lidar: 
   0.576396    0.815673   0.0494363     0.01992
   0.817141   -0.574805  -0.0433671  -0.0417285
-0.00695715    0.065393   -0.997835   0.0685401
          0           0           0           1
T_world_lidar: 
   0.576396    0.815673   0.0494363     0.01992
   0.817141   -0.574805  -0.0433671  -0.0417285
-0.00695715    0.065393   -0.997835   0.0685401
          0           0           0           1
v_world_imu: 0.00166472 0.00101241 0.00368187
frame_221
id: 1010
stamp: 1783948423.709028959
T_odom_lidar: 
   0.576372    0.815689   0.0494718    0.020028
   0.817159   -0.574785  -0.0432862  -0.0415923
-0.00687237   0.0653753   -0.997837   0.0687468
          0           0           0           1
T_world_lidar: 
   0.576372    0.815689   0.0494718    0.020028
   0.817159   -0.574785  -0.0432862  -0.0415923
-0.00687237   0.0653753   -0.997837   0.0687468
          0           0           0           1
v_world_imu:   0.0023693 0.000907682  0.00337561
frame_222
id: 1011
stamp: 1783948423.809889793
T_odom_lidar: 
  0.576351   0.815697  0.0495852  0.0201371
  0.817175  -0.574772 -0.0431528 -0.0414504
-0.0066994  0.0653909  -0.997837  0.0688902
         0          0          0          1
T_world_lidar: 
  0.576351   0.815697  0.0495852  0.0201371
  0.817175  -0.574772 -0.0431528 -0.0414504
-0.0066994  0.0653909  -0.997837  0.0688902
         0          0          0          1
v_world_imu:  0.00277975 0.000802853  0.00340788
frame_223
id: 1012
stamp: 1783948423.910777330
T_odom_lidar: 
   0.576384    0.815667   0.0496974    0.020326
   0.817153   -0.574812  -0.0430378  -0.0413072
-0.00653783   0.0654167   -0.997837   0.0690662
          0           0           0           1
T_world_lidar: 
   0.576384    0.815667   0.0496974    0.020326
   0.817153   -0.574812  -0.0430378  -0.0413072
-0.00653783   0.0654167   -0.997837   0.0690662
          0           0           0           1
v_world_imu:  0.00327979 0.000363603     0.00364
frame_224
id: 1013
stamp: 1783948424.011621952
T_odom_lidar: 
   0.576372    0.815674   0.0497044   0.0204751
   0.817162   -0.574808   -0.042929  -0.0412155
-0.00644558   0.0653597   -0.997841   0.0692682
          0           0           0           1
T_world_lidar: 
   0.576372    0.815674   0.0497044   0.0204751
   0.817162   -0.574808   -0.042929  -0.0412155
-0.00644558   0.0653597   -0.997841   0.0692682
          0           0           0           1
v_world_imu:   0.00361459 -0.000251235   0.00361616
frame_225
id: 1014
stamp: 1783948424.112490416
T_odom_lidar: 
   0.576377    0.815675   0.0496448   0.0207804
    0.81716   -0.574824  -0.0427415  -0.0411805
-0.00632615   0.0652029   -0.997852   0.0693739
          0           0           0           1
T_world_lidar: 
   0.576377    0.815675   0.0496448   0.0207804
    0.81716   -0.574824  -0.0427415  -0.0411805
-0.00632615   0.0652029   -0.997852   0.0693739
          0           0           0           1
v_world_imu:  0.00513965 8.49006e-05  0.00154109
frame_226
id: 1015
stamp: 1783948424.213355780
T_odom_lidar: 
   0.576382    0.815669   0.0496711   0.0209768
   0.817155   -0.574827  -0.0427955  -0.0411619
-0.00635467   0.0652556   -0.997848   0.0695827
          0           0           0           1
T_world_lidar: 
   0.576382    0.815669   0.0496711   0.0209768
   0.817155   -0.574827  -0.0427955  -0.0411619
-0.00635467   0.0652556   -0.997848   0.0695827
          0           0           0           1
v_world_imu:   0.00496458 -0.000295347   0.00149065
frame_227
id: 1016
stamp: 1783948424.314221382
T_odom_lidar: 
   0.576371    0.815678   0.0496519   0.0208717
   0.817162   -0.574806  -0.0429486  -0.0414003
-0.00649204   0.0653279   -0.997843   0.0698365
          0           0           0           1
T_world_lidar: 
   0.576371    0.815678   0.0496519   0.0208717
   0.817162   -0.574806  -0.0429486  -0.0414003
-0.00649204   0.0653279   -0.997843   0.0698365
          0           0           0           1
v_world_imu:   0.00375331 -0.000803335   0.00192005
frame_228
id: 1017
stamp: 1783948424.415097475
T_odom_lidar: 
   0.576379    0.815671   0.0496824   0.0209782
   0.817157    -0.57481  -0.0429967  -0.0413814
-0.00651327   0.0653807   -0.997839   0.0700271
          0           0           0           1
T_world_lidar: 
   0.576379    0.815671   0.0496824   0.0209782
   0.817157    -0.57481  -0.0429967  -0.0413814
-0.00651327   0.0653807   -0.997839   0.0700271
          0           0           0           1
v_world_imu:   0.00401293 -0.000470397   0.00104368
frame_229
id: 1018
stamp: 1783948424.515955210
T_odom_lidar: 
   0.576373    0.815679   0.0496173     0.02111
   0.817161   -0.574803  -0.0430173  -0.0413876
-0.00656818   0.0653393   -0.997841   0.0701078
          0           0           0           1
T_world_lidar: 
   0.576373    0.815679   0.0496173     0.02111
   0.817161   -0.574803  -0.0430173  -0.0413876
-0.00656818   0.0653393   -0.997841   0.0701078
          0           0           0           1
v_world_imu:   0.00459944 -0.000876703  0.000511921
frame_230
id: 1019
stamp: 1783948424.616807938
T_odom_lidar: 
   0.576377    0.815684    0.049491   0.0212448
   0.817157   -0.574805  -0.0430679  -0.0413864
-0.00668212   0.0652652   -0.997846   0.0701653
          0           0           0           1
T_world_lidar: 
   0.576377    0.815684    0.049491   0.0212448
   0.817157   -0.574805  -0.0430679  -0.0413864
-0.00668212   0.0652652   -0.997846   0.0701653
          0           0           0           1
v_world_imu:   0.00473903 -0.000489135  0.000531199
frame_231
id: 1020
stamp: 1783948424.717672586
T_odom_lidar: 
    0.57637    0.815692   0.0494421   0.0213971
   0.817161   -0.574798  -0.0430662  -0.0413702
-0.00670954   0.0652243   -0.997848   0.0702302
          0           0           0           1
T_world_lidar: 
    0.57637    0.815692   0.0494421   0.0213971
   0.817161   -0.574798  -0.0430662  -0.0413702
-0.00670954   0.0652243   -0.997848   0.0702302
          0           0           0           1
v_world_imu:   0.00500846 -0.000647683  0.000633762
frame_232
id: 1021
stamp: 1783948424.818553448
T_odom_lidar: 
   0.576415    0.815658   0.0494718   0.0215915
   0.817129   -0.574838  -0.0431422  -0.0413355
-0.00675103   0.0652927   -0.997843   0.0703112
          0           0           0           1
T_world_lidar: 
   0.576415    0.815658   0.0494718   0.0215915
   0.817129   -0.574838  -0.0431422  -0.0413355
-0.00675103   0.0652927   -0.997843   0.0703112
          0           0           0           1
v_world_imu:  0.00505221 -0.00174229  0.00258647
frame_233
id: 1022
stamp: 1783948424.919998407
T_odom_lidar: 
   0.576401    0.815671   0.0494229   0.0215237
   0.817138    -0.57482  -0.0432114  -0.0415983
-0.00683701   0.0652924   -0.997843   0.0706307
          0           0           0           1
T_world_lidar: 
   0.576401    0.815671   0.0494229   0.0215237
   0.817138    -0.57482  -0.0432114  -0.0415983
-0.00683701   0.0652924   -0.997843   0.0706307
          0           0           0           1
v_world_imu:   0.0049212 -0.00178673  0.00378598
frame_234
id: 1023
stamp: 1783948425.020273685
T_odom_lidar: 
   0.576381    0.815686   0.0494137   0.0217584
   0.817153   -0.574802  -0.0431807  -0.0415618
-0.00681884   0.0652671   -0.997845   0.0708415
          0           0           0           1
T_world_lidar: 
   0.576381    0.815686   0.0494137   0.0217584
   0.817153   -0.574802  -0.0431807  -0.0415618
-0.00681884   0.0652671   -0.997845   0.0708415
          0           0           0           1
v_world_imu:  0.00509114 -0.00120553  0.00398505
frame_235
id: 1024
stamp: 1783948425.121124983
T_odom_lidar: 
   0.576347    0.815703   0.0495206    0.022011
   0.817178   -0.574772  -0.0431027  -0.0414617
-0.00669596   0.0653092   -0.997843   0.0710967
          0           0           0           1
T_world_lidar: 
   0.576347    0.815703   0.0495206    0.022011
   0.817178   -0.574772  -0.0431027  -0.0414617
-0.00669596   0.0653092   -0.997843   0.0710967
          0           0           0           1
v_world_imu:  0.00555899 -0.00123854  0.00397078
frame_236
id: 1025
stamp: 1783948425.222027302
T_odom_lidar: 
   0.576314    0.815723   0.0495819   0.0222623
   0.817201   -0.574743  -0.0430324  -0.0413996
-0.00660562   0.0653186   -0.997843   0.0712527
          0           0           0           1
T_world_lidar: 
   0.576314    0.815723   0.0495819   0.0222623
   0.817201   -0.574743  -0.0430324  -0.0413996
-0.00660562   0.0653186   -0.997843   0.0712527
          0           0           0           1
v_world_imu:  0.00599541 -0.00127852  0.00360683
frame_237
id: 1026
stamp: 1783948425.322853565
T_odom_lidar: 
   0.576256    0.815758   0.0496779    0.022296
   0.817243   -0.574687  -0.0429966   -0.041628
-0.00652557    0.065376   -0.997839    0.071461
          0           0           0           1
T_world_lidar: 
   0.576256    0.815758   0.0496779    0.022296
   0.817243   -0.574687  -0.0429966   -0.041628
-0.00652557    0.065376   -0.997839    0.071461
          0           0           0           1
v_world_imu: 0.00679869 -0.0011695 0.00266285
frame_238
id: 1027
stamp: 1783948425.423727989
T_odom_lidar: 
   0.576239     0.81577   0.0496827   0.0225181
   0.817255    -0.57467  -0.0429937  -0.0416243
-0.00652181   0.0653781   -0.997839   0.0717776
          0           0           0           1
T_world_lidar: 
   0.576239     0.81577   0.0496827   0.0225181
   0.817255    -0.57467  -0.0429937  -0.0416243
-0.00652181   0.0653781   -0.997839   0.0717776
          0           0           0           1
v_world_imu:  0.00571255 -0.00107858  0.00261114
frame_239
id: 1028
stamp: 1783948425.525091887
T_odom_lidar: 
     0.5762    0.815797   0.0496943   0.0226382
   0.817283   -0.574629  -0.0430163   -0.041561
-0.00653683   0.0654003   -0.997838    0.072005
          0           0           0           1
T_world_lidar: 
     0.5762    0.815797   0.0496943   0.0226382
   0.817283   -0.574629  -0.0430163   -0.041561
-0.00653683   0.0654003   -0.997838    0.072005
          0           0           0           1
v_world_imu:  0.00491529 -0.00110235  0.00210673
frame_240
id: 1029
stamp: 1783948425.625488997
T_odom_lidar: 
   0.576237    0.815769    0.049724   0.0227321
   0.817257   -0.574665   -0.043026  -0.0415078
-0.00652461   0.0654305   -0.997836   0.0722284
          0           0           0           1
T_world_lidar: 
   0.576237    0.815769    0.049724   0.0227321
   0.817257   -0.574665   -0.043026  -0.0415078
-0.00652461   0.0654305   -0.997836   0.0722284
          0           0           0           1
v_world_imu:   0.0048662 -0.00115549  0.00199135
frame_241
id: 1030
stamp: 1783948425.726318836
T_odom_lidar: 
   0.576234    0.815775   0.0496567   0.0228399
   0.817258   -0.574666  -0.0429827  -0.0414368
-0.00652822   0.0653505   -0.997841   0.0724313
          0           0           0           1
T_world_lidar: 
   0.576234    0.815775   0.0496567   0.0228399
   0.817258   -0.574666  -0.0429827  -0.0414368
-0.00652822   0.0653505   -0.997841   0.0724313
          0           0           0           1
v_world_imu: 0.00449576 -0.0011226 0.00182067
frame_242
id: 1031
stamp: 1783948425.827197075
T_odom_lidar: 
   0.576245    0.815769    0.049632   0.0229056
   0.817251   -0.574676  -0.0429985  -0.0413865
-0.00655448   0.0653395   -0.997842   0.0726031
          0           0           0           1
T_world_lidar: 
   0.576245    0.815769    0.049632   0.0229056
   0.817251   -0.574676  -0.0429985  -0.0413865
-0.00655448   0.0653395   -0.997842   0.0726031
          0           0           0           1
v_world_imu:  0.00424918 -0.00171103  0.00213381
frame_243
id: 1032
stamp: 1783948425.928040981
T_odom_lidar: 
   0.576244    0.815773   0.0495724   0.0229391
   0.817251   -0.574678  -0.0429577  -0.0413705
-0.00655555   0.0652672   -0.997846   0.0728261
          0           0           0           1
T_world_lidar: 
   0.576244    0.815773   0.0495724   0.0229391
   0.817251   -0.574678  -0.0429577  -0.0413705
-0.00655555   0.0652672   -0.997846   0.0728261
          0           0           0           1
v_world_imu:  0.00382118 -0.00166253  0.00152675
frame_244
id: 1033
stamp: 1783948426.028910160
T_odom_lidar: 
   0.576187     0.81581   0.0496217   0.0229194
   0.817292   -0.574623  -0.0429202  -0.0413132
-0.00650096   0.0652855   -0.997845    0.072796
          0           0           0           1
T_world_lidar: 
   0.576187     0.81581   0.0496217   0.0229194
   0.817292   -0.574623  -0.0429202  -0.0413132
-0.00650096   0.0652855   -0.997845    0.072796
          0           0           0           1
v_world_imu:  0.00327604 -0.00166398  0.00109499
frame_245
id: 1034
stamp: 1783948426.129783630
T_odom_lidar: 
   0.576197    0.815809   0.0495181    0.022918
   0.817285   -0.574636  -0.0428822  -0.0412957
-0.00652883    0.065179   -0.997852   0.0729404
          0           0           0           1
T_world_lidar: 
   0.576197    0.815809   0.0495181    0.022918
   0.817285   -0.574636  -0.0428822  -0.0412957
-0.00652883    0.065179   -0.997852   0.0729404
          0           0           0           1
v_world_imu:  0.00326156 -0.00184381  0.00125179
frame_246
id: 1035
stamp: 1783948426.230650902
T_odom_lidar: 
   0.576205    0.815806   0.0494923   0.0229131
   0.817279   -0.574644  -0.0428769  -0.0412462
-0.00653874   0.0651549   -0.997854   0.0730286
          0           0           0           1
T_world_lidar: 
   0.576205    0.815806   0.0494923   0.0229131
   0.817279   -0.574644  -0.0428769  -0.0412462
-0.00653874   0.0651549   -0.997854   0.0730286
          0           0           0           1
v_world_imu:  0.00340373 -0.00201705  0.00107926
frame_247
id: 1036
stamp: 1783948426.331499338
T_odom_lidar: 
   0.576203    0.815808   0.0494707   0.0228999
    0.81728   -0.574642  -0.0428893  -0.0412325
-0.00656145   0.0651444   -0.997854   0.0731899
          0           0           0           1
T_world_lidar: 
   0.576203    0.815808   0.0494707   0.0228999
    0.81728   -0.574642  -0.0428893  -0.0412325
-0.00656145   0.0651444   -0.997854   0.0731899
          0           0           0           1
v_world_imu:  0.00341082 -0.00200849  0.00119568
frame_248
id: 1037
stamp: 1783948426.432362318
T_odom_lidar: 
   0.576193    0.815819   0.0494118   0.0229126
   0.817287   -0.574632  -0.0429008  -0.0412093
-0.00660569   0.0651028   -0.997857   0.0732937
          0           0           0           1
T_world_lidar: 
   0.576193    0.815819   0.0494118   0.0229126
   0.817287   -0.574632  -0.0429008  -0.0412093
-0.00660569   0.0651028   -0.997857   0.0732937
          0           0           0           1
v_world_imu:  0.00333755 -0.00219085   0.0010048
frame_249
id: 1038
stamp: 1783948426.533231497
T_odom_lidar: 
   0.576216    0.815806   0.0493433   0.0229301
    0.81727   -0.574657  -0.0428697  -0.0411849
-0.00661787   0.0650291   -0.997861   0.0733842
          0           0           0           1
T_world_lidar: 
   0.576216    0.815806   0.0493433   0.0229301
    0.81727   -0.574657  -0.0428697  -0.0411849
-0.00661787   0.0650291   -0.997861   0.0733842
          0           0           0           1
v_world_imu:  0.00328787 -0.00216833 0.000851962
frame_250
id: 1039
stamp: 1783948426.634114027
T_odom_lidar: 
   0.576258    0.815775   0.0493645   0.0229275
   0.817241   -0.574698  -0.0428933  -0.0411436
-0.00662158   0.0650603   -0.997859   0.0735023
          0           0           0           1
T_world_lidar: 
   0.576258    0.815775   0.0493645   0.0229275
   0.817241   -0.574698  -0.0428933  -0.0411436
-0.00662158   0.0650603   -0.997859   0.0735023
          0           0           0           1
v_world_imu:  0.00306306 -0.00195304 0.000930129
frame_251
id: 1040
stamp: 1783948426.734978199
T_odom_lidar: 
   0.576245    0.815788   0.0493169   0.0229603
   0.817251   -0.574687   -0.042857  -0.0411151
-0.00662047   0.0650004   -0.997863   0.0735856
          0           0           0           1
T_world_lidar: 
   0.576245    0.815788   0.0493169   0.0229603
   0.817251   -0.574687   -0.042857  -0.0411151
-0.00662047   0.0650004   -0.997863   0.0735856
          0           0           0           1
v_world_imu:  0.00318192 -0.00228331  0.00111305
frame_252
id: 1041
stamp: 1783948426.835819244
T_odom_lidar: 
   0.576231    0.815797   0.0493187   0.0229532
    0.81726   -0.574678  -0.0427932  -0.0411059
-0.00656825    0.064965   -0.997866   0.0737246
          0           0           0           1
T_world_lidar: 
   0.576231    0.815797   0.0493187   0.0229532
    0.81726   -0.574678  -0.0427932  -0.0411059
-0.00656825    0.064965   -0.997866   0.0737246
          0           0           0           1
v_world_imu: 0.00242482  -0.002111 0.00122638
frame_253
id: 1042
stamp: 1783948426.936690092
T_odom_lidar: 
   0.576234    0.815795   0.0493297   0.0229561
   0.817259   -0.574684  -0.0427352  -0.0410498
-0.00651412   0.0649406   -0.997868   0.0738553
          0           0           0           1
T_world_lidar: 
   0.576234    0.815795   0.0493297   0.0229561
   0.817259   -0.574684  -0.0427352  -0.0410498
-0.00651412   0.0649406   -0.997868   0.0738553
          0           0           0           1
v_world_imu:  0.00281583 -0.00216232  0.00137873
frame_254
id: 1043
stamp: 1783948427.037544966
T_odom_lidar: 
   0.576237    0.815794   0.0493038   0.0229416
   0.817257   -0.574689  -0.0427053  -0.0410309
-0.00650441   0.0649022    -0.99787   0.0740002
          0           0           0           1
T_world_lidar: 
   0.576237    0.815794   0.0493038   0.0229416
   0.817257   -0.574689  -0.0427053  -0.0410309
-0.00650441   0.0649022    -0.99787   0.0740002
          0           0           0           1
v_world_imu:  0.00224027 -0.00188615  0.00117776
frame_255
id: 1044
stamp: 1783948427.138421535
T_odom_lidar: 
   0.576239    0.815793    0.049296   0.0229299
   0.817256   -0.574692  -0.0426854   -0.040965
-0.00649244   0.0648844   -0.997872   0.0741307
          0           0           0           1
T_world_lidar: 
   0.576239    0.815793    0.049296   0.0229299
   0.817256   -0.574692  -0.0426854   -0.040965
-0.00649244   0.0648844   -0.997872   0.0741307
          0           0           0           1
v_world_imu:  0.00231346 -0.00186286  0.00142982
frame_256
id: 1045
stamp: 1783948427.239273310
T_odom_lidar: 
   0.576211    0.815814   0.0492757   0.0229164
   0.817275   -0.574668  -0.0426326  -0.0409134
-0.00646302   0.0648372   -0.997875   0.0742986
          0           0           0           1
T_world_lidar: 
   0.576211    0.815814   0.0492757   0.0229164
   0.817275   -0.574668  -0.0426326  -0.0409134
-0.00646302   0.0648372   -0.997875   0.0742986
          0           0           0           1
v_world_imu:  0.00201622 -0.00192101  0.00144613
frame_257
id: 1046
stamp: 1783948427.340146303
T_odom_lidar: 
   0.576221    0.815805   0.0493053   0.0229168
   0.817268   -0.574677  -0.0426412  -0.0408745
-0.00645224   0.0648664   -0.997873   0.0744476
          0           0           0           1
T_world_lidar: 
   0.576221    0.815805   0.0493053   0.0229168
   0.817268   -0.574677  -0.0426412  -0.0408745
-0.00645224   0.0648664   -0.997873   0.0744476
          0           0           0           1
v_world_imu:  0.00190858 -0.00261736  0.00181054
frame_258
id: 1047
stamp: 1783948427.441004992
T_odom_lidar: 
   0.57625   0.815783  0.0493368  0.0228617
  0.817248  -0.574705   -0.04266  -0.040923
-0.0064472  0.0649032  -0.997871  0.0746345
         0          0          0          1
T_world_lidar: 
   0.57625   0.815783  0.0493368  0.0228617
  0.817248  -0.574705   -0.04266  -0.040923
-0.0064472  0.0649032  -0.997871  0.0746345
         0          0          0          1
v_world_imu:  0.00218549 -0.00248084  0.00175357
frame_259
id: 1048
stamp: 1783948427.541910887
T_odom_lidar: 
   0.576272     0.81577   0.0492942    0.022945
   0.817233   -0.574727  -0.0426502  -0.0408897
-0.00646203    0.064863   -0.997873   0.0748187
          0           0           0           1
T_world_lidar: 
   0.576272     0.81577   0.0492942    0.022945
   0.817233   -0.574727  -0.0426502  -0.0408897
-0.00646203    0.064863   -0.997873   0.0748187
          0           0           0           1
v_world_imu:   0.0021897 -0.00228035  0.00146325
frame_260
id: 1049
stamp: 1783948427.642738581
T_odom_lidar: 
   0.576315    0.815744   0.0492299   0.0229831
   0.817202    -0.57477  -0.0426708  -0.0408794
-0.00651259   0.0648226   -0.997876   0.0749511
          0           0           0           1
T_world_lidar: 
   0.576315    0.815744   0.0492299   0.0229831
   0.817202    -0.57477  -0.0426708  -0.0408794
-0.00651259   0.0648226   -0.997876   0.0749511
          0           0           0           1
v_world_imu:  0.00243987 -0.00224342  0.00110856
frame_261
id: 1050
stamp: 1783948427.743599892
T_odom_lidar: 
   0.576373    0.815705   0.0491928   0.0230509
   0.817161   -0.574825  -0.0427202     -0.0409
-0.00656986   0.0648211   -0.997875   0.0750989
          0           0           0           1
T_world_lidar: 
   0.576373    0.815705   0.0491928   0.0230509
   0.817161   -0.574825  -0.0427202     -0.0409
-0.00656986   0.0648211   -0.997875   0.0750989
          0           0           0           1
v_world_imu:  0.00227819 -0.00262239  0.00103908
frame_262
id: 1051
stamp: 1783948427.844468594
T_odom_lidar: 
   0.576421    0.815667    0.049262   0.0231068
   0.817127   -0.574874  -0.0427014  -0.0409817
-0.00651066   0.0648674   -0.997873   0.0751389
          0           0           0           1
T_world_lidar: 
   0.576421    0.815667    0.049262   0.0231068
   0.817127   -0.574874  -0.0427014  -0.0409817
-0.00651066   0.0648674   -0.997873   0.0751389
          0           0           0           1
v_world_imu:  0.00217085 -0.00318685 0.000794284
frame_263
id: 1052
stamp: 1783948427.945335627
T_odom_lidar: 
   0.576386     0.81569   0.0492848    0.023249
   0.817151   -0.574837  -0.0427385  -0.0410984
-0.00653061    0.064907    -0.99787   0.0752717
          0           0           0           1
T_world_lidar: 
   0.576386     0.81569   0.0492848    0.023249
   0.817151   -0.574837  -0.0427385  -0.0410984
-0.00653061    0.064907    -0.99787   0.0752717
          0           0           0           1
v_world_imu:  0.00150633 -0.00417853  0.00203129
frame_264
id: 1053
stamp: 1783948428.046197414
T_odom_lidar: 
   0.576379    0.815685   0.0494516   0.0233842
   0.817158    -0.57483  -0.0426999  -0.0412345
-0.00640339    0.065021   -0.997863   0.0751913
          0           0           0           1
T_world_lidar: 
   0.576379    0.815685   0.0494516   0.0233842
   0.817158    -0.57483  -0.0426999  -0.0412345
-0.00640339    0.065021   -0.997863   0.0751913
          0           0           0           1
v_world_imu:   0.00222422  -0.00350506 -0.000795032
frame_265
id: 1054
stamp: 1783948428.147360086
T_odom_lidar: 
  0.576403   0.815668  0.0494536  0.0235304
  0.817141  -0.574853 -0.0427159 -0.0414072
-0.0064134  0.0650321  -0.997863  0.0751001
         0          0          0          1
T_world_lidar: 
  0.576403   0.815668  0.0494536  0.0235304
  0.817141  -0.574853 -0.0427159 -0.0414072
-0.0064134  0.0650321  -0.997863  0.0751001
         0          0          0          1
v_world_imu:  0.00199667 -0.00341349 -0.00127933
frame_266
id: 1055
stamp: 1783948428.248090506
T_odom_lidar: 
     0.5764    0.815668   0.0494849   0.0236628
   0.817142   -0.574849  -0.0427495  -0.0415842
-0.00642311    0.065077    -0.99786   0.0749666
          0           0           0           1
T_world_lidar: 
     0.5764    0.815668   0.0494849   0.0236628
   0.817142   -0.574849  -0.0427495  -0.0415842
-0.00642311    0.065077    -0.99786   0.0749666
          0           0           0           1
v_world_imu:   0.0017108 -0.00360283 -0.00184581
frame_267
id: 1056
stamp: 1783948428.348787308
T_odom_lidar: 
   0.576388    0.815674   0.0495279   0.0237794
   0.817151   -0.574835  -0.0427643  -0.0417614
-0.00641133   0.0651207   -0.997857   0.0747769
          0           0           0           1
T_world_lidar: 
   0.576388    0.815674   0.0495279   0.0237794
   0.817151   -0.574835  -0.0427643  -0.0417614
-0.00641133   0.0651207   -0.997857   0.0747769
          0           0           0           1
v_world_imu:  0.00123831 -0.00335692  -0.0022001
frame_268
id: 1057
stamp: 1783948428.449652195
T_odom_lidar: 
   0.576427    0.815641   0.0496174   0.0239094
   0.817124   -0.574876  -0.0427288   -0.041868
-0.00632746   0.0651736   -0.997854   0.0745277
          0           0           0           1
T_world_lidar: 
   0.576427    0.815641   0.0496174   0.0239094
   0.817124   -0.574876  -0.0427288   -0.041868
-0.00632746   0.0651736   -0.997854   0.0745277
          0           0           0           1
v_world_imu:  0.00112803 -0.00302428 -0.00283896
frame_269
id: 1058
stamp: 1783948428.550511837
T_odom_lidar: 
   0.576422    0.815639   0.0497015   0.0239927
   0.817128   -0.574868  -0.0427606   -0.041987
-0.00630544   0.0652606   -0.997848    0.074152
          0           0           0           1
T_world_lidar: 
   0.576422    0.815639   0.0497015   0.0239927
   0.817128   -0.574868  -0.0427606   -0.041987
-0.00630544   0.0652606   -0.997848    0.074152
          0           0           0           1
v_world_imu:  0.00068042 -0.00201276 -0.00381086
frame_270
id: 1059
stamp: 1783948428.651374340
T_odom_lidar: 
   0.576427    0.815629   0.0498144   0.0240451
   0.817125   -0.574873  -0.0427519  -0.0420078
-0.00623275   0.0653479   -0.997843   0.0737618
          0           0           0           1
T_world_lidar: 
   0.576427    0.815629   0.0498144   0.0240451
   0.817125   -0.574873  -0.0427519  -0.0420078
-0.00623275   0.0653479   -0.997843   0.0737618
          0           0           0           1
v_world_imu:  -3.876e-05 -0.00156609  -0.0041573
frame_271
id: 1060
stamp: 1783948428.752238750
T_odom_lidar: 
   0.576427    0.815633   0.0497533   0.0239455
   0.817124   -0.574868  -0.0428374  -0.0420996
-0.00633806   0.0653472   -0.997842   0.0737437
          0           0           0           1
T_world_lidar: 
   0.576427    0.815633   0.0497533   0.0239455
   0.817124   -0.574868  -0.0428374  -0.0420996
-0.00633806   0.0653472   -0.997842   0.0737437
          0           0           0           1
v_world_imu: -0.000308085  -0.00104818  -0.00372994
frame_272
id: 1061
stamp: 1783948428.853105545
T_odom_lidar: 
   0.576439    0.815617   0.0498751   0.0239341
   0.817116   -0.574882   -0.042801  -0.0420668
-0.00623693   0.0654259   -0.997838   0.0733186
          0           0           0           1
T_world_lidar: 
   0.576439    0.815617   0.0498751   0.0239341
   0.817116   -0.574882   -0.042801  -0.0420668
-0.00623693   0.0654259   -0.997838   0.0733186
          0           0           0           1
v_world_imu:  -0.0014304 -0.00127399 -0.00399706
frame_273
id: 1062
stamp: 1783948428.954002142
T_odom_lidar: 
   0.576454    0.815604   0.0499092   0.0238231
   0.817107   -0.574906  -0.0426607  -0.0420459
-0.00610114    0.065373   -0.997842    0.072941
          0           0           0           1
T_world_lidar: 
   0.576454    0.815604   0.0499092   0.0238231
   0.817107   -0.574906  -0.0426607  -0.0420459
-0.00610114    0.065373   -0.997842    0.072941
          0           0           0           1
v_world_imu:  -0.0025641 -0.00094994 -0.00426624
frame_274
id: 1063
stamp: 1783948429.054836273
T_odom_lidar: 
   0.576461    0.815607   0.0497756   0.0236512
   0.817101   -0.574912  -0.0426828  -0.0420147
-0.00619581   0.0652767   -0.997848   0.0729502
          0           0           0           1
T_world_lidar: 
   0.576461    0.815607   0.0497756   0.0236512
   0.817101   -0.574912  -0.0426828  -0.0420147
-0.00619581   0.0652767   -0.997848   0.0729502
          0           0           0           1
v_world_imu:  -0.00239687 -0.000634104   -0.0038605
frame_275
id: 1064
stamp: 1783948429.155731916
T_odom_lidar: 
   0.576514    0.815569    0.049782   0.0235227
   0.817064   -0.574971  -0.0425932  -0.0419447
-0.00611453   0.0652307   -0.997851   0.0725502
          0           0           0           1
T_world_lidar: 
   0.576514    0.815569    0.049782   0.0235227
   0.817064   -0.574971  -0.0425932  -0.0419447
-0.00611453   0.0652307   -0.997851   0.0725502
          0           0           0           1
v_world_imu:  -0.00324062 -0.000408758  -0.00394572
frame_276
id: 1065
stamp: 1783948429.256568909
T_odom_lidar: 
   0.576536    0.815553   0.0497942   0.0233107
   0.817049   -0.574998  -0.0425177  -0.0419028
-0.00604388   0.0651974   -0.997854   0.0721508
          0           0           0           1
T_world_lidar: 
   0.576536    0.815553   0.0497942   0.0233107
   0.817049   -0.574998  -0.0425177  -0.0419028
-0.00604388   0.0651974   -0.997854   0.0721508
          0           0           0           1
v_world_imu:  -0.00358313 -0.000590636  -0.00375284
frame_277
id: 1066
stamp: 1783948429.357439041
T_odom_lidar: 
   0.576512    0.815576   0.0496904   0.0232019
   0.817065   -0.574968  -0.0426194  -0.0418146
-0.00618898   0.0651709   -0.997855   0.0723611
          0           0           0           1
T_world_lidar: 
   0.576512    0.815576   0.0496904   0.0232019
   0.817065   -0.574968  -0.0426194  -0.0418146
-0.00618898   0.0651709   -0.997855   0.0723611
          0           0           0           1
v_world_imu: -0.00326318 -0.00016701 -0.00279155
frame_278
id: 1067
stamp: 1783948429.458445311
T_odom_lidar: 
   0.576522    0.815568   0.0497043   0.0229896
   0.817058   -0.574982  -0.0425553  -0.0417553
-0.00612761   0.0651454   -0.997857   0.0720655
          0           0           0           1
T_world_lidar: 
   0.576522    0.815568   0.0497043   0.0229896
   0.817058   -0.574982  -0.0425553  -0.0417553
-0.00612761   0.0651454   -0.997857   0.0720655
          0           0           0           1
v_world_imu: -0.00444102  -7.505e-05 -0.00275417
frame_279
id: 1068
stamp: 1783948429.559155703
T_odom_lidar: 
  0.576515   0.815569  0.0497757  0.0227627
  0.817064  -0.574975 -0.0425476 -0.0416951
-0.0060807  0.0651992  -0.997854  0.0717655
         0          0          0          1
T_world_lidar: 
  0.576515   0.815569  0.0497757  0.0227627
  0.817064  -0.574975 -0.0425476 -0.0416951
-0.0060807  0.0651992  -0.997854  0.0717655
         0          0          0          1
v_world_imu: -0.00396315 -0.00019183 -0.00364154
frame_280
id: 1069
stamp: 1783948429.660019875
T_odom_lidar: 
   0.576526    0.815588   0.0493346   0.0222025
   0.817052   -0.574964  -0.0429264  -0.0419021
-0.00664465   0.0650571   -0.997859   0.0729127
          0           0           0           1
T_world_lidar: 
   0.576526    0.815588   0.0493346   0.0222025
   0.817052   -0.574964  -0.0429264  -0.0419021
-0.00664465   0.0650571   -0.997859   0.0729127
          0           0           0           1
v_world_imu: -0.00364552  0.00113234 0.000205329
frame_281
id: 1070
stamp: 1783948429.760905743
T_odom_lidar: 
   0.57654   0.815585  0.0492244   0.022081
  0.817042  -0.574979 -0.0429259 -0.0417465
-0.0067067  0.0649669  -0.997865  0.0729474
         0          0          0          1
T_world_lidar: 
   0.57654   0.815585  0.0492244   0.022081
  0.817042  -0.574979 -0.0429259 -0.0417465
-0.0067067  0.0649669  -0.997865  0.0729474
         0          0          0          1
v_world_imu: -0.00407072  0.00136378 0.000760803
frame_282
id: 1071
stamp: 1783948429.861746550
T_odom_lidar: 
   0.576517    0.815603   0.0491865   0.0218893
   0.817057   -0.574956  -0.0429396  -0.0415527
-0.00674161   0.0649436   -0.997866   0.0730401
          0           0           0           1
T_world_lidar: 
   0.576517    0.815603   0.0491865   0.0218893
   0.817057   -0.574956  -0.0429396  -0.0415527
-0.00674161   0.0649436   -0.997866   0.0730401
          0           0           0           1
v_world_imu: -0.00447223  0.00187191 0.000861865
frame_283
id: 1072
stamp: 1783948429.962641478
T_odom_lidar: 
  0.576521   0.815607  0.0490775  0.0217312
  0.817054   -0.57496 -0.0429496 -0.0413686
-0.0068124  0.0648603  -0.997871  0.0731181
         0          0          0          1
T_world_lidar: 
  0.576521   0.815607  0.0490775  0.0217312
  0.817054   -0.57496 -0.0429496 -0.0413686
-0.0068124  0.0648603  -0.997871  0.0731181
         0          0          0          1
v_world_imu:  -0.0046418  0.00169814 0.000760814
frame_284
id: 1073
stamp: 1783948430.063472271
T_odom_lidar: 
   0.576566    0.815579    0.049016   0.0215982
   0.817022   -0.575007  -0.0429178  -0.0411904
-0.00681828    0.064792   -0.997875   0.0731775
          0           0           0           1
T_world_lidar: 
   0.576566    0.815579    0.049016   0.0215982
   0.817022   -0.575007  -0.0429178  -0.0411904
-0.00681828    0.064792   -0.997875   0.0731775
          0           0           0           1
v_world_imu: -0.00435228  0.00194918 0.000879207
frame_285
id: 1074
stamp: 1783948430.165840149
T_odom_lidar: 
   0.576607    0.815552   0.0489789    0.021485
   0.816993   -0.575047   -0.042943  -0.0410023
-0.00685715   0.0647767   -0.997876   0.0733122
          0           0           0           1
T_world_lidar: 
   0.576607    0.815552   0.0489789    0.021485
   0.816993   -0.575047   -0.042943  -0.0410023
-0.00685715   0.0647767   -0.997876   0.0733122
          0           0           0           1
v_world_imu: -0.00408479  0.00226871  0.00102471
frame_286
id: 1075
stamp: 1783948430.265208006
T_odom_lidar: 
   0.576612    0.815554   0.0488977   0.0214293
   0.816989    -0.57505  -0.0429689  -0.0408078
-0.00692479   0.0647252   -0.997879   0.0734174
          0           0           0           1
T_world_lidar: 
   0.576612    0.815554   0.0488977   0.0214293
   0.816989    -0.57505  -0.0429689  -0.0408078
-0.00692479   0.0647252   -0.997879   0.0734174
          0           0           0           1
v_world_imu: -0.00438215  0.00113003  0.00307279
frame_287
id: 1076
stamp: 1783948430.366070747
T_odom_lidar: 
    0.57662    0.815545   0.0489502    0.021436
   0.816984   -0.575062  -0.0429033  -0.0406434
-0.00684016   0.0647305   -0.997879   0.0735484
          0           0           0           1
T_world_lidar: 
    0.57662    0.815545   0.0489502    0.021436
   0.816984   -0.575062  -0.0429033  -0.0406434
-0.00684016   0.0647305   -0.997879   0.0735484
          0           0           0           1
v_world_imu: -0.00378916  0.00162521  0.00339459
frame_288
id: 1077
stamp: 1783948430.466951609
T_odom_lidar: 
  0.576661   0.815505  0.0491272  0.0214901
  0.816957  -0.575108 -0.0428056 -0.0404359
-0.0066547  0.0648191  -0.997875  0.0736824
         0          0          0          1
T_world_lidar: 
  0.576661   0.815505  0.0491272  0.0214901
  0.816957  -0.575108 -0.0428056 -0.0404359
-0.0066547  0.0648191  -0.997875  0.0736824
         0          0          0          1
v_world_imu: -0.00245914  0.00292045  0.00114197
frame_289
id: 1078
stamp: 1783948430.567797184
T_odom_lidar: 
   0.576655     0.81551   0.0491235   0.0215582
    0.81696   -0.575099  -0.0428549  -0.0402289
-0.00669771   0.0648445   -0.997873   0.0738426
          0           0           0           1
T_world_lidar: 
   0.576655     0.81551   0.0491235   0.0215582
    0.81696   -0.575099  -0.0428549  -0.0402289
-0.00669771   0.0648445   -0.997873   0.0738426
          0           0           0           1
v_world_imu: -0.00355471  0.00215687   0.0032373
frame_290
id: 1079
stamp: 1783948430.668668032
T_odom_lidar: 
   0.576633    0.815513   0.0493214   0.0215893
   0.816977   -0.575079  -0.0428017  -0.0400016
-0.00654165   0.0649754   -0.997865   0.0739836
          0           0           0           1
T_world_lidar: 
   0.576633    0.815513   0.0493214   0.0215893
   0.816977   -0.575079  -0.0428017  -0.0400016
-0.00654165   0.0649754   -0.997865   0.0739836
          0           0           0           1
v_world_imu: -0.00273478   0.0030833  0.00124888
frame_291
id: 1080
stamp: 1783948430.769528866
T_odom_lidar: 
   0.576648    0.815506   0.0492706   0.0216971
   0.816966   -0.575093  -0.0428346   -0.039802
-0.00659666   0.0649529   -0.997867   0.0740535
          0           0           0           1
T_world_lidar: 
   0.576648    0.815506   0.0492706   0.0216971
   0.816966   -0.575093  -0.0428346   -0.039802
-0.00659666   0.0649529   -0.997867   0.0740535
          0           0           0           1
v_world_imu:  -0.0028393  0.00344263 0.000844918
frame_292
id: 1081
stamp: 1783948430.870388269
T_odom_lidar: 
   0.576637    0.815512   0.0493033   0.0217277
   0.816974    -0.57508  -0.0428543  -0.0396018
-0.00659483   0.0649909   -0.997864   0.0742555
          0           0           0           1
T_world_lidar: 
   0.576637    0.815512   0.0493033   0.0217277
   0.816974    -0.57508  -0.0428543  -0.0396018
-0.00659483   0.0649909   -0.997864   0.0742555
          0           0           0           1
v_world_imu: -0.00319017   0.0031369 0.000955068
frame_293
id: 1082
stamp: 1783948430.971262932
T_odom_lidar: 
   0.576603     0.81554   0.0492351   0.0217691
   0.816997   -0.575045   -0.042877  -0.0393975
-0.00665554    0.064948   -0.997866   0.0742893
          0           0           0           1
T_world_lidar: 
   0.576603     0.81554   0.0492351   0.0217691
   0.816997   -0.575045   -0.042877  -0.0393975
-0.00665554    0.064948   -0.997866   0.0742893
          0           0           0           1
v_world_imu: -0.00334792  0.00293637 0.000991542
frame_294
id: 1083
stamp: 1783948431.072122097
T_odom_lidar: 
   0.576602     0.81554   0.0492404   0.0218178
   0.816998    -0.57504  -0.0429355  -0.0392563
-0.00670037   0.0649859   -0.997864   0.0744105
          0           0           0           1
T_world_lidar: 
   0.576602     0.81554   0.0492404   0.0218178
   0.816998    -0.57504  -0.0429355  -0.0392563
-0.00670037   0.0649859   -0.997864   0.0744105
          0           0           0           1
v_world_imu: -0.00304631  0.00300102 0.000968162
frame_295
id: 1084
stamp: 1783948431.173309565
T_odom_lidar: 
  0.576537   0.815584  0.0492842  0.0218251
  0.817043  -0.574968 -0.0430311 -0.0391076
-0.0067586  0.0650764  -0.997857  0.0745608
         0          0          0          1
T_world_lidar: 
  0.576537   0.815584  0.0492842  0.0218251
  0.817043  -0.574968 -0.0430311 -0.0391076
-0.0067586  0.0650764  -0.997857  0.0745608
         0          0          0          1
v_world_imu: -0.00331195  0.00350387 0.000738762
frame_296
id: 1085
stamp: 1783948431.273875713
T_odom_lidar: 
  0.576592   0.815546  0.0492464  0.0219112
  0.817004  -0.575024 -0.0430408 -0.0389708
-0.0067839  0.0650515  -0.997859  0.0745461
         0          0          0          1
T_world_lidar: 
  0.576592   0.815546  0.0492464  0.0219112
  0.817004  -0.575024 -0.0430408 -0.0389708
-0.0067839  0.0650515  -0.997859  0.0745461
         0          0          0          1
v_world_imu: -0.00316988  0.00344437 0.000479362
frame_297
id: 1086
stamp: 1783948431.374725580
T_odom_lidar: 
   0.576527    0.815587   0.0493364   0.0219742
    0.81705   -0.574954  -0.0430972  -0.0388257
-0.00678338    0.065157   -0.997852   0.0746654
          0           0           0           1
T_world_lidar: 
   0.576527    0.815587   0.0493364   0.0219742
    0.81705   -0.574954  -0.0430972  -0.0388257
-0.00678338    0.065157   -0.997852   0.0746654
          0           0           0           1
v_world_imu: -0.00306433  0.00267668  0.00207233
frame_298
id: 1087
stamp: 1783948431.475589752
T_odom_lidar: 
   0.576559    0.815559   0.0494387   0.0222295
    0.81703   -0.574998  -0.0428925  -0.0387046
-0.00655417   0.0651229   -0.997856   0.0745916
          0           0           0           1
T_world_lidar: 
   0.576559    0.815559   0.0494387   0.0222295
    0.81703   -0.574998  -0.0428925  -0.0387046
-0.00655417   0.0651229   -0.997856   0.0745916
          0           0           0           1
v_world_imu:  -0.00150776   0.00298374 -0.000347695
frame_299
id: 1088
stamp: 1783948431.576442957
T_odom_lidar: 
   0.576511    0.815583   0.0495934   0.0224073
   0.817064   -0.574949  -0.0428982  -0.0385652
-0.00647341   0.0652523   -0.997848   0.0745703
          0           0           0           1
T_world_lidar: 
   0.576511    0.815583   0.0495934   0.0224073
   0.817064   -0.574949  -0.0428982  -0.0385652
-0.00647341   0.0652523   -0.997848   0.0745703
          0           0           0           1
v_world_imu:  -0.00154972   0.00346184 -0.000889814
frame_300
id: 1089
stamp: 1783948431.677298307
T_odom_lidar: 
   0.576484    0.815599   0.0496432   0.0225878
   0.817083   -0.574924  -0.0428683  -0.0384413
-0.00642224   0.0652755   -0.997847   0.0745009
          0           0           0           1
T_world_lidar: 
   0.576484    0.815599   0.0496432   0.0225878
   0.817083   -0.574924  -0.0428683  -0.0384413
-0.00642224   0.0652755   -0.997847   0.0745009
          0           0           0           1
v_world_imu:  -0.00199824   0.00344655 -0.000770977
frame_301
id: 1090
stamp: 1783948431.778164625
T_odom_lidar: 
   0.576472    0.815606   0.0496668   0.0227244
   0.817092   -0.574912  -0.0428507  -0.0383214
-0.00639526   0.0652845   -0.997846   0.0744127
          0           0           0           1
T_world_lidar: 
   0.576472    0.815606   0.0496668   0.0227244
   0.817092   -0.574912  -0.0428507  -0.0383214
-0.00639526   0.0652845   -0.997846   0.0744127
          0           0           0           1
v_world_imu: -0.00257832  0.00301325 -0.00101244
frame_302
id: 1091
stamp: 1783948431.879034758
T_odom_lidar: 
   0.576446    0.815622    0.049717   0.0228308
   0.817111   -0.574888   -0.042821  -0.0382258
-0.00634404   0.0653082   -0.997845   0.0743018
          0           0           0           1
T_world_lidar: 
   0.576446    0.815622    0.049717   0.0228308
   0.817111   -0.574888   -0.042821  -0.0382258
-0.00634404   0.0653082   -0.997845   0.0743018
          0           0           0           1
v_world_imu:  -0.0026624  0.00322856 -0.00144353
frame_303
id: 1092
stamp: 1783948431.979892731
T_odom_lidar: 
   0.576425    0.815639    0.049673   0.0226037
   0.817125   -0.574864  -0.0428657  -0.0384435
-0.00640767   0.0652979   -0.997845   0.0742306
          0           0           0           1
T_world_lidar: 
   0.576425    0.815639    0.049673   0.0226037
   0.817125   -0.574864  -0.0428657  -0.0384435
-0.00640767   0.0652979   -0.997845   0.0742306
          0           0           0           1
v_world_imu:  -0.00355469   0.00205998 -0.000930573
frame_304
id: 1093
stamp: 1783948432.080760479
T_odom_lidar: 
   0.576408    0.815654   0.0496184   0.0226127
   0.817137   -0.574846  -0.0428834  -0.0384618
-0.00645512   0.0652634   -0.997847   0.0741461
          0           0           0           1
T_world_lidar: 
   0.576408    0.815654   0.0496184   0.0226127
   0.817137   -0.574846  -0.0428834  -0.0384618
-0.00645512   0.0652634   -0.997847   0.0741461
          0           0           0           1
v_world_imu:  -0.0036753  0.00196533 -0.00134875
frame_305
id: 1094
stamp: 1783948432.181622982
T_odom_lidar: 
   0.576413    0.815653   0.0495725   0.0225554
   0.817133   -0.574854  -0.0428662  -0.0384784
-0.00646704    0.065216    -0.99785    0.073996
          0           0           0           1
T_world_lidar: 
   0.576413    0.815653   0.0495725   0.0225554
   0.817133   -0.574854  -0.0428662  -0.0384784
-0.00646704    0.065216    -0.99785    0.073996
          0           0           0           1
v_world_imu: -0.00414584  0.00240204 -0.00156692
frame_306
id: 1095
stamp: 1783948432.282489300
T_odom_lidar: 
   0.576445    0.815631   0.0495701   0.0224693
   0.817111   -0.574889  -0.0427999  -0.0384843
-0.00641159    0.065176   -0.997853   0.0738387
          0           0           0           1
T_world_lidar: 
   0.576445    0.815631   0.0495701   0.0224693
   0.817111   -0.574889  -0.0427999  -0.0384843
-0.00641159    0.065176   -0.997853   0.0738387
          0           0           0           1
v_world_imu: -0.00450423  0.00234789 -0.00152651
frame_307
id: 1096
stamp: 1783948432.383350372
T_odom_lidar: 
   0.576448    0.815626   0.0496204   0.0223713
   0.817109   -0.574891  -0.0428189  -0.0384711
-0.00639786   0.0652281    -0.99785    0.073682
          0           0           0           1
T_world_lidar: 
   0.576448    0.815626   0.0496204   0.0223713
   0.817109   -0.574891  -0.0428189  -0.0384711
-0.00639786   0.0652281    -0.99785    0.073682
          0           0           0           1
v_world_imu: -0.00461614  0.00225346 -0.00131173
frame_308
id: 1097
stamp: 1783948432.484212399
T_odom_lidar: 
   0.576439    0.815635   0.0495756   0.0222839
   0.817114   -0.574879  -0.0428769   -0.038521
-0.00647193   0.0652249    -0.99785   0.0736138
          0           0           0           1
T_world_lidar: 
   0.576439    0.815635   0.0495756   0.0222839
   0.817114   -0.574879  -0.0428769   -0.038521
-0.00647193   0.0652249    -0.99785   0.0736138
          0           0           0           1
v_world_imu: -0.00453335  0.00100288 0.000787624
frame_309
id: 1098
stamp: 1783948432.585083008
T_odom_lidar: 
   0.576426    0.815633   0.0497536   0.0222276
   0.817125   -0.574871   -0.042765  -0.0385404
-0.00627864   0.0653058   -0.997846   0.0734675
          0           0           0           1
T_world_lidar: 
   0.576426    0.815633   0.0497536   0.0222276
   0.817125   -0.574871   -0.042765  -0.0385404
-0.00627864   0.0653058   -0.997846   0.0734675
          0           0           0           1
v_world_imu: -0.00378398  0.00187965 -0.00168702
frame_310
id: 1099
stamp: 1783948432.685944796
T_odom_lidar: 
   0.576423    0.815633   0.0497937   0.0221495
   0.817128   -0.574868  -0.0427645  -0.0385896
-0.00625526   0.0653382   -0.997844   0.0732682
          0           0           0           1
T_world_lidar: 
   0.576423    0.815633   0.0497937   0.0221495
   0.817128   -0.574868  -0.0427645  -0.0385896
-0.00625526   0.0653382   -0.997844   0.0732682
          0           0           0           1
v_world_imu: -0.00382835  0.00148205 -0.00187999
frame_311
id: 1100
stamp: 1783948432.786810398
T_odom_lidar: 
   0.576442    0.815624   0.0497177   0.0217217
   0.817114   -0.574884   -0.042812  -0.0389278
-0.00633659   0.0653037   -0.997845   0.0730761
          0           0           0           1
T_world_lidar: 
   0.576442    0.815624   0.0497177   0.0217217
   0.817114   -0.574884   -0.042812  -0.0389278
-0.00633659   0.0653037   -0.997845   0.0730761
          0           0           0           1
v_world_imu: -0.00506465 0.000942854 -0.00115515
frame_312
id: 1101
stamp: 1783948432.888494968
T_odom_lidar: 
   0.576472    0.815609    0.049619   0.0214782
   0.817092   -0.574913  -0.0428478  -0.0390738
-0.00642048   0.0652438   -0.997849    0.072964
          0           0           0           1
T_world_lidar: 
   0.576472    0.815609    0.049619   0.0214782
   0.817092   -0.574913  -0.0428478  -0.0390738
-0.00642048   0.0652438   -0.997849    0.072964
          0           0           0           1
v_world_imu: -0.00522434  0.00111906 -0.00144598
frame_313
id: 1102
stamp: 1783948432.988547087
T_odom_lidar: 
   0.576512    0.815588   0.0495097   0.0212167
   0.817063   -0.574949  -0.0429134   -0.039182
-0.00653408   0.0651926   -0.997851   0.0728371
          0           0           0           1
T_world_lidar: 
   0.576512    0.815588   0.0495097   0.0212167
   0.817063   -0.574949  -0.0429134   -0.039182
-0.00653408   0.0651926   -0.997851   0.0728371
          0           0           0           1
v_world_imu: -0.00535316 0.000901131 -0.00117947
frame_314
id: 1103
stamp: 1783948433.089436531
T_odom_lidar: 
   0.576535     0.81558   0.0493525   0.0209436
   0.817045   -0.574972  -0.0429438   -0.039321
-0.00664782   0.0650818   -0.997858   0.0727842
          0           0           0           1
T_world_lidar: 
   0.576535     0.81558   0.0493525   0.0209436
   0.817045   -0.574972  -0.0429438   -0.039321
-0.00664782   0.0650818   -0.997858   0.0727842
          0           0           0           1
v_world_imu:  -0.00506023  0.000493364 -0.000816013
frame_315
id: 1104
stamp: 1783948433.190262318
T_odom_lidar: 
   0.57661   0.815539  0.0491652  0.0206893
  0.816991   -0.57504 -0.0430661 -0.0395208
-0.0068501  0.0649999  -0.997862  0.0726667
         0          0          0          1
T_world_lidar: 
   0.57661   0.815539  0.0491652  0.0206893
  0.816991   -0.57504 -0.0430661 -0.0395208
-0.0068501  0.0649999  -0.997862  0.0726667
         0          0          0          1
v_world_imu: -0.00438439 0.000195672 -0.00108641
frame_316
id: 1105
stamp: 1783948433.291129112
T_odom_lidar: 
   0.576699    0.815482   0.0490737   0.0205255
   0.816927   -0.575126  -0.0431328  -0.0396823
-0.00695048   0.0649643   -0.997863   0.0725778
          0           0           0           1
T_world_lidar: 
   0.576699    0.815482   0.0490737   0.0205255
   0.816927   -0.575126  -0.0431328  -0.0396823
-0.00695048   0.0649643   -0.997863   0.0725778
          0           0           0           1
v_world_imu: -0.00316194 0.000749528 -0.00100573
frame_317
id: 1106
stamp: 1783948433.391995430
T_odom_lidar: 
   0.576696    0.815492   0.0489361   0.0204356
   0.816928   -0.575118  -0.0432213  -0.0398523
-0.00710263   0.0649029   -0.997866   0.0725347
          0           0           0           1
T_world_lidar: 
   0.576696    0.815492   0.0489361   0.0204356
   0.816928   -0.575118  -0.0432213  -0.0398523
-0.00710263   0.0649029   -0.997866   0.0725347
          0           0           0           1
v_world_imu: -0.00271245 9.19352e-05 0.000548238
frame_318
id: 1107
stamp: 1783948433.494379282
T_odom_lidar: 
   0.576693     0.81549   0.0490031   0.0204552
   0.816931   -0.575116  -0.0431831    -0.03997
-0.00703293   0.0649356   -0.997865   0.0723864
          0           0           0           1
T_world_lidar: 
   0.576693     0.81549   0.0490031   0.0204552
   0.816931   -0.575116  -0.0431831    -0.03997
-0.00703293   0.0649356   -0.997865   0.0723864
          0           0           0           1
v_world_imu:  -0.00179076  0.000427542 -1.04177e-05
frame_319
id: 1108
stamp: 1783948433.593723059
T_odom_lidar: 
   0.576655    0.815514    0.049041   0.0205462
   0.816957   -0.575077  -0.0432159  -0.0400593
-0.00704079   0.0649851   -0.997861     0.07221
          0           0           0           1
T_world_lidar: 
   0.576655    0.815514    0.049041   0.0205462
   0.816957   -0.575077  -0.0432159  -0.0400593
-0.00704079   0.0649851   -0.997861     0.07221
          0           0           0           1
v_world_imu: -0.000655822  0.000815806 -0.000302232
frame_320
id: 1109
stamp: 1783948433.694593906
T_odom_lidar: 
   0.576658     0.81551   0.0490881   0.0207481
   0.816956    -0.57508  -0.0431956  -0.0401774
-0.00699682   0.0650119    -0.99786   0.0719598
          0           0           0           1
T_world_lidar: 
   0.576658     0.81551   0.0490881   0.0207481
   0.816956    -0.57508  -0.0431956  -0.0401774
-0.00699682   0.0650119    -0.99786   0.0719598
          0           0           0           1
v_world_imu: -6.81296e-05  0.000509872 -0.000400326
frame_321
id: 1110
stamp: 1783948433.795448065
T_odom_lidar: 
    0.57669    0.815483   0.0491619   0.0209507
   0.816934   -0.575112  -0.0431932  -0.0402659
-0.00694974   0.0650711   -0.997856   0.0717322
          0           0           0           1
T_world_lidar: 
    0.57669    0.815483   0.0491619   0.0209507
   0.816934   -0.575112  -0.0431932  -0.0402659
-0.00694974   0.0650711   -0.997856   0.0717322
          0           0           0           1
v_world_imu: -0.00033651 0.000467369 -0.00112051
frame_322
id: 1111
stamp: 1783948433.896308661
T_odom_lidar: 
   0.576691    0.815473   0.0493103   0.0210804
   0.816934   -0.575115  -0.0431392  -0.0403453
-0.00681971   0.0651612   -0.997851   0.0714327
          0           0           0           1
T_world_lidar: 
   0.576691    0.815473   0.0493103   0.0210804
   0.816934   -0.575115  -0.0431392  -0.0403453
-0.00681971   0.0651612   -0.997851   0.0714327
          0           0           0           1
v_world_imu: -0.000150022  0.000522224  -0.00118488
frame_323
id: 1112
stamp: 1783948433.997181177
T_odom_lidar: 
   0.576703    0.815457   0.0494287   0.0212635
   0.816926   -0.575127  -0.0431454  -0.0404244
-0.00675546   0.0652617   -0.997845   0.0710863
          0           0           0           1
T_world_lidar: 
   0.576703    0.815457   0.0494287   0.0212635
   0.816926   -0.575127  -0.0431454  -0.0404244
-0.00675546   0.0652617   -0.997845   0.0710863
          0           0           0           1
v_world_imu: 0.000990382  0.00133766 -0.00369316
frame_324
id: 1113
stamp: 1783948434.100350142
T_odom_lidar: 
   0.576699    0.815462   0.0494014    0.021281
   0.816928   -0.575119  -0.0431976  -0.0406335
-0.00681431   0.0652694   -0.997844   0.0705459
          0           0           0           1
T_world_lidar: 
   0.576699    0.815462   0.0494014    0.021281
   0.816928   -0.575119  -0.0431976  -0.0406335
-0.00681431   0.0652694   -0.997844   0.0705459
          0           0           0           1
v_world_imu:  0.00116063 0.000200892 -0.00369776
frame_325
id: 1114
stamp: 1783948434.199432850
T_odom_lidar: 
   0.576702    0.815463   0.0493515   0.0213932
   0.816926    -0.57512    -0.04324  -0.0407614
-0.00687757    0.065253   -0.997845   0.0702063
          0           0           0           1
T_world_lidar: 
   0.576702    0.815463   0.0493515   0.0213932
   0.816926    -0.57512    -0.04324  -0.0407614
-0.00687757    0.065253   -0.997845   0.0702063
          0           0           0           1
v_world_imu:  0.00059349 0.000324787 -0.00323806
frame_326
id: 1115
stamp: 1783948434.299767017
T_odom_lidar: 
   0.576698    0.815466    0.049346   0.0214553
   0.816928   -0.575112  -0.0432873  -0.0408808
-0.00691985   0.0652758   -0.997843   0.0699249
          0           0           0           1
T_world_lidar: 
   0.576698    0.815466    0.049346   0.0214553
   0.816928   -0.575112  -0.0432873  -0.0408808
-0.00691985   0.0652758   -0.997843   0.0699249
          0           0           0           1
v_world_imu: 0.000324785 0.000201374 -0.00235064
frame_327
id: 1116
stamp: 1783948434.400634527
T_odom_lidar: 
   0.576689    0.815474   0.0493162   0.0215061
   0.816934   -0.575104   -0.043289  -0.0410092
-0.00693914   0.0652524   -0.997845   0.0697555
          0           0           0           1
T_world_lidar: 
   0.576689    0.815474   0.0493162   0.0215061
   0.816934   -0.575104   -0.043289  -0.0410092
-0.00693914   0.0652524   -0.997845   0.0697555
          0           0           0           1
v_world_imu:  0.000794736 -0.000102363  -0.00170185
frame_328
id: 1117
stamp: 1783948434.501501322
T_odom_lidar: 
   0.576723    0.815449   0.0493355   0.0216043
    0.81691   -0.575135  -0.0433242   -0.041117
-0.00695401   0.0652887   -0.997842   0.0695702
          0           0           0           1
T_world_lidar: 
   0.576723    0.815449   0.0493355   0.0216043
    0.81691   -0.575135  -0.0433242   -0.041117
-0.00695401   0.0652887   -0.997842   0.0695702
          0           0           0           1
v_world_imu:  0.00097381 0.000516146 -0.00128308
frame_329
id: 1118
stamp: 1783948434.602362156
T_odom_lidar: 
  0.576676   0.815474  0.0494665  0.0216307
  0.816944  -0.575082 -0.0434064 -0.0411629
-0.0069495  0.0654428  -0.997832   0.069517
         0          0          0          1
T_world_lidar: 
  0.576676   0.815474  0.0494665  0.0216307
  0.816944  -0.575082 -0.0434064 -0.0411629
-0.0069495  0.0654428  -0.997832   0.069517
         0          0          0          1
v_world_imu:  0.000408447 -0.000445586   0.00117118
frame_330
id: 1119
stamp: 1783948434.703226566
T_odom_lidar: 
   0.576654    0.815477   0.0496716   0.0217023
    0.81696   -0.575064  -0.0433205  -0.0412482
-0.00676252   0.0655606   -0.997826   0.0694513
          0           0           0           1
T_world_lidar: 
   0.576654    0.815477   0.0496716   0.0217023
    0.81696   -0.575064  -0.0433205  -0.0412482
-0.00676252   0.0655606   -0.997826   0.0694513
          0           0           0           1
v_world_imu:   0.00134815  0.000609277 -0.000370766
frame_331
id: 1120
stamp: 1783948434.804099083
T_odom_lidar: 
   0.576574    0.815533    0.049683   0.0217426
   0.817017   -0.574987  -0.0432764  -0.0412939
-0.00672628   0.0655439   -0.997827   0.0694617
          0           0           0           1
T_world_lidar: 
   0.576574    0.815533    0.049683   0.0217426
   0.817017   -0.574987  -0.0432764  -0.0412939
-0.00672628   0.0655439   -0.997827   0.0694617
          0           0           0           1
v_world_imu: 0.000866632 0.000433106 3.68731e-05
frame_332
id: 1121
stamp: 1783948434.905111074
T_odom_lidar: 
   0.576507    0.815574   0.0497943   0.0216974
   0.817065   -0.574916   -0.043319  -0.0412979
-0.00670231   0.0656589    -0.99782   0.0694716
          0           0           0           1
T_world_lidar: 
   0.576507    0.815574   0.0497943   0.0216974
   0.817065   -0.574916   -0.043319  -0.0412979
-0.00670231   0.0656589    -0.99782   0.0694716
          0           0           0           1
v_world_imu:  0.000167217  0.000444251 -3.55011e-06
frame_333
id: 1122
stamp: 1783948435.005839348
T_odom_lidar: 
   0.576447    0.815614   0.0498325    0.021564
   0.817107   -0.574857  -0.0433057  -0.0413313
-0.00667418   0.0656819   -0.997818   0.0694565
          0           0           0           1
T_world_lidar: 
   0.576447    0.815614   0.0498325    0.021564
   0.817107   -0.574857  -0.0433057  -0.0413313
-0.00667418   0.0656819   -0.997818   0.0694565
          0           0           0           1
v_world_imu:  -0.0008546 0.000135263 0.000347575
frame_334
id: 1123
stamp: 1783948435.106682301
T_odom_lidar: 
   0.576446    0.815615   0.0498184   0.0213224
   0.817108   -0.574856  -0.0433059  -0.0413248
-0.00668255   0.0656705   -0.997819    0.069497
          0           0           0           1
T_world_lidar: 
   0.576446    0.815615   0.0498184   0.0213224
   0.817108   -0.574856  -0.0433059  -0.0413248
-0.00668255   0.0656705   -0.997819    0.069497
          0           0           0           1
v_world_imu: -0.00133691 0.000285386 0.000341955
frame_335
id: 1124
stamp: 1783948435.207582235
T_odom_lidar: 
   0.576441    0.815619   0.0498066   0.0210032
   0.817111    -0.57485  -0.0433194  -0.0413062
-0.00670084   0.0656686   -0.997819   0.0695496
          0           0           0           1
T_world_lidar: 
   0.576441    0.815619   0.0498066   0.0210032
   0.817111    -0.57485  -0.0433194  -0.0413062
-0.00670084   0.0656686   -0.997819   0.0695496
          0           0           0           1
v_world_imu: -0.00196498 0.000299566 0.000106465
frame_336
id: 1125
stamp: 1783948435.308411598
T_odom_lidar: 
   0.576438    0.815637   0.0495442   0.0206644
   0.817112    -0.57485  -0.0433006  -0.0413275
-0.00683711   0.0654433   -0.997833   0.0695494
          0           0           0           1
T_world_lidar: 
   0.576438    0.815637   0.0495442   0.0206644
   0.817112    -0.57485  -0.0433006  -0.0413275
-0.00683711   0.0654433   -0.997833   0.0695494
          0           0           0           1
v_world_imu: -0.00216933 0.000210592 0.000222702
frame_337
id: 1126
stamp: 1783948435.410228252
T_odom_lidar: 
   0.576443    0.815646   0.0493427   0.0202474
   0.817108   -0.574856  -0.0433047  -0.0413331
-0.00695638    0.065281   -0.997843   0.0695802
          0           0           0           1
T_world_lidar: 
   0.576443    0.815646   0.0493427   0.0202474
   0.817108   -0.574856  -0.0433047  -0.0413331
-0.00695638    0.065281   -0.997843   0.0695802
          0           0           0           1
v_world_imu:  -0.00180959 -0.000272185  0.000387088
frame_338
id: 1127
stamp: 1783948435.510141134
T_odom_lidar: 
   0.576471    0.815643   0.0490698   0.0198888
   0.817087   -0.574888  -0.0432798  -0.0413305
-0.00709126   0.0650438   -0.997857   0.0696033
          0           0           0           1
T_world_lidar: 
   0.576471    0.815643   0.0490698   0.0198888
   0.817087   -0.574888  -0.0432798  -0.0413305
-0.00709126   0.0650438   -0.997857   0.0696033
          0           0           0           1
v_world_imu:   -0.001602 0.000504915 0.000229577
frame_339
id: 1128
stamp: 1783948435.611454964
T_odom_lidar: 
   0.576468    0.815659   0.0488447   0.0195497
   0.817088   -0.574887  -0.0432644  -0.0412636
-0.00720878   0.0648509   -0.997869   0.0696835
          0           0           0           1
T_world_lidar: 
   0.576468    0.815659   0.0488447   0.0195497
   0.817088   -0.574887  -0.0432644  -0.0412636
-0.00720878   0.0648509   -0.997869   0.0696835
          0           0           0           1
v_world_imu:   -0.0012866 -0.000492021   0.00263975
frame_340
id: 1129
stamp: 1783948435.711891174
T_odom_lidar: 
   0.576474    0.815656   0.0488207   0.0193132
   0.817084   -0.574896  -0.0432245  -0.0412049
-0.00718951   0.0648084   -0.997872   0.0697687
          0           0           0           1
T_world_lidar: 
   0.576474    0.815656   0.0488207   0.0193132
   0.817084   -0.574896  -0.0432245  -0.0412049
-0.00718951   0.0648084   -0.997872   0.0697687
          0           0           0           1
v_world_imu:  0.000442021 -0.000624114   0.00275532
frame_341
id: 1130
stamp: 1783948435.812731981
T_odom_lidar: 
   0.576414    0.815702   0.0487436    0.019282
   0.817126   -0.574845  -0.0431066  -0.0411639
-0.00714216    0.064677   -0.997881   0.0698642
          0           0           0           1
T_world_lidar: 
   0.576414    0.815702   0.0487436    0.019282
   0.817126   -0.574845  -0.0431066  -0.0411639
-0.00714216    0.064677   -0.997881   0.0698642
          0           0           0           1
v_world_imu:   0.00214756 -0.000709398   0.00278784
frame_342
id: 1131
stamp: 1783948435.913593292
T_odom_lidar: 
   0.576368    0.815729    0.048856   0.0193535
   0.817161   -0.574802  -0.0430211  -0.0410996
-0.00701102   0.0647192   -0.997879     0.06997
          0           0           0           1
T_world_lidar: 
   0.576368    0.815729    0.048856   0.0193535
   0.817161   -0.574802  -0.0430211  -0.0410996
-0.00701102   0.0647192   -0.997879     0.06997
          0           0           0           1
v_world_imu:   0.00345891 -0.000723465   0.00287699
frame_343
id: 1132
stamp: 1783948436.014465570
T_odom_lidar: 
   0.576257    0.815796   0.0490455   0.0194758
    0.81724   -0.574693  -0.0429786  -0.0410614
-0.00687566   0.0648487   -0.997871   0.0701143
          0           0           0           1
T_world_lidar: 
   0.576257    0.815796   0.0490455   0.0194758
    0.81724   -0.574693  -0.0429786  -0.0410614
-0.00687566   0.0648487   -0.997871   0.0701143
          0           0           0           1
v_world_imu:  0.00461163 -0.00111105  0.00302302
frame_344
id: 1133
stamp: 1783948436.115362406
T_odom_lidar: 
   0.576205     0.81582   0.0492511    0.019748
   0.817277   -0.574641  -0.0429515  -0.0409946
-0.00673901   0.0650007   -0.997862   0.0702199
          0           0           0           1
T_world_lidar: 
   0.576205     0.81582   0.0492511    0.019748
   0.817277   -0.574641  -0.0429515  -0.0409946
-0.00673901   0.0650007   -0.997862   0.0702199
          0           0           0           1
v_world_imu:  0.00538745 0.000193315  0.00123072
frame_345
id: 1134
stamp: 1783948436.216190577
T_odom_lidar: 
   0.576143    0.815861   0.0492951   0.0199689
   0.817321   -0.574575  -0.0430162  -0.0409225
-0.00677154   0.0650734   -0.997858   0.0703358
          0           0           0           1
T_world_lidar: 
   0.576143    0.815861   0.0492951   0.0199689
   0.817321   -0.574575  -0.0430162  -0.0409225
-0.00677154   0.0650734   -0.997858   0.0703358
          0           0           0           1
v_world_imu:    0.0055712 -0.000102695  0.000867814
frame_346
id: 1135
stamp: 1783948436.317170143
T_odom_lidar: 
   0.576138    0.815861    0.049349   0.0202212
   0.817325   -0.574573  -0.0429641   -0.040861
-0.00669818   0.0650874   -0.997857   0.0704653
          0           0           0           1
T_world_lidar: 
   0.576138    0.815861    0.049349   0.0202212
   0.817325   -0.574573  -0.0429641   -0.040861
-0.00669818   0.0650874   -0.997857   0.0704653
          0           0           0           1
v_world_imu:   0.0059234 -0.00024263 0.000828072
frame_347
id: 1136
stamp: 1783948436.417912960
T_odom_lidar: 
   0.576081    0.815901   0.0493637   0.0205055
   0.817365   -0.574518  -0.0429252    -0.04083
-0.00666239   0.0650766   -0.997858   0.0705738
          0           0           0           1
T_world_lidar: 
   0.576081    0.815901   0.0493637   0.0205055
   0.817365   -0.574518  -0.0429252    -0.04083
-0.00666239   0.0650766   -0.997858   0.0705738
          0           0           0           1
v_world_imu:   0.00651617 -0.000685899  0.000975521
frame_348
id: 1137
stamp: 1783948436.518823624
T_odom_lidar: 
   0.576076    0.815903   0.0493825   0.0208142
    0.81737   -0.574516  -0.0428756   -0.040814
-0.00661129   0.0650634   -0.997859   0.0706582
          0           0           0           1
T_world_lidar: 
   0.576076    0.815903   0.0493825   0.0208142
    0.81737   -0.574516  -0.0428756   -0.040814
-0.00661129   0.0650634   -0.997859   0.0706582
          0           0           0           1
v_world_imu:   0.00622965 -0.000812022  0.000870892
frame_349
id: 1138
stamp: 1783948436.619669914
T_odom_lidar: 
   0.576068    0.815901   0.0495064   0.0210495
   0.817376   -0.574506  -0.0428955  -0.0407936
-0.00655683    0.065176   -0.997852   0.0707704
          0           0           0           1
T_world_lidar: 
   0.576068    0.815901   0.0495064   0.0210495
   0.817376   -0.574506  -0.0428955  -0.0407936
-0.00655683    0.065176   -0.997852   0.0707704
          0           0           0           1
v_world_imu:  0.00622577 -0.00112663 0.000398401
frame_350
id: 1139
stamp: 1783948436.720528841
T_odom_lidar: 
   0.576067     0.81591   0.0493702   0.0210675
   0.817375     -0.5745  -0.0429928  -0.0411128
-0.00671514   0.0651207   -0.997855   0.0709691
          0           0           0           1
T_world_lidar: 
   0.576067     0.81591   0.0493702   0.0210675
   0.817375     -0.5745  -0.0429928  -0.0411128
-0.00671514   0.0651207   -0.997855   0.0709691
          0           0           0           1
v_world_imu:  0.00592876 -0.00169803  0.00125352
frame_351
id: 1140
stamp: 1783948436.823534250
T_odom_lidar: 
   0.576101    0.815882   0.0494395   0.0212958
   0.817351   -0.574534   -0.042991  -0.0411982
-0.00667085   0.0651766   -0.997851   0.0711169
          0           0           0           1
T_world_lidar: 
   0.576101    0.815882   0.0494395   0.0212958
   0.817351   -0.574534   -0.042991  -0.0411982
-0.00667085   0.0651766   -0.997851   0.0711169
          0           0           0           1
v_world_imu:  0.00643719 -0.00263248  0.00110835
frame_352
id: 1141
stamp: 1783948436.922242880
T_odom_lidar: 
   0.576038    0.815928   0.0494108   0.0215549
   0.817395   -0.574469  -0.0430105  -0.0413605
-0.00670848   0.0651639   -0.997852   0.0712066
          0           0           0           1
T_world_lidar: 
   0.576038    0.815928   0.0494108   0.0215549
   0.817395   -0.574469  -0.0430105  -0.0413605
-0.00670848   0.0651639   -0.997852   0.0712066
          0           0           0           1
v_world_imu:  0.00631693 -0.00320492 0.000660696
frame_353
id: 1142
stamp: 1783948437.023102522
T_odom_lidar: 
   0.576021    0.815938   0.0494419   0.0217813
   0.817407    -0.57445  -0.0430425  -0.0415585
-0.00671809   0.0652076   -0.997849   0.0713142
          0           0           0           1
T_world_lidar: 
   0.576021    0.815938   0.0494419   0.0217813
   0.817407    -0.57445  -0.0430425  -0.0415585
-0.00671809   0.0652076   -0.997849   0.0713142
          0           0           0           1
v_world_imu:  0.00554709 -0.00428957  0.00245042
frame_354
id: 1143
stamp: 1783948437.123963594
T_odom_lidar: 
   0.576027    0.815927     0.04956   0.0220106
   0.817404   -0.574459  -0.0429755  -0.0417403
-0.00659465   0.0652656   -0.997846   0.0713083
          0           0           0           1
T_world_lidar: 
   0.576027    0.815927     0.04956   0.0220106
   0.817404   -0.574459  -0.0429755  -0.0417403
-0.00659465   0.0652656   -0.997846   0.0713083
          0           0           0           1
v_world_imu:   0.00643229  -0.00274838 -0.000307643
frame_355
id: 1144
stamp: 1783948437.224829435
T_odom_lidar: 
   0.576065    0.815894   0.0496541   0.0222524
   0.817378   -0.574495  -0.0430009  -0.0418495
-0.00655812   0.0653575    -0.99784   0.0712458
          0           0           0           1
T_world_lidar: 
   0.576065    0.815894   0.0496541   0.0222524
   0.817378   -0.574495  -0.0430009  -0.0418495
-0.00655812   0.0653575    -0.99784   0.0712458
          0           0           0           1
v_world_imu:   0.00642361  -0.00263815 -0.000897239
frame_356
id: 1145
stamp: 1783948437.325717926
T_odom_lidar: 
   0.576138    0.815843   0.0496389   0.0224995
   0.817326   -0.574572  -0.0429544  -0.0419572
-0.00652298   0.0653189   -0.997843   0.0711266
          0           0           0           1
T_world_lidar: 
   0.576138    0.815843   0.0496389   0.0224995
   0.817326   -0.574572  -0.0429544  -0.0419572
-0.00652298   0.0653189   -0.997843   0.0711266
          0           0           0           1
v_world_imu:  0.00588518 -0.00234844   -0.001361
frame_357
id: 1146
stamp: 1783948437.426586151
T_odom_lidar: 
    0.57612    0.815853    0.049706   0.0226694
   0.817339   -0.574551  -0.0429844  -0.0420262
-0.00651032   0.0653908   -0.997838   0.0710165
          0           0           0           1
T_world_lidar: 
    0.57612    0.815853    0.049706   0.0226694
   0.817339   -0.574551  -0.0429844  -0.0420262
-0.00651032   0.0653908   -0.997838   0.0710165
          0           0           0           1
v_world_imu:  0.00473974 -0.00325385 7.39743e-05
frame_358
id: 1147
stamp: 1783948437.527429342
T_odom_lidar: 
   0.576126    0.815832   0.0499683   0.0228336
   0.817336   -0.574561  -0.0429015  -0.0421007
-0.00629057   0.0655575   -0.997829   0.0707827
          0           0           0           1
T_world_lidar: 
   0.576126    0.815832   0.0499683   0.0228336
   0.817336   -0.574561  -0.0429015  -0.0421007
-0.00629057   0.0655575   -0.997829   0.0707827
          0           0           0           1
v_world_imu:  0.00576505 -0.00244043 -0.00195922
frame_359
id: 1148
stamp: 1783948437.628288984
T_odom_lidar: 
   0.576124    0.815825   0.0501131   0.0229772
   0.817339   -0.574562  -0.0428434  -0.0421721
-0.00615958   0.0656425   -0.997824   0.0706082
          0           0           0           1
T_world_lidar: 
   0.576124    0.815825   0.0501131   0.0229772
   0.817339   -0.574562  -0.0428434  -0.0421721
-0.00615958   0.0656425   -0.997824   0.0706082
          0           0           0           1
v_world_imu:  0.00520677 -0.00277598 -0.00236844
frame_360
id: 1149
stamp: 1783948437.729148865
T_odom_lidar: 
   0.576169    0.815793   0.0501162   0.0231137
   0.817308   -0.574612   -0.042768  -0.0422917
-0.00609242   0.0656019   -0.997827   0.0703187
          0           0           0           1
T_world_lidar: 
   0.576169    0.815793   0.0501162   0.0231137
   0.817308   -0.574612   -0.042768  -0.0422917
-0.00609242   0.0656019   -0.997827   0.0703187
          0           0           0           1
v_world_imu:  0.00375436 -0.00296394 -0.00272225
frame_361
id: 1150
stamp: 1783948437.830011368
T_odom_lidar: 
   0.576253    0.815726   0.0502319    0.023027
   0.817249   -0.574696  -0.0427677  -0.0423935
-0.00601868    0.065697   -0.997821   0.0700434
          0           0           0           1
T_world_lidar: 
   0.576253    0.815726   0.0502319    0.023027
   0.817249   -0.574696  -0.0427677  -0.0423935
-0.00601868    0.065697   -0.997821   0.0700434
          0           0           0           1
v_world_imu:  0.00256717 -0.00330142 -0.00316828
frame_362
id: 1151
stamp: 1783948437.930896044
T_odom_lidar: 
   0.576327    0.815671    0.050268   0.0229034
   0.817197   -0.574775  -0.0426809  -0.0425433
-0.00592079    0.065677   -0.997823   0.0696936
          0           0           0           1
T_world_lidar: 
   0.576327    0.815671    0.050268   0.0229034
   0.817197   -0.574775  -0.0426809  -0.0425433
-0.00592079    0.065677   -0.997823   0.0696936
          0           0           0           1
v_world_imu:  0.00141684 -0.00407655 -0.00345121
frame_363
id: 1152
stamp: 1783948438.031738758
T_odom_lidar: 
    0.57639    0.815626   0.0502798    0.022907
   0.817154   -0.574839  -0.0426645   -0.042484
-0.00589555   0.0656777   -0.997823   0.0698567
          0           0           0           1
T_world_lidar: 
    0.57639    0.815626   0.0502798    0.022907
   0.817154   -0.574839  -0.0426645   -0.042484
-0.00589555   0.0656777   -0.997823   0.0698567
          0           0           0           1
v_world_imu:  0.00077444 -0.00370161 -0.00319924
frame_364
id: 1153
stamp: 1783948438.132605791
T_odom_lidar: 
   0.576405    0.815651   0.0497116   0.0227039
   0.817138   -0.574831  -0.0430669  -0.0424844
-0.00655179   0.0654453   -0.997835   0.0718445
          0           0           0           1
T_world_lidar: 
   0.576405    0.815651   0.0497116   0.0227039
   0.817138   -0.574831  -0.0430669  -0.0424844
-0.00655179   0.0654453   -0.997835   0.0718445
          0           0           0           1
v_world_imu:  0.00247401 -0.00107149  0.00159433
frame_365
id: 1154
stamp: 1783948438.233477831
T_odom_lidar: 
   0.576423    0.815642   0.0496519   0.0226095
   0.817125   -0.574849  -0.0430723  -0.0423497
-0.00658922   0.0653997   -0.997837   0.0720394
          0           0           0           1
T_world_lidar: 
   0.576423    0.815642   0.0496519   0.0226095
   0.817125   -0.574849  -0.0430723  -0.0423497
-0.00658922   0.0653997   -0.997837   0.0720394
          0           0           0           1
v_world_imu:  0.00202765 -0.00104149  0.00179109
frame_366
id: 1155
stamp: 1783948438.334344387
T_odom_lidar: 
   0.576462    0.815616   0.0496228   0.0225022
   0.817098   -0.574892  -0.0430104   -0.042187
-0.00655223   0.0653405   -0.997842   0.0722388
          0           0           0           1
T_world_lidar: 
   0.576462    0.815616   0.0496228   0.0225022
   0.817098   -0.574892  -0.0430104   -0.042187
-0.00655223   0.0653405   -0.997842   0.0722388
          0           0           0           1
v_world_imu:   0.00144476 -0.000411834   0.00186812
frame_367
id: 1156
stamp: 1783948438.435205936
T_odom_lidar: 
   0.576504    0.815589   0.0495801   0.0223135
   0.817069   -0.574939  -0.0429349  -0.0419801
-0.00651163   0.0652625   -0.997847    0.072453
          0           0           0           1
T_world_lidar: 
   0.576504    0.815589   0.0495801   0.0223135
   0.817069   -0.574939  -0.0429349  -0.0419801
-0.00651163   0.0652625   -0.997847    0.072453
          0           0           0           1
v_world_imu:  0.000580456 -0.000486727   0.00190608
frame_368
id: 1157
stamp: 1783948438.536059141
T_odom_lidar: 
    0.57656    0.815551   0.0495527   0.0220602
   0.817029   -0.574997  -0.0429237  -0.0417948
-0.00651383   0.0652341   -0.997849   0.0725948
          0           0           0           1
T_world_lidar: 
    0.57656    0.815551   0.0495527   0.0220602
   0.817029   -0.574997  -0.0429237  -0.0417948
-0.00651383   0.0652341   -0.997849   0.0725948
          0           0           0           1
v_world_imu:  0.000316642 -0.000734782   0.00128124
frame_369
id: 1158
stamp: 1783948438.636928082
T_odom_lidar: 
   0.576596    0.815527   0.0495132   0.0217866
   0.817003   -0.575035  -0.0428972  -0.0416293
-0.00651202   0.0651868   -0.997852   0.0726983
          0           0           0           1
T_world_lidar: 
   0.576596    0.815527   0.0495132   0.0217866
   0.817003   -0.575035  -0.0428972  -0.0416293
-0.00651202   0.0651868   -0.997852   0.0726983
          0           0           0           1
v_world_imu:  -0.00082033 -0.000929963  0.000821337
frame_370
id: 1159
stamp: 1783948438.737797022
T_odom_lidar: 
   0.576677    0.815478   0.0493914   0.0214778
   0.816946   -0.575122  -0.0428152  -0.0414898
-0.00650878   0.0650406   -0.997861   0.0727529
          0           0           0           1
T_world_lidar: 
   0.576677    0.815478   0.0493914   0.0214778
   0.816946   -0.575122  -0.0428152  -0.0414898
-0.00650878   0.0650406   -0.997861   0.0727529
          0           0           0           1
v_world_imu: -0.000697093  -0.00113225  0.000445942
frame_371
id: 1160
stamp: 1783948438.839550018
T_odom_lidar: 
   0.576712    0.815469   0.0491343   0.0211535
   0.816921   -0.575158  -0.0428262  -0.0413792
-0.00666342   0.0648372   -0.997874   0.0728241
          0           0           0           1
T_world_lidar: 
   0.576712    0.815469   0.0491343   0.0211535
   0.816921   -0.575158  -0.0428262  -0.0413792
-0.00666342   0.0648372   -0.997874   0.0728241
          0           0           0           1
v_world_imu: -0.000578679  -0.00151562  3.14543e-05
frame_372
id: 1161
stamp: 1783948438.939522743
T_odom_lidar: 
   0.576759    0.815446   0.0489628   0.0209135
   0.816886   -0.575206  -0.0428307  -0.0412957
-0.00676239      0.0647   -0.997882   0.0727736
          0           0           0           1
T_world_lidar: 
   0.576759    0.815446   0.0489628   0.0209135
   0.816886   -0.575206  -0.0428307  -0.0412957
-0.00676239      0.0647   -0.997882   0.0727736
          0           0           0           1
v_world_imu: -0.00035545 -0.00153399 6.04391e-05
frame_373
id: 1162
stamp: 1783948439.040379047
T_odom_lidar: 
   0.576816    0.815413   0.0488307   0.0206831
   0.816846   -0.575264  -0.0428348  -0.0412007
-0.00683757   0.0645949   -0.997888   0.0728601
          0           0           0           1
T_world_lidar: 
   0.576816    0.815413   0.0488307   0.0206831
   0.816846   -0.575264  -0.0428348  -0.0412007
-0.00683757   0.0645949   -0.997888   0.0728601
          0           0           0           1
v_world_imu:  -0.0006541 -0.00198733  0.00208309
frame_374
id: 1163
stamp: 1783948439.141248226
T_odom_lidar: 
   0.576862    0.815384   0.0487813   0.0205372
   0.816813   -0.575314  -0.0427858  -0.0411144
-0.00682229   0.0645267   -0.997893   0.0728142
          0           0           0           1
T_world_lidar: 
   0.576862    0.815384   0.0487813   0.0205372
   0.816813   -0.575314  -0.0427858  -0.0411144
-0.00682229   0.0645267   -0.997893   0.0728142
          0           0           0           1
v_world_imu: -0.000144446  -0.00221515    0.0023949
frame_375
id: 1164
stamp: 1783948439.242109060
T_odom_lidar: 
  0.576823    0.81541  0.0487903  0.0204078
  0.816841  -0.575279 -0.0427215 -0.0410432
-0.0067675  0.0644967  -0.997895  0.0729219
         0          0          0          1
T_world_lidar: 
  0.576823    0.81541  0.0487903  0.0204078
  0.816841  -0.575279 -0.0427215 -0.0410432
-0.0067675  0.0644967  -0.997895  0.0729219
         0          0          0          1
v_world_imu: 0.000611573 -0.00222296  0.00201996
frame_376
id: 1165
stamp: 1783948439.342998505
T_odom_lidar: 
    0.57676    0.815452   0.0488479   0.0204305
   0.816886   -0.575219  -0.0426606  -0.0409883
-0.00668942   0.0645081   -0.997895   0.0729042
          0           0           0           1
T_world_lidar: 
    0.57676    0.815452   0.0488479   0.0204305
   0.816886   -0.575219  -0.0426606  -0.0409883
-0.00668942   0.0645081   -0.997895   0.0729042
          0           0           0           1
v_world_imu:  0.00100666 -0.00261066  0.00230717
frame_377
id: 1166
stamp: 1783948439.443851471
T_odom_lidar: 
     0.5767     0.81549   0.0489257   0.0204596
   0.816929   -0.575162  -0.0426045  -0.0409311
-0.00660329   0.0645388   -0.997893   0.0729428
          0           0           0           1
T_world_lidar: 
     0.5767     0.81549   0.0489257   0.0204596
   0.816929   -0.575162  -0.0426045  -0.0409311
-0.00660329   0.0645388   -0.997893   0.0729428
          0           0           0           1
v_world_imu: 0.000974263  -0.0021929  0.00205111
frame_378
id: 1167
stamp: 1783948439.544711113
T_odom_lidar: 
   0.576674    0.815503   0.0490093   0.0205682
   0.816949   -0.575141  -0.0425108  -0.0408734
-0.00648042    0.064553   -0.997893   0.0729413
          0           0           0           1
T_world_lidar: 
   0.576674    0.815503   0.0490093   0.0205682
   0.816949   -0.575141  -0.0425108  -0.0408734
-0.00648042    0.064553   -0.997893   0.0729413
          0           0           0           1
v_world_imu:   0.0026072 -0.00166977 0.000203326
frame_379
id: 1168
stamp: 1783948439.645601034
T_odom_lidar: 
   0.576634     0.81553   0.0490299   0.0207108
   0.816977   -0.575099  -0.0425495  -0.0408647
-0.00650333   0.0645918   -0.997891   0.0729512
          0           0           0           1
T_world_lidar: 
   0.576634     0.81553   0.0490299   0.0207108
   0.816977   -0.575099  -0.0425495  -0.0408647
-0.00650333   0.0645918   -0.997891   0.0729512
          0           0           0           1
v_world_imu:   0.00244533  -0.00199444 -3.83186e-05
frame_380
id: 1169
stamp: 1783948439.746431351
T_odom_lidar: 
     0.5766    0.815553   0.0490379   0.0208764
      0.817   -0.575063  -0.0425813  -0.0408913
-0.00652743   0.0646163   -0.997889    0.072927
          0           0           0           1
T_world_lidar: 
     0.5766    0.815553   0.0490379   0.0208764
      0.817   -0.575063  -0.0425813  -0.0408913
-0.00652743   0.0646163   -0.997889    0.072927
          0           0           0           1
v_world_imu:  0.00250159  -0.0025098 -0.00059261
frame_381
id: 1170
stamp: 1783948439.847300053
T_odom_lidar: 
   0.576526    0.815608   0.0490092    0.021063
   0.817052   -0.574985  -0.0426341  -0.0409552
-0.00659316   0.0646227   -0.997888   0.0728969
          0           0           0           1
T_world_lidar: 
   0.576526    0.815608   0.0490092    0.021063
   0.817052   -0.574985  -0.0426341  -0.0409552
-0.00659316   0.0646227   -0.997888   0.0728969
          0           0           0           1
v_world_imu:   0.00262281  -0.00224255 -0.000540004
frame_382
id: 1171
stamp: 1783948439.948168039
T_odom_lidar: 
   0.576507    0.815617   0.0490775   0.0213052
   0.817066   -0.574964  -0.0426697  -0.0409554
-0.00658436   0.0646989   -0.997883   0.0727859
          0           0           0           1
T_world_lidar: 
   0.576507    0.815617   0.0490775   0.0213052
   0.817066   -0.574964  -0.0426697  -0.0409554
-0.00658436   0.0646989   -0.997883   0.0727859
          0           0           0           1
v_world_imu:  0.00239866 -0.00221939 -0.00116483
frame_383
id: 1172
stamp: 1783948440.049020767
T_odom_lidar: 
    0.57647    0.815643   0.0490831    0.021503
   0.817092   -0.574923  -0.0427155  -0.0410158
-0.00662161   0.0647296   -0.997881   0.0726349
          0           0           0           1
T_world_lidar: 
    0.57647    0.815643   0.0490831    0.021503
   0.817092   -0.574923  -0.0427155  -0.0410158
-0.00662161   0.0647296   -0.997881   0.0726349
          0           0           0           1
v_world_imu:  0.00242744 -0.00218376  -0.0017886
frame_384
id: 1173
stamp: 1783948440.151893139
T_odom_lidar: 
   0.576455    0.815647   0.0491944   0.0217746
   0.817103   -0.574906  -0.0427283  -0.0410187
-0.00656901   0.0648278   -0.997875   0.0725187
          0           0           0           1
T_world_lidar: 
   0.576455    0.815647   0.0491944   0.0217746
   0.817103   -0.574906  -0.0427283  -0.0410187
-0.00656901   0.0648278   -0.997875   0.0725187
          0           0           0           1
v_world_imu:  0.00216456  -0.0014928 -0.00180987
frame_385
id: 1174
stamp: 1783948440.250752926
T_odom_lidar: 
   0.576435    0.815655   0.0492972   0.0220473
   0.817117   -0.574885  -0.0427363  -0.0410167
-0.00651787   0.0649162   -0.997869   0.0722651
          0           0           0           1
T_world_lidar: 
   0.576435    0.815655   0.0492972   0.0220473
   0.817117   -0.574885  -0.0427363  -0.0410167
-0.00651787   0.0649162   -0.997869   0.0722651
          0           0           0           1
v_world_imu:  0.00269702 -0.00183799 -0.00240403
frame_386
id: 1175
stamp: 1783948440.351619005
T_odom_lidar: 
   0.576417    0.815661   0.0494089   0.0223642
   0.817131   -0.574869  -0.0426931  -0.0410405
-0.00641942   0.0649825   -0.997866   0.0720556
          0           0           0           1
T_world_lidar: 
   0.576417    0.815661   0.0494089   0.0223642
   0.817131   -0.574869  -0.0426931  -0.0410405
-0.00641942   0.0649825   -0.997866   0.0720556
          0           0           0           1
v_world_imu:  0.00258218 -0.00181009 -0.00239394
frame_387
id: 1176
stamp: 1783948440.452481508
T_odom_lidar: 
    0.57643    0.815651   0.0494097   0.0223242
   0.817121   -0.574878  -0.0427577  -0.0413026
-0.00647085   0.0650205   -0.997863   0.0718857
          0           0           0           1
T_world_lidar: 
    0.57643    0.815651   0.0494097   0.0223242
   0.817121   -0.574878  -0.0427577  -0.0413026
-0.00647085   0.0650205   -0.997863   0.0718857
          0           0           0           1
v_world_imu:  0.00231411 -0.00185758 -0.00145305
frame_388
id: 1177
stamp: 1783948440.553362370
T_odom_lidar: 
   0.576407    0.815662   0.0494904   0.0226346
   0.817137   -0.574854  -0.0427743  -0.0412838
-0.00643964   0.0650959   -0.997858   0.0717596
          0           0           0           1
T_world_lidar: 
   0.576407    0.815662   0.0494904   0.0226346
   0.817137   -0.574854  -0.0427743  -0.0412838
-0.00643964   0.0650959   -0.997858   0.0717596
          0           0           0           1
v_world_imu:  0.00244927 -0.00105046 -0.00105156
frame_389
id: 1178
stamp: 1783948440.654234648
T_odom_lidar: 
   0.576388    0.815671   0.0495744   0.0229404
   0.817151   -0.574834  -0.0427757  -0.0412725
-0.00639379   0.0651652   -0.997854   0.0716486
          0           0           0           1
T_world_lidar: 
   0.576388    0.815671   0.0495744   0.0229404
   0.817151   -0.574834  -0.0427757  -0.0412725
-0.00639379   0.0651652   -0.997854   0.0716486
          0           0           0           1
v_world_imu:   0.00169771 -0.000969808 -0.000964778
frame_390
id: 1179
stamp: 1783948440.755078077
T_odom_lidar: 
    0.57637    0.815682   0.0496006   0.0232047
   0.817164   -0.574817   -0.042758  -0.0412284
-0.00636571   0.0651763   -0.997853   0.0715922
          0           0           0           1
T_world_lidar: 
    0.57637    0.815682   0.0496006   0.0232047
   0.817164   -0.574817   -0.042758  -0.0412284
-0.00636571   0.0651763   -0.997853   0.0715922
          0           0           0           1
v_world_imu:   0.00127087 -0.000239991 -0.000727117
frame_391
id: 1180
stamp: 1783948440.856889963
T_odom_lidar: 
   0.57632   0.815715  0.0496433    0.02345
    0.8172  -0.574769 -0.0427179  -0.041157
-0.0063122  0.0651877  -0.997853  0.0714995
         0          0          0          1
T_world_lidar: 
   0.57632   0.815715  0.0496433    0.02345
    0.8172  -0.574769 -0.0427179  -0.041157
-0.0063122  0.0651877  -0.997853  0.0714995
         0          0          0          1
v_world_imu:  0.000430954 -0.000457551 -0.000780109
frame_392
id: 1181
stamp: 1783948440.956844568
T_odom_lidar: 
   0.576324     0.81571   0.0496778   0.0236023
   0.817197   -0.574777  -0.0426657  -0.0411013
-0.00624919   0.0651859   -0.997854   0.0714202
          0           0           0           1
T_world_lidar: 
   0.576324     0.81571   0.0496778   0.0236023
   0.817197   -0.574777  -0.0426657  -0.0411013
-0.00624919   0.0651859   -0.997854   0.0714202
          0           0           0           1
v_world_imu:  -0.00064274 -8.10478e-05 -0.000485791
frame_393
id: 1182
stamp: 1783948441.057700157
T_odom_lidar: 
  0.576348   0.815692  0.0496877  0.0236572
   0.81718  -0.574801 -0.0426601 -0.0410248
 -0.006237  0.0651909  -0.997853  0.0713977
         0          0          0          1
T_world_lidar: 
  0.576348   0.815692  0.0496877  0.0236572
   0.81718  -0.574801 -0.0426601 -0.0410248
 -0.006237  0.0651909  -0.997853  0.0713977
         0          0          0          1
v_world_imu:   -0.0016164  0.000290056 -0.000523299
frame_394
id: 1183
stamp: 1783948441.158549547
T_odom_lidar: 
   0.576388    0.815663   0.0497116    0.023673
   0.817153   -0.574843  -0.0426254  -0.0409181
-0.00619164   0.0651907   -0.997854   0.0713286
          0           0           0           1
T_world_lidar: 
   0.576388    0.815663   0.0497116    0.023673
   0.817153   -0.574843  -0.0426254  -0.0409181
-0.00619164   0.0651907   -0.997854   0.0713286
          0           0           0           1
v_world_imu: -0.00188365 0.000211982 -0.00113088
frame_395
id: 1184
stamp: 1783948441.259454966
T_odom_lidar: 
   0.576418    0.815643   0.0496841   0.0236872
   0.817132   -0.574877  -0.0425646  -0.0408024
-0.00615526   0.0651334   -0.997858   0.0711659
          0           0           0           1
T_world_lidar: 
   0.576418    0.815643   0.0496841   0.0236872
   0.817132   -0.574877  -0.0425646  -0.0408024
-0.00615526   0.0651334   -0.997858   0.0711659
          0           0           0           1
v_world_imu: -0.00286325 0.000637996 -0.00171828
frame_396
id: 1185
stamp: 1783948441.360287666
T_odom_lidar: 
    0.57648    0.815598   0.0497022   0.0235313
   0.817089   -0.574947  -0.0424437  -0.0406518
-0.00604083   0.0650791   -0.997862   0.0710105
          0           0           0           1
T_world_lidar: 
    0.57648    0.815598   0.0497022   0.0235313
   0.817089   -0.574947  -0.0424437  -0.0406518
-0.00604083   0.0650791   -0.997862   0.0710105
          0           0           0           1
v_world_imu: -0.00417432  0.00128858 -0.00175166
frame_397
id: 1186
stamp: 1783948441.461123705
T_odom_lidar: 
   0.576533    0.815561   0.0496902   0.0233529
   0.817052    -0.57501  -0.0423031  -0.0405093
-0.00592847   0.0649886   -0.997868   0.0708558
          0           0           0           1
T_world_lidar: 
   0.576533    0.815561   0.0496902   0.0233529
   0.817052    -0.57501  -0.0423031  -0.0405093
-0.00592847   0.0649886   -0.997868   0.0708558
          0           0           0           1
v_world_imu:  -0.00408509 -0.000151399  -0.00195531
frame_398
id: 1187
stamp: 1783948441.561988115
T_odom_lidar: 
   0.576588    0.815528   0.0496042   0.0232263
   0.817014    -0.57507  -0.0422312    -0.04056
-0.00591489   0.0648774   -0.997876   0.0705616
          0           0           0           1
T_world_lidar: 
   0.576588    0.815528   0.0496042   0.0232263
   0.817014    -0.57507  -0.0422312    -0.04056
-0.00591489   0.0648774   -0.997876   0.0705616
          0           0           0           1
v_world_imu: -0.00445676 -0.00106446 -0.00263182
frame_399
id: 1188
stamp: 1783948441.662853956
T_odom_lidar: 
   0.576626    0.815515   0.0493693   0.0231645
   0.816985   -0.575106  -0.0422864  -0.0405946
-0.00609267   0.0647174   -0.997885   0.0708458
          0           0           0           1
T_world_lidar: 
   0.576626    0.815515   0.0493693   0.0231645
   0.816985   -0.575106  -0.0422864  -0.0405946
-0.00609267   0.0647174   -0.997885   0.0708458
          0           0           0           1
v_world_imu:   -0.0034981 -0.000633096  -0.00244014
frame_400
id: 1189
stamp: 1783948441.763715506
T_odom_lidar: 
   0.576702    0.815456    0.049468   0.0231241
   0.816933   -0.575181  -0.0422792  -0.0406562
-0.00602376   0.0647945    -0.99788   0.0705674
          0           0           0           1
T_world_lidar: 
   0.576702    0.815456    0.049468   0.0231241
   0.816933   -0.575181  -0.0422792  -0.0406562
-0.00602376   0.0647945    -0.99788   0.0705674
          0           0           0           1
v_world_imu: -0.00296168 -0.00121874   -0.002792
frame_401
id: 1190
stamp: 1783948441.864605188
T_odom_lidar: 
   0.576683     0.81547   0.0494534   0.0231401
   0.816946   -0.575163  -0.0422699  -0.0408231
-0.00602604   0.0647771   -0.997882   0.0703387
          0           0           0           1
T_world_lidar: 
   0.576683     0.81547   0.0494534   0.0231401
   0.816946   -0.575163  -0.0422699  -0.0408231
-0.00602604   0.0647771   -0.997882   0.0703387
          0           0           0           1
v_world_imu:  -0.00434677  -0.00250596 -0.000931252
frame_402
id: 1191
stamp: 1783948441.965479612
T_odom_lidar: 
  0.576722    0.81544  0.0494839  0.0232835
  0.816918  -0.575201 -0.0422935 -0.0409031
-0.0060246  0.0648159  -0.997879   0.070691
         0          0          0          1
T_world_lidar: 
  0.576722    0.81544  0.0494839  0.0232835
  0.816918  -0.575201 -0.0422935 -0.0409031
-0.0060246  0.0648159  -0.997879   0.070691
         0          0          0          1
v_world_imu: -0.00265694 -0.00111493 -0.00248972
frame_403
id: 1192
stamp: 1783948442.066314459
T_odom_lidar: 
    0.57675    0.815419   0.0495079   0.0233088
   0.816898   -0.575225   -0.042355  -0.0410714
-0.00605888   0.0648711   -0.997875   0.0704058
          0           0           0           1
T_world_lidar: 
    0.57675    0.815419   0.0495079   0.0233088
   0.816898   -0.575225   -0.042355  -0.0410714
-0.00605888   0.0648711   -0.997875   0.0704058
          0           0           0           1
v_world_imu: -0.00328611 -0.00140669 -0.00335102
frame_404
id: 1193
stamp: 1783948442.167176485
T_odom_lidar: 
   0.576725     0.81546    0.049125   0.0229794
   0.816911   -0.575171   -0.042835  -0.0415436
-0.00667494   0.0648347   -0.997874    0.071549
          0           0           0           1
T_world_lidar: 
   0.576725     0.81546    0.049125   0.0229794
   0.816911   -0.575171   -0.042835  -0.0415436
-0.00667494   0.0648347   -0.997874    0.071549
          0           0           0           1
v_world_imu:  -0.00195901 -0.000314312   0.00113524
frame_405
id: 1194
stamp: 1783948442.268230200
T_odom_lidar: 
   0.576771    0.815422   0.0492172    0.023064
   0.816878   -0.575208  -0.0429617  -0.0416671
-0.00672176   0.0649835   -0.997864   0.0715809
          0           0           0           1
T_world_lidar: 
   0.576771    0.815422   0.0492172    0.023064
   0.816878   -0.575208  -0.0429617  -0.0416671
-0.00672176   0.0649835   -0.997864   0.0715809
          0           0           0           1
v_world_imu:   -0.0025844 -0.000458386  0.000186286
frame_406
id: 1195
stamp: 1783948442.368907213
T_odom_lidar: 
   0.576749    0.815433   0.0492928   0.0231534
   0.816893   -0.575176  -0.0431155  -0.0418037
-0.00680578   0.0651338   -0.997853    0.071688
          0           0           0           1
T_world_lidar: 
   0.576749    0.815433   0.0492928   0.0231534
   0.816893   -0.575176  -0.0431155  -0.0418037
-0.00680578   0.0651338   -0.997853    0.071688
          0           0           0           1
v_world_imu:  -0.00241633 -0.000225204  0.000612837
frame_407
id: 1196
stamp: 1783948442.470125198
T_odom_lidar: 
   0.576717    0.815451   0.0493799   0.0232274
   0.816916   -0.575139  -0.0431739   -0.041879
-0.00680586   0.0652383   -0.997847   0.0717158
          0           0           0           1
T_world_lidar: 
   0.576717    0.815451   0.0493799   0.0232274
   0.816916   -0.575139  -0.0431739   -0.041879
-0.00680586   0.0652383   -0.997847   0.0717158
          0           0           0           1
v_world_imu: -0.00302121 0.000825271 0.000978086
frame_408
id: 1197
stamp: 1783948442.570665836
T_odom_lidar: 
    0.57671    0.815449   0.0494923    0.023252
   0.816921   -0.575127  -0.0432328  -0.0418826
-0.00678977    0.065364   -0.997838   0.0718715
          0           0           0           1
T_world_lidar: 
    0.57671    0.815449   0.0494923    0.023252
   0.816921   -0.575127  -0.0432328  -0.0418826
-0.00678977    0.065364   -0.997838   0.0718715
          0           0           0           1
v_world_imu: -0.00375235    0.001867 0.000869633
frame_409
id: 1198
stamp: 1783948442.671492577
T_odom_lidar: 
   0.576693    0.815455   0.0495788   0.0232291
   0.816934   -0.575111  -0.0432063  -0.0418019
-0.00671947   0.0654193   -0.997835   0.0718836
          0           0           0           1
T_world_lidar: 
   0.576693    0.815455   0.0495788   0.0232291
   0.816934   -0.575111  -0.0432063  -0.0418019
-0.00671947   0.0654193   -0.997835   0.0718836
          0           0           0           1
v_world_imu: -0.0041688 0.00222786 0.00102903
frame_410
id: 1199
stamp: 1783948442.772358179
T_odom_lidar: 
   0.576696    0.815457   0.0495118   0.0231643
   0.816931   -0.575122  -0.0431034  -0.0417118
-0.00667362   0.0653053   -0.997843   0.0720089
          0           0           0           1
T_world_lidar: 
   0.576696    0.815457   0.0495118   0.0231643
   0.816931   -0.575122  -0.0431034  -0.0417118
-0.00667362   0.0653053   -0.997843   0.0720089
          0           0           0           1
v_world_imu: -0.00444059  0.00316269 0.000765548
frame_411
id: 1200
stamp: 1783948442.873381853
T_odom_lidar: 
    0.57672    0.815444   0.0494469   0.0230937
   0.816915   -0.575151  -0.0430262  -0.0415368
-0.00664609    0.065208    -0.99785   0.0721236
          0           0           0           1
T_world_lidar: 
    0.57672    0.815444   0.0494469   0.0230937
   0.816915   -0.575151  -0.0430262  -0.0415368
-0.00664609    0.065208    -0.99785   0.0721236
          0           0           0           1
v_world_imu: -0.00516422  0.00345289 0.000980017
frame_412
id: 1201
stamp: 1783948442.974089146
T_odom_lidar: 
   0.576772    0.815412   0.0493649   0.0229429
   0.816878   -0.575209  -0.0429495  -0.0413486
-0.00662636   0.0650972   -0.997857   0.0722267
          0           0           0           1
T_world_lidar: 
   0.576772    0.815412   0.0493649   0.0229429
   0.816878   -0.575209  -0.0429495  -0.0413486
-0.00662636   0.0650972   -0.997857   0.0722267
          0           0           0           1
v_world_imu: -0.00574525  0.00383796  0.00111237
frame_413
id: 1202
stamp: 1783948443.074946165
T_odom_lidar: 
   0.576828    0.815374   0.0493398    0.022752
   0.816839   -0.575268  -0.0429056  -0.0411485
-0.00660054   0.0650519    -0.99786   0.0723104
          0           0           0           1
T_world_lidar: 
   0.576828    0.815374   0.0493398    0.022752
   0.816839   -0.575268  -0.0429056  -0.0411485
-0.00660054   0.0650519    -0.99786   0.0723104
          0           0           0           1
v_world_imu: -0.00575245  0.00397339  0.00158686
frame_414
id: 1203
stamp: 1783948443.175835848
T_odom_lidar: 
   0.576802    0.815395   0.0492936    0.022526
   0.816857   -0.575243  -0.0429032  -0.0409556
-0.00662727   0.0650125   -0.997862   0.0725815
          0           0           0           1
T_world_lidar: 
   0.576802    0.815395   0.0492936    0.022526
   0.816857   -0.575243  -0.0429032  -0.0409556
-0.00662727   0.0650125   -0.997862   0.0725815
          0           0           0           1
v_world_imu: -0.00555127  0.00405801  0.00181837
frame_415
id: 1204
stamp: 1783948443.276721954
T_odom_lidar: 
   0.576868    0.815351   0.0492487   0.0224273
    0.81681   -0.575311  -0.0428671  -0.0407387
-0.00661843   0.0649555   -0.997866   0.0727225
          0           0           0           1
T_world_lidar: 
   0.576868    0.815351   0.0492487   0.0224273
    0.81681   -0.575311  -0.0428671  -0.0407387
-0.00661843   0.0649555   -0.997866   0.0727225
          0           0           0           1
v_world_imu: -0.00558589  0.00417596   0.0024328
frame_416
id: 1205
stamp: 1783948443.377548456
T_odom_lidar: 
   0.576835    0.815373   0.0492669   0.0222745
   0.816833   -0.575273  -0.0429526  -0.0405401
-0.00668052   0.0650194   -0.997862   0.0730082
          0           0           0           1
T_world_lidar: 
   0.576835    0.815373   0.0492669   0.0222745
   0.816833   -0.575273  -0.0429526  -0.0405401
-0.00668052   0.0650194   -0.997862   0.0730082
          0           0           0           1
v_world_imu: -0.00449854  0.00382837  0.00211707
frame_417
id: 1206
stamp: 1783948443.478717804
T_odom_lidar: 
    0.57683    0.815379   0.0492327   0.0222079
   0.816837   -0.575266  -0.0429737  -0.0403919
-0.00671798   0.0650035   -0.997862    0.073193
          0           0           0           1
T_world_lidar: 
    0.57683    0.815379   0.0492327   0.0222079
   0.816837   -0.575266  -0.0429737  -0.0403919
-0.00671798   0.0650035   -0.997862    0.073193
          0           0           0           1
v_world_imu: -0.00419864  0.00340404   0.0019426
frame_418
id: 1207
stamp: 1783948443.581098318
T_odom_lidar: 
    0.57683    0.815383   0.0491734   0.0222091
   0.816836   -0.575263   -0.043038  -0.0402302
-0.00680484   0.0649922   -0.997863    0.073403
          0           0           0           1
T_world_lidar: 
    0.57683    0.815383   0.0491734   0.0222091
   0.816836   -0.575263   -0.043038  -0.0402302
-0.00680484   0.0649922   -0.997863    0.073403
          0           0           0           1
v_world_imu: -0.00383459  0.00397654  0.00207811
frame_419
id: 1208
stamp: 1783948443.680149078
T_odom_lidar: 
   0.576785    0.815417   0.0491405   0.0221919
   0.816867   -0.575217  -0.0430533  -0.0401044
-0.00683997   0.0649738   -0.997864   0.0736468
          0           0           0           1
T_world_lidar: 
   0.576785    0.815417   0.0491405   0.0221919
   0.816867   -0.575217  -0.0430533  -0.0401044
-0.00683997   0.0649738   -0.997864   0.0736468
          0           0           0           1
v_world_imu: -0.00332147  0.00343626  0.00208934
frame_420
id: 1209
stamp: 1783948443.781024456
T_odom_lidar: 
  0.576759    0.81543  0.0492201  0.0222287
  0.816885  -0.575188 -0.0430971 -0.0399894
-0.0068319  0.0650639  -0.997858  0.0737807
         0          0          0          1
T_world_lidar: 
  0.576759    0.81543  0.0492201  0.0222287
  0.816885  -0.575188 -0.0430971 -0.0399894
-0.0068319  0.0650639  -0.997858  0.0737807
         0          0          0          1
v_world_imu: -0.00307223  0.00344715  0.00131207
frame_421
id: 1210
stamp: 1783948443.881855488
T_odom_lidar: 
   0.576776    0.815414   0.0492933   0.0222898
   0.816874   -0.575205  -0.0430724  -0.0397868
-0.00676805   0.0651096   -0.997855   0.0739636
          0           0           0           1
T_world_lidar: 
   0.576776    0.815414   0.0492933   0.0222898
   0.816874   -0.575205  -0.0430724  -0.0397868
-0.00676805   0.0651096   -0.997855   0.0739636
          0           0           0           1
v_world_imu: -0.0030426 0.00423705 0.00113994
frame_422
id: 1211
stamp: 1783948443.982728481
T_odom_lidar: 
   0.576713    0.815452   0.0493976   0.0223678
   0.816919   -0.575141  -0.0430809  -0.0396028
-0.00671985   0.0651991    -0.99785   0.0740564
          0           0           0           1
T_world_lidar: 
   0.576713    0.815452   0.0493976   0.0223678
   0.816919   -0.575141  -0.0430809  -0.0396028
-0.00671985   0.0651991    -0.99785   0.0740564
          0           0           0           1
v_world_imu: -0.00204539    0.004352 0.000937027
frame_423
id: 1212
stamp: 1783948444.084053993
T_odom_lidar: 
   0.576658    0.815487   0.0494522   0.0224962
   0.816958   -0.575085  -0.0430869  -0.0393876
-0.00669756   0.0652468   -0.997847   0.0741801
          0           0           0           1
T_world_lidar: 
   0.576658    0.815487   0.0494522   0.0224962
   0.816958   -0.575085  -0.0430869  -0.0393876
-0.00669756   0.0652468   -0.997847   0.0741801
          0           0           0           1
v_world_imu: -0.00241062  0.00443553 0.000619098
frame_424
id: 1213
stamp: 1783948444.184459925
T_odom_lidar: 
    0.57663    0.815508   0.0494394   0.0225804
   0.816978   -0.575057  -0.0430885  -0.0391715
-0.00670853    0.065237   -0.997847   0.0742003
          0           0           0           1
T_world_lidar: 
    0.57663    0.815508   0.0494394   0.0225804
   0.816978   -0.575057  -0.0430885  -0.0391715
-0.00670853    0.065237   -0.997847   0.0742003
          0           0           0           1
v_world_imu: -0.00289221  0.00461687 0.000417186
frame_425
id: 1214
stamp: 1783948444.285316944
T_odom_lidar: 
   0.576587    0.815539   0.0494199   0.0226438
   0.817008   -0.575019  -0.0430176   -0.038965
-0.00666513   0.0651799   -0.997851   0.0742593
          0           0           0           1
T_world_lidar: 
   0.576587    0.815539   0.0494199   0.0226438
   0.817008   -0.575019  -0.0430176   -0.038965
-0.00666513   0.0651799   -0.997851   0.0742593
          0           0           0           1
v_world_imu: -0.00265979  0.00416085 4.77981e-05
frame_426
id: 1215
stamp: 1783948444.386188745
T_odom_lidar: 
   0.576549    0.815563   0.0494821   0.0226617
   0.817036   -0.574982  -0.0429998  -0.0387609
-0.00661776   0.0652201   -0.997849   0.0742272
          0           0           0           1
T_world_lidar: 
   0.576549    0.815563   0.0494821   0.0226617
   0.817036   -0.574982  -0.0429998  -0.0387609
-0.00661776   0.0652201   -0.997849   0.0742272
          0           0           0           1
v_world_imu:  -0.00280721   0.00483838 -0.000939795
frame_427
id: 1216
stamp: 1783948444.487089634
T_odom_lidar: 
   0.576497    0.815606   0.0493798   0.0224284
   0.817072   -0.574928  -0.0430197  -0.0387382
-0.00669727   0.0651475   -0.997853   0.0742657
          0           0           0           1
T_world_lidar: 
   0.576497    0.815606   0.0493798   0.0224284
   0.817072   -0.574928  -0.0430197  -0.0387382
-0.00669727   0.0651475   -0.997853   0.0742657
          0           0           0           1
v_world_imu: -0.00309599  0.00448472 0.000100091
frame_428
id: 1217
stamp: 1783948444.587908268
T_odom_lidar: 
   0.576409    0.815665   0.0494371   0.0223377
   0.817134   -0.574839  -0.0430409  -0.0385181
-0.00668856   0.0652059   -0.997849    0.074314
          0           0           0           1
T_world_lidar: 
   0.576409    0.815665   0.0494371   0.0223377
   0.817134   -0.574839  -0.0430409  -0.0385181
-0.00668856   0.0652059   -0.997849    0.074314
          0           0           0           1
v_world_imu: -0.00345171  0.00439023 -6.1142e-06
frame_429
id: 1218
stamp: 1783948444.688771009
T_odom_lidar: 
   0.576379    0.815689   0.0493816   0.0223011
   0.817155   -0.574814  -0.0429663  -0.0382938
-0.00666195   0.0651173   -0.997855   0.0742789
          0           0           0           1
T_world_lidar: 
   0.576379    0.815689   0.0493816   0.0223011
   0.817155   -0.574814  -0.0429663  -0.0382938
-0.00666195   0.0651173   -0.997855   0.0742789
          0           0           0           1
v_world_imu:   -0.0032252   0.00463968 -0.000341732
frame_430
id: 1219
stamp: 1783948444.789635658
T_odom_lidar: 
   0.576332     0.81572   0.0494112   0.0222665
   0.817189   -0.574771  -0.0429105  -0.0380574
-0.00660281    0.065109   -0.997856   0.0742387
          0           0           0           1
T_world_lidar: 
   0.576332     0.81572   0.0494112   0.0222665
   0.817189   -0.574771  -0.0429105  -0.0380574
-0.00660281    0.065109   -0.997856   0.0742387
          0           0           0           1
v_world_imu: -0.00215791  0.00447557 -0.00075276
frame_431
id: 1220
stamp: 1783948444.890506983
T_odom_lidar: 
   0.576275     0.81576   0.0494304    0.022274
    0.81723   -0.574716  -0.0428601  -0.0378339
-0.00655504   0.0650952   -0.997858   0.0741823
          0           0           0           1
T_world_lidar: 
   0.576275     0.81576   0.0494304    0.022274
    0.81723   -0.574716  -0.0428601  -0.0378339
-0.00655504   0.0650952   -0.997858   0.0741823
          0           0           0           1
v_world_imu: -0.00228554  0.00455022 -0.00122537
frame_432
id: 1221
stamp: 1783948444.994886160
T_odom_lidar: 
   0.576238    0.815788   0.0494022   0.0222585
   0.817256   -0.574682  -0.0428155  -0.0376128
-0.00653774   0.0650462   -0.997861   0.0739968
          0           0           0           1
T_world_lidar: 
   0.576238    0.815788   0.0494022   0.0222585
   0.817256   -0.574682  -0.0428155  -0.0376128
-0.00653774   0.0650462   -0.997861   0.0739968
          0           0           0           1
v_world_imu: -0.00151546  0.00411397 -0.00198838
frame_433
id: 1222
stamp: 1783948445.092239857
T_odom_lidar: 
   0.576225    0.815803   0.0492991    0.021869
   0.817265   -0.574674  -0.0427513    -0.03775
-0.00654571   0.0649248   -0.997869   0.0738586
          0           0           0           1
T_world_lidar: 
   0.576225    0.815803   0.0492991    0.021869
   0.817265   -0.574674  -0.0427513    -0.03775
-0.00654571   0.0649248   -0.997869   0.0738586
          0           0           0           1
v_world_imu: -0.00294183  0.00374139 -0.00132156
frame_434
id: 1223
stamp: 1783948445.193109751
T_odom_lidar: 
   0.576225    0.815807   0.0492343   0.0217674
   0.817264   -0.574677  -0.0427272     -0.0377
-0.00656329   0.0648579   -0.997873   0.0736906
          0           0           0           1
T_world_lidar: 
   0.576225    0.815807   0.0492343   0.0217674
   0.817264   -0.574677  -0.0427272     -0.0377
-0.00656329   0.0648579   -0.997873   0.0736906
          0           0           0           1
v_world_imu: -0.00257949  0.00223353  -0.0018104
frame_435
id: 1224
stamp: 1783948445.294368505
T_odom_lidar: 
   0.576133    0.815868   0.0492918   0.0216728
    0.81733    -0.57459  -0.0426338  -0.0377859
-0.00646093   0.0648504   -0.997874   0.0734743
          0           0           0           1
T_world_lidar: 
   0.576133    0.815868   0.0492918   0.0216728
    0.81733    -0.57459  -0.0426338  -0.0377859
-0.00646093   0.0648504   -0.997874   0.0734743
          0           0           0           1
v_world_imu: -0.00234497  0.00214222 -0.00253257
frame_436
id: 1225
stamp: 1783948445.394836426
T_odom_lidar: 
   0.576169    0.815845   0.0492526   0.0215822
   0.817305   -0.574625  -0.0426448  -0.0378801
-0.00648975    0.064825   -0.997876   0.0732227
          0           0           0           1
T_world_lidar: 
   0.576169    0.815845   0.0492526   0.0215822
   0.817305   -0.574625  -0.0426448  -0.0378801
-0.00648975    0.064825   -0.997876   0.0732227
          0           0           0           1
v_world_imu: -0.00249685  0.00084359 -0.00246172
frame_437
id: 1226
stamp: 1783948445.495692968
T_odom_lidar: 
   0.576151    0.815854   0.0493142   0.0214504
   0.817318   -0.574608  -0.0426268  -0.0380964
-0.00644097   0.0648648   -0.997873    0.073001
          0           0           0           1
T_world_lidar: 
   0.576151    0.815854   0.0493142   0.0214504
   0.817318   -0.574608  -0.0426268  -0.0380964
-0.00644097   0.0648648   -0.997873    0.073001
          0           0           0           1
v_world_imu:  -0.00191089 -0.000354208  -0.00237816
frame_438
id: 1227
stamp: 1783948445.597640514
T_odom_lidar: 
   0.576163    0.815844   0.0493428    0.021378
   0.817309   -0.574615   -0.042709  -0.0383719
-0.00649077   0.0649357   -0.997868   0.0727722
          0           0           0           1
T_world_lidar: 
   0.576163    0.815844   0.0493428    0.021378
   0.817309   -0.574615   -0.042709  -0.0383719
-0.00649077   0.0649357   -0.997868   0.0727722
          0           0           0           1
v_world_imu:  -0.00120755 -0.000506525  -0.00279415
frame_439
id: 1228
stamp: 1783948445.702065468
T_odom_lidar: 
   0.576157    0.815851   0.0493016   0.0213254
   0.817312   -0.574599   -0.042852  -0.0386067
-0.00663217   0.0649843   -0.997864   0.0724596
          0           0           0           1
T_world_lidar: 
   0.576157    0.815851   0.0493016   0.0213254
   0.817312   -0.574599   -0.042852  -0.0386067
-0.00663217   0.0649843   -0.997864   0.0724596
          0           0           0           1
v_world_imu: -0.000147043  -0.00124355  -0.00268177
frame_440
id: 1229
stamp: 1783948445.799870253
T_odom_lidar: 
   0.576161    0.815854   0.0492001   0.0212806
   0.817309   -0.574601   -0.042897   -0.038881
-0.00672729   0.0649273   -0.997867   0.0722573
          0           0           0           1
T_world_lidar: 
   0.576161    0.815854   0.0492001   0.0212806
   0.817309   -0.574601   -0.042897   -0.038881
-0.00672729   0.0649273   -0.997867   0.0722573
          0           0           0           1
v_world_imu: -0.000274284   -0.0011494  -0.00252572
frame_441
id: 1230
stamp: 1783948445.899146318
T_odom_lidar: 
   0.576174    0.815849   0.0491329   0.0212713
   0.817299   -0.574608  -0.0429918  -0.0391705
-0.00684264    0.064927   -0.997867   0.0720099
          0           0           0           1
T_world_lidar: 
   0.576174    0.815849   0.0491329   0.0212713
   0.817299   -0.574608  -0.0429918  -0.0391705
-0.00684264    0.064927   -0.997867   0.0720099
          0           0           0           1
v_world_imu: -0.00142129 -0.00125166 -0.00234849
frame_442
id: 1231
stamp: 1783948446.000027418
T_odom_lidar: 
    0.57621    0.815823    0.049146   0.0211512
   0.817272   -0.574637  -0.0431179  -0.0394612
-0.00693545   0.0650106    -0.99786   0.0718026
          0           0           0           1
T_world_lidar: 
    0.57621    0.815823    0.049146   0.0211512
   0.817272   -0.574637  -0.0431179  -0.0394612
-0.00693545   0.0650106    -0.99786   0.0718026
          0           0           0           1
v_world_imu: -0.00107751 -0.00137348 -0.00216823
frame_443
id: 1232
stamp: 1783948446.100870848
T_odom_lidar: 
   0.576223    0.815815   0.0491269   0.0210776
   0.817263   -0.574644  -0.0431944  -0.0397525
-0.00700812   0.0650392   -0.997858   0.0715979
          0           0           0           1
T_world_lidar: 
   0.576223    0.815815   0.0491269   0.0210776
   0.817263   -0.574644  -0.0431944  -0.0397525
-0.00700812   0.0650392   -0.997858   0.0715979
          0           0           0           1
v_world_imu: -0.00106556 -0.00183789 -0.00208351
frame_444
id: 1233
stamp: 1783948446.201735020
T_odom_lidar: 
    0.57623    0.815808     0.04916    0.020933
   0.817257   -0.574645   -0.043294  -0.0400617
-0.00707005   0.0651236   -0.997852   0.0713906
          0           0           0           1
T_world_lidar: 
    0.57623    0.815808     0.04916    0.020933
   0.817257   -0.574645   -0.043294  -0.0400617
-0.00707005   0.0651236   -0.997852   0.0713906
          0           0           0           1
v_world_imu: -0.00128355 -0.00121585 -0.00178618
frame_445
id: 1234
stamp: 1783948446.302602291
T_odom_lidar: 
   0.57622   0.815817  0.0491259  0.0207573
  0.817263  -0.574628 -0.0433998 -0.0402924
-0.0071772  0.0651566  -0.997849  0.0712779
         0          0          0          1
T_world_lidar: 
   0.57622   0.815817  0.0491259  0.0207573
  0.817263  -0.574628 -0.0433998 -0.0402924
-0.0071772  0.0651566  -0.997849  0.0712779
         0          0          0          1
v_world_imu:  -0.0015351 -0.00127318 -0.00115114
frame_446
id: 1235
stamp: 1783948446.403471708
T_odom_lidar: 
   0.576264    0.815785   0.0491378   0.0206265
   0.817232   -0.574674  -0.0433816   -0.040515
-0.00715187   0.0651563   -0.997849   0.0710261
          0           0           0           1
T_world_lidar: 
   0.576264    0.815785   0.0491378   0.0206265
   0.817232   -0.574674  -0.0433816   -0.040515
-0.00715187   0.0651563   -0.997849   0.0710261
          0           0           0           1
v_world_imu:  -0.00126813  -0.00187692 -0.000915908
frame_447
id: 1236
stamp: 1783948446.504351854
T_odom_lidar: 
   0.576277    0.815779   0.0490866   0.0204435
   0.817223   -0.574686  -0.0434012  -0.0407558
-0.00719641   0.0651258   -0.997851   0.0709824
          0           0           0           1
T_world_lidar: 
   0.576277    0.815779   0.0490866   0.0204435
   0.817223   -0.574686  -0.0434012  -0.0407558
-0.00719641   0.0651258   -0.997851   0.0709824
          0           0           0           1
v_world_imu:   -0.0012364 -0.000819308 -0.000522213
frame_448
id: 1237
stamp: 1783948446.605199099
T_odom_lidar: 
   0.576265    0.815793   0.0489915   0.0202569
   0.817231   -0.574672  -0.0434265   -0.040922
-0.00727305   0.0650625   -0.997855   0.0709864
          0           0           0           1
T_world_lidar: 
   0.576265    0.815793   0.0489915   0.0202569
   0.817231   -0.574672  -0.0434265   -0.040922
-0.00727305   0.0650625   -0.997855   0.0709864
          0           0           0           1
v_world_imu:  -0.00105073 -0.000712715    -0.000129
frame_449
id: 1238
stamp: 1783948446.706055403
T_odom_lidar: 
   0.576287    0.815778   0.0489839   0.0201072
   0.817215   -0.574691  -0.0434706  -0.0410314
-0.00731181   0.0650819   -0.997853   0.0709718
          0           0           0           1
T_world_lidar: 
   0.576287    0.815778   0.0489839   0.0201072
   0.817215   -0.574691  -0.0434706  -0.0410314
-0.00731181   0.0650819   -0.997853   0.0709718
          0           0           0           1
v_world_imu:  0.000152374 -0.000670366  0.000111427
frame_450
id: 1239
stamp: 1783948446.806923389
T_odom_lidar: 
   0.576295    0.815771   0.0490034   0.0200105
   0.817208   -0.574696  -0.0435322  -0.0411519
-0.00735024   0.0651334   -0.997849   0.0709749
          0           0           0           1
T_world_lidar: 
   0.576295    0.815771   0.0490034   0.0200105
   0.817208   -0.574696  -0.0435322  -0.0411519
-0.00735024   0.0651334   -0.997849   0.0709749
          0           0           0           1
v_world_imu:  0.000787986 -0.000367144  0.000363962
frame_451
id: 1240
stamp: 1783948446.907782078
T_odom_lidar: 
  0.576289   0.815775   0.049009  0.0199803
  0.817213   -0.57469  -0.043523 -0.0411797
  -0.00734  0.0651326   -0.99785  0.0710387
         0          0          0          1
T_world_lidar: 
  0.576289   0.815775   0.049009  0.0199803
  0.817213   -0.57469  -0.043523 -0.0411797
  -0.00734  0.0651326   -0.99785  0.0710387
         0          0          0          1
v_world_imu:  0.00136683 0.000566499 0.000540335
frame_452
id: 1241
stamp: 1783948447.008663893
T_odom_lidar: 
   0.576302    0.815767   0.0489874   0.0199833
   0.817203   -0.574702  -0.0435446  -0.0411964
-0.00736905   0.0651275    -0.99785   0.0711134
          0           0           0           1
T_world_lidar: 
   0.576302    0.815767   0.0489874   0.0199833
   0.817203   -0.574702  -0.0435446  -0.0411964
-0.00736905   0.0651275    -0.99785   0.0711134
          0           0           0           1
v_world_imu:  0.00248666 0.000281093 0.000489485
frame_453
id: 1242
stamp: 1783948447.109512568
T_odom_lidar: 
   0.576305    0.815764    0.048996   0.0200715
   0.817202   -0.574707  -0.0435099  -0.0411841
-0.00733553   0.0651146   -0.997851   0.0711569
          0           0           0           1
T_world_lidar: 
   0.576305    0.815764    0.048996   0.0200715
   0.817202   -0.574707  -0.0435099  -0.0411841
-0.00733553   0.0651146   -0.997851   0.0711569
          0           0           0           1
v_world_imu:  0.00290462 0.000535097 0.000198486
frame_454
id: 1243
stamp: 1783948447.210423231
T_odom_lidar: 
   0.576313    0.815758   0.0490043   0.0202005
   0.817196   -0.574718  -0.0434652  -0.0411541
-0.00729336   0.0650957   -0.997852   0.0711628
          0           0           0           1
T_world_lidar: 
   0.576313    0.815758   0.0490043   0.0202005
   0.817196   -0.574718  -0.0434652  -0.0411541
-0.00729336   0.0650957   -0.997852   0.0711628
          0           0           0           1
v_world_imu:     0.003634  0.000576384 -1.52167e-05
frame_455
id: 1244
stamp: 1783948447.311239958
T_odom_lidar: 
   0.576303    0.815761   0.0490767   0.0203092
   0.817204    -0.57471  -0.0434265  -0.0411104
-0.00722077   0.0651325   -0.997851   0.0711819
          0           0           0           1
T_world_lidar: 
   0.576303    0.815761   0.0490767   0.0203092
   0.817204    -0.57471  -0.0434265  -0.0411104
-0.00722077   0.0651325   -0.997851   0.0711819
          0           0           0           1
v_world_imu:   0.00389127  0.000625524 -0.000203352
frame_456
id: 1245
stamp: 1783948447.412104845
T_odom_lidar: 
   0.576276    0.815778   0.0491244    0.020462
   0.817224   -0.574687  -0.0433565  -0.0410357
-0.00713818   0.0651309   -0.997851   0.0711629
          0           0           0           1
T_world_lidar: 
   0.576276    0.815778   0.0491244    0.020462
   0.817224   -0.574687  -0.0433565  -0.0410357
-0.00713818   0.0651309   -0.997851   0.0711629
          0           0           0           1
v_world_imu:  0.00373193 0.000675636 8.24908e-05
frame_457
id: 1246
stamp: 1783948447.512979507
T_odom_lidar: 
   0.576299    0.815759   0.0491509   0.0206312
   0.817208   -0.574714  -0.0432991  -0.0410083
-0.00707396   0.0651198   -0.997852   0.0711756
          0           0           0           1
T_world_lidar: 
   0.576299    0.815759   0.0491509   0.0206312
   0.817208   -0.574714  -0.0432991  -0.0410083
-0.00707396   0.0651198   -0.997852   0.0711756
          0           0           0           1
v_world_imu:   0.00432048 -0.000404384  0.000167557
frame_458
id: 1247
stamp: 1783948447.614140511
T_odom_lidar: 
   0.576276     0.81577   0.0492557   0.0207827
   0.817226   -0.574692  -0.0432642  -0.0410157
-0.00698682   0.0651851   -0.997849   0.0712041
          0           0           0           1
T_world_lidar: 
   0.576276     0.81577   0.0492557   0.0207827
   0.817226   -0.574692  -0.0432642  -0.0410157
-0.00698682   0.0651851   -0.997849   0.0712041
          0           0           0           1
v_world_imu:   0.00482167 -0.000307389 -0.000334007
frame_459
id: 1248
stamp: 1783948447.714697361
T_odom_lidar: 
   0.576258    0.815773   0.0494027   0.0209457
   0.817239   -0.574672  -0.0432829   -0.040977
-0.00691874   0.0653159   -0.997841   0.0711805
          0           0           0           1
T_world_lidar: 
   0.576258    0.815773   0.0494027   0.0209457
   0.817239   -0.574672  -0.0432829   -0.040977
-0.00691874   0.0653159   -0.997841   0.0711805
          0           0           0           1
v_world_imu:  0.00456173 0.000146083 0.000334528
frame_460
id: 1249
stamp: 1783948447.815602779
T_odom_lidar: 
   0.576252    0.815769   0.0495453   0.0211158
   0.817243   -0.574663  -0.0433126   -0.040958
-0.00686122   0.0654495   -0.997832   0.0712306
          0           0           0           1
T_world_lidar: 
   0.576252    0.815769   0.0495453   0.0211158
   0.817243   -0.574663  -0.0433126   -0.040958
-0.00686122   0.0654495   -0.997832   0.0712306
          0           0           0           1
v_world_imu:   0.00442275 -0.000557172 -8.73953e-05
frame_461
id: 1250
stamp: 1783948447.916431665
T_odom_lidar: 
   0.576232    0.815784   0.0495313   0.0212254
   0.817257   -0.574643  -0.0433213   -0.040967
-0.00687803    0.065443   -0.997833   0.0712318
          0           0           0           1
T_world_lidar: 
   0.576232    0.815784   0.0495313   0.0212254
   0.817257   -0.574643  -0.0433213   -0.040967
-0.00687803    0.065443   -0.997833   0.0712318
          0           0           0           1
v_world_imu:   0.00400137 -0.000531548  0.000286637
frame_462
id: 1251
stamp: 1783948448.017288208
T_odom_lidar: 
   0.576256    0.815765   0.0495516   0.0213773
    0.81724   -0.574661  -0.0434018  -0.0409353
-0.00693033   0.0655061   -0.997828   0.0712815
          0           0           0           1
T_world_lidar: 
   0.576256    0.815765   0.0495516   0.0213773
    0.81724   -0.574661  -0.0434018  -0.0409353
-0.00693033   0.0655061   -0.997828   0.0712815
          0           0           0           1
v_world_imu:   0.00487471 -0.000467105  0.000583768
frame_463
id: 1252
stamp: 1783948448.121268272
T_odom_lidar: 
   0.576286    0.815741   0.0496032   0.0215268
   0.817219   -0.574697  -0.0433177  -0.0409337
-0.00682924   0.0655001   -0.997829   0.0713651
          0           0           0           1
T_world_lidar: 
   0.576286    0.815741   0.0496032   0.0215268
   0.817219   -0.574697  -0.0433177  -0.0409337
-0.00682924   0.0655001   -0.997829   0.0713651
          0           0           0           1
v_world_imu:   0.0046545  -0.0012912 0.000205363
frame_464
id: 1253
stamp: 1783948448.219023228
T_odom_lidar: 
   0.576301    0.815735   0.0495314   0.0216046
   0.817209   -0.574707   -0.043381  -0.0409643
-0.00692136    0.065478    -0.99783   0.0713411
          0           0           0           1
T_world_lidar: 
   0.576301    0.815735   0.0495314   0.0216046
   0.817209   -0.574707   -0.043381  -0.0409643
-0.00692136    0.065478    -0.99783   0.0713411
          0           0           0           1
v_world_imu:   0.00415548  -0.00148509 -0.000137251
frame_465
id: 1254
stamp: 1783948448.319884539
T_odom_lidar: 
   0.576315    0.815723   0.0495688   0.0216534
   0.817198   -0.574721  -0.0433906  -0.0409851
-0.00690648   0.0655142   -0.997828   0.0713278
          0           0           0           1
T_world_lidar: 
   0.576315    0.815723   0.0495688   0.0216534
   0.817198   -0.574721  -0.0433906  -0.0409851
-0.00690648   0.0655142   -0.997828   0.0713278
          0           0           0           1
v_world_imu:   0.00389582 -0.000838374   0.00017317
frame_466
id: 1255
stamp: 1783948448.420748711
T_odom_lidar: 
  0.576289   0.815739  0.0496013  0.0216763
  0.817217  -0.574698 -0.0433412 -0.0409277
-0.0068494  0.0655121  -0.997828  0.0713918
         0          0          0          1
T_world_lidar: 
  0.576289   0.815739  0.0496013  0.0216763
  0.817217  -0.574698 -0.0433412 -0.0409277
-0.0068494  0.0655121  -0.997828  0.0713918
         0          0          0          1
v_world_imu:   0.00358181 -0.000104512 -0.000156013
frame_467
id: 1256
stamp: 1783948448.521620989
T_odom_lidar: 
   0.576304     0.81573   0.0495752   0.0216456
   0.817207   -0.574715   -0.043314  -0.0408416
-0.00684098   0.0654752   -0.997831    0.071391
          0           0           0           1
T_world_lidar: 
   0.576304     0.81573   0.0495752   0.0216456
   0.817207   -0.574715   -0.043314  -0.0408416
-0.00684098   0.0654752   -0.997831    0.071391
          0           0           0           1
v_world_imu:   0.00343977 -7.01088e-06 -9.74831e-05
frame_468
id: 1257
stamp: 1783948448.622478724
T_odom_lidar: 
   0.576333    0.815716   0.0494748    0.021684
   0.817186   -0.574749  -0.0432459  -0.0407669
-0.00684079   0.0653542   -0.997839   0.0713509
          0           0           0           1
T_world_lidar: 
   0.576333    0.815716   0.0494748    0.021684
   0.817186   -0.574749  -0.0432459  -0.0407669
-0.00684079   0.0653542   -0.997839   0.0713509
          0           0           0           1
v_world_imu:   0.00381068 -0.000402789 -0.000315231
frame_469
id: 1258
stamp: 1783948448.723341942
T_odom_lidar: 
   0.576318    0.815733   0.0493661   0.0213801
   0.817195   -0.574729  -0.0433339  -0.0409865
-0.00697678   0.0653159    -0.99784   0.0714817
          0           0           0           1
T_world_lidar: 
   0.576318    0.815733   0.0493661   0.0213801
   0.817195   -0.574729  -0.0433339  -0.0409865
-0.00697678   0.0653159    -0.99784   0.0714817
          0           0           0           1
v_world_imu:  0.00342966 -0.00132727 0.000284642
frame_470
id: 1259
stamp: 1783948448.824205160
T_odom_lidar: 
   0.576292    0.815754   0.0493224   0.0213455
   0.817214   -0.574703  -0.0433376  -0.0409906
-0.00700703   0.0652821   -0.997842   0.0714972
          0           0           0           1
T_world_lidar: 
   0.576292    0.815754   0.0493224   0.0213455
   0.817214   -0.574703  -0.0433376  -0.0409906
-0.00700703   0.0652821   -0.997842   0.0714972
          0           0           0           1
v_world_imu:  0.00342806 -0.00122168 0.000328834
frame_471
id: 1260
stamp: 1783948448.925288200
T_odom_lidar: 
   0.576301    0.815747   0.0493393   0.0212566
   0.817207    -0.57471  -0.0433693  -0.0409473
-0.00702261   0.0653142    -0.99784   0.0715406
          0           0           0           1
T_world_lidar: 
   0.576301    0.815747   0.0493393   0.0212566
   0.817207    -0.57471  -0.0433693  -0.0409473
-0.00702261   0.0653142    -0.99784   0.0715406
          0           0           0           1
v_world_imu:   0.00304285 -0.000848487  8.57477e-05
frame_472
id: 1261
stamp: 1783948449.025932789
T_odom_lidar: 
   0.576273     0.81577   0.0492717   0.0211878
   0.817227   -0.574685  -0.0433325  -0.0409187
-0.00703365   0.0652375   -0.997845   0.0714976
          0           0           0           1
T_world_lidar: 
   0.576273     0.81577   0.0492717   0.0211878
   0.817227   -0.574685  -0.0433325  -0.0409187
-0.00703365   0.0652375   -0.997845   0.0714976
          0           0           0           1
v_world_imu:   0.00324644 -0.000907834 -0.000657836
frame_473
id: 1262
stamp: 1783948449.126817703
T_odom_lidar: 
   0.576249    0.815787   0.0492804   0.0211593
   0.817244   -0.574662  -0.0433085  -0.0408566
-0.00701096   0.0652306   -0.997846   0.0714468
          0           0           0           1
T_world_lidar: 
   0.576249    0.815787   0.0492804   0.0211593
   0.817244   -0.574662  -0.0433085  -0.0408566
-0.00701096   0.0652306   -0.997846   0.0714468
          0           0           0           1
v_world_imu:    0.003496 -0.00100979 -0.00103031
frame_474
id: 1263
stamp: 1783948449.227652311
T_odom_lidar: 
   0.576261    0.815782   0.0492256   0.0208996
   0.817235   -0.574676  -0.0432892  -0.0410219
-0.00702571   0.0651748   -0.997849   0.0713391
          0           0           0           1
T_world_lidar: 
   0.576261    0.815782   0.0492256   0.0208996
   0.817235   -0.574676  -0.0432892  -0.0410219
-0.00702571   0.0651748   -0.997849   0.0713391
          0           0           0           1
v_world_imu:  0.00308997 -0.00112626 -0.00043577
frame_475
id: 1264
stamp: 1783948449.328522205
T_odom_lidar: 
   0.576285    0.815763   0.0492485   0.0208341
   0.817219   -0.574701  -0.0432717  -0.0409713
-0.00699638   0.0651836   -0.997849    0.071323
          0           0           0           1
T_world_lidar: 
   0.576285    0.815763   0.0492485   0.0208341
   0.817219   -0.574701  -0.0432717  -0.0409713
-0.00699638   0.0651836   -0.997849    0.071323
          0           0           0           1
v_world_imu:   0.00342973  -0.00114059 -0.000730548
frame_476
id: 1265
stamp: 1783948449.429422379
T_odom_lidar: 
   0.576211    0.815811   0.0493311   0.0208073
   0.817271   -0.574625  -0.0432788  -0.0408787
-0.00696045   0.0652546   -0.997844   0.0712586
          0           0           0           1
T_world_lidar: 
   0.576211    0.815811   0.0493311   0.0208073
   0.817271   -0.574625  -0.0432788  -0.0408787
-0.00696045   0.0652546   -0.997844   0.0712586
          0           0           0           1
v_world_imu:   0.00327666  -0.00055758 -0.000831817
frame_477
id: 1266
stamp: 1783948449.530254364
T_odom_lidar: 
   0.576198    0.815822   0.0493036   0.0208251
   0.817281   -0.574616  -0.0432249  -0.0407257
-0.00693317    0.065201   -0.997848   0.0711711
          0           0           0           1
T_world_lidar: 
   0.576198    0.815822   0.0493036   0.0208251
   0.817281   -0.574616  -0.0432249  -0.0407257
-0.00693317    0.065201   -0.997848   0.0711711
          0           0           0           1
v_world_imu:   0.00368337  8.80037e-07 -0.000438418
frame_478
id: 1267
stamp: 1783948449.631349802
T_odom_lidar: 
   0.576207    0.815813   0.0493381   0.0208405
   0.817275   -0.574629  -0.0431785  -0.0405381
-0.00687449   0.0652025   -0.997848   0.0711566
          0           0           0           1
T_world_lidar: 
   0.576207    0.815813   0.0493381   0.0208405
   0.817275   -0.574629  -0.0431785  -0.0405381
-0.00687449   0.0652025   -0.997848   0.0711566
          0           0           0           1
v_world_imu:   0.00398507 -8.07528e-05  7.84406e-05
frame_479
id: 1268
stamp: 1783948449.732012510
T_odom_lidar: 
  0.576181   0.815831   0.049351  0.0208603
  0.817293  -0.574602 -0.0431733 -0.0403184
-0.0068649  0.0652098  -0.997848   0.071201
         0          0          0          1
T_world_lidar: 
  0.576181   0.815831   0.049351  0.0208603
  0.817293  -0.574602 -0.0431733 -0.0403184
-0.0068649  0.0652098  -0.997848   0.071201
         0          0          0          1
v_world_imu:  0.00309564 -9.7302e-05 9.28377e-05
frame_480
id: 1269
stamp: 1783948449.832874537
T_odom_lidar: 
   0.576183    0.815828   0.0493747   0.0208839
   0.817293   -0.574611  -0.0430721  -0.0401164
-0.00676821    0.065171   -0.997851   0.0711987
          0           0           0           1
T_world_lidar: 
   0.576183    0.815828   0.0493747   0.0208839
   0.817293   -0.574611  -0.0430721  -0.0401164
-0.00676821    0.065171   -0.997851   0.0711987
          0           0           0           1
v_world_imu:   0.00354301 -0.000155303  0.000237925
frame_481
id: 1270
stamp: 1783948449.933701515
T_odom_lidar: 
   0.576243    0.815779   0.0494917   0.0208695
   0.817252   -0.574675   -0.042988  -0.0399087
-0.00662703   0.0652187   -0.997849   0.0712158
          0           0           0           1
T_world_lidar: 
   0.576243    0.815779   0.0494917   0.0208695
   0.817252   -0.574675   -0.042988  -0.0399087
-0.00662703   0.0652187   -0.997849   0.0712158
          0           0           0           1
v_world_imu:  0.00351411 0.000128867 0.000201556
frame_482
id: 1271
stamp: 1783948450.034578562
T_odom_lidar: 
   0.576219    0.815804   0.0493474   0.0205969
   0.817268   -0.574655  -0.0429584  -0.0399965
-0.00668789   0.0650835   -0.997857   0.0712677
          0           0           0           1
T_world_lidar: 
   0.576219    0.815804   0.0493474   0.0205969
   0.817268   -0.574655  -0.0429584  -0.0399965
-0.00668789   0.0650835   -0.997857   0.0712677
          0           0           0           1
v_world_imu:  0.00153307 -0.00201477  0.00294007
frame_483
id: 1272
stamp: 1783948450.137100935
T_odom_lidar: 
   0.576236    0.815783   0.0495088   0.0205519
   0.817258   -0.574679  -0.0428232  -0.0399032
-0.00648277   0.0651378   -0.997855   0.0713295
          0           0           0           1
T_world_lidar: 
   0.576236    0.815783   0.0495088   0.0205519
   0.817258   -0.574679  -0.0428232  -0.0399032
-0.00648277   0.0651378   -0.997855   0.0713295
          0           0           0           1
v_world_imu:  0.00195166 -0.00147479 0.000818807
frame_484
id: 1273
stamp: 1783948450.236320019
T_odom_lidar: 
   0.576217    0.815796   0.0495063   0.0204793
   0.817271   -0.574659  -0.0428415  -0.0398091
-0.00650065   0.0651461   -0.997855   0.0713952
          0           0           0           1
T_world_lidar: 
   0.576217    0.815796   0.0495063   0.0204793
   0.817271   -0.574659  -0.0428415  -0.0398091
-0.00650065   0.0651461   -0.997855   0.0713952
          0           0           0           1
v_world_imu:  0.00162871 -0.00137749  0.00107199
frame_485
id: 1274
stamp: 1783948450.337159157
T_odom_lidar: 
   0.576227    0.815793   0.0494392   0.0203633
   0.817263   -0.574671  -0.0428238  -0.0397415
-0.00652411   0.0650811   -0.997859   0.0715167
          0           0           0           1
T_world_lidar: 
   0.576227    0.815793   0.0494392   0.0203633
   0.817263   -0.574671  -0.0428238  -0.0397415
-0.00652411   0.0650811   -0.997859   0.0715167
          0           0           0           1
v_world_imu:  0.00158047 -0.00142242  0.00058627
frame_486
id: 1275
stamp: 1783948450.438024282
T_odom_lidar: 
   0.576217    0.815801    0.049422   0.0202492
   0.817271   -0.574662  -0.0427976  -0.0396409
-0.00651337   0.0650519   -0.997861   0.0715904
          0           0           0           1
T_world_lidar: 
   0.576217    0.815801    0.049422   0.0202492
   0.817271   -0.574662  -0.0427976  -0.0396409
-0.00651337   0.0650519   -0.997861   0.0715904
          0           0           0           1
v_world_imu:  0.00107557 -0.00123503 0.000757832
frame_487
id: 1276
stamp: 1783948450.538887501
T_odom_lidar: 
    0.57624    0.815785   0.0494244   0.0201061
   0.817255   -0.574688  -0.0427553   -0.039552
-0.00647551   0.0650297   -0.997862    0.071593
          0           0           0           1
T_world_lidar: 
    0.57624    0.815785   0.0494244   0.0201061
   0.817255   -0.574688  -0.0427553   -0.039552
-0.00647551   0.0650297   -0.997862    0.071593
          0           0           0           1
v_world_imu: 0.000503907 -0.00162961 0.000765384
frame_488
id: 1277
stamp: 1783948450.639750004
T_odom_lidar: 
   0.576288    0.815757   0.0493188    0.019919
   0.817221   -0.574738  -0.0427307  -0.0395086
-0.00651249   0.0649296   -0.997869   0.0717085
          0           0           0           1
T_world_lidar: 
   0.576288    0.815757   0.0493188    0.019919
   0.817221   -0.574738  -0.0427307  -0.0395086
-0.00651249   0.0649296   -0.997869   0.0717085
          0           0           0           1
v_world_imu: 0.000493466 -0.00196153 0.000555651
frame_489
id: 1278
stamp: 1783948450.740618467
T_odom_lidar: 
   0.576271    0.815774   0.0492483   0.0197887
   0.817233   -0.574722   -0.042722  -0.0395103
-0.00654736   0.0648667   -0.997872   0.0717315
          0           0           0           1
T_world_lidar: 
   0.576271    0.815774   0.0492483   0.0197887
   0.817233   -0.574722   -0.042722  -0.0395103
-0.00654736   0.0648667   -0.997872   0.0717315
          0           0           0           1
v_world_imu: 0.000720598 -0.00245974 0.000315667
frame_490
id: 1279
stamp: 1783948450.841485739
T_odom_lidar: 
  0.576292   0.815763  0.0491735    0.01966
  0.817217  -0.574742  -0.042757 -0.0395506
-0.0066175  0.0648259  -0.997875  0.0717629
         0          0          0          1
T_world_lidar: 
  0.576292   0.815763  0.0491735    0.01966
  0.817217  -0.574742  -0.042757 -0.0395506
-0.0066175  0.0648259  -0.997875  0.0717629
         0          0          0          1
v_world_imu:  0.00074189 -0.00269059 0.000220318
frame_491
id: 1280
stamp: 1783948450.942364216
T_odom_lidar: 
   0.576344    0.815729   0.0491354   0.0195787
    0.81718   -0.574792  -0.0427855  -0.0396034
-0.00665877   0.0648116   -0.997875   0.0717794
          0           0           0           1
T_world_lidar: 
   0.576344    0.815729   0.0491354   0.0195787
    0.81718   -0.574792  -0.0427855  -0.0396034
-0.00665877   0.0648116   -0.997875   0.0717794
          0           0           0           1
v_world_imu: 0.000860721 -0.00261251 0.000394319
frame_492
id: 1281
stamp: 1783948451.043215990
T_odom_lidar: 
  0.576346    0.81573   0.049096   0.019509
  0.817178  -0.574788 -0.0428728 -0.0396319
-0.0067528  0.0648298  -0.997873  0.0718577
         0          0          0          1
T_world_lidar: 
  0.576346    0.81573   0.049096   0.019509
  0.817178  -0.574788 -0.0428728 -0.0396319
-0.0067528  0.0648298  -0.997873  0.0718577
         0          0          0          1
v_world_imu:  0.00127138  -0.0019933 0.000232252
frame_493
id: 1282
stamp: 1783948451.144093275
T_odom_lidar: 
   0.576385    0.815701   0.0491037   0.0195262
    0.81715   -0.574829  -0.0428612  -0.0396283
-0.00673571   0.0648297   -0.997874   0.0718446
          0           0           0           1
T_world_lidar: 
   0.576385    0.815701   0.0491037   0.0195262
    0.81715   -0.574829  -0.0428612  -0.0396283
-0.00673571   0.0648297   -0.997874   0.0718446
          0           0           0           1
v_world_imu:  0.00196485 -0.00195788 2.23991e-05
frame_494
id: 1283
stamp: 1783948451.244947672
T_odom_lidar: 
   0.576369    0.815711   0.0491357   0.0195769
   0.817162   -0.574811  -0.0428747  -0.0396561
-0.00672961   0.0648635   -0.997871   0.0718869
          0           0           0           1
T_world_lidar: 
   0.576369    0.815711   0.0491357   0.0195769
   0.817162   -0.574811  -0.0428747  -0.0396561
-0.00672961   0.0648635   -0.997871   0.0718869
          0           0           0           1
v_world_imu:  0.00129224 -0.00324959  0.00205756
frame_495
id: 1284
stamp: 1783948451.348352432
T_odom_lidar: 
   0.576345    0.815719   0.0492921    0.019693
    0.81718   -0.574789  -0.0428318  -0.0396979
-0.00660618   0.0649664   -0.997866    0.071887
          0           0           0           1
T_world_lidar: 
   0.576345    0.815719   0.0492921    0.019693
    0.81718   -0.574789  -0.0428318  -0.0396979
-0.00660618   0.0649664   -0.997866    0.071887
          0           0           0           1
v_world_imu: 0.000677417  -0.0028869  0.00197279
frame_496
id: 1285
stamp: 1783948451.446666479
T_odom_lidar: 
   0.576342    0.815717   0.0493487   0.0198491
   0.817182   -0.574791  -0.0427541  -0.0397441
-0.00651004   0.0649679   -0.997866     0.07184
          0           0           0           1
T_world_lidar: 
   0.576342    0.815717   0.0493487   0.0198491
   0.817182   -0.574791  -0.0427541  -0.0397441
-0.00651004   0.0649679   -0.997866     0.07184
          0           0           0           1
v_world_imu:   0.00217303  -0.00253734 -0.000511179
frame_497
id: 1286
stamp: 1783948451.548316479
T_odom_lidar: 
   0.576321     0.81573   0.0493779    0.019978
   0.817197   -0.574768  -0.0427791   -0.039807
-0.00651529    0.065006   -0.997864     0.07179
          0           0           0           1
T_world_lidar: 
   0.576321     0.81573   0.0493779    0.019978
   0.817197   -0.574768  -0.0427791   -0.039807
-0.00651529    0.065006   -0.997864     0.07179
          0           0           0           1
v_world_imu:   0.00192507  -0.00267961 -0.000745693
frame_498
id: 1287
stamp: 1783948451.648392439
T_odom_lidar: 
    0.57634    0.815717   0.0493785   0.0201198
   0.817183   -0.574784  -0.0428349  -0.0398824
-0.00655918   0.0650388   -0.997861   0.0717089
          0           0           0           1
T_world_lidar: 
    0.57634    0.815717   0.0493785   0.0201198
   0.817183   -0.574784  -0.0428349  -0.0398824
-0.00655918   0.0650388   -0.997861   0.0717089
          0           0           0           1
v_world_imu:   0.00143656  -0.00262589 -0.000665601
frame_499
id: 1288
stamp: 1783948451.749254942
T_odom_lidar: 
   0.576371    0.815698   0.0493222   0.0202334
   0.817161   -0.574815  -0.0428335  -0.0399705
-0.00658807   0.0649922   -0.997864   0.0716533
          0           0           0           1
T_world_lidar: 
   0.576371    0.815698   0.0493222   0.0202334
   0.817161   -0.574815  -0.0428335  -0.0399705
-0.00658807   0.0649922   -0.997864   0.0716533
          0           0           0           1
v_world_imu:  0.000995858  -0.00293604 -0.000796021
frame_500
id: 1289
stamp: 1783948451.850123882
T_odom_lidar: 
   0.576361    0.815702   0.0493732   0.0203699
   0.817169   -0.574806  -0.0428082  -0.0400152
-0.00653873   0.0650193   -0.997863   0.0715164
          0           0           0           1
T_world_lidar: 
   0.576361    0.815702   0.0493732   0.0203699
   0.817169   -0.574806  -0.0428082  -0.0400152
-0.00653873   0.0650193   -0.997863   0.0715164
          0           0           0           1
v_world_imu: 0.000785553 -0.00229596 -0.00113869
frame_501
id: 1290
stamp: 1783948451.951009035
T_odom_lidar: 
   0.576371     0.81569   0.0494723    0.020415
   0.817163   -0.574816  -0.0427898  -0.0400634
-0.00646572   0.0650897   -0.997858   0.0714273
          0           0           0           1
T_world_lidar: 
   0.576371     0.81569   0.0494723    0.020415
   0.817163   -0.574816  -0.0427898  -0.0400634
-0.00646572   0.0650897   -0.997858   0.0714273
          0           0           0           1
v_world_imu: 8.35474e-05  -0.0024815 -0.00147158
frame_502
id: 1291
stamp: 1783948452.051853895
T_odom_lidar: 
   0.576359    0.815693   0.0495437   0.0204601
   0.817171   -0.574803  -0.0428163  -0.0401156
-0.00644713   0.0651632   -0.997854   0.0712379
          0           0           0           1
T_world_lidar: 
   0.576359    0.815693   0.0495437   0.0204601
   0.817171   -0.574803  -0.0428163  -0.0401156
-0.00644713   0.0651632   -0.997854   0.0712379
          0           0           0           1
v_world_imu: -0.000617024  -0.00245312 -0.000969905
frame_503
id: 1292
stamp: 1783948452.152922630
T_odom_lidar: 
   0.576367    0.815688   0.0495397   0.0204846
   0.817165   -0.574809  -0.0428402  -0.0401711
-0.00646832   0.0651738   -0.997853   0.0711532
          0           0           0           1
T_world_lidar: 
   0.576367    0.815688   0.0495397   0.0204846
   0.817165   -0.574809  -0.0428402  -0.0401711
-0.00646832   0.0651738   -0.997853   0.0711532
          0           0           0           1
v_world_imu: -0.000853424  -0.00240813  -0.00108333
frame_504
id: 1293
stamp: 1783948452.254472733
T_odom_lidar: 
   0.576394    0.815673   0.0494666   0.0205332
   0.817146   -0.574836  -0.0428472  -0.0402538
-0.00651414   0.0651183   -0.997856    0.071023
          0           0           0           1
T_world_lidar: 
   0.576394    0.815673   0.0494666   0.0205332
   0.817146   -0.574836  -0.0428472  -0.0402538
-0.00651414   0.0651183   -0.997856    0.071023
          0           0           0           1
v_world_imu: -0.000718432  -0.00259175  -0.00099938
frame_505
id: 1294
stamp: 1783948452.354443312
T_odom_lidar: 
   0.576433    0.815646   0.0494701   0.0205604
   0.817119   -0.574873  -0.0428712  -0.0403809
-0.00652869   0.0651353   -0.997855   0.0709479
          0           0           0           1
T_world_lidar: 
   0.576433    0.815646   0.0494701   0.0205604
   0.817119   -0.574873  -0.0428712  -0.0403809
-0.00652869   0.0651353   -0.997855   0.0709479
          0           0           0           1
v_world_imu: -0.000839564  -0.00307306 -0.000877937
frame_506
id: 1295
stamp: 1783948452.455303431
T_odom_lidar: 
   0.576443     0.81564   0.0494466    0.020633
    0.81711   -0.574881  -0.0429251  -0.0405077
-0.00658552   0.0651472   -0.997854   0.0708739
          0           0           0           1
T_world_lidar: 
   0.576443     0.81564   0.0494466    0.020633
    0.81711   -0.574881  -0.0429251  -0.0405077
-0.00658552   0.0651472   -0.997854   0.0708739
          0           0           0           1
v_world_imu: -0.000490995  -0.00271083 -0.000673888
frame_507
id: 1296
stamp: 1783948452.556172848
T_odom_lidar: 
   0.576469    0.815621   0.0494581   0.0207253
   0.817092   -0.574906  -0.0429269  -0.0406389
-0.00657826   0.0651579   -0.997853   0.0707992
          0           0           0           1
T_world_lidar: 
   0.576469    0.815621   0.0494581   0.0207253
   0.817092   -0.574906  -0.0429269  -0.0406389
-0.00657826   0.0651579   -0.997853   0.0707992
          0           0           0           1
v_world_imu:  -0.00128556  -0.00246767 -0.000461086
frame_508
id: 1297
stamp: 1783948452.657060623
T_odom_lidar: 
   0.576497    0.815602   0.0494394   0.0207084
   0.817073   -0.574934  -0.0429296  -0.0407815
-0.00658907   0.0651444   -0.997854   0.0707306
          0           0           0           1
T_world_lidar: 
   0.576497    0.815602   0.0494394   0.0207084
   0.817073   -0.574934  -0.0429296  -0.0407815
-0.00658907   0.0651444   -0.997854   0.0707306
          0           0           0           1
v_world_imu: -0.00175391 -0.00222151 -0.00067469
frame_509
id: 1298
stamp: 1783948452.757903814
T_odom_lidar: 
   0.576481    0.815614   0.0494275   0.0207097
   0.817084   -0.574917  -0.0429522  -0.0408764
-0.00661571   0.0651475   -0.997854   0.0707115
          0           0           0           1
T_world_lidar: 
   0.576481    0.815614   0.0494275   0.0207097
   0.817084   -0.574917  -0.0429522  -0.0408764
-0.00661571   0.0651475   -0.997854   0.0707115
          0           0           0           1
v_world_imu:   -0.0017531  -0.00149287 -0.000414237
frame_510
id: 1299
stamp: 1783948452.858769894
T_odom_lidar: 
   0.576506    0.815597   0.0494109   0.0203778
   0.817066    -0.57494  -0.0429839  -0.0412478
-0.00664926   0.0651525   -0.997853    0.070704
          0           0           0           1
T_world_lidar: 
   0.576506    0.815597   0.0494109   0.0203778
   0.817066    -0.57494  -0.0429839  -0.0412478
-0.00664926   0.0651525   -0.997853    0.070704
          0           0           0           1
v_world_imu: -0.00285336  -0.0017509 0.000715295
frame_511
id: 1300
stamp: 1783948452.959630489
T_odom_lidar: 
   0.576528    0.815579   0.0494687   0.0202799
   0.817051   -0.574962   -0.042969  -0.0413667
-0.00660192   0.0651912   -0.997851   0.0707799
          0           0           0           1
T_world_lidar: 
   0.576528    0.815579   0.0494687   0.0202799
   0.817051   -0.574962   -0.042969  -0.0413667
-0.00660192   0.0651912   -0.997851   0.0707799
          0           0           0           1
v_world_imu: -0.00309148 -0.00139699 0.000992976
frame_512
id: 1301
stamp: 1783948453.060544491
T_odom_lidar: 
    0.57655    0.815562   0.0494742   0.0202169
   0.817035   -0.574984  -0.0429889  -0.0414303
-0.00661325   0.0652074    -0.99785   0.0709093
          0           0           0           1
T_world_lidar: 
    0.57655    0.815562   0.0494742   0.0202169
   0.817035   -0.574984  -0.0429889  -0.0414303
-0.00661325   0.0652074    -0.99785   0.0709093
          0           0           0           1
v_world_imu:  -0.00307255 -0.000611215   0.00108406
frame_513
id: 1302
stamp: 1783948453.161364317
T_odom_lidar: 
   0.576564    0.815557   0.0494064   0.0201394
   0.817025   -0.574995  -0.0430225  -0.0414797
-0.00667892   0.0651715   -0.997852   0.0710038
          0           0           0           1
T_world_lidar: 
   0.576564    0.815557   0.0494064   0.0201394
   0.817025   -0.574995  -0.0430225  -0.0414797
-0.00667892   0.0651715   -0.997852   0.0710038
          0           0           0           1
v_world_imu:  -0.00371714 -0.000801788  0.000859042
frame_514
id: 1303
stamp: 1783948453.262244701
T_odom_lidar: 
    0.57658    0.815553   0.0492831    0.020037
   0.817013   -0.575014   -0.042997  -0.0415124
-0.00672789   0.0650562   -0.997859   0.0710794
          0           0           0           1
T_world_lidar: 
    0.57658    0.815553   0.0492831    0.020037
   0.817013   -0.575014   -0.042997  -0.0415124
-0.00672789   0.0650562   -0.997859   0.0710794
          0           0           0           1
v_world_imu:  -0.00382424 -3.41439e-05   0.00126315
frame_515
id: 1304
stamp: 1783948453.363086939
T_odom_lidar: 
   0.576601    0.815542   0.0492237   0.0199382
   0.816998   -0.575038  -0.0429673  -0.0414855
-0.00673614   0.0649907   -0.997863   0.0712198
          0           0           0           1
T_world_lidar: 
   0.576601    0.815542   0.0492237   0.0199382
   0.816998   -0.575038  -0.0429673  -0.0414855
-0.00673614   0.0649907   -0.997863   0.0712198
          0           0           0           1
v_world_imu: -0.00374432 0.000218913  0.00115812
frame_516
id: 1305
stamp: 1783948453.467364311
T_odom_lidar: 
    0.57663    0.815527   0.0491373   0.0198673
   0.816977   -0.575063  -0.0430219   -0.041424
-0.00682845   0.0649517   -0.997865   0.0713196
          0           0           0           1
T_world_lidar: 
    0.57663    0.815527   0.0491373   0.0198673
   0.816977   -0.575063  -0.0430219   -0.041424
-0.00682845   0.0649517   -0.997865   0.0713196
          0           0           0           1
v_world_imu: -0.00423246  0.00101282 0.000592468
frame_517
id: 1306
stamp: 1783948453.565416098
T_odom_lidar: 
   0.576635    0.815523   0.0491292   0.0198102
   0.816973   -0.575069  -0.0430232  -0.0413507
-0.00683376   0.0649459   -0.997865   0.0714136
          0           0           0           1
T_world_lidar: 
   0.576635    0.815523   0.0491292   0.0198102
   0.816973   -0.575069  -0.0430232  -0.0413507
-0.00683376   0.0649459   -0.997865   0.0714136
          0           0           0           1
v_world_imu:  -0.00441343 -0.000145041   0.00234627
frame_518
id: 1307
stamp: 1783948453.665675163
T_odom_lidar: 
   0.576663      0.8155   0.0491802   0.0198028
   0.816954   -0.575102  -0.0429401  -0.0412895
-0.00673406   0.0649399   -0.997866   0.0714006
          0           0           0           1
T_world_lidar: 
   0.576663      0.8155   0.0491802   0.0198028
   0.816954   -0.575102  -0.0429401  -0.0412895
-0.00673406   0.0649399   -0.997866   0.0714006
          0           0           0           1
v_world_imu:  -0.00331324    0.0010482 -9.21686e-05
frame_519
id: 1308
stamp: 1783948453.766537189
T_odom_lidar: 
   0.576702    0.815469   0.0492421    0.019765
   0.816926   -0.575134  -0.0430356  -0.0412336
-0.00677342   0.0650459   -0.997859   0.0714322
          0           0           0           1
T_world_lidar: 
   0.576702    0.815469   0.0492421    0.019765
   0.816926   -0.575134  -0.0430356  -0.0412336
-0.00677342   0.0650459   -0.997859   0.0714322
          0           0           0           1
v_world_imu:  -0.00338603   0.00102272 -0.000337513
frame_520
id: 1309
stamp: 1783948453.867396593
T_odom_lidar: 
   0.576685    0.815478   0.0492918     0.01975
   0.816938   -0.575114   -0.043073  -0.0411856
-0.00677668   0.0651079   -0.997855   0.0713212
          0           0           0           1
T_world_lidar: 
   0.576685    0.815478   0.0492918     0.01975
   0.816938   -0.575114   -0.043073  -0.0411856
-0.00677668   0.0651079   -0.997855   0.0713212
          0           0           0           1
v_world_imu:  -0.00339472      0.00089 -0.000975664
frame_521
id: 1310
stamp: 1783948453.968261480
T_odom_lidar: 
   0.576678    0.815479   0.0493624   0.0197946
   0.816943   -0.575103  -0.0431235  -0.0411313
-0.00677786   0.0651947    -0.99785   0.0712156
          0           0           0           1
T_world_lidar: 
   0.576678    0.815479   0.0493624   0.0197946
   0.816943   -0.575103  -0.0431235  -0.0411313
-0.00677786   0.0651947    -0.99785   0.0712156
          0           0           0           1
v_world_imu: -0.00281879  0.00131252 -0.00134991
frame_522
id: 1311
stamp: 1783948454.069194078
T_odom_lidar: 
   0.576715    0.815444   0.0495046   0.0198488
   0.816918   -0.575141  -0.0430954  -0.0410789
-0.00666979    0.065295   -0.997844   0.0710602
          0           0           0           1
T_world_lidar: 
   0.576715    0.815444   0.0495046   0.0198488
   0.816918   -0.575141  -0.0430954  -0.0410789
-0.00666979    0.065295   -0.997844   0.0710602
          0           0           0           1
v_world_imu: -0.00241043  0.00172235 -0.00196993
frame_523
id: 1312
stamp: 1783948454.169987679
T_odom_lidar: 
   0.576727    0.815431   0.0495769   0.0199588
    0.81691    -0.57515   -0.043135  -0.0409392
-0.00665953    0.065377   -0.997838   0.0708768
          0           0           0           1
T_world_lidar: 
   0.576727    0.815431   0.0495769   0.0199588
    0.81691    -0.57515   -0.043135  -0.0409392
-0.00665953    0.065377   -0.997838   0.0708768
          0           0           0           1
v_world_imu:   -0.0034136   0.00175868 -0.000372538
frame_524
id: 1313
stamp: 1783948454.270857096
T_odom_lidar: 
   0.576727    0.815423   0.0497113   0.0199325
   0.816911    -0.57515  -0.0431197  -0.0408116
-0.00656931    0.065478   -0.997832   0.0710316
          0           0           0           1
T_world_lidar: 
   0.576727    0.815423   0.0497113   0.0199325
   0.816911    -0.57515  -0.0431197  -0.0408116
-0.00656931    0.065478   -0.997832   0.0710316
          0           0           0           1
v_world_imu:  -0.00317039   0.00238998 -3.33737e-05
frame_525
id: 1314
stamp: 1783948454.371721983
T_odom_lidar: 
   0.576716    0.815423   0.0498471   0.0200922
    0.81692   -0.575149  -0.0429571  -0.0405915
-0.00635866   0.0654952   -0.997833   0.0707688
          0           0           0           1
T_world_lidar: 
   0.576716    0.815423   0.0498471   0.0200922
    0.81692   -0.575149  -0.0429571  -0.0405915
-0.00635866   0.0654952   -0.997833   0.0707688
          0           0           0           1
v_world_imu: -0.00237914  0.00348641 -0.00245974
frame_526
id: 1315
stamp: 1783948454.472615004
T_odom_lidar: 
   0.576727     0.81541   0.0499251   0.0201741
   0.816913   -0.575163  -0.0429087  -0.0403761
-0.00627308    0.065531   -0.997831   0.0705425
          0           0           0           1
T_world_lidar: 
   0.576727     0.81541   0.0499251   0.0201741
   0.816913   -0.575163  -0.0429087  -0.0403761
-0.00627308    0.065531   -0.997831   0.0705425
          0           0           0           1
v_world_imu:  -0.003472 0.00322444 -0.0030118
frame_527
id: 1316
stamp: 1783948454.573454380
T_odom_lidar: 
   0.576776    0.815378   0.0498755   0.0201285
   0.816879   -0.575217  -0.0428341  -0.0402143
-0.00623675   0.0654479   -0.997836   0.0701528
          0           0           0           1
T_world_lidar: 
   0.576776    0.815378   0.0498755   0.0201285
   0.816879   -0.575217  -0.0428341  -0.0402143
-0.00623675   0.0654479   -0.997836   0.0701528
          0           0           0           1
v_world_imu:  -0.0050284  0.00348871 -0.00358388
frame_528
id: 1317
stamp: 1783948454.674328089
T_odom_lidar: 
   0.576765    0.815382   0.0499436    0.019921
   0.816887   -0.575211   -0.042752  -0.0400307
-0.00613107   0.0654562   -0.997837   0.0698306
          0           0           0           1
T_world_lidar: 
   0.576765    0.815382   0.0499436    0.019921
   0.816887   -0.575211   -0.042752  -0.0400307
-0.00613107   0.0654562   -0.997837   0.0698306
          0           0           0           1
v_world_imu: -0.00598027  0.00294196 -0.00352182
frame_529
id: 1318
stamp: 1783948454.776158333
T_odom_lidar: 
   0.576852    0.815353     0.04941   0.0193524
   0.816821   -0.575278  -0.0431163  -0.0401988
-0.00673055   0.0652308   -0.997848   0.0709458
          0           0           0           1
T_world_lidar: 
   0.576852    0.815353     0.04941   0.0193524
   0.816821   -0.575278  -0.0431163  -0.0401988
-0.00673055   0.0652308   -0.997848   0.0709458
          0           0           0           1
v_world_imu: -0.00534429  0.00401053 2.73801e-05
frame_530
id: 1319
stamp: 1783948454.876648903
T_odom_lidar: 
   0.576904    0.815324   0.0492887   0.0192122
   0.816784   -0.575334  -0.0430654  -0.0399697
-0.00675477   0.0651028   -0.997856   0.0709333
          0           0           0           1
T_world_lidar: 
   0.576904    0.815324   0.0492887   0.0192122
   0.816784   -0.575334  -0.0430654  -0.0399697
-0.00675477   0.0651028   -0.997856   0.0709333
          0           0           0           1
v_world_imu: -0.00497226  0.00416406 1.88502e-05
frame_531
id: 1320
stamp: 1783948454.976905346
T_odom_lidar: 
   0.576924    0.815319   0.0491336   0.0190991
   0.816769   -0.575354  -0.0430757  -0.0397839
-0.00685122   0.0649822   -0.997863   0.0709992
          0           0           0           1
T_world_lidar: 
   0.576924    0.815319   0.0491336   0.0190991
   0.816769   -0.575354  -0.0430757  -0.0397839
-0.00685122   0.0649822   -0.997863   0.0709992
          0           0           0           1
v_world_imu: -0.00551613  0.00247013  0.00223796
frame_532
id: 1321
stamp: 1783948455.077768326
T_odom_lidar: 
   0.576973    0.815279   0.0492099    0.019119
   0.816736   -0.575409  -0.0429804  -0.0396116
-0.00672519     0.06499   -0.997863    0.070968
          0           0           0           1
T_world_lidar: 
   0.576973    0.815279   0.0492099    0.019119
   0.816736   -0.575409  -0.0429804  -0.0396116
-0.00672519     0.06499   -0.997863    0.070968
          0           0           0           1
v_world_imu: -0.00388542  0.00283934  0.00235602
frame_533
id: 1322
stamp: 1783948455.178632498
T_odom_lidar: 
   0.576972    0.815272   0.0493419   0.0191781
   0.816737   -0.575414  -0.0428766  -0.0394437
-0.00656412    0.065038   -0.997861   0.0711076
          0           0           0           1
T_world_lidar: 
   0.576972    0.815272   0.0493419   0.0191781
   0.816737   -0.575414  -0.0428766  -0.0394437
-0.00656412    0.065038   -0.997861   0.0711076
          0           0           0           1
v_world_imu: -0.00313773  0.00291745  0.00244423
frame_534
id: 1323
stamp: 1783948455.279497385
T_odom_lidar: 
  0.576956   0.815281  0.0493789  0.0193799
   0.81675  -0.575408 -0.0427215 -0.0392791
 -0.006417  0.0649786  -0.997866  0.0711304
         0          0          0          1
T_world_lidar: 
  0.576956   0.815281  0.0493789  0.0193799
   0.81675  -0.575408 -0.0427215 -0.0392791
 -0.006417  0.0649786  -0.997866  0.0711304
         0          0          0          1
v_world_imu: -0.00290018  0.00259541  0.00262893
frame_535
id: 1324
stamp: 1783948455.380368948
T_odom_lidar: 
   0.576949    0.815275   0.0495717   0.0194953
   0.816756   -0.575403  -0.0426721  -0.0391332
-0.00626577   0.0651076   -0.997859   0.0712236
          0           0           0           1
T_world_lidar: 
   0.576949    0.815275   0.0495717   0.0194953
   0.816756   -0.575403  -0.0426721  -0.0391332
-0.00626577   0.0651076   -0.997859   0.0712236
          0           0           0           1
v_world_imu: -0.00209778  0.00321467 0.000985864
frame_536
id: 1325
stamp: 1783948455.481226683
T_odom_lidar: 
   0.576989    0.815248   0.0495407   0.0196368
   0.816728   -0.575439  -0.0427364  -0.0390439
-0.00633317   0.0651197   -0.997857   0.0713541
          0           0           0           1
T_world_lidar: 
   0.576989    0.815248   0.0495407   0.0196368
   0.816728   -0.575439  -0.0427364  -0.0390439
-0.00633317   0.0651197   -0.997857   0.0713541
          0           0           0           1
v_world_imu: -0.00242439  0.00273526 0.000916175
frame_537
id: 1326
stamp: 1783948455.582095861
T_odom_lidar: 
      0.577    0.815241   0.0495202   0.0197378
   0.816719   -0.575446  -0.0428062  -0.0390108
-0.00640116   0.0651432   -0.997855   0.0714545
          0           0           0           1
T_world_lidar: 
      0.577    0.815241   0.0495202   0.0197378
   0.816719   -0.575446  -0.0428062  -0.0390108
-0.00640116   0.0651432   -0.997855   0.0714545
          0           0           0           1
v_world_imu: -0.00242062  0.00202756  0.00119627
frame_538
id: 1327
stamp: 1783948455.682953835
T_odom_lidar: 
   0.576973     0.81526   0.0495188   0.0198091
   0.816737   -0.575412  -0.0429149  -0.0390592
-0.00649313   0.0652047   -0.997851   0.0716188
          0           0           0           1
T_world_lidar: 
   0.576973     0.81526   0.0495188   0.0198091
   0.816737   -0.575412  -0.0429149  -0.0390592
-0.00649313   0.0652047   -0.997851   0.0716188
          0           0           0           1
v_world_imu: -0.00289718  0.00154271 0.000709527
frame_539
id: 1328
stamp: 1783948455.783847809
T_odom_lidar: 
   0.576961    0.815267    0.049553   0.0198563
   0.816745   -0.575396  -0.0429732  -0.0391488
-0.00652203    0.065266   -0.997847   0.0716791
          0           0           0           1
T_world_lidar: 
   0.576961    0.815267    0.049553   0.0198563
   0.816745   -0.575396  -0.0429732  -0.0391488
-0.00652203    0.065266   -0.997847   0.0716791
          0           0           0           1
v_world_imu: -0.00304138    0.001157 0.000334419
frame_540
id: 1329
stamp: 1783948455.884679317
T_odom_lidar: 
   0.576967    0.815262   0.0495689   0.0199133
   0.816741   -0.575401  -0.0429845  -0.0392153
-0.00652165   0.0652856   -0.997845   0.0717161
          0           0           0           1
T_world_lidar: 
   0.576967    0.815262   0.0495689   0.0199133
   0.816741   -0.575401  -0.0429845  -0.0392153
-0.00652165   0.0652856   -0.997845   0.0717161
          0           0           0           1
v_world_imu: -0.00318292  0.00156159 0.000558211
frame_541
id: 1330
stamp: 1783948455.985581636
T_odom_lidar: 
   0.577049    0.815206   0.0495349   0.0199191
   0.816683   -0.575478  -0.0430574  -0.0392491
-0.00659439   0.0653006   -0.997844   0.0717864
          0           0           0           1
T_world_lidar: 
   0.577049    0.815206   0.0495349   0.0199191
   0.816683   -0.575478  -0.0430574  -0.0392491
-0.00659439   0.0653006   -0.997844   0.0717864
          0           0           0           1
v_world_imu:  -0.0033601  0.00170028 0.000851252
frame_542
id: 1331
stamp: 1783948456.086407185
T_odom_lidar: 
   0.577009    0.815234   0.0495312   0.0198442
    0.81671   -0.575433  -0.0431389  -0.0393352
-0.00666641   0.0653441   -0.997841   0.0719037
          0           0           0           1
T_world_lidar: 
   0.577009    0.815234   0.0495312   0.0198442
    0.81671   -0.575433  -0.0431389  -0.0393352
-0.00666641   0.0653441   -0.997841   0.0719037
          0           0           0           1
v_world_imu: -0.00365697  0.00129729 0.000680063
frame_543
id: 1332
stamp: 1783948456.187485456
T_odom_lidar: 
  0.576996    0.81524  0.0495873  0.0197957
   0.81672  -0.575416  -0.043186 -0.0394398
-0.0066736  0.0654171  -0.997836  0.0719853
         0          0          0          1
T_world_lidar: 
  0.576996    0.81524  0.0495873  0.0197957
   0.81672  -0.575416  -0.043186 -0.0394398
-0.0066736  0.0654171  -0.997836  0.0719853
         0          0          0          1
v_world_imu: -0.00326286  0.00127548 0.000663955
frame_544
id: 1333
stamp: 1783948456.288137197
T_odom_lidar: 
   0.577004    0.815237   0.0495548   0.0197876
   0.816714   -0.575424  -0.0431994  -0.0395115
-0.00670275   0.0653983   -0.997837   0.0720495
          0           0           0           1
T_world_lidar: 
   0.577004    0.815237   0.0495548   0.0197876
   0.816714   -0.575424  -0.0431994  -0.0395115
-0.00670275   0.0653983   -0.997837   0.0720495
          0           0           0           1
v_world_imu: -0.00307678  0.00176885  0.00045817
frame_545
id: 1334
stamp: 1783948456.389043331
T_odom_lidar: 
   0.576997    0.815242   0.0495349   0.0196962
   0.816718   -0.575417  -0.0432079  -0.0395624
-0.00672171   0.0653868   -0.997837   0.0720614
          0           0           0           1
T_world_lidar: 
   0.576997    0.815242   0.0495349   0.0196962
   0.816718   -0.575417  -0.0432079  -0.0395624
-0.00672171   0.0653868   -0.997837   0.0720614
          0           0           0           1
v_world_imu: -0.00314931   0.0016903 0.000151999
frame_546
id: 1335
stamp: 1783948456.489884138
T_odom_lidar: 
   0.577028    0.815221   0.0495226   0.0196663
   0.816696   -0.575447  -0.0432239  -0.0396314
-0.00673941   0.0653864   -0.997837   0.0721146
          0           0           0           1
T_world_lidar: 
   0.577028    0.815221   0.0495226   0.0196663
   0.816696   -0.575447  -0.0432239  -0.0396314
-0.00673941   0.0653864   -0.997837   0.0721146
          0           0           0           1
v_world_imu: -0.00235151   0.0013513 4.45388e-05
frame_547
id: 1336
stamp: 1783948456.590730190
T_odom_lidar: 
   0.577065    0.815201   0.0494203   0.0196839
    0.81667   -0.575484  -0.0432236  -0.0397416
-0.00679533   0.0653028   -0.997842   0.0720752
          0           0           0           1
T_world_lidar: 
   0.577065    0.815201   0.0494203   0.0196839
    0.81667   -0.575484  -0.0432236  -0.0397416
-0.00679533   0.0653028   -0.997842   0.0720752
          0           0           0           1
v_world_imu:  -0.00192653   0.00132761 -0.000805872
frame_548
id: 1337
stamp: 1783948456.691639185
T_odom_lidar: 
   0.577065    0.815196   0.0495177   0.0196964
   0.816671   -0.575484  -0.0432147  -0.0398212
-0.00673181   0.0653773   -0.997838   0.0719949
          0           0           0           1
T_world_lidar: 
   0.577065    0.815196   0.0495177   0.0196964
   0.816671   -0.575484  -0.0432147  -0.0398212
-0.00673181   0.0653773   -0.997838   0.0719949
          0           0           0           1
v_world_imu: -0.00111475  0.00151038 -0.00148249
frame_549
id: 1338
stamp: 1783948456.792471170
T_odom_lidar: 
   0.577078    0.815187   0.0495137   0.0197807
   0.816661   -0.575499  -0.0431791  -0.0398945
-0.00670396   0.0653536    -0.99784   0.0717967
          0           0           0           1
T_world_lidar: 
   0.577078    0.815187   0.0495137   0.0197807
   0.816661   -0.575499  -0.0431791  -0.0398945
-0.00670396   0.0653536    -0.99784   0.0717967
          0           0           0           1
v_world_imu: -0.00131038  0.00152155 -0.00185758
frame_550
id: 1339
stamp: 1783948456.893320560
T_odom_lidar: 
   0.577032    0.815221   0.0494825   0.0198191
   0.816694   -0.575455  -0.0431509   -0.039977
-0.00670257   0.0653116   -0.997842   0.0716437
          0           0           0           1
T_world_lidar: 
   0.577032    0.815221   0.0494825   0.0198191
   0.816694   -0.575455  -0.0431509   -0.039977
-0.00670257   0.0653116   -0.997842   0.0716437
          0           0           0           1
v_world_imu: -0.000770262   0.00181242  -0.00246492
frame_551
id: 1340
stamp: 1783948456.994183779
T_odom_lidar: 
   0.577008    0.815237   0.0495046   0.0198963
   0.816711   -0.575432  -0.0431352  -0.0400324
-0.00667879   0.0653203   -0.997842   0.0713727
          0           0           0           1
T_world_lidar: 
   0.577008    0.815237   0.0495046   0.0198963
   0.816711   -0.575432  -0.0431352  -0.0400324
-0.00667879   0.0653203   -0.997842   0.0713727
          0           0           0           1
v_world_imu: -0.00056342   0.0014115 -0.00311089
frame_552
id: 1341
stamp: 1783948457.095045328
T_odom_lidar: 
   0.577005    0.815245   0.0494008    0.019679
   0.816712   -0.575426  -0.0431944  -0.0404394
-0.00678751   0.0652697   -0.997845   0.0711092
          0           0           0           1
T_world_lidar: 
   0.577005    0.815245   0.0494008    0.019679
   0.816712   -0.575426  -0.0431944  -0.0404394
-0.00678751   0.0652697   -0.997845   0.0711092
          0           0           0           1
v_world_imu: -0.000835628  0.000806382  -0.00274737
frame_553
id: 1342
stamp: 1783948457.195912600
T_odom_lidar: 
   0.576996    0.815252   0.0493961   0.0196898
   0.816718   -0.575414  -0.0432419  -0.0405969
-0.00682984   0.0652932   -0.997843   0.0708556
          0           0           0           1
T_world_lidar: 
   0.576996    0.815252   0.0493961   0.0196898
   0.816718   -0.575414  -0.0432419  -0.0405969
-0.00682984   0.0652932   -0.997843   0.0708556
          0           0           0           1
v_world_imu: -0.000715062  0.000593491  -0.00301577
frame_554
id: 1343
stamp: 1783948457.296777010
T_odom_lidar: 
    0.57696    0.815279   0.0493784   0.0197077
   0.816744   -0.575377  -0.0432531  -0.0407295
-0.00685213   0.0652848   -0.997843   0.0705313
          0           0           0           1
T_world_lidar: 
    0.57696    0.815279   0.0493784   0.0197077
   0.816744   -0.575377  -0.0432531  -0.0407295
-0.00685213   0.0652848   -0.997843   0.0705313
          0           0           0           1
v_world_imu: -0.00139047 0.000291457 -0.00296149
frame_555
id: 1344
stamp: 1783948457.397641659
T_odom_lidar: 
   0.576965    0.815283   0.0492473   0.0196912
   0.816739   -0.575383  -0.0432622  -0.0408911
-0.00693485    0.065183   -0.997849   0.0702725
          0           0           0           1
T_world_lidar: 
   0.576965    0.815283   0.0492473   0.0196912
   0.816739   -0.575383  -0.0432622  -0.0408911
-0.00693485    0.065183   -0.997849   0.0702725
          0           0           0           1
v_world_imu: -0.000697931  0.000822719  -0.00306757
frame_556
id: 1345
stamp: 1783948457.498722315
T_odom_lidar: 
      0.577    0.815262   0.0491856    0.019658
   0.816714   -0.575416  -0.0433033   -0.040985
-0.00700135   0.0651566    -0.99785   0.0699882
          0           0           0           1
T_world_lidar: 
      0.577    0.815262   0.0491856    0.019658
   0.816714   -0.575416  -0.0433033   -0.040985
-0.00700135   0.0651566    -0.99785   0.0699882
          0           0           0           1
v_world_imu: -0.000638415  0.000729689  -0.00289592
frame_557
id: 1346
stamp: 1783948457.599370003
T_odom_lidar: 
   0.577006    0.815264   0.0490849   0.0196598
   0.816709   -0.575418  -0.0433619  -0.0410775
-0.00710707   0.0651082   -0.997853   0.0696997
          0           0           0           1
T_world_lidar: 
   0.577006    0.815264   0.0490849   0.0196598
   0.816709   -0.575418  -0.0433619  -0.0410775
-0.00710707   0.0651082   -0.997853   0.0696997
          0           0           0           1
v_world_imu: -0.000272681  0.000421272  -0.00265307
frame_558
id: 1347
stamp: 1783948457.700232744
T_odom_lidar: 
  0.577003   0.815265  0.0490937  0.0196634
  0.816711  -0.575417 -0.0433366 -0.0411877
-0.0070814  0.0651007  -0.997854  0.0695013
         0          0          0          1
T_world_lidar: 
  0.577003   0.815265  0.0490937  0.0196634
  0.816711  -0.575417 -0.0433366 -0.0411877
-0.0070814  0.0651007  -0.997854  0.0695013
         0          0          0          1
v_world_imu: 0.000401087 0.000679823 -0.00241691
frame_559
id: 1348
stamp: 1783948457.801094055
T_odom_lidar: 
  0.576986   0.815272  0.0491787  0.0197351
  0.816724  -0.575399 -0.0433417 -0.0412693
-0.0070379   0.065173  -0.997849  0.0692724
         0          0          0          1
T_world_lidar: 
  0.576986   0.815272  0.0491787  0.0197351
  0.816724  -0.575399 -0.0433417 -0.0412693
-0.0070379   0.065173  -0.997849  0.0692724
         0          0          0          1
v_world_imu:  0.00136657 0.000496963 -0.00233938
frame_560
id: 1349
stamp: 1783948457.901954174
T_odom_lidar: 
   0.576884    0.815343   0.0492004   0.0198532
   0.816795   -0.575295   -0.043375  -0.0413488
-0.00706076    0.065209   -0.997847   0.0690964
          0           0           0           1
T_world_lidar: 
   0.576884    0.815343   0.0492004   0.0198532
   0.816795   -0.575295   -0.043375  -0.0413488
-0.00706076    0.065209   -0.997847   0.0690964
          0           0           0           1
v_world_imu:  0.00152322 0.000845204 -0.00181921
frame_561
id: 1350
stamp: 1783948458.005345583
T_odom_lidar: 
  0.576845   0.815364  0.0493161  0.0199259
  0.816824  -0.575252 -0.0434141 -0.0413877
-0.0070291  0.0653257  -0.997839  0.0689083
         0          0          0          1
T_world_lidar: 
  0.576845   0.815364  0.0493161  0.0199259
  0.816824  -0.575252 -0.0434141 -0.0413877
-0.0070291  0.0653257  -0.997839  0.0689083
         0          0          0          1
v_world_imu:  0.00203028 0.000568696 -0.00165163
frame_562
id: 1351
stamp: 1783948458.103689909
T_odom_lidar: 
   0.576812    0.815382    0.049395   0.0200556
   0.816848    -0.57522  -0.0433843  -0.0413974
-0.00696177   0.0653727   -0.997837   0.0687586
          0           0           0           1
T_world_lidar: 
   0.576812    0.815382    0.049395   0.0200556
   0.816848    -0.57522  -0.0433843  -0.0413974
-0.00696177   0.0653727   -0.997837   0.0687586
          0           0           0           1
v_world_imu:  0.00188849 0.000744695 -0.00133039
frame_563
id: 1352
stamp: 1783948458.204586744
T_odom_lidar: 
    0.5768   0.815386  0.0494729  0.0201443
  0.816856  -0.575211 -0.0433376 -0.0414474
-0.0068795  0.0654094  -0.997835  0.0686062
         0          0          0          1
T_world_lidar: 
    0.5768   0.815386  0.0494729  0.0201443
  0.816856  -0.575211 -0.0433376 -0.0414474
-0.0068795  0.0654094  -0.997835  0.0686062
         0          0          0          1
v_world_imu:  0.00216007 0.000983563 -0.00143366
frame_564
id: 1353
stamp: 1783948458.305445671
T_odom_lidar: 
   0.576765    0.815405   0.0495703   0.0203067
   0.816882    -0.57518  -0.0432595  -0.0414043
-0.00676213   0.0654437   -0.997833   0.0684833
          0           0           0           1
T_world_lidar: 
   0.576765    0.815405   0.0495703   0.0203067
   0.816882    -0.57518  -0.0432595  -0.0414043
-0.00676213   0.0654437   -0.997833   0.0684833
          0           0           0           1
v_world_imu:    0.002956  0.00138554 -0.00112129
frame_565
id: 1354
stamp: 1783948458.406278372
T_odom_lidar: 
   0.576733    0.815423   0.0496498   0.0202961
   0.816904   -0.575136  -0.0434264  -0.0415615
-0.00685547   0.0656046   -0.997822   0.0687166
          0           0           0           1
T_world_lidar: 
   0.576733    0.815423   0.0496498   0.0202961
   0.816904   -0.575136  -0.0434264  -0.0415615
-0.00685547   0.0656046   -0.997822   0.0687166
          0           0           0           1
v_world_imu:   0.00358949  0.000731791 -0.000349598
frame_566
id: 1355
stamp: 1783948458.507144690
T_odom_lidar: 
   0.576664    0.815478   0.0495476   0.0202015
   0.816952   -0.575064  -0.0434865  -0.0418826
-0.00696919   0.0655551   -0.997825    0.068723
          0           0           0           1
T_world_lidar: 
   0.576664    0.815478   0.0495476   0.0202015
   0.816952   -0.575064  -0.0434865  -0.0418826
-0.00696919   0.0655551   -0.997825    0.068723
          0           0           0           1
v_world_imu:   0.00251261 -0.000326035  0.000391313
frame_567
id: 1356
stamp: 1783948458.608007908
T_odom_lidar: 
    0.57662    0.815505     0.04961   0.0202967
   0.816983   -0.575019  -0.0434863  -0.0419685
-0.00693658   0.0656056   -0.997822   0.0687417
          0           0           0           1
T_world_lidar: 
    0.57662    0.815505     0.04961   0.0202967
   0.816983   -0.575019  -0.0434863  -0.0419685
-0.00693658   0.0656056   -0.997822   0.0687417
          0           0           0           1
v_world_imu:   0.00283722 -0.000284537  7.60255e-05
frame_568
id: 1357
stamp: 1783948458.708869457
T_odom_lidar: 
    0.57659    0.815524   0.0496409   0.0203951
   0.817004   -0.574984  -0.0435736  -0.0420441
-0.00699267   0.0656809   -0.997816   0.0687685
          0           0           0           1
T_world_lidar: 
    0.57659    0.815524   0.0496409   0.0203951
   0.817004   -0.574984  -0.0435736  -0.0420441
-0.00699267   0.0656809   -0.997816   0.0687685
          0           0           0           1
v_world_imu:   0.00289823 -0.000297637 -0.000198691
frame_569
id: 1358
stamp: 1783948458.809737921
T_odom_lidar: 
   0.576544    0.815557   0.0496329    0.020497
   0.817036   -0.574937  -0.0435826  -0.0420987
-0.00700836   0.0656791   -0.997816   0.0687657
          0           0           0           1
T_world_lidar: 
   0.576544    0.815557   0.0496329    0.020497
   0.817036   -0.574937  -0.0435826  -0.0420987
-0.00700836   0.0656791   -0.997816   0.0687657
          0           0           0           1
v_world_imu:   0.00281417 -0.000122388 -0.000327215
frame_570
id: 1359
stamp: 1783948458.910596848
T_odom_lidar: 
   0.576497    0.815592   0.0496075   0.0204517
    0.81707   -0.574897  -0.0434704  -0.0422281
-0.00693488   0.0655934   -0.997822   0.0685613
          0           0           0           1
T_world_lidar: 
   0.576497    0.815592   0.0496075   0.0204517
    0.81707   -0.574897  -0.0434704  -0.0422281
-0.00693488   0.0655934   -0.997822   0.0685613
          0           0           0           1
v_world_imu:   0.00194595 -1.32378e-05  0.000139671
frame_571
id: 1360
stamp: 1783948459.011460781
T_odom_lidar: 
   0.576475    0.815613    0.049528   0.0204222
   0.817085   -0.574878  -0.0434347  -0.0421925
-0.00695332   0.0655076   -0.997828    0.068577
          0           0           0           1
T_world_lidar: 
   0.576475    0.815613    0.049528   0.0204222
   0.817085   -0.574878  -0.0434347  -0.0421925
-0.00695332   0.0655076   -0.997828    0.068577
          0           0           0           1
v_world_imu:   0.00202249  0.000830796 -1.71482e-05
frame_572
id: 1361
stamp: 1783948459.112334013
T_odom_lidar: 
   0.576439    0.815641   0.0494709   0.0203855
    0.81711   -0.574843  -0.0434414  -0.0421099
-0.00699463   0.0654645    -0.99783   0.0685942
          0           0           0           1
T_world_lidar: 
   0.576439    0.815641   0.0494709   0.0203855
    0.81711   -0.574843  -0.0434414  -0.0421099
-0.00699463   0.0654645    -0.99783   0.0685942
          0           0           0           1
v_world_imu:   0.00213218  0.000526029 -0.000232058
frame_573
id: 1362
stamp: 1783948459.213196039
T_odom_lidar: 
    0.57639    0.815682   0.0493759   0.0203188
   0.817144   -0.574793   -0.043445  -0.0420625
-0.00705637   0.0653884   -0.997835   0.0685694
          0           0           0           1
T_world_lidar: 
    0.57639    0.815682   0.0493759   0.0203188
   0.817144   -0.574793   -0.043445  -0.0420625
-0.00705637   0.0653884   -0.997835   0.0685694
          0           0           0           1
v_world_imu:    0.001934 0.000407439 0.000183619
frame_574
id: 1363
stamp: 1783948459.314068794
T_odom_lidar: 
   0.576354    0.815715   0.0492482   0.0202657
   0.817169   -0.574758  -0.0434647  -0.0419788
-0.00714901   0.0652951    -0.99784   0.0686344
          0           0           0           1
T_world_lidar: 
   0.576354    0.815715   0.0492482   0.0202657
   0.817169   -0.574758  -0.0434647  -0.0419788
-0.00714901   0.0652951    -0.99784   0.0686344
          0           0           0           1
v_world_imu:  0.00230465 0.000816798 0.000261631
frame_575
id: 1364
stamp: 1783948459.414916277
T_odom_lidar: 
   0.576294    0.815754    0.049306     0.02015
   0.817211   -0.574692  -0.0435297  -0.0418544
-0.00717371   0.0653793   -0.997835   0.0687028
          0           0           0           1
T_world_lidar: 
   0.576294    0.815754    0.049306     0.02015
   0.817211   -0.574692  -0.0435297  -0.0418544
-0.00717371   0.0653793   -0.997835   0.0687028
          0           0           0           1
v_world_imu:   0.00157516 -0.000388552    0.0022958
frame_576
id: 1365
stamp: 1783948459.515782595
T_odom_lidar: 
   0.576287    0.815748   0.0494929      0.0201
   0.817218    -0.57469  -0.0434363  -0.0417595
-0.00698998   0.0654783    -0.99783   0.0687249
          0           0           0           1
T_world_lidar: 
   0.576287    0.815748   0.0494929      0.0201
   0.817218    -0.57469  -0.0434363  -0.0417595
-0.00698998   0.0654783    -0.99783   0.0687249
          0           0           0           1
v_world_imu:  0.00280216 0.000867117 0.000450177
frame_577
id: 1366
stamp: 1783948459.616650581
T_odom_lidar: 
   0.576249    0.815777   0.0494455   0.0200663
   0.817244   -0.574652  -0.0434339  -0.0416317
-0.00701844   0.0654377   -0.997832   0.0688093
          0           0           0           1
T_world_lidar: 
   0.576249    0.815777   0.0494455   0.0200663
   0.817244   -0.574652  -0.0434339  -0.0416317
-0.00701844   0.0654377   -0.997832   0.0688093
          0           0           0           1
v_world_imu:   0.00191511 -7.30929e-06   0.00279688
frame_578
id: 1367
stamp: 1783948459.717548132
T_odom_lidar: 
   0.576177    0.815823   0.0495187   0.0200044
   0.817296   -0.574588  -0.0433178  -0.0415288
-0.00688684   0.0654301   -0.997833   0.0689285
          0           0           0           1
T_world_lidar: 
   0.576177    0.815823   0.0495187   0.0200044
   0.817296   -0.574588  -0.0433178  -0.0415288
-0.00688684   0.0654301   -0.997833   0.0689285
          0           0           0           1
v_world_imu:   0.00185915 -0.000750683   0.00214932
frame_579
id: 1368
stamp: 1783948459.818372488
T_odom_lidar: 
   0.576123    0.815851   0.0496938    0.019947
   0.817335   -0.574537  -0.0432499  -0.0414431
-0.00673458   0.0655337   -0.997828   0.0689067
          0           0           0           1
T_world_lidar: 
   0.576123    0.815851   0.0496938    0.019947
   0.817335   -0.574537  -0.0432499  -0.0414431
-0.00673458   0.0655337   -0.997828   0.0689067
          0           0           0           1
v_world_imu:  0.00287532  0.00051889 5.59766e-05
frame_580
id: 1369
stamp: 1783948459.919236660
T_odom_lidar: 
   0.576083    0.815879    0.049696   0.0198884
   0.817363   -0.574498  -0.0432295  -0.0413088
-0.00671978   0.0655235   -0.997828   0.0689176
          0           0           0           1
T_world_lidar: 
   0.576083    0.815879    0.049696   0.0198884
   0.817363   -0.574498  -0.0432295  -0.0413088
-0.00671978   0.0655235   -0.997828   0.0689176
          0           0           0           1
v_world_imu:   0.00288495  0.000781477 -0.000713456
frame_581
id: 1370
stamp: 1783948460.020111322
T_odom_lidar: 
   0.576051    0.815908    0.049592   0.0198631
   0.817385   -0.574465  -0.0432571  -0.0411568
-0.00680492   0.0654541   -0.997832   0.0688521
          0           0           0           1
T_world_lidar: 
   0.576051    0.815908    0.049592   0.0198631
   0.817385   -0.574465  -0.0432571  -0.0411568
-0.00680492   0.0654541   -0.997832   0.0688521
          0           0           0           1
v_world_imu:   0.00316603  0.000714026 -0.000853494
frame_582
id: 1371
stamp: 1783948460.121596575
T_odom_lidar: 
   0.576068      0.8159   0.0495283   0.0198326
   0.817373   -0.574485  -0.0432245  -0.0409753
-0.00681363   0.0653833   -0.997837   0.0687589
          0           0           0           1
T_world_lidar: 
   0.576068      0.8159   0.0495283   0.0198326
   0.817373   -0.574485  -0.0432245  -0.0409753
-0.00681363   0.0653833   -0.997837   0.0687589
          0           0           0           1
v_world_imu:  0.00305148 0.000433123 -0.00101259
frame_583
id: 1372
stamp: 1783948460.221862793
T_odom_lidar: 
   0.576093    0.815883   0.0495148   0.0197013
   0.817356   -0.574507  -0.0432634  -0.0408703
-0.00685128    0.065395   -0.997836   0.0687038
          0           0           0           1
T_world_lidar: 
   0.576093    0.815883   0.0495148   0.0197013
   0.817356   -0.574507  -0.0432634  -0.0408703
-0.00685128    0.065395   -0.997836   0.0687038
          0           0           0           1
v_world_imu:   0.00260514 -0.000229084 -0.000702577
frame_584
id: 1373
stamp: 1783948460.322693110
T_odom_lidar: 
   0.576087    0.815892   0.0494435   0.0195706
    0.81736   -0.574505  -0.0432117  -0.0408158
-0.00685055   0.0653069   -0.997842   0.0686394
          0           0           0           1
T_world_lidar: 
   0.576087    0.815892   0.0494435   0.0195706
    0.81736   -0.574505  -0.0432117  -0.0408158
-0.00685055   0.0653069   -0.997842   0.0686394
          0           0           0           1
v_world_imu:   0.00199961 -0.000662156 -0.000367471
frame_585
id: 1374
stamp: 1783948460.423557758
T_odom_lidar: 
   0.576127    0.815867   0.0493827   0.0193956
   0.817331   -0.574548   -0.043181  -0.0407646
-0.00685722   0.0652398   -0.997846     0.06863
          0           0           0           1
T_world_lidar: 
   0.576127    0.815867   0.0493827   0.0193956
   0.817331   -0.574548   -0.043181  -0.0407646
-0.00685722   0.0652398   -0.997846     0.06863
          0           0           0           1
v_world_imu:   0.00224993 -0.000972245  -0.00022207
frame_586
id: 1375
stamp: 1783948460.524447441
T_odom_lidar: 
   0.576133    0.815866   0.0493212   0.0191894
   0.817327   -0.574555  -0.0431628  -0.0407475
-0.00687726   0.0651791    -0.99785   0.0686413
          0           0           0           1
T_world_lidar: 
   0.576133    0.815866   0.0493212   0.0191894
   0.817327   -0.574555  -0.0431628  -0.0407475
-0.00687726   0.0651791    -0.99785   0.0686413
          0           0           0           1
v_world_imu:  0.00123966 -0.00223688  0.00168859
frame_587
id: 1376
stamp: 1783948460.625286818
T_odom_lidar: 
   0.576121    0.815873   0.0493573   0.0189907
   0.817336   -0.574546  -0.0431173  -0.0407518
-0.00682017   0.0651822    -0.99785   0.0686023
          0           0           0           1
T_world_lidar: 
   0.576121    0.815873   0.0493573   0.0189907
   0.817336   -0.574546  -0.0431173  -0.0407518
-0.00682017   0.0651822    -0.99785   0.0686023
          0           0           0           1
v_world_imu:  0.00141248 -0.00216197  0.00162936
frame_588
id: 1377
stamp: 1783948460.726202250
T_odom_lidar: 
   0.57618   0.815833  0.0493314  0.0188553
  0.817295   -0.57461 -0.0430385 -0.0407662
-0.0067659  0.0651162  -0.997855  0.0685663
         0          0          0          1
T_world_lidar: 
   0.57618   0.815833  0.0493314  0.0188553
  0.817295   -0.57461 -0.0430385 -0.0407662
-0.0067659  0.0651162  -0.997855  0.0685663
         0          0          0          1
v_world_imu:  0.00184447 -0.00267865  0.00151606
frame_589
id: 1378
stamp: 1783948460.827013493
T_odom_lidar: 
   0.576209    0.815813   0.0493206    0.018737
   0.817275   -0.574639  -0.0430451   -0.040817
-0.00677525   0.0651114   -0.997855   0.0685366
          0           0           0           1
T_world_lidar: 
   0.576209    0.815813   0.0493206    0.018737
   0.817275   -0.574639  -0.0430451   -0.040817
-0.00677525   0.0651114   -0.997855   0.0685366
          0           0           0           1
v_world_imu:  0.00229546 -0.00275335  0.00137056
frame_590
id: 1379
stamp: 1783948460.927908182
T_odom_lidar: 
  0.576246   0.815786  0.0493286  0.0186807
  0.817248  -0.574674 -0.0430729 -0.0408148
-0.0067904  0.0651343  -0.997853  0.0685039
         0          0          0          1
T_world_lidar: 
  0.576246   0.815786  0.0493286  0.0186807
  0.817248  -0.574674 -0.0430729 -0.0408148
-0.0067904  0.0651343  -0.997853  0.0685039
         0          0          0          1
v_world_imu: 0.00267375 -0.0028098 0.00133525
frame_591
id: 1380
stamp: 1783948461.028742075
T_odom_lidar: 
   0.576251    0.815784    0.049299   0.0186639
   0.817244    -0.57468  -0.0430637  -0.0408393
-0.00679952   0.0651049   -0.997855    0.068457
          0           0           0           1
T_world_lidar: 
   0.576251    0.815784    0.049299   0.0186639
   0.817244    -0.57468  -0.0430637  -0.0408393
-0.00679952   0.0651049   -0.997855    0.068457
          0           0           0           1
v_world_imu:  0.00302438 -0.00268148  0.00157281
frame_592
id: 1381
stamp: 1783948461.129625320
T_odom_lidar: 
   0.576345    0.815719   0.0492789   0.0187146
   0.817178   -0.574774  -0.0430674  -0.0408398
-0.00680668   0.0650913   -0.997856   0.0684228
          0           0           0           1
T_world_lidar: 
   0.576345    0.815719   0.0492789   0.0187146
   0.817178   -0.574774  -0.0430674  -0.0408398
-0.00680668   0.0650913   -0.997856   0.0684228
          0           0           0           1
v_world_imu: 0.00351033 -0.0024276 0.00182029
frame_593
id: 1382
stamp: 1783948461.230479240
T_odom_lidar: 
   0.576352    0.815714   0.0492938   0.0188128
   0.817173   -0.574779  -0.0430866  -0.0408164
-0.00681328   0.0651146   -0.997855   0.0684699
          0           0           0           1
T_world_lidar: 
   0.576352    0.815714   0.0492938   0.0188128
   0.817173   -0.574779  -0.0430866  -0.0408164
-0.00681328   0.0651146   -0.997855   0.0684699
          0           0           0           1
v_world_imu:  0.00408347 -0.00271023  0.00183106
frame_594
id: 1383
stamp: 1783948461.331340075
T_odom_lidar: 
  0.576378   0.815692   0.049342  0.0189612
  0.817155  -0.574809 -0.0430357 -0.0408429
-0.0067417  0.0651249  -0.997854  0.0684761
         0          0          0          1
T_world_lidar: 
  0.576378   0.815692   0.049342  0.0189612
  0.817155  -0.574809 -0.0430357 -0.0408429
-0.0067417  0.0651249  -0.997854  0.0684761
         0          0          0          1
v_world_imu:  0.00430979 -0.00333355  0.00221237
frame_595
id: 1384
stamp: 1783948461.435511112
T_odom_lidar: 
   0.576442    0.815646   0.0493546   0.0191639
    0.81711   -0.574876  -0.0429851   -0.040926
-0.00668787   0.0651066   -0.997856   0.0685586
          0           0           0           1
T_world_lidar: 
   0.576442    0.815646   0.0493546   0.0191639
    0.81711   -0.574876  -0.0429851   -0.040926
-0.00668787   0.0651066   -0.997856   0.0685586
          0           0           0           1
v_world_imu:  0.00380366 -0.00400571  0.00277528
frame_596
id: 1385
stamp: 1783948461.533083200
T_odom_lidar: 
   0.576476    0.815618    0.049426   0.0192485
   0.817087   -0.574906   -0.043045  -0.0410013
-0.00669301   0.0651998    -0.99785   0.0686163
          0           0           0           1
T_world_lidar: 
   0.576476    0.815618    0.049426   0.0192485
   0.817087   -0.574906   -0.043045  -0.0410013
-0.00669301   0.0651998    -0.99785   0.0686163
          0           0           0           1
v_world_imu:  0.00336557 -0.00351637  0.00265051
frame_597
id: 1386
stamp: 1783948461.633927345
T_odom_lidar: 
    0.57651    0.815588   0.0495224   0.0193592
   0.817063   -0.574938  -0.0430702  -0.0410375
-0.00665526   0.0652934   -0.997844   0.0687338
          0           0           0           1
T_world_lidar: 
    0.57651    0.815588   0.0495224   0.0193592
   0.817063   -0.574938  -0.0430702  -0.0410375
-0.00665526   0.0652934   -0.997844   0.0687338
          0           0           0           1
v_world_imu:  0.00430308 -0.00270029 0.000799093
frame_598
id: 1387
stamp: 1783948461.734788179
T_odom_lidar: 
   0.576587    0.815536   0.0494823   0.0195028
   0.817008   -0.575014  -0.0430899  -0.0410938
-0.00668836   0.0652726   -0.997845   0.0687715
          0           0           0           1
T_world_lidar: 
   0.576587    0.815536   0.0494823   0.0195028
   0.817008   -0.575014  -0.0430899  -0.0410938
-0.00668836   0.0652726   -0.997845   0.0687715
          0           0           0           1
v_world_imu:  0.00434311 -0.00282594 0.000885395
frame_599
id: 1388
stamp: 1783948461.835656881
T_odom_lidar: 
   0.576637    0.815497   0.0495378   0.0196215
   0.816972   -0.575054  -0.0432305  -0.0411385
-0.00676742   0.0653993   -0.997836   0.0689076
          0           0           0           1
T_world_lidar: 
   0.576637    0.815497   0.0495378   0.0196215
   0.816972   -0.575054  -0.0432305  -0.0411385
-0.00676742   0.0653993   -0.997836   0.0689076
          0           0           0           1
v_world_imu:  0.00422749 -0.00349807  0.00221944
frame_600
id: 1389
stamp: 1783948461.936521769
T_odom_lidar: 
   0.576614    0.815508   0.0496266    0.019861
   0.816989   -0.575037  -0.0431422  -0.0411462
-0.00664574   0.0654208   -0.997836   0.0689417
          0           0           0           1
T_world_lidar: 
   0.576614    0.815508   0.0496266    0.019861
   0.816989   -0.575037  -0.0431422  -0.0411462
-0.00664574   0.0654208   -0.997836   0.0689417
          0           0           0           1
v_world_imu:  0.00413825 -0.00358441  0.00256847
frame_601
id: 1390
stamp: 1783948462.037381172
T_odom_lidar: 
   0.576637     0.81549   0.0496605   0.0198172
   0.816974   -0.575064  -0.0430726  -0.0414323
-0.00656727   0.0654086   -0.997837   0.0690595
          0           0           0           1
T_world_lidar: 
   0.576637     0.81549   0.0496605   0.0198172
   0.816974   -0.575064  -0.0430726  -0.0414323
-0.00656727   0.0654086   -0.997837   0.0690595
          0           0           0           1
v_world_imu:  0.00445783 -0.00267325 0.000857129
frame_602
id: 1391
stamp: 1783948462.138268471
T_odom_lidar: 
   0.576694     0.81545    0.049646    0.019993
   0.816933   -0.575121  -0.0430707  -0.0414612
-0.00656954   0.0653962   -0.997838   0.0691511
          0           0           0           1
T_world_lidar: 
   0.576694     0.81545    0.049646    0.019993
   0.816933   -0.575121  -0.0430707  -0.0414612
-0.00656954   0.0653962   -0.997838   0.0691511
          0           0           0           1
v_world_imu:  0.00385282 -0.00287344 0.000950535
frame_603
id: 1392
stamp: 1783948462.239123583
T_odom_lidar: 
   0.576704    0.815446   0.0495952   0.0201105
   0.816926   -0.575129  -0.0431106  -0.0414894
-0.00663076   0.0653777   -0.997839    0.069282
          0           0           0           1
T_world_lidar: 
   0.576704    0.815446   0.0495952   0.0201105
   0.816926   -0.575129  -0.0431106  -0.0414894
-0.00663076   0.0653777   -0.997839    0.069282
          0           0           0           1
v_world_imu:    0.003203 -0.00237703   0.0010878
frame_604
id: 1393
stamp: 1783948462.340006828
T_odom_lidar: 
  0.576757    0.81541  0.0495777  0.0201694
  0.816889   -0.57518  -0.043132 -0.0414992
-0.0066542  0.0653761  -0.997839  0.0693822
         0          0          0          1
T_world_lidar: 
  0.576757    0.81541  0.0495777  0.0201694
  0.816889   -0.57518  -0.043132 -0.0414992
-0.0066542  0.0653761  -0.997839  0.0693822
         0          0          0          1
v_world_imu:  0.00251644   -0.002296 0.000788186
frame_605
id: 1394
stamp: 1783948462.440837145
T_odom_lidar: 
   0.576794    0.815391   0.0494511   0.0201747
   0.816862    -0.57522  -0.0431126  -0.0415203
-0.00670843   0.0652618   -0.997846   0.0694452
          0           0           0           1
T_world_lidar: 
   0.576794    0.815391   0.0494511   0.0201747
   0.816862    -0.57522  -0.0431126  -0.0415203
-0.00670843   0.0652618   -0.997846   0.0694452
          0           0           0           1
v_world_imu:  0.00161629 -0.00201453 0.000593365
frame_606
id: 1395
stamp: 1783948462.541713953
T_odom_lidar: 
   0.576811    0.815386   0.0493559   0.0201231
    0.81685   -0.575241   -0.043056   -0.041503
-0.00671571   0.0651515   -0.997853   0.0695343
          0           0           0           1
T_world_lidar: 
   0.576811    0.815386   0.0493559   0.0201231
    0.81685   -0.575241   -0.043056   -0.041503
-0.00671571   0.0651515   -0.997853   0.0695343
          0           0           0           1
v_world_imu:  0.00131296 -0.00201644 0.000345283
frame_607
id: 1396
stamp: 1783948462.645343065
T_odom_lidar: 
   0.576836     0.81537   0.0493112   0.0200456
   0.816833    -0.57527  -0.0429933  -0.0415016
-0.00668819   0.0650791   -0.997858   0.0695601
          0           0           0           1
T_world_lidar: 
   0.576836     0.81537   0.0493112   0.0200456
   0.816833    -0.57527  -0.0429933  -0.0415016
-0.00668819   0.0650791   -0.997858   0.0695601
          0           0           0           1
v_world_imu:  0.00055937 -0.00195362 0.000339457
frame_608
id: 1397
stamp: 1783948462.743952513
T_odom_lidar: 
   0.576895     0.81533   0.0492877   0.0199955
   0.816791   -0.575329  -0.0429959  -0.0414626
-0.00669918   0.0650619   -0.997859   0.0695688
          0           0           0           1
T_world_lidar: 
   0.576895     0.81533   0.0492877   0.0199955
   0.816791   -0.575329  -0.0429959  -0.0414626
-0.00669918   0.0650619   -0.997859   0.0695688
          0           0           0           1
v_world_imu:   0.00103058  -0.00139373 -9.51508e-05
frame_609
id: 1398
stamp: 1783948462.844296694
T_odom_lidar: 
   0.576904    0.815323    0.049289   0.0199527
   0.816784    -0.57534  -0.0429725  -0.0414025
-0.00667849   0.0650495    -0.99786   0.0695614
          0           0           0           1
T_world_lidar: 
   0.576904    0.815323    0.049289   0.0199527
   0.816784    -0.57534  -0.0429725  -0.0414025
-0.00667849   0.0650495    -0.99786   0.0695614
          0           0           0           1
v_world_imu:   0.00144359  -0.00118506 -0.000551551
frame_610
id: 1399
stamp: 1783948462.945158720
T_odom_lidar: 
   0.576907    0.815317   0.0493638   0.0199534
   0.816784   -0.575347  -0.0429059  -0.0413226
-0.00658063   0.0650723   -0.997859   0.0694892
          0           0           0           1
T_world_lidar: 
   0.576907    0.815317   0.0493638   0.0199534
   0.816784   -0.575347  -0.0429059  -0.0413226
-0.00658063   0.0650723   -0.997859   0.0694892
          0           0           0           1
v_world_imu: 0.000843444 -0.00215107 0.000674249
frame_611
id: 1400
stamp: 1783948463.046020269
T_odom_lidar: 
   0.576858    0.815359   0.0492497   0.0195031
   0.816817   -0.575296  -0.0429455  -0.0416811
-0.00668291   0.0650014   -0.997863     0.06986
          0           0           0           1
T_world_lidar: 
   0.576858    0.815359   0.0492497   0.0195031
   0.816817   -0.575296  -0.0429455  -0.0416811
-0.00668291   0.0650014   -0.997863     0.06986
          0           0           0           1
v_world_imu:  0.00033083 -0.00181158  0.00212239
frame_612
id: 1401
stamp: 1783948463.146930456
T_odom_lidar: 
  0.576893   0.815326  0.0493749  0.0195456
  0.816794  -0.575335 -0.0428702 -0.0415763
-0.0065461  0.0650606   -0.99786  0.0698468
         0          0          0          1
T_world_lidar: 
  0.576893   0.815326  0.0493749  0.0195456
  0.816794  -0.575335 -0.0428702 -0.0415763
-0.0065461  0.0650606   -0.99786  0.0698468
         0          0          0          1
v_world_imu:   0.00162503 -0.000515004  -0.00023274
frame_613
id: 1402
stamp: 1783948463.247755051
T_odom_lidar: 
   0.576911    0.815314   0.0493703   0.0196199
   0.816781   -0.575354  -0.0428551  -0.0414702
-0.00653496   0.0650482   -0.997861   0.0698061
          0           0           0           1
T_world_lidar: 
   0.576911    0.815314   0.0493703   0.0196199
   0.816781   -0.575354  -0.0428551  -0.0414702
-0.00653496   0.0650482   -0.997861   0.0698061
          0           0           0           1
v_world_imu:   0.00116329 -0.000919476 -0.000516106
frame_614
id: 1403
stamp: 1783948463.351350307
T_odom_lidar: 
   0.576902    0.815322   0.0493324   0.0196547
   0.816787   -0.575344  -0.0428834  -0.0414154
-0.00658068   0.0650335   -0.997861   0.0697959
          0           0           0           1
T_world_lidar: 
   0.576902    0.815322   0.0493324   0.0196547
   0.816787   -0.575344  -0.0428834  -0.0414154
-0.00658068   0.0650335   -0.997861   0.0697959
          0           0           0           1
v_world_imu: -0.000316875   -0.0012159 -0.000571213
frame_615
id: 1404
stamp: 1783948463.450364828
T_odom_lidar: 
    0.57689    0.815332   0.0493132   0.0196538
   0.816795   -0.575329  -0.0429301  -0.0413785
-0.00663101   0.0650447    -0.99786   0.0697261
          0           0           0           1
T_world_lidar: 
    0.57689    0.815332   0.0493132   0.0196538
   0.816795   -0.575329  -0.0429301  -0.0413785
-0.00663101   0.0650447    -0.99786   0.0697261
          0           0           0           1
v_world_imu:  -9.1259e-05  -0.00157682 -0.000515945
frame_616
id: 1405
stamp: 1783948463.550387383
T_odom_lidar: 
   0.576853    0.815355   0.0493624   0.0196868
   0.816821   -0.575289  -0.0429556  -0.0413406
-0.00662647   0.0650993   -0.997857   0.0696787
          0           0           0           1
T_world_lidar: 
   0.576853    0.815355   0.0493624   0.0196868
   0.816821   -0.575289  -0.0429556  -0.0413406
-0.00662647   0.0650993   -0.997857   0.0696787
          0           0           0           1
v_world_imu: 0.000236885 -0.00171401  -0.0010012
frame_617
id: 1406
stamp: 1783948463.651205063
T_odom_lidar: 
   0.576836    0.815369   0.0493257   0.0197454
   0.816832   -0.575271  -0.0429879  -0.0413292
-0.00667533   0.0650878   -0.997857   0.0696228
          0           0           0           1
T_world_lidar: 
   0.576836    0.815369   0.0493257   0.0197454
   0.816832   -0.575271  -0.0429879  -0.0413292
-0.00667533   0.0650878   -0.997857   0.0696228
          0           0           0           1
v_world_imu:  9.47611e-05  -0.00189075 -0.000531777
frame_618
id: 1407
stamp: 1783948463.752071381
T_odom_lidar: 
   0.576803    0.815386   0.0494292   0.0197941
   0.816856   -0.575237  -0.0429916  -0.0413135
-0.00662128   0.0651743   -0.997852   0.0695519
          0           0           0           1
T_world_lidar: 
   0.576803    0.815386   0.0494292   0.0197941
   0.816856   -0.575237  -0.0429916  -0.0413135
-0.00662128   0.0651743   -0.997852   0.0695519
          0           0           0           1
v_world_imu: -0.000116628  -0.00200055 -0.000496367
frame_619
id: 1408
stamp: 1783948463.852938175
T_odom_lidar: 
    0.57677    0.815414   0.0493656   0.0198013
    0.81688   -0.575204  -0.0429853  -0.0413489
-0.00665547   0.0651183   -0.997855   0.0695385
          0           0           0           1
T_world_lidar: 
    0.57677    0.815414   0.0493656   0.0198013
    0.81688   -0.575204  -0.0429853  -0.0413489
-0.00665547   0.0651183   -0.997855   0.0695385
          0           0           0           1
v_world_imu: -0.000728274   -0.0018326  -0.00065035
frame_620
id: 1409
stamp: 1783948463.953808784
T_odom_lidar: 
    0.57678    0.815402   0.0494472   0.0198669
   0.816873   -0.575215  -0.0429593  -0.0413232
-0.00658631   0.0651701   -0.997852    0.069457
          0           0           0           1
T_world_lidar: 
    0.57678    0.815402   0.0494472   0.0198669
   0.816873   -0.575215  -0.0429593  -0.0413232
-0.00658631   0.0651701   -0.997852    0.069457
          0           0           0           1
v_world_imu:  0.000326248  -0.00177379 -0.000759375
frame_621
id: 1410
stamp: 1783948464.054664373
T_odom_lidar: 
   0.576729    0.815434   0.0495164   0.0200013
    0.81691   -0.575165   -0.042932  -0.0413151
-0.00652808   0.0652106    -0.99785   0.0693923
          0           0           0           1
T_world_lidar: 
   0.576729    0.815434   0.0495164   0.0200013
    0.81691   -0.575165   -0.042932  -0.0413151
-0.00652808   0.0652106    -0.99785   0.0693923
          0           0           0           1
v_world_imu: -0.000160155  -0.00145889 -0.000798374
frame_622
id: 1411
stamp: 1783948464.155534983
T_odom_lidar: 
   0.576678    0.815468   0.0495385   0.0200711
   0.816946   -0.575113  -0.0429578  -0.0412703
-0.00654048   0.0652431   -0.997848   0.0693045
          0           0           0           1
T_world_lidar: 
   0.576678    0.815468   0.0495385   0.0200711
   0.816946   -0.575113  -0.0429578  -0.0412703
-0.00654048   0.0652431   -0.997848   0.0693045
          0           0           0           1
v_world_imu: -0.000949895 -0.000857612 -0.000572071
frame_623
id: 1412
stamp: 1783948464.256401062
T_odom_lidar: 
   0.576621    0.815502   0.0496424   0.0201227
   0.816986   -0.575059  -0.0429079  -0.0411803
-0.00644416   0.0652988   -0.997845   0.0692882
          0           0           0           1
T_world_lidar: 
   0.576621    0.815502   0.0496424   0.0201227
   0.816986   -0.575059  -0.0429079  -0.0411803
-0.00644416   0.0652988   -0.997845   0.0692882
          0           0           0           1
v_world_imu:  -0.00144792 -0.000780919 -0.000120653
frame_624
id: 1413
stamp: 1783948464.357250690
T_odom_lidar: 
   0.576618    0.815502   0.0496835   0.0201368
   0.816989   -0.575056  -0.0429016  -0.0411387
-0.00641554   0.0653287   -0.997843   0.0692373
          0           0           0           1
T_world_lidar: 
   0.576618    0.815502   0.0496835   0.0201368
   0.816989   -0.575056  -0.0429016  -0.0411387
-0.00641554   0.0653287   -0.997843   0.0692373
          0           0           0           1
v_world_imu:  -0.00175771 -0.000807045 -0.000191711
frame_625
id: 1414
stamp: 1783948464.458116531
T_odom_lidar: 
   0.576593    0.815519   0.0496859   0.0200931
   0.817006   -0.575028  -0.0429439  -0.0411175
-0.00645082   0.0653548   -0.997841   0.0692626
          0           0           0           1
T_world_lidar: 
   0.576593    0.815519   0.0496859   0.0200931
   0.817006   -0.575028  -0.0429439  -0.0411175
-0.00645082   0.0653548   -0.997841   0.0692626
          0           0           0           1
v_world_imu:  -0.00252277 -0.000861166 -1.85909e-05
frame_626
id: 1415
stamp: 1783948464.559030056
T_odom_lidar: 
   0.576577     0.81553   0.0496861   0.0199972
   0.817017   -0.575009  -0.0429901  -0.0410891
-0.00648981   0.0653815   -0.997839   0.0692818
          0           0           0           1
T_world_lidar: 
   0.576577     0.81553   0.0496861   0.0199972
   0.817017   -0.575009  -0.0429901  -0.0410891
-0.00648981   0.0653815   -0.997839   0.0692818
          0           0           0           1
v_world_imu:  -0.00331442 -0.000644788  0.000111616
frame_627
id: 1416
stamp: 1783948464.659846544
T_odom_lidar: 
    0.57655    0.815552   0.0496489   0.0198846
   0.817035   -0.574978  -0.0430599  -0.0410622
-0.00657051   0.0653911   -0.997838   0.0692923
          0           0           0           1
T_world_lidar: 
    0.57655    0.815552   0.0496489   0.0198846
   0.817035   -0.574978  -0.0430599  -0.0410622
-0.00657051   0.0653911   -0.997838   0.0692923
          0           0           0           1
v_world_imu:  -0.00301169 -0.000298724 -1.10392e-05
frame_628
id: 1417
stamp: 1783948464.760706902
T_odom_lidar: 
  0.576586    0.81553  0.0495899  0.0198059
  0.817009  -0.575009 -0.0431347 -0.0410233
 -0.006663  0.0653862  -0.997838   0.069264
         0          0          0          1
T_world_lidar: 
  0.576586    0.81553  0.0495899  0.0198059
  0.817009  -0.575009 -0.0431347 -0.0410233
 -0.006663  0.0653862  -0.997838   0.069264
         0          0          0          1
v_world_imu:  -0.0031178  -1.492e-06 0.000164603
frame_629
id: 1418
stamp: 1783948464.861611366
T_odom_lidar: 
   0.576541    0.815564   0.0495654   0.0197137
    0.81704   -0.574957  -0.0432412  -0.0409732
-0.00676801   0.0654272   -0.997834   0.0693337
          0           0           0           1
T_world_lidar: 
   0.576541    0.815564   0.0495654   0.0197137
    0.81704   -0.574957  -0.0432412  -0.0409732
-0.00676801   0.0654272   -0.997834   0.0693337
          0           0           0           1
v_world_imu:  -0.00402065 -0.000740599   0.00169752
frame_630
id: 1419
stamp: 1783948464.962438822
T_odom_lidar: 
   0.576579    0.815532   0.0496301   0.0197204
   0.817014   -0.575003  -0.0431219   -0.040929
-0.00662987   0.0654117   -0.997836     0.06925
          0           0           0           1
T_world_lidar: 
   0.576579    0.815532   0.0496301   0.0197204
   0.817014   -0.575003  -0.0431219   -0.040929
-0.00662987   0.0654117   -0.997836     0.06925
          0           0           0           1
v_world_imu:  -0.00309481  0.000654752 -9.37492e-05
frame_631
id: 1420
stamp: 1783948465.063303709
T_odom_lidar: 
   0.576578    0.815536   0.0495885   0.0196671
   0.817015      -0.575  -0.0431394  -0.0408389
-0.00666831   0.0653878   -0.997838   0.0692893
          0           0           0           1
T_world_lidar: 
   0.576578    0.815536   0.0495885   0.0196671
   0.817015      -0.575  -0.0431394  -0.0408389
-0.00666831   0.0653878   -0.997838   0.0692893
          0           0           0           1
v_world_imu:  -0.00300875   0.00115088 -0.000116821
frame_632
id: 1421
stamp: 1783948465.164163113
T_odom_lidar: 
   0.576599    0.815525     0.04951   0.0196802
   0.816999   -0.575021  -0.0431621   -0.040691
-0.00673054   0.0653369   -0.997841   0.0692253
          0           0           0           1
T_world_lidar: 
   0.576599    0.815525     0.04951   0.0196802
   0.816999   -0.575021  -0.0431621   -0.040691
-0.00673054   0.0653369   -0.997841   0.0692253
          0           0           0           1
v_world_imu:  -0.00336182   0.00164987 -0.000407504
frame_633
id: 1422
stamp: 1783948465.265034676
T_odom_lidar: 
   0.576596     0.81553   0.0494712   0.0196209
   0.817001   -0.575016  -0.0431848  -0.0404934
-0.00677179   0.0653182   -0.997842   0.0692399
          0           0           0           1
T_world_lidar: 
   0.576596     0.81553   0.0494712   0.0196209
   0.817001   -0.575016  -0.0431848  -0.0404934
-0.00677179   0.0653182   -0.997842   0.0692399
          0           0           0           1
v_world_imu: -0.00455963  0.00190547  0.00141727
frame_634
id: 1423
stamp: 1783948465.368044853
T_odom_lidar: 
   0.576611    0.815523   0.0494251   0.0193679
    0.81699    -0.57503  -0.0432154  -0.0404767
-0.00682226   0.0652983   -0.997842   0.0693203
          0           0           0           1
T_world_lidar: 
   0.576611    0.815523   0.0494251   0.0193679
    0.81699    -0.57503  -0.0432154  -0.0404767
-0.00682226   0.0652983   -0.997842   0.0693203
          0           0           0           1
v_world_imu: -0.0046577 0.00199052  0.0026348
frame_635
id: 1424
stamp: 1783948465.466765404
T_odom_lidar: 
   0.576596    0.815533   0.0494262   0.0193261
   0.817002   -0.575018   -0.043157  -0.0402464
-0.00677498   0.0652654   -0.997845   0.0693883
          0           0           0           1
T_world_lidar: 
   0.576596    0.815533   0.0494262   0.0193261
   0.817002   -0.575018   -0.043157  -0.0402464
-0.00677498   0.0652654   -0.997845   0.0693883
          0           0           0           1
v_world_imu: -0.00439028  0.00202426  0.00231972
frame_636
id: 1425
stamp: 1783948465.567621946
T_odom_lidar: 
   0.576574    0.815546   0.0494682   0.0193079
   0.817017   -0.575002  -0.0430811  -0.0399811
-0.00669032   0.0652559   -0.997846   0.0694491
          0           0           0           1
T_world_lidar: 
   0.576574    0.815546   0.0494682   0.0193079
   0.817017   -0.575002  -0.0430811  -0.0399811
-0.00669032   0.0652559   -0.997846   0.0694491
          0           0           0           1
v_world_imu: -0.00416786   0.0024046  0.00218848
frame_637
id: 1426
stamp: 1783948465.668485403
T_odom_lidar: 
   0.576584    0.815537   0.0494989   0.0193206
   0.817011   -0.575015  -0.0430092  -0.0396939
-0.00661297   0.0652395   -0.997848   0.0694826
          0           0           0           1
T_world_lidar: 
   0.576584    0.815537   0.0494989   0.0193206
   0.817011   -0.575015  -0.0430092  -0.0396939
-0.00661297   0.0652395   -0.997848   0.0694826
          0           0           0           1
v_world_imu:  -0.0037758  0.00353396 0.000176734
frame_638
id: 1427
stamp: 1783948465.769349337
T_odom_lidar: 
   0.576608    0.815528   0.0493793   0.0192948
   0.816993   -0.575035  -0.0430943  -0.0394175
-0.00674975   0.0651911    -0.99785    0.069449
          0           0           0           1
T_world_lidar: 
   0.576608    0.815528   0.0493793   0.0192948
   0.816993   -0.575035  -0.0430943  -0.0394175
-0.00674975   0.0651911    -0.99785    0.069449
          0           0           0           1
v_world_imu:  -0.00388677   0.00365618 -1.55728e-05
frame_639
id: 1428
stamp: 1783948465.870235920
T_odom_lidar: 
   0.576586    0.815544   0.0493557   0.0192192
   0.817008   -0.575011  -0.0431303  -0.0391715
-0.00679464   0.0651923    -0.99785   0.0695166
          0           0           0           1
T_world_lidar: 
   0.576586    0.815544   0.0493557   0.0192192
   0.817008   -0.575011  -0.0431303  -0.0391715
-0.00679464   0.0651923    -0.99785   0.0695166
          0           0           0           1
v_world_imu: -0.00386757  0.00222966  0.00192801
frame_640
id: 1429
stamp: 1783948465.971080542
T_odom_lidar: 
   0.576609    0.815522   0.0494533   0.0193162
   0.816993   -0.575042  -0.0429999  -0.0389398
-0.00662971   0.0651972    -0.99785   0.0695061
          0           0           0           1
T_world_lidar: 
   0.576609    0.815522   0.0494533   0.0193162
   0.816993   -0.575042  -0.0429999  -0.0389398
-0.00662971   0.0651972    -0.99785   0.0695061
          0           0           0           1
v_world_imu: -0.00361919  0.00242384  0.00180081
frame_641
id: 1430
stamp: 1783948466.073502064
T_odom_lidar: 
   0.576622    0.815509   0.0495272   0.0193778
   0.816985   -0.575059  -0.0429137  -0.0387494
-0.00651544   0.0652079    -0.99785   0.0694946
          0           0           0           1
T_world_lidar: 
   0.576622    0.815509   0.0495272   0.0193778
   0.816985   -0.575059  -0.0429137  -0.0387494
-0.00651544   0.0652079    -0.99785   0.0694946
          0           0           0           1
v_world_imu: -0.00382987   0.0022465  0.00138962
frame_642
id: 1431
stamp: 1783948466.172815323
T_odom_lidar: 
    0.57664    0.815492   0.0495869   0.0194229
   0.816973   -0.575082  -0.0428417  -0.0386025
-0.00642058   0.0652154   -0.997851   0.0693874
          0           0           0           1
T_world_lidar: 
    0.57664    0.815492   0.0495869   0.0194229
   0.816973   -0.575082  -0.0428417  -0.0386025
-0.00642058   0.0652154   -0.997851   0.0693874
          0           0           0           1
v_world_imu: -0.0042236  0.0016732 0.00107064
frame_643
id: 1432
stamp: 1783948466.273670435
T_odom_lidar: 
   0.576671    0.815465   0.0496665   0.0194432
   0.816952   -0.575118  -0.0427611   -0.038516
-0.00630614   0.0652342    -0.99785    0.069343
          0           0           0           1
T_world_lidar: 
   0.576671    0.815465   0.0496665   0.0194432
   0.816952   -0.575118  -0.0427611   -0.038516
-0.00630614   0.0652342    -0.99785    0.069343
          0           0           0           1
v_world_imu: -0.00441038  0.00147843 0.000819061
frame_644
id: 1433
stamp: 1783948466.374535084
T_odom_lidar: 
    0.57673    0.815423   0.0496782   0.0194934
   0.816911   -0.575181  -0.0427054  -0.0385003
-0.00624905   0.0652122   -0.997852   0.0691639
          0           0           0           1
T_world_lidar: 
    0.57673    0.815423   0.0496782   0.0194934
   0.816911   -0.575181  -0.0427054  -0.0385003
-0.00624905   0.0652122   -0.997852   0.0691639
          0           0           0           1
v_world_imu:  -0.0045298 0.000751095 0.000547172
frame_645
id: 1434
stamp: 1783948466.475534678
T_odom_lidar: 
   0.576733    0.815419   0.0497064   0.0195216
    0.81691    -0.57519   -0.042599  -0.0385678
-0.00614542   0.0651739   -0.997855   0.0690224
          0           0           0           1
T_world_lidar: 
   0.576733    0.815419   0.0497064   0.0195216
    0.81691    -0.57519   -0.042599  -0.0385678
-0.00614542   0.0651739   -0.997855   0.0690224
          0           0           0           1
v_world_imu:  -0.00456677 -0.000245353  -8.0433e-05
frame_646
id: 1435
stamp: 1783948466.576266766
T_odom_lidar: 
   0.576697    0.815437   0.0498279   0.0195213
   0.816936   -0.575153  -0.0426029   -0.038706
-0.00608131   0.0652751   -0.997849   0.0688198
          0           0           0           1
T_world_lidar: 
   0.576697    0.815437   0.0498279   0.0195213
   0.816936   -0.575153  -0.0426029   -0.038706
-0.00608131   0.0652751   -0.997849   0.0688198
          0           0           0           1
v_world_imu:  -0.00447146 -0.000868118 -0.000446015
frame_647
id: 1436
stamp: 1783948466.677121162
T_odom_lidar: 
  0.576697    0.81543  0.0499443  0.0196772
  0.816936  -0.575152 -0.0426149 -0.0387302
-0.0060239  0.0653772  -0.997842  0.0689231
         0          0          0          1
T_world_lidar: 
  0.576697    0.81543  0.0499443  0.0196772
  0.816936  -0.575152 -0.0426149 -0.0387302
-0.0060239  0.0653772  -0.997842  0.0689231
         0          0          0          1
v_world_imu:  -0.00420319 -0.000885107 -0.000643004
frame_648
id: 1437
stamp: 1783948466.778151751
T_odom_lidar: 
   0.576652    0.815483   0.0495974   0.0195366
   0.816963   -0.575082  -0.0430302  -0.0390132
-0.00656779   0.0653327   -0.997842   0.0705944
          0           0           0           1
T_world_lidar: 
   0.576652    0.815483   0.0495974   0.0195366
   0.816963   -0.575082  -0.0430302  -0.0390132
-0.00656779   0.0653327   -0.997842   0.0705944
          0           0           0           1
v_world_imu: -0.00248007 0.000696183  0.00349866
frame_649
id: 1438
stamp: 1783948466.878857136
T_odom_lidar: 
   0.576664    0.815466   0.0497326   0.0197379
   0.816956   -0.575095  -0.0429976  -0.0390464
-0.00646216   0.0654245   -0.997837   0.0706915
          0           0           0           1
T_world_lidar: 
   0.576664    0.815466   0.0497326   0.0197379
   0.816956   -0.575095  -0.0429976  -0.0390464
-0.00646216   0.0654245   -0.997837   0.0706915
          0           0           0           1
v_world_imu: -0.00163228  0.00158121  0.00091499
frame_650
id: 1439
stamp: 1783948466.979714870
T_odom_lidar: 
   0.576636    0.815487   0.0497183   0.0199541
   0.816975   -0.575062  -0.0430693  -0.0391067
-0.00653133   0.0654539   -0.997834   0.0708257
          0           0           0           1
T_world_lidar: 
   0.576636    0.815487   0.0497183   0.0199541
   0.816975   -0.575062  -0.0430693  -0.0391067
-0.00653133   0.0654539   -0.997834   0.0708257
          0           0           0           1
v_world_imu: -0.00145597  0.00134626 0.000829899
frame_651
id: 1440
stamp: 1783948467.080583334
T_odom_lidar: 
   0.576627    0.815492   0.0497498   0.0201494
   0.816981   -0.575047  -0.0431645  -0.0391746
-0.00659183   0.0655344   -0.997829   0.0709221
          0           0           0           1
T_world_lidar: 
   0.576627    0.815492   0.0497498   0.0201494
   0.816981   -0.575047  -0.0431645  -0.0391746
-0.00659183   0.0655344   -0.997829   0.0709221
          0           0           0           1
v_world_imu: -0.00172213  0.00124655 0.000572584
frame_652
id: 1441
stamp: 1783948467.181454659
T_odom_lidar: 
   0.576624      0.8155   0.0496363    0.020332
   0.816982   -0.575043  -0.0431971  -0.0392465
-0.00668432   0.0654604   -0.997833    0.070971
          0           0           0           1
T_world_lidar: 
   0.576624      0.8155   0.0496363    0.020332
   0.816982   -0.575043  -0.0431971  -0.0392465
-0.00668432   0.0654604   -0.997833    0.070971
          0           0           0           1
v_world_imu: -0.00212265  0.00155523 0.000835913
frame_653
id: 1442
stamp: 1783948467.282308578
T_odom_lidar: 
   0.576625    0.815503   0.0495777   0.0205133
   0.816981   -0.575041  -0.0432406  -0.0392834
-0.00675368   0.0654377   -0.997834   0.0710596
          0           0           0           1
T_world_lidar: 
   0.576625    0.815503   0.0495777   0.0205133
   0.816981   -0.575041  -0.0432406  -0.0392834
-0.00675368   0.0654377   -0.997834   0.0710596
          0           0           0           1
v_world_imu: -0.00162849  0.00168519 0.000843427
frame_654
id: 1443
stamp: 1783948467.385295153
T_odom_lidar: 
   0.576584    0.815527   0.0496687   0.0206117
    0.81701   -0.574995  -0.0433189  -0.0392881
-0.00676843   0.0655568   -0.997826   0.0711554
          0           0           0           1
T_world_lidar: 
   0.576584    0.815527   0.0496687   0.0206117
    0.81701   -0.574995  -0.0433189  -0.0392881
-0.00676843   0.0655568   -0.997826   0.0711554
          0           0           0           1
v_world_imu: -0.00173411  0.00212979 0.000932595
frame_655
id: 1444
stamp: 1783948467.484033585
T_odom_lidar: 
   0.576572    0.815532   0.0497207   0.0207641
   0.817019   -0.574985  -0.0432607  -0.0393101
-0.00669184   0.0655657   -0.997826   0.0712775
          0           0           0           1
T_world_lidar: 
   0.576572    0.815532   0.0497207   0.0207641
   0.817019   -0.574985  -0.0432607  -0.0393101
-0.00669184   0.0655657   -0.997826   0.0712775
          0           0           0           1
v_world_imu: -0.0028133 0.00109916 0.00261966
frame_656
id: 1445
stamp: 1783948467.584932089
T_odom_lidar: 
   0.576553    0.815537   0.0498677     0.02092
   0.817034   -0.574968  -0.0432244  -0.0393308
-0.00657883   0.0656647    -0.99782   0.0713113
          0           0           0           1
T_world_lidar: 
   0.576553    0.815537   0.0498677     0.02092
   0.817034   -0.574968  -0.0432244  -0.0393308
-0.00657883   0.0656647    -0.99782   0.0713113
          0           0           0           1
v_world_imu: -0.00141175  0.00190412 0.000417927
frame_657
id: 1446
stamp: 1783948467.685760736
T_odom_lidar: 
   0.576547    0.815536   0.0499425   0.0210798
   0.817038    -0.57496  -0.0432406  -0.0393668
-0.00654934   0.0657351   -0.997816   0.0713663
          0           0           0           1
T_world_lidar: 
   0.576547    0.815536   0.0499425   0.0210798
   0.817038    -0.57496  -0.0432406  -0.0393668
-0.00654934   0.0657351   -0.997816   0.0713663
          0           0           0           1
v_world_imu: -0.00160693  0.00154971 0.000473005
frame_658
id: 1447
stamp: 1783948467.786622286
T_odom_lidar: 
   0.576515     0.81556   0.0499258   0.0211862
    0.81706   -0.574929  -0.0432336  -0.0394296
-0.00655575   0.0657172   -0.997817   0.0714459
          0           0           0           1
T_world_lidar: 
   0.576515     0.81556   0.0499258   0.0211862
    0.81706   -0.574929  -0.0432336  -0.0394296
-0.00655575   0.0657172   -0.997817   0.0714459
          0           0           0           1
v_world_imu: -0.00214319  0.00181351 0.000542655
frame_659
id: 1448
stamp: 1783948467.887493134
T_odom_lidar: 
   0.576497    0.815572    0.049938   0.0212573
   0.817073   -0.574911  -0.0432221  -0.0394905
-0.00654079   0.0657203   -0.997817   0.0715197
          0           0           0           1
T_world_lidar: 
   0.576497    0.815572    0.049938   0.0212573
   0.817073   -0.574911  -0.0432221  -0.0394905
-0.00654079   0.0657203   -0.997817   0.0715197
          0           0           0           1
v_world_imu: -0.00212391  0.00127881  0.00044513
frame_660
id: 1449
stamp: 1783948467.990930319
T_odom_lidar: 
   0.576511    0.815569   0.0498322   0.0212895
   0.817063   -0.574924   -0.043255  -0.0395678
-0.00662767    0.065653   -0.997821   0.0715622
          0           0           0           1
T_world_lidar: 
   0.576511    0.815569   0.0498322   0.0212895
   0.817063   -0.574924   -0.043255  -0.0395678
-0.00662767    0.065653   -0.997821   0.0715622
          0           0           0           1
v_world_imu:  -0.00187753   0.00132454 -0.000202032
frame_661
id: 1450
stamp: 1783948468.090467453
T_odom_lidar: 
   0.576536    0.815556   0.0497519   0.0213085
   0.817045    -0.57495  -0.0432494  -0.0396407
-0.00666746   0.0655843   -0.997825   0.0715561
          0           0           0           1
T_world_lidar: 
   0.576536    0.815556   0.0497519   0.0213085
   0.817045    -0.57495  -0.0432494  -0.0396407
-0.00666746   0.0655843   -0.997825   0.0715561
          0           0           0           1
v_world_imu: -0.00245316  0.00155695 4.43136e-05
frame_662
id: 1451
stamp: 1783948468.190083981
T_odom_lidar: 
   0.576552    0.815546   0.0497353    0.021267
   0.817033   -0.574964  -0.0432788  -0.0397115
-0.00669987   0.0655878   -0.997824   0.0715648
          0           0           0           1
T_world_lidar: 
   0.576552    0.815546   0.0497353    0.021267
   0.817033   -0.574964  -0.0432788  -0.0397115
-0.00669987   0.0655878   -0.997824   0.0715648
          0           0           0           1
v_world_imu:  -0.00277022   0.00129772 -8.39497e-05
frame_663
id: 1452
stamp: 1783948468.290955067
T_odom_lidar: 
   0.576557     0.81555   0.0495914   0.0212149
   0.817029    -0.57497  -0.0432828  -0.0398485
-0.00678571   0.0654726   -0.997831   0.0715679
          0           0           0           1
T_world_lidar: 
   0.576557     0.81555   0.0495914   0.0212149
   0.817029    -0.57497  -0.0432828  -0.0398485
-0.00678571   0.0654726   -0.997831   0.0715679
          0           0           0           1
v_world_imu:  -0.00283418   0.00119967 -0.000367544
frame_664
id: 1453
stamp: 1783948468.391817331
T_odom_lidar: 
   0.576543    0.815561   0.0495806    0.021139
   0.817038   -0.574952  -0.0433403   -0.039966
-0.00684019   0.0654968   -0.997829   0.0715258
          0           0           0           1
T_world_lidar: 
   0.576543    0.815561   0.0495806    0.021139
   0.817038   -0.574952  -0.0433403   -0.039966
-0.00684019   0.0654968   -0.997829   0.0715258
          0           0           0           1
v_world_imu:  -0.00202672  0.000807675 -0.000626003
frame_665
id: 1454
stamp: 1783948468.492673874
T_odom_lidar: 
   0.576493    0.815599   0.0495403   0.0211177
   0.817073   -0.574898  -0.0434157  -0.0401075
-0.00692924   0.0655069   -0.997828   0.0714889
          0           0           0           1
T_world_lidar: 
   0.576493    0.815599   0.0495403   0.0211177
   0.817073   -0.574898  -0.0434157  -0.0401075
-0.00692924   0.0655069   -0.997828   0.0714889
          0           0           0           1
v_world_imu: -0.00270554 0.000122189  0.00140399
frame_666
id: 1455
stamp: 1783948468.593539953
T_odom_lidar: 
   0.576496    0.815598   0.0495188   0.0210759
   0.817071   -0.574907  -0.0433164   -0.040249
-0.00686011   0.0654321   -0.997833    0.071421
          0           0           0           1
T_world_lidar: 
   0.576496    0.815598   0.0495188   0.0210759
   0.817071   -0.574907  -0.0433164   -0.040249
-0.00686011   0.0654321   -0.997833    0.071421
          0           0           0           1
v_world_imu: -0.00322084  0.00117675 -0.00121175
frame_667
id: 1456
stamp: 1783948468.694447994
T_odom_lidar: 
   0.576497    0.815602   0.0494408   0.0208662
    0.81707   -0.574908  -0.0433181  -0.0403699
-0.00690641   0.0653694   -0.997837   0.0713003
          0           0           0           1
T_world_lidar: 
   0.576497    0.815602   0.0494408   0.0208662
    0.81707   -0.574908  -0.0433181  -0.0403699
-0.00690641   0.0653694   -0.997837   0.0713003
          0           0           0           1
v_world_imu: -0.00285947  0.00159511 -0.00175998
frame_668
id: 1457
stamp: 1783948468.795269489
T_odom_lidar: 
  0.576491   0.815611  0.0493579  0.0207089
  0.817074  -0.574902 -0.0433434 -0.0404195
-0.0069755  0.0653161   -0.99784  0.0711274
         0          0          0          1
T_world_lidar: 
  0.576491   0.815611  0.0493579  0.0207089
  0.817074  -0.574902 -0.0433434 -0.0404195
-0.0069755  0.0653161   -0.99784  0.0711274
         0          0          0          1
v_world_imu:  -0.00311496  0.000823106 -0.000219223
frame_669
id: 1458
stamp: 1783948468.896131277
T_odom_lidar: 
   0.576504    0.815598   0.0494322   0.0206084
   0.817065   -0.574919  -0.0432694  -0.0404578
-0.00687094   0.0653343    -0.99784   0.0708791
          0           0           0           1
T_world_lidar: 
   0.576504    0.815598   0.0494322   0.0206084
   0.817065   -0.574919  -0.0432694  -0.0404578
-0.00687094   0.0653343    -0.99784   0.0708791
          0           0           0           1
v_world_imu: -0.00211083  0.00177808  -0.0030585
frame_670
id: 1459
stamp: 1783948468.996989965
T_odom_lidar: 
    0.57659    0.815544   0.0493244   0.0205139
   0.817004   -0.575004  -0.0432919   -0.040492
-0.00694472     0.06526   -0.997844    0.070526
          0           0           0           1
T_world_lidar: 
    0.57659    0.815544   0.0493244   0.0205139
   0.817004   -0.575004  -0.0432919   -0.040492
-0.00694472     0.06526   -0.997844    0.070526
          0           0           0           1
v_world_imu:  -0.0017706  0.00147069 -0.00341777
frame_671
id: 1460
stamp: 1783948469.097895145
T_odom_lidar: 
   0.576593    0.815547   0.0492273   0.0204381
   0.817001   -0.575007  -0.0433134  -0.0405389
-0.00701809    0.065193   -0.997848   0.0702443
          0           0           0           1
T_world_lidar: 
   0.576593    0.815547   0.0492273   0.0204381
   0.817001   -0.575007  -0.0433134  -0.0405389
-0.00701809    0.065193   -0.997848   0.0702443
          0           0           0           1
v_world_imu: -0.00181643 0.000314359 -0.00142936
frame_672
id: 1461
stamp: 1783948469.198760986
T_odom_lidar: 
   0.576597    0.815543   0.0492441   0.0204188
   0.816999    -0.57501  -0.0433198  -0.0406369
-0.00701333   0.0652104   -0.997847    0.069894
          0           0           0           1
T_world_lidar: 
   0.576597    0.815543   0.0492441   0.0204188
   0.816999    -0.57501  -0.0433198  -0.0406369
-0.00701333   0.0652104   -0.997847    0.069894
          0           0           0           1
v_world_imu:  -0.00132788 -5.26533e-05  -0.00133832
frame_673
id: 1462
stamp: 1783948469.301898003
T_odom_lidar: 
   0.576557    0.815563   0.0493844    0.020433
   0.817027   -0.574969  -0.0433185   -0.040722
-0.00693442    0.065324    -0.99784   0.0696346
          0           0           0           1
T_world_lidar: 
   0.576557    0.815563   0.0493844    0.020433
   0.817027   -0.574969  -0.0433185   -0.040722
-0.00693442    0.065324    -0.99784   0.0696346
          0           0           0           1
v_world_imu: 0.000223277 -0.00059583 -0.00104091
frame_674
id: 1463
stamp: 1783948469.400792837
T_odom_lidar: 
   0.576542    0.815567   0.0494943   0.0205082
   0.817039   -0.574959  -0.0432409   -0.040813
-0.00680859    0.065369   -0.997838   0.0693112
          0           0           0           1
T_world_lidar: 
   0.576542    0.815567   0.0494943   0.0205082
   0.817039   -0.574959  -0.0432409   -0.040813
-0.00680859    0.065369   -0.997838   0.0693112
          0           0           0           1
v_world_imu:  0.00064593 0.000842871 -0.00327183
frame_675
id: 1464
stamp: 1783948469.501358747
T_odom_lidar: 
   0.576527    0.815581   0.0494315    0.020239
   0.817048   -0.574936  -0.0433714  -0.0411277
-0.00695292   0.0653927   -0.997835   0.0691587
          0           0           0           1
T_world_lidar: 
   0.576527    0.815581   0.0494315    0.020239
   0.817048   -0.574936  -0.0433714  -0.0411277
-0.00695292   0.0653927   -0.997835   0.0691587
          0           0           0           1
v_world_imu: -6.5783e-05 0.000482088   -0.002176
frame_676
id: 1465
stamp: 1783948469.602179527
T_odom_lidar: 
   0.576538    0.815579   0.0493556   0.0202654
    0.81704   -0.574942  -0.0434338  -0.0411934
-0.00704704   0.0653668   -0.997836   0.0689568
          0           0           0           1
T_world_lidar: 
   0.576538    0.815579   0.0493556   0.0202654
    0.81704   -0.574942  -0.0434338  -0.0411934
-0.00704704   0.0653668   -0.997836   0.0689568
          0           0           0           1
v_world_imu: 0.000884758 0.000649905 -0.00153232
frame_677
id: 1466
stamp: 1783948469.703033209
T_odom_lidar: 
   0.576561    0.815561   0.0493718   0.0202868
   0.817023   -0.574964  -0.0434659  -0.0412152
-0.00706216   0.0653987   -0.997834   0.0687922
          0           0           0           1
T_world_lidar: 
   0.576561    0.815561   0.0493718   0.0202868
   0.817023   -0.574964  -0.0434659  -0.0412152
-0.00706216   0.0653987   -0.997834   0.0687922
          0           0           0           1
v_world_imu: 0.000852685 0.000933359 -0.00165626
frame_678
id: 1467
stamp: 1783948469.804179430
T_odom_lidar: 
   0.576536    0.815578   0.0493934   0.0203491
   0.817041   -0.574934  -0.0435287  -0.0411952
-0.00710314   0.0654523    -0.99783   0.0686843
          0           0           0           1
T_world_lidar: 
   0.576536    0.815578   0.0493934   0.0203491
   0.817041   -0.574934  -0.0435287  -0.0411952
-0.00710314   0.0654523    -0.99783   0.0686843
          0           0           0           1
v_world_imu:  0.00166435  0.00138643 -0.00124836
frame_679
id: 1468
stamp: 1783948469.904768705
T_odom_lidar: 
   0.576534    0.815579   0.0493938   0.0204662
   0.817043   -0.574933  -0.0435071  -0.0411495
-0.00708528   0.0654402   -0.997831    0.068582
          0           0           0           1
T_world_lidar: 
   0.576534    0.815579   0.0493938   0.0204662
   0.817043   -0.574933  -0.0435071  -0.0411495
-0.00708528   0.0654402   -0.997831    0.068582
          0           0           0           1
v_world_imu:   0.0025272  0.00165049 -0.00107516
frame_680
id: 1469
stamp: 1783948470.006903410
T_odom_lidar: 
   0.576463    0.815626   0.0494306   0.0206048
   0.817093   -0.574864  -0.0434832  -0.0410714
-0.00705019   0.0654559   -0.997831   0.0685108
          0           0           0           1
T_world_lidar: 
   0.576463    0.815626   0.0494306   0.0206048
   0.817093   -0.574864  -0.0434832  -0.0410714
-0.00705019   0.0654559   -0.997831   0.0685108
          0           0           0           1
v_world_imu:   0.00271805   0.00183819 -0.000923871
frame_681
id: 1470
stamp: 1783948470.108344078
T_odom_lidar: 
  0.576476   0.815614  0.0494911  0.0204859
  0.817084  -0.574873 -0.0435333 -0.0412601
-0.0070553  0.0655343  -0.997825  0.0683647
         0          0          0          1
T_world_lidar: 
  0.576476   0.815614  0.0494911  0.0204859
  0.817084  -0.574873 -0.0435333 -0.0412601
-0.0070553  0.0655343  -0.997825  0.0683647
         0          0          0          1
v_world_imu:  0.00307158 0.000884348 0.000343211
frame_682
id: 1471
stamp: 1783948470.207394600
T_odom_lidar: 
   0.576354    0.815698   0.0495283   0.0205205
    0.81717    -0.57475  -0.0435507  -0.0412609
-0.00705785   0.0655737   -0.997823   0.0685324
          0           0           0           1
T_world_lidar: 
   0.576354    0.815698   0.0495283   0.0205205
    0.81717    -0.57475  -0.0435507  -0.0412609
-0.00705785   0.0655737   -0.997823   0.0685324
          0           0           0           1
v_world_imu:  0.00122564 0.000210186  0.00281581
frame_683
id: 1472
stamp: 1783948470.308222532
T_odom_lidar: 
   0.576362    0.815685   0.0496471   0.0206003
   0.817165   -0.574763  -0.0434574  -0.0412412
-0.00691222    0.065617   -0.997821   0.0685858
          0           0           0           1
T_world_lidar: 
   0.576362    0.815685   0.0496471   0.0206003
   0.817165   -0.574763  -0.0434574  -0.0412412
-0.00691222    0.065617   -0.997821   0.0685858
          0           0           0           1
v_world_imu:  0.00215258  0.00055039 0.000902091
frame_684
id: 1473
stamp: 1783948470.409084320
T_odom_lidar: 
   0.576312    0.815721   0.0496377   0.0205947
   0.817201   -0.574713  -0.0434439  -0.0412602
-0.00691062   0.0656012   -0.997822   0.0687016
          0           0           0           1
T_world_lidar: 
   0.576312    0.815721   0.0496377   0.0205947
   0.817201   -0.574713  -0.0434439  -0.0412602
-0.00691062   0.0656012   -0.997822   0.0687016
          0           0           0           1
v_world_imu:  0.00213849 0.000288213 0.000875285
frame_685
id: 1474
stamp: 1783948470.509955883
T_odom_lidar: 
   0.576271    0.815753   0.0495821   0.0205805
   0.817229   -0.574676  -0.0434075  -0.0412625
-0.00691618   0.0655344   -0.997826   0.0688672
          0           0           0           1
T_world_lidar: 
   0.576271    0.815753   0.0495821   0.0205805
   0.817229   -0.574676  -0.0434075  -0.0412625
-0.00691618   0.0655344   -0.997826   0.0688672
          0           0           0           1
v_world_imu:  0.00132481 0.000210798  0.00135448
frame_686
id: 1475
stamp: 1783948470.610836744
T_odom_lidar: 
   0.576276    0.815754   0.0495091   0.0204923
   0.817226   -0.574685  -0.0433492  -0.0412746
-0.00691015   0.0654413   -0.997832   0.0689705
          0           0           0           1
T_world_lidar: 
   0.576276    0.815754   0.0495091   0.0204923
   0.817226   -0.574685  -0.0433492  -0.0412746
-0.00691015   0.0654413   -0.997832   0.0689705
          0           0           0           1
v_world_imu:  0.00122492 0.000279394  0.00145086
frame_687
id: 1476
stamp: 1783948470.712906599
T_odom_lidar: 
   0.576299    0.815745   0.0493912   0.0203996
   0.817209   -0.574711  -0.0433184  -0.0412494
-0.00695113   0.0653273    -0.99784    0.069195
          0           0           0           1
T_world_lidar: 
   0.576299    0.815745   0.0493912   0.0203996
   0.817209   -0.574711  -0.0433184  -0.0412494
-0.00695113   0.0653273    -0.99784    0.069195
          0           0           0           1
v_world_imu:   0.00194079 -0.000127693   0.00157403
frame_688
id: 1477
stamp: 1783948470.812540770
T_odom_lidar: 
   0.576237    0.815797   0.0492646   0.0203247
   0.817253   -0.574649  -0.0433259  -0.0412203
-0.00703529   0.0652275   -0.997846   0.0693447
          0           0           0           1
T_world_lidar: 
   0.576237    0.815797   0.0492646   0.0203247
   0.817253   -0.574649  -0.0433259  -0.0412203
-0.00703529   0.0652275   -0.997846   0.0693447
          0           0           0           1
v_world_imu:  0.00194254 0.000319711  0.00141639
frame_689
id: 1478
stamp: 1783948470.913418055
T_odom_lidar: 
   0.576225    0.815809   0.0491981   0.0202702
   0.817261   -0.574639  -0.0432903  -0.0412052
-0.00704547   0.0651527    -0.99785   0.0694999
          0           0           0           1
T_world_lidar: 
   0.576225    0.815809   0.0491981   0.0202702
   0.817261   -0.574639  -0.0432903  -0.0412052
-0.00704547   0.0651527    -0.99785   0.0694999
          0           0           0           1
v_world_imu:  0.00259742 0.000110871   0.0016689
frame_690
id: 1479
stamp: 1783948471.014272451
T_odom_lidar: 
   0.576225    0.815823   0.0489664   0.0203379
    0.81726   -0.574646  -0.0432318  -0.0411956
-0.00713115   0.0649296   -0.997864   0.0696754
          0           0           0           1
T_world_lidar: 
   0.576225    0.815823   0.0489664   0.0203379
    0.81726   -0.574646  -0.0432318  -0.0411956
-0.00713115   0.0649296   -0.997864   0.0696754
          0           0           0           1
v_world_imu:   0.00362879 -0.000189704   0.00119991
frame_691
id: 1480
stamp: 1783948471.115136862
T_odom_lidar: 
   0.576275    0.815782   0.0490535   0.0203837
   0.817225   -0.574696  -0.0432194  -0.0411362
-0.00706673    0.064994   -0.997861   0.0697648
          0           0           0           1
T_world_lidar: 
   0.576275    0.815782   0.0490535   0.0203837
   0.817225   -0.574696  -0.0432194  -0.0411362
-0.00706673    0.064994   -0.997861   0.0697648
          0           0           0           1
v_world_imu:   0.0038211 -0.00035995 0.000851363
frame_692
id: 1481
stamp: 1783948471.216026783
T_odom_lidar: 
   0.576204    0.815828   0.0491248   0.0204228
   0.817275   -0.574623  -0.0432288  -0.0411568
-0.00703902   0.0650571   -0.997857   0.0699013
          0           0           0           1
T_world_lidar: 
   0.576204    0.815828   0.0491248   0.0204228
   0.817275   -0.574623  -0.0432288  -0.0411568
-0.00703902   0.0650571   -0.997857   0.0699013
          0           0           0           1
v_world_imu:   0.00414875 -0.000399767  0.000601988
frame_693
id: 1482
stamp: 1783948471.316861868
T_odom_lidar: 
   0.576201    0.815831   0.0491095   0.0204978
   0.817278   -0.574622  -0.0431998  -0.0412627
-0.00702431   0.0650279   -0.997859   0.0697348
          0           0           0           1
T_world_lidar: 
   0.576201    0.815831   0.0491095   0.0204978
   0.817278   -0.574622  -0.0431998  -0.0412627
-0.00702431   0.0650279   -0.997859   0.0697348
          0           0           0           1
v_world_imu:  0.00401006 -0.00134422 0.000324431
frame_694
id: 1483
stamp: 1783948471.417745113
T_odom_lidar: 
    0.57622    0.815817   0.0491182   0.0205689
   0.817264   -0.574641  -0.0432039  -0.0413479
-0.00702111   0.0650375   -0.997858   0.0697529
          0           0           0           1
T_world_lidar: 
    0.57622    0.815817   0.0491182   0.0205689
   0.817264   -0.574641  -0.0432039  -0.0413479
-0.00702111   0.0650375   -0.997858   0.0697529
          0           0           0           1
v_world_imu:  0.00441856 -0.00134597 -8.7544e-06
frame_695
id: 1484
stamp: 1783948471.518606424
T_odom_lidar: 
   0.576232    0.815809   0.0491154    0.020684
   0.817256   -0.574654  -0.0431943  -0.0414047
-0.00701394   0.0650298   -0.997859   0.0698079
          0           0           0           1
T_world_lidar: 
   0.576232    0.815809   0.0491154    0.020684
   0.817256   -0.574654  -0.0431943  -0.0414047
-0.00701394   0.0650298   -0.997859   0.0698079
          0           0           0           1
v_world_imu:  0.00446083 -0.00125222 0.000142698
frame_696
id: 1485
stamp: 1783948471.619488478
T_odom_lidar: 
   0.576247    0.815794   0.0491852   0.0207583
   0.817245   -0.574667   -0.043215  -0.0414452
-0.00698941   0.0650989   -0.997854   0.0698321
          0           0           0           1
T_world_lidar: 
   0.576247    0.815794   0.0491852   0.0207583
   0.817245   -0.574667   -0.043215  -0.0414452
-0.00698941   0.0650989   -0.997854   0.0698321
          0           0           0           1
v_world_imu:  0.00450652 -0.00101581  0.00020659
frame_697
id: 1486
stamp: 1783948471.720319986
T_odom_lidar: 
   0.576289    0.815763   0.0492058   0.0208578
   0.817216    -0.57471  -0.0432046  -0.0414958
-0.00696566   0.0651101   -0.997854   0.0698583
          0           0           0           1
T_world_lidar: 
   0.576289    0.815763   0.0492058   0.0208578
   0.817216    -0.57471  -0.0432046  -0.0414958
-0.00696566   0.0651101   -0.997854   0.0698583
          0           0           0           1
v_world_imu:  0.00461379 -0.00148455 0.000104793
frame_698
id: 1487
stamp: 1783948471.821183205
T_odom_lidar: 
   0.576365    0.815708   0.0492209   0.0209814
   0.817162   -0.574785  -0.0432179  -0.0415178
-0.00696179   0.0651308   -0.997852   0.0698453
          0           0           0           1
T_world_lidar: 
   0.576365    0.815708   0.0492209   0.0209814
   0.817162   -0.574785  -0.0432179  -0.0415178
-0.00696179   0.0651308   -0.997852   0.0698453
          0           0           0           1
v_world_imu:   0.00501325 -0.000405326  0.000103583
frame_699
id: 1488
stamp: 1783948471.922047615
T_odom_lidar: 
   0.576316    0.815738   0.0493093   0.0211148
   0.817198   -0.574733  -0.0432405  -0.0414608
-0.00693322   0.0652156   -0.997847   0.0699831
          0           0           0           1
T_world_lidar: 
   0.576316    0.815738   0.0493093   0.0211148
   0.817198   -0.574733  -0.0432405  -0.0414608
-0.00693322   0.0652156   -0.997847   0.0699831
          0           0           0           1
v_world_imu:  0.00481635 -0.00130067  0.00242607
frame_700
id: 1489
stamp: 1783948472.022915363
T_odom_lidar: 
   0.576372    0.815687   0.0494955   0.0213018
   0.817159   -0.574794  -0.0431487  -0.0414223
-0.00674607   0.0653155   -0.997842   0.0699919
          0           0           0           1
T_world_lidar: 
   0.576372    0.815687   0.0494955   0.0213018
   0.817159   -0.574794  -0.0431487  -0.0414223
-0.00674607   0.0653155   -0.997842   0.0699919
          0           0           0           1
v_world_imu:   0.00556203 -0.000862902  0.000791949
frame_701
id: 1490
stamp: 1783948472.123829126
T_odom_lidar: 
   0.576442    0.815638    0.049485   0.0214612
    0.81711   -0.574863  -0.0431701  -0.0414004
-0.00676402   0.0653197   -0.997841   0.0701247
          0           0           0           1
T_world_lidar: 
   0.576442    0.815638    0.049485   0.0214612
    0.81711   -0.574863  -0.0431701  -0.0414004
-0.00676402   0.0653197   -0.997841   0.0701247
          0           0           0           1
v_world_imu:   0.00545483 -0.000996391  0.000938789
frame_702
id: 1491
stamp: 1783948472.224649429
T_odom_lidar: 
   0.576458    0.815627   0.0494753   0.0216023
   0.817098   -0.574876  -0.0432282  -0.0413709
-0.00681599   0.0653454   -0.997839   0.0702178
          0           0           0           1
T_world_lidar: 
   0.576458    0.815627   0.0494753   0.0216023
   0.817098   -0.574876  -0.0432282  -0.0413709
-0.00681599   0.0653454   -0.997839   0.0702178
          0           0           0           1
v_world_imu:   0.0050326 -0.00113737 0.000954329
frame_703
id: 1492
stamp: 1783948472.325501442
T_odom_lidar: 
   0.576516    0.815586   0.0494845   0.0216545
   0.817057   -0.574932  -0.0432467   -0.041371
-0.00682116   0.0653641   -0.997838    0.070302
          0           0           0           1
T_world_lidar: 
   0.576516    0.815586   0.0494845   0.0216545
   0.817057   -0.574932  -0.0432467   -0.041371
-0.00682116   0.0653641   -0.997838    0.070302
          0           0           0           1
v_world_imu:  0.00432065  -0.0015765 0.000717242
frame_704
id: 1493
stamp: 1783948472.426373959
T_odom_lidar: 
   0.576538    0.815572   0.0494561   0.0216615
   0.817041    -0.57495  -0.0433109  -0.0413799
-0.00688841   0.0653781   -0.997837   0.0703654
          0           0           0           1
T_world_lidar: 
   0.576538    0.815572   0.0494561   0.0216615
   0.817041    -0.57495  -0.0433109  -0.0413799
-0.00688841   0.0653781   -0.997837   0.0703654
          0           0           0           1
v_world_imu:    0.0036697  -0.00169608 -0.000245131
frame_705
id: 1494
stamp: 1783948472.527256012
T_odom_lidar: 
   0.576564    0.815553   0.0494751   0.0216656
   0.817023   -0.574974  -0.0433462  -0.0413738
-0.00690428   0.0654142   -0.997834   0.0703099
          0           0           0           1
T_world_lidar: 
   0.576564    0.815553   0.0494751   0.0216656
   0.817023   -0.574974  -0.0433462  -0.0413738
-0.00690428   0.0654142   -0.997834   0.0703099
          0           0           0           1
v_world_imu:   0.00377659  -0.00178834 -0.000113208
frame_706
id: 1495
stamp: 1783948472.629428387
T_odom_lidar: 
   0.576616    0.815519   0.0494263   0.0217289
   0.816986   -0.575029  -0.0433076   -0.041483
-0.00689664   0.0653525   -0.997838   0.0703231
          0           0           0           1
T_world_lidar: 
   0.576616    0.815519   0.0494263   0.0217289
   0.816986   -0.575029  -0.0433076   -0.041483
-0.00689664   0.0653525   -0.997838   0.0703231
          0           0           0           1
v_world_imu:   0.00422394  -0.00269413 -0.000265051
frame_707
id: 1496
stamp: 1783948472.729413748
T_odom_lidar: 
   0.576601    0.815527   0.0494683   0.0217543
   0.816996   -0.575009  -0.0433791   -0.041542
-0.00693214   0.0654279   -0.997833   0.0703558
          0           0           0           1
T_world_lidar: 
   0.576601    0.815527   0.0494683   0.0217543
   0.816996   -0.575009  -0.0433791   -0.041542
-0.00693214   0.0654279   -0.997833   0.0703558
          0           0           0           1
v_world_imu:  0.00452617 -0.00203395 1.22284e-05
frame_708
id: 1497
stamp: 1783948472.830614805
T_odom_lidar: 
   0.576618    0.815514   0.0494815   0.0218718
   0.816985   -0.575027  -0.0433564  -0.0415546
-0.00690456   0.0654257   -0.997834   0.0703733
          0           0           0           1
T_world_lidar: 
   0.576618    0.815514   0.0494815   0.0218718
   0.816985   -0.575027  -0.0433564  -0.0415546
-0.00690456   0.0654257   -0.997834   0.0703733
          0           0           0           1
v_world_imu:  0.00465699 -0.00173107 0.000535895
frame_709
id: 1498
stamp: 1783948472.930756807
T_odom_lidar: 
   0.576609    0.815519   0.0495138   0.0219822
   0.816991   -0.575018   -0.043356  -0.0415244
-0.00688631   0.0654518   -0.997832   0.0704485
          0           0           0           1
T_world_lidar: 
   0.576609    0.815519   0.0495138   0.0219822
   0.816991   -0.575018   -0.043356  -0.0415244
-0.00688631   0.0654518   -0.997832   0.0704485
          0           0           0           1
v_world_imu:  0.00494035 -0.00145659 0.000668849
frame_710
id: 1499
stamp: 1783948473.031582832
T_odom_lidar: 
   0.576593    0.815531   0.0494814   0.0221405
   0.817003   -0.575007   -0.043288  -0.0414764
-0.00685057    0.065386   -0.997837   0.0705366
          0           0           0           1
T_world_lidar: 
   0.576593    0.815531   0.0494814   0.0221405
   0.817003   -0.575007   -0.043288  -0.0414764
-0.00685057    0.065386   -0.997837   0.0705366
          0           0           0           1
v_world_imu:  0.00509199 -0.00138593  0.00089806
frame_711
id: 1500
stamp: 1783948473.132444382
T_odom_lidar: 
   0.576565    0.815551   0.0494856   0.0222724
   0.817022   -0.574976  -0.0433191  -0.0413645
-0.00687592   0.0654071   -0.997835   0.0706596
          0           0           0           1
T_world_lidar: 
   0.576565    0.815551   0.0494856   0.0222724
   0.817022   -0.574976  -0.0433191  -0.0413645
-0.00687592   0.0654071   -0.997835   0.0706596
          0           0           0           1
v_world_imu:   0.00453636 -0.000807477   0.00132046
frame_712
id: 1501
stamp: 1783948473.233275414
T_odom_lidar: 
  0.576577   0.815542  0.0495055  0.0223608
  0.817014  -0.574987 -0.0433345  -0.041232
-0.0068761  0.0654323  -0.997833  0.0707864
         0          0          0          1
T_world_lidar: 
  0.576577   0.815542  0.0495055  0.0223608
  0.817014  -0.574987 -0.0433345  -0.041232
-0.0068761  0.0654323  -0.997833  0.0707864
         0          0          0          1
v_world_imu:   0.00413586 -0.000448547   0.00131933
frame_713
id: 1502
stamp: 1783948473.334200144
T_odom_lidar: 
   0.576599     0.81552   0.0496106   0.0224334
   0.816999   -0.575009  -0.0433266  -0.0410312
-0.00680711   0.0655139   -0.997828   0.0709138
          0           0           0           1
T_world_lidar: 
   0.576599     0.81552   0.0496106   0.0224334
   0.816999   -0.575009  -0.0433266  -0.0410312
-0.00680711   0.0655139   -0.997828   0.0709138
          0           0           0           1
v_world_imu:   0.00401699 -0.000222833   0.00142546
frame_714
id: 1503
stamp: 1783948473.435032606
T_odom_lidar: 
   0.576627    0.815498   0.0496395   0.0225127
   0.816979   -0.575041  -0.0432756  -0.0408408
-0.00674639   0.0655084   -0.997829   0.0710611
          0           0           0           1
T_world_lidar: 
   0.576627    0.815498   0.0496395   0.0225127
   0.816979   -0.575041  -0.0432756  -0.0408408
-0.00674639   0.0655084   -0.997829   0.0710611
          0           0           0           1
v_world_imu:  0.00402516  7.5184e-05 0.000900956
frame_715
id: 1504
stamp: 1783948473.535861969
T_odom_lidar: 
  0.576622     0.8155  0.0496757  0.0226074
  0.816984  -0.575037 -0.0432454 -0.0405659
-0.0067013  0.0655205  -0.997829  0.0711333
         0          0          0          1
T_world_lidar: 
  0.576622     0.8155  0.0496757  0.0226074
  0.816984  -0.575037 -0.0432454 -0.0405659
-0.0067013  0.0655205  -0.997829  0.0711333
         0          0          0          1
v_world_imu:   0.00303535 -2.17363e-06   0.00186567
frame_716
id: 1505
stamp: 1783948473.636725187
T_odom_lidar: 
   0.576609    0.815497   0.0498593   0.0226693
   0.816995   -0.575036  -0.0430529  -0.0402922
-0.00643869   0.0655595   -0.997828   0.0710808
          0           0           0           1
T_world_lidar: 
   0.576609    0.815497   0.0498593   0.0226693
   0.816995   -0.575036  -0.0430529  -0.0402922
-0.00643869   0.0655595   -0.997828   0.0710808
          0           0           0           1
v_world_imu:   0.00332769  0.000775636 -0.000900071
frame_717
id: 1506
stamp: 1783948473.737601042
T_odom_lidar: 
   0.576589    0.815514   0.0498187   0.0224184
   0.817009   -0.575016  -0.0430468  -0.0401782
-0.00645866   0.0655226    -0.99783   0.0711734
          0           0           0           1
T_world_lidar: 
   0.576589    0.815514   0.0498187   0.0224184
   0.817009   -0.575016  -0.0430468  -0.0401782
-0.00645866   0.0655226    -0.99783   0.0711734
          0           0           0           1
v_world_imu:   0.00189726  0.000814483 -0.000456839
frame_718
id: 1507
stamp: 1783948473.838506937
T_odom_lidar: 
   0.576555    0.815536   0.0498586   0.0223638
   0.817033   -0.574984  -0.0430046  -0.0398725
-0.00640393   0.0655306    -0.99783   0.0711413
          0           0           0           1
T_world_lidar: 
   0.576555    0.815536   0.0498586   0.0223638
   0.817033   -0.574984  -0.0430046  -0.0398725
-0.00640393   0.0655306    -0.99783   0.0711413
          0           0           0           1
v_world_imu:   0.00217904  0.000509648 -0.000595193
frame_719
id: 1508
stamp: 1783948473.942344904
T_odom_lidar: 
   0.57653   0.815556   0.049815  0.0223186
  0.817052  -0.574968 -0.0428731 -0.0396149
-0.0063234   0.065419  -0.997838  0.0710442
         0          0          0          1
T_world_lidar: 
   0.57653   0.815556   0.049815  0.0223186
  0.817052  -0.574968 -0.0428731 -0.0396149
-0.0063234   0.065419  -0.997838  0.0710442
         0          0          0          1
v_world_imu:   0.0010108 0.000275321 -0.00093968
frame_720
id: 1509
stamp: 1783948474.040199041
T_odom_lidar: 
   0.576524    0.815567   0.0497142   0.0220058
   0.817055   -0.574963  -0.0428666  -0.0395929
-0.00637674   0.0653329   -0.997843   0.0710862
          0           0           0           1
T_world_lidar: 
   0.576524    0.815567   0.0497142   0.0220058
   0.817055   -0.574963  -0.0428666  -0.0395929
-0.00637674   0.0653329   -0.997843   0.0710862
          0           0           0           1
v_world_imu:   0.00092599 -3.08008e-05  -0.00057763
frame_721
id: 1510
stamp: 1783948474.141048431
T_odom_lidar: 
   0.576539    0.815562   0.0496103   0.0218796
   0.817044    -0.57498  -0.0428526   -0.039382
-0.00642404     0.06524   -0.997849   0.0709564
          0           0           0           1
T_world_lidar: 
   0.576539    0.815562   0.0496103   0.0218796
   0.817044    -0.57498  -0.0428526   -0.039382
-0.00642404     0.06524   -0.997849   0.0709564
          0           0           0           1
v_world_imu:  0.000168078 -0.000671392 -0.000903605
frame_722
id: 1511
stamp: 1783948474.241941214
T_odom_lidar: 
   0.576558    0.815554   0.0495169   0.0216827
    0.81703   -0.574999  -0.0428689  -0.0392642
-0.00648971   0.0651733   -0.997853   0.0708947
          0           0           0           1
T_world_lidar: 
   0.576558    0.815554   0.0495169   0.0216827
    0.81703   -0.574999  -0.0428689  -0.0392642
-0.00648971   0.0651733   -0.997853   0.0708947
          0           0           0           1
v_world_imu:  0.000406817 -0.000936897  -0.00115828
frame_723
id: 1512
stamp: 1783948474.342774153
T_odom_lidar: 
   0.576502    0.815599   0.0494237   0.0215557
   0.817069   -0.574944   -0.042869  -0.0390948
-0.00654805   0.0650967   -0.997857   0.0707823
          0           0           0           1
T_world_lidar: 
   0.576502    0.815599   0.0494237   0.0215557
   0.817069   -0.574944   -0.042869  -0.0390948
-0.00654805   0.0650967   -0.997857   0.0707823
          0           0           0           1
v_world_imu:   0.00031437 -0.000892325  -0.00128645
frame_724
id: 1513
stamp: 1783948474.443808079
T_odom_lidar: 
   0.576512      0.8156   0.0492973   0.0214398
   0.817062   -0.574954  -0.0428648  -0.0390514
-0.00661685    0.064991   -0.997864   0.0706576
          0           0           0           1
T_world_lidar: 
   0.576512      0.8156   0.0492973   0.0214398
   0.817062   -0.574954  -0.0428648  -0.0390514
-0.00661685    0.064991   -0.997864   0.0706576
          0           0           0           1
v_world_imu:  0.00046287 -0.00202744  -0.0012693
frame_725
id: 1514
stamp: 1783948474.544506550
T_odom_lidar: 
   0.576535     0.81559   0.0491913   0.0210228
   0.817044   -0.574972  -0.0429576  -0.0393356
-0.00675213    0.064958   -0.997865    0.070469
          0           0           0           1
T_world_lidar: 
   0.576535     0.81559   0.0491913   0.0210228
   0.817044   -0.574972  -0.0429576  -0.0393356
-0.00675213    0.064958   -0.997865    0.070469
          0           0           0           1
v_world_imu: -0.00126118 -0.00405421    0.001483
frame_726
id: 1515
stamp: 1783948474.645657063
T_odom_lidar: 
   0.576546    0.815579   0.0492485   0.0208627
   0.817038   -0.574986   -0.042903  -0.0394653
-0.00667358   0.0649734   -0.997865   0.0704049
          0           0           0           1
T_world_lidar: 
   0.576546    0.815579   0.0492485   0.0208627
   0.817038   -0.574986   -0.042903  -0.0394653
-0.00667358   0.0649734   -0.997865   0.0704049
          0           0           0           1
v_world_imu: -0.00126355 -0.00435742   0.0012267
frame_727
id: 1516
stamp: 1783948474.746239901
T_odom_lidar: 
   0.576495    0.815615   0.0492613   0.0207025
   0.817073   -0.574932  -0.0429453  -0.0396002
-0.00670493   0.0650078   -0.997862   0.0703951
          0           0           0           1
T_world_lidar: 
   0.576495    0.815615   0.0492613   0.0207025
   0.817073   -0.574932  -0.0429453  -0.0396002
-0.00670493   0.0650078   -0.997862   0.0703951
          0           0           0           1
v_world_imu: -0.00096714 -0.00415972  0.00107717
frame_728
id: 1517
stamp: 1783948474.847125292
T_odom_lidar: 
    0.57648    0.815625   0.0492621   0.0206482
   0.817084   -0.574916  -0.0429659  -0.0397444
-0.00672256   0.0650202   -0.997861    0.070264
          0           0           0           1
T_world_lidar: 
    0.57648    0.815625   0.0492621   0.0206482
   0.817084   -0.574916  -0.0429659  -0.0397444
-0.00672256   0.0650202   -0.997861    0.070264
          0           0           0           1
v_world_imu: -0.000709653  -0.00415621    0.0013242
frame_729
id: 1518
stamp: 1783948474.947964191
T_odom_lidar: 
    0.57641    0.815668   0.0493758   0.0205677
   0.817133   -0.574845  -0.0429696  -0.0398681
-0.00666551   0.0651147   -0.997856   0.0702666
          0           0           0           1
T_world_lidar: 
    0.57641    0.815668   0.0493758   0.0205677
   0.817133   -0.574845  -0.0429696  -0.0398681
-0.00666551   0.0651147   -0.997856   0.0702666
          0           0           0           1
v_world_imu: -0.00103545 -0.00379239  0.00123102
frame_730
id: 1519
stamp: 1783948475.048823357
T_odom_lidar: 
   0.576366     0.81569    0.049524   0.0205107
   0.817165   -0.574797  -0.0430084  -0.0399681
-0.00661527   0.0652579   -0.997847   0.0701891
          0           0           0           1
T_world_lidar: 
   0.576366     0.81569    0.049524   0.0205107
   0.817165   -0.574797  -0.0430084  -0.0399681
-0.00661527   0.0652579   -0.997847   0.0701891
          0           0           0           1
v_world_imu: -0.000716548   -0.0036465    0.0012778
frame_731
id: 1520
stamp: 1783948475.149695396
T_odom_lidar: 
   0.576338    0.815706   0.0495861   0.0204769
   0.817185    -0.57477  -0.0429842  -0.0400728
-0.00656189   0.0652944   -0.997844   0.0701189
          0           0           0           1
T_world_lidar: 
   0.576338    0.815706   0.0495861   0.0204769
   0.817185    -0.57477  -0.0429842  -0.0400728
-0.00656189   0.0652944   -0.997844   0.0701189
          0           0           0           1
v_world_imu: -0.000273483  -0.00235965 -0.000974926
frame_732
id: 1521
stamp: 1783948475.250591755
T_odom_lidar: 
   0.576306    0.815727   0.0496053   0.0204558
   0.817208   -0.574736  -0.0430076  -0.0401068
-0.00657247   0.0653233   -0.997843    0.069897
          0           0           0           1
T_world_lidar: 
   0.576306    0.815727   0.0496053   0.0204558
   0.817208   -0.574736  -0.0430076  -0.0401068
-0.00657247   0.0653233   -0.997843    0.069897
          0           0           0           1
v_world_imu: -0.000527945  -0.00237185   -0.0014908
frame_733
id: 1522
stamp: 1783948475.351424456
T_odom_lidar: 
    0.57628    0.815749   0.0495418   0.0204445
   0.817225   -0.574709  -0.0430381  -0.0401618
-0.00663622   0.0652888   -0.997844      0.0697
          0           0           0           1
T_world_lidar: 
    0.57628    0.815749   0.0495418   0.0204445
   0.817225   -0.574709  -0.0430381  -0.0401618
-0.00663622   0.0652888   -0.997844      0.0697
          0           0           0           1
v_world_imu: -0.00114609 -0.00215475  -0.0012986
frame_734
id: 1523
stamp: 1783948475.452281237
T_odom_lidar: 
    0.5763   0.815737  0.0495116  0.0203794
  0.817211  -0.574728 -0.0430557 -0.0401786
-0.0066664  0.0652744  -0.997845  0.0695965
         0          0          0          1
T_world_lidar: 
    0.5763   0.815737  0.0495116  0.0203794
  0.817211  -0.574728 -0.0430557 -0.0401786
-0.0066664  0.0652744  -0.997845  0.0695965
         0          0          0          1
v_world_imu: -0.000914135  -0.00162057   -0.0011441
frame_735
id: 1524
stamp: 1783948475.553141832
T_odom_lidar: 
   0.576258    0.815769   0.0494766   0.0203344
    0.81724   -0.574685   -0.043077  -0.0401665
-0.00670742   0.0652578   -0.997846   0.0695043
          0           0           0           1
T_world_lidar: 
   0.576258    0.815769   0.0494766   0.0203344
    0.81724   -0.574685   -0.043077  -0.0401665
-0.00670742   0.0652578   -0.997846   0.0695043
          0           0           0           1
v_world_imu: -0.00195018 -0.00234654 0.000535045
frame_736
id: 1525
stamp: 1783948475.654007912
T_odom_lidar: 
   0.576258    0.815764    0.049554   0.0203493
   0.817241   -0.574692  -0.0429594  -0.0401478
-0.00656645   0.0652532   -0.997847    0.069323
          0           0           0           1
T_world_lidar: 
   0.576258    0.815764    0.049554   0.0203493
   0.817241   -0.574692  -0.0429594  -0.0401478
-0.00656645   0.0652532   -0.997847    0.069323
          0           0           0           1
v_world_imu: -0.00119094 -0.00139324 -0.00106405
frame_737
id: 1526
stamp: 1783948475.754871130
T_odom_lidar: 
   0.576262    0.815762   0.0495337   0.0203773
   0.817238   -0.574697  -0.0429599  -0.0400951
-0.00657821    0.065237   -0.997848    0.069204
          0           0           0           1
T_world_lidar: 
   0.576262    0.815762   0.0495337   0.0203773
   0.817238   -0.574697  -0.0429599  -0.0400951
-0.00657821    0.065237   -0.997848    0.069204
          0           0           0           1
v_world_imu:  -0.00103053 -0.000873378  -0.00110322
frame_738
id: 1527
stamp: 1783948475.855742216
T_odom_lidar: 
   0.576229    0.815785    0.049548   0.0204015
   0.817261   -0.574662  -0.0429781  -0.0400297
-0.00658749   0.0652589   -0.997847   0.0691662
          0           0           0           1
T_world_lidar: 
   0.576229    0.815785    0.049548   0.0204015
   0.817261   -0.574662  -0.0429781  -0.0400297
-0.00658749   0.0652589   -0.997847   0.0691662
          0           0           0           1
v_world_imu: -0.00169357 -0.00179521 0.000952116
frame_739
id: 1528
stamp: 1783948475.956598043
T_odom_lidar: 
   0.576201    0.815802   0.0495946   0.0204795
   0.817282   -0.574636  -0.0429272  -0.0399746
-0.00652124   0.0652675   -0.997846   0.0690235
          0           0           0           1
T_world_lidar: 
   0.576201    0.815802   0.0495946   0.0204795
   0.817282   -0.574636  -0.0429272  -0.0399746
-0.00652124   0.0652675   -0.997846   0.0690235
          0           0           0           1
v_world_imu:  -0.00103552  -0.00103506 -0.000521275
frame_740
id: 1529
stamp: 1783948476.057524443
T_odom_lidar: 
   0.576183    0.815814   0.0496041   0.0205163
   0.817294   -0.574615  -0.0429807  -0.0399522
-0.00656093   0.0653059   -0.997844    0.069029
          0           0           0           1
T_world_lidar: 
   0.576183    0.815814   0.0496041   0.0205163
   0.817294   -0.574615  -0.0429807  -0.0399522
-0.00656093   0.0653059   -0.997844    0.069029
          0           0           0           1
v_world_imu: -0.00245363 -0.00173549   0.0018681
frame_741
id: 1530
stamp: 1783948476.158337593
T_odom_lidar: 
   0.576182    0.815812   0.0496466   0.0204948
   0.817295   -0.574615  -0.0429711  -0.0398951
-0.00652868   0.0653351   -0.997842   0.0690167
          0           0           0           1
T_world_lidar: 
   0.576182    0.815812   0.0496466   0.0204948
   0.817295   -0.574615  -0.0429711  -0.0398951
-0.00652868   0.0653351   -0.997842   0.0690167
          0           0           0           1
v_world_imu: -0.00345945 -0.00129921  0.00222139
frame_742
id: 1531
stamp: 1783948476.259199619
T_odom_lidar: 
   0.576176    0.815817   0.0496338   0.0204424
   0.817299   -0.574612  -0.0429318  -0.0398222
-0.00650433   0.0653019   -0.997844   0.0691192
          0           0           0           1
T_world_lidar: 
   0.576176    0.815817   0.0496338   0.0204424
   0.817299   -0.574612  -0.0429318  -0.0398222
-0.00650433   0.0653019   -0.997844   0.0691192
          0           0           0           1
v_world_imu:  -0.00320351 -0.000966874   0.00252433
frame_743
id: 1532
stamp: 1783948476.360068560
T_odom_lidar: 
   0.576209    0.815789   0.0497107   0.0204247
   0.817277   -0.574648  -0.0428691  -0.0397352
-0.00640603    0.065329   -0.997843   0.0691519
          0           0           0           1
T_world_lidar: 
   0.576209    0.815789   0.0497107   0.0204247
   0.817277   -0.574648  -0.0428691  -0.0397352
-0.00640603    0.065329   -0.997843   0.0691519
          0           0           0           1
v_world_imu: -0.00272205 -0.00030152 0.000645791
frame_744
id: 1533
stamp: 1783948476.460920334
T_odom_lidar: 
   0.576226    0.815778   0.0496891   0.0203669
   0.817264   -0.574658  -0.0429764  -0.0396578
-0.00650492   0.0653732    -0.99784   0.0692644
          0           0           0           1
T_world_lidar: 
   0.576226    0.815778   0.0496891   0.0203669
   0.817264   -0.574658  -0.0429764  -0.0396578
-0.00650492   0.0653732    -0.99784   0.0692644
          0           0           0           1
v_world_imu: -0.00313997 0.000228946  0.00108689
frame_745
id: 1534
stamp: 1783948476.561777830
T_odom_lidar: 
   0.576265    0.815758   0.0495812   0.0203297
   0.817236   -0.574696   -0.042998  -0.0395821
-0.00658185   0.0652978   -0.997844   0.0693443
          0           0           0           1
T_world_lidar: 
   0.576265    0.815758   0.0495812   0.0203297
   0.817236   -0.574696   -0.042998  -0.0395821
-0.00658185   0.0652978   -0.997844   0.0693443
          0           0           0           1
v_world_imu: -0.00274552 7.94844e-05  0.00117967
frame_746
id: 1535
stamp: 1783948476.662645817
T_odom_lidar: 
   0.576251    0.815772   0.0495074   0.0203656
   0.817245   -0.574677  -0.0430877  -0.0395503
-0.00669896    0.065289   -0.997844   0.0695293
          0           0           0           1
T_world_lidar: 
   0.576251    0.815772   0.0495074   0.0203656
   0.817245   -0.574677  -0.0430877  -0.0395503
-0.00669896    0.065289   -0.997844   0.0695293
          0           0           0           1
v_world_imu: -0.00264401 -0.00106753  0.00317096
frame_747
id: 1536
stamp: 1783948476.763530731
T_odom_lidar: 
   0.576268    0.815752   0.0496419   0.0204879
   0.817234   -0.574692  -0.0431071  -0.0395322
-0.00663588   0.0654102   -0.997836   0.0696597
          0           0           0           1
T_world_lidar: 
   0.576268    0.815752   0.0496419   0.0204879
   0.817234   -0.574692  -0.0431071  -0.0395322
-0.00663588   0.0654102   -0.997836   0.0696597
          0           0           0           1
v_world_imu: -0.00161138  0.00015399  0.00155935
frame_748
id: 1537
stamp: 1783948476.864370823
T_odom_lidar: 
   0.576283    0.815747   0.0495538   0.0206192
   0.817222   -0.574702  -0.0431808  -0.0395183
-0.00674595   0.0653808   -0.997838   0.0697983
          0           0           0           1
T_world_lidar: 
   0.576283    0.815747   0.0495538   0.0206192
   0.817222   -0.574702  -0.0431808  -0.0395183
-0.00674595   0.0653808   -0.997838   0.0697983
          0           0           0           1
v_world_imu:  -0.00174232 -3.09341e-05    0.0012974
frame_749
id: 1538
stamp: 1783948476.965240717
T_odom_lidar: 
   0.576302     0.81574   0.0494508   0.0207075
   0.817208   -0.574715  -0.0432814   -0.039512
-0.00688618   0.0653547   -0.997838   0.0699356
          0           0           0           1
T_world_lidar: 
   0.576302     0.81574   0.0494508   0.0207075
   0.817208   -0.574715  -0.0432814   -0.039512
-0.00688618   0.0653547   -0.997838   0.0699356
          0           0           0           1
v_world_imu: -0.00276918 0.000481821   0.0013022
frame_750
id: 1539
stamp: 1783948477.066152811
T_odom_lidar: 
   0.576334    0.815726   0.0492929   0.0207217
   0.817184   -0.574747  -0.0433034   -0.039487
-0.00699273   0.0652386   -0.997845   0.0700739
          0           0           0           1
T_world_lidar: 
   0.576334    0.815726   0.0492929   0.0207217
   0.817184   -0.574747  -0.0433034   -0.039487
-0.00699273   0.0652386   -0.997845   0.0700739
          0           0           0           1
v_world_imu: -0.00317392 0.000859563  0.00101636
frame_751
id: 1540
stamp: 1783948477.166971207
T_odom_lidar: 
   0.576352    0.815721   0.0491656   0.0207525
    0.81717   -0.574764  -0.0433453  -0.0394198
-0.00709903   0.0651588    -0.99785   0.0701787
          0           0           0           1
T_world_lidar: 
   0.576352    0.815721   0.0491656   0.0207525
    0.81717   -0.574764  -0.0433453  -0.0394198
-0.00709903   0.0651588    -0.99785   0.0701787
          0           0           0           1
v_world_imu: -0.00393151 0.000424416   0.0021604
frame_752
id: 1541
stamp: 1783948477.267831326
T_odom_lidar: 
  0.576411   0.815675  0.0492309  0.0207417
   0.81713  -0.574825 -0.0433084 -0.0393514
-0.0070264  0.0651915  -0.997848  0.0701708
         0          0          0          1
T_world_lidar: 
  0.576411   0.815675  0.0492309  0.0207417
   0.81713  -0.574825 -0.0433084 -0.0393514
-0.0070264  0.0651915  -0.997848  0.0701708
         0          0          0          1
v_world_imu: -0.00330686  0.00126596  0.00023767
frame_753
id: 1542
stamp: 1783948477.371357441
T_odom_lidar: 
   0.576438    0.815662   0.0491395   0.0208378
   0.817111   -0.574852  -0.0433062  -0.0392506
-0.00707535   0.0651157   -0.997853   0.0702026
          0           0           0           1
T_world_lidar: 
   0.576438    0.815662   0.0491395   0.0208378
   0.817111   -0.574852  -0.0433062  -0.0392506
-0.00707535   0.0651157   -0.997853   0.0702026
          0           0           0           1
v_world_imu: -0.00325781  0.00153658  0.00194376
frame_754
id: 1543
stamp: 1783948477.470697641
T_odom_lidar: 
   0.576489    0.815621   0.0492256    0.021012
   0.817075   -0.574908  -0.0432371  -0.0390806
-0.00696486   0.0651467   -0.997851   0.0701857
          0           0           0           1
T_world_lidar: 
   0.576489    0.815621   0.0492256    0.021012
   0.817075   -0.574908  -0.0432371  -0.0390806
-0.00696486   0.0651467   -0.997851   0.0701857
          0           0           0           1
v_world_imu: -0.00222915  0.00221128  0.00142941
frame_755
id: 1544
stamp: 1783948477.570450544
T_odom_lidar: 
   0.576452    0.815635   0.0494196   0.0212488
   0.817103   -0.574878  -0.0431151  -0.0388738
-0.00675601   0.0652347   -0.997847   0.0701532
          0           0           0           1
T_world_lidar: 
   0.576452    0.815635   0.0494196   0.0212488
   0.817103   -0.574878  -0.0431151  -0.0388738
-0.00675601   0.0652347   -0.997847   0.0701532
          0           0           0           1
v_world_imu: -0.00199234   0.0019736  0.00128694
frame_756
id: 1545
stamp: 1783948477.671288013
T_odom_lidar: 
   0.576482    0.815614   0.0494149   0.0212168
   0.817082   -0.574906  -0.0431298  -0.0390043
-0.00676835   0.0652396   -0.997847   0.0702832
          0           0           0           1
T_world_lidar: 
   0.576482    0.815614   0.0494149   0.0212168
   0.817082   -0.574906  -0.0431298  -0.0390043
-0.00676835   0.0652396   -0.997847   0.0702832
          0           0           0           1
v_world_imu: -0.00209426  0.00166084  0.00198118
frame_757
id: 1546
stamp: 1783948477.772156000
T_odom_lidar: 
   0.576518    0.815574   0.0496573   0.0214954
   0.817058   -0.574946   -0.043049  -0.0388711
-0.00655938   0.0653914   -0.997838    0.070289
          0           0           0           1
T_world_lidar: 
   0.576518    0.815574   0.0496573   0.0214954
   0.817058   -0.574946   -0.043049  -0.0388711
-0.00655938   0.0653914   -0.997838    0.070289
          0           0           0           1
v_world_imu: -0.000905625  0.000554685   0.00173696
frame_758
id: 1547
stamp: 1783948477.873018980
T_odom_lidar: 
   0.576503    0.815579    0.049748   0.0218064
   0.817069   -0.574932  -0.0430252  -0.0388813
-0.00648874   0.0654518   -0.997835   0.0702669
          0           0           0           1
T_world_lidar: 
   0.576503    0.815579    0.049748   0.0218064
   0.817069   -0.574932  -0.0430252  -0.0388813
-0.00648874   0.0654518   -0.997835   0.0702669
          0           0           0           1
v_world_imu: -0.00218139 0.000554864  0.00181586
frame_759
id: 1548
stamp: 1783948477.976002455
T_odom_lidar: 
    0.57645    0.815604   0.0499567   0.0220183
   0.817108   -0.574882  -0.0429497  -0.0388125
-0.00631067   0.0655784   -0.997827   0.0702581
          0           0           0           1
T_world_lidar: 
    0.57645    0.815604   0.0499567   0.0220183
   0.817108   -0.574882  -0.0429497  -0.0388125
-0.00631067   0.0655784   -0.997827   0.0702581
          0           0           0           1
v_world_imu:  -0.00166914   0.00266033 -0.000506942
frame_760
id: 1549
stamp: 1783948478.074738503
T_odom_lidar: 
   0.576493    0.815579   0.0498787   0.0218555
   0.817077   -0.574916  -0.0430915   -0.039017
-0.00646836   0.0655967   -0.997825   0.0702545
          0           0           0           1
T_world_lidar: 
   0.576493    0.815579   0.0498787   0.0218555
   0.817077   -0.574916  -0.0430915   -0.039017
-0.00646836   0.0655967   -0.997825   0.0702545
          0           0           0           1
v_world_imu: -0.00317133  0.00196765 0.000391203
frame_761
id: 1550
stamp: 1783948478.175606728
T_odom_lidar: 
   0.57653   0.815556  0.0498198  0.0219277
   0.81705  -0.574952 -0.0431138 -0.0389802
-0.0065177  0.0655617  -0.997827  0.0703214
         0          0          0          1
T_world_lidar: 
   0.57653   0.815556  0.0498198  0.0219277
   0.81705  -0.574952 -0.0431138 -0.0389802
-0.0065177  0.0655617  -0.997827  0.0703214
         0          0          0          1
v_world_imu: -0.00362859  0.00206609 0.000668205
frame_762
id: 1551
stamp: 1783948478.276470184
T_odom_lidar: 
   0.576559     0.81554    0.049733   0.0219445
   0.817028   -0.574977  -0.0432004  -0.0389253
-0.00663634   0.0655409   -0.997828   0.0704083
          0           0           0           1
T_world_lidar: 
   0.576559     0.81554    0.049733   0.0219445
   0.817028   -0.574977  -0.0432004  -0.0389253
-0.00663634   0.0655409   -0.997828   0.0704083
          0           0           0           1
v_world_imu: -0.00390236  0.00231378 0.000847984
frame_763
id: 1552
stamp: 1783948478.377337933
T_odom_lidar: 
   0.576565    0.815546   0.0495657   0.0219583
   0.817023    -0.57498  -0.0432578  -0.0388547
-0.00677943   0.0654373   -0.997834   0.0705454
          0           0           0           1
T_world_lidar: 
   0.576565    0.815546   0.0495657   0.0219583
   0.817023    -0.57498  -0.0432578  -0.0388547
-0.00677943   0.0654373   -0.997834   0.0705454
          0           0           0           1
v_world_imu: -0.00450315  0.00262949  0.00278682
frame_764
id: 1553
stamp: 1783948478.478195190
T_odom_lidar: 
   0.576617     0.81551   0.0495547   0.0219694
   0.816986   -0.575036  -0.0432041  -0.0387191
-0.00673758   0.0653978   -0.997837   0.0706229
          0           0           0           1
T_world_lidar: 
   0.576617     0.81551   0.0495547   0.0219694
   0.816986   -0.575036  -0.0432041  -0.0387191
-0.00673758   0.0653978   -0.997837   0.0706229
          0           0           0           1
v_world_imu: -0.00457986  0.00255363  0.00290963
frame_765
id: 1554
stamp: 1783948478.579092979
T_odom_lidar: 
   0.576641    0.815497   0.0494973   0.0220347
    0.81697    -0.57506  -0.0432087  -0.0386133
-0.00677273   0.0653537   -0.997839   0.0707321
          0           0           0           1
T_world_lidar: 
   0.576641    0.815497   0.0494973   0.0220347
    0.81697    -0.57506  -0.0432087  -0.0386133
-0.00677273   0.0653537   -0.997839   0.0707321
          0           0           0           1
v_world_imu: -0.0039287 0.00215558 0.00313858
frame_766
id: 1555
stamp: 1783948478.679923773
T_odom_lidar: 
   0.576671    0.815475   0.0495077   0.0220709
   0.816948    -0.57509  -0.0432148  -0.0385294
-0.00676918    0.065366   -0.997838   0.0708598
          0           0           0           1
T_world_lidar: 
   0.576671    0.815475   0.0495077   0.0220709
   0.816948    -0.57509  -0.0432148  -0.0385294
-0.00676918    0.065366   -0.997838   0.0708598
          0           0           0           1
v_world_imu: -0.00332918  0.00260245  0.00279095
frame_767
id: 1556
stamp: 1783948478.780791283
T_odom_lidar: 
   0.576663    0.815479   0.0495405   0.0221693
   0.816954   -0.575082  -0.0432093   -0.038406
-0.00674644   0.0653895   -0.997837   0.0709536
          0           0           0           1
T_world_lidar: 
   0.576663    0.815479   0.0495405   0.0221693
   0.816954   -0.575082  -0.0432093   -0.038406
-0.00674644   0.0653895   -0.997837   0.0709536
          0           0           0           1
v_world_imu: -0.00373521  0.00258621  0.00261997
frame_768
id: 1557
stamp: 1783948478.881647825
T_odom_lidar: 
    0.57668    0.815465   0.0495674    0.022254
   0.816942   -0.575098  -0.0432218  -0.0383018
-0.00673977   0.0654189   -0.997835   0.0710802
          0           0           0           1
T_world_lidar: 
    0.57668    0.815465   0.0495674    0.022254
   0.816942   -0.575098  -0.0432218  -0.0383018
-0.00673977   0.0654189   -0.997835   0.0710802
          0           0           0           1
v_world_imu: -0.00302133  0.00230878  0.00277218
frame_769
id: 1558
stamp: 1783948478.982513905
T_odom_lidar: 
  0.576635   0.815491  0.0496685  0.0224193
  0.816975  -0.575057 -0.0431453 -0.0381845
-0.0066224   0.065457  -0.997833  0.0711268
         0          0          0          1
T_world_lidar: 
  0.576635   0.815491  0.0496685  0.0224193
  0.816975  -0.575057 -0.0431453 -0.0381845
-0.0066224   0.065457  -0.997833  0.0711268
         0          0          0          1
v_world_imu: -0.00288516  0.00259432  0.00247097
frame_770
id: 1559
stamp: 1783948479.083412647
T_odom_lidar: 
   0.576599    0.815511   0.0497519   0.0225222
   0.817001   -0.575023  -0.0430989  -0.0380628
-0.00653915   0.0654981   -0.997831   0.0712079
          0           0           0           1
T_world_lidar: 
   0.576599    0.815511   0.0497519   0.0225222
   0.817001   -0.575023  -0.0430989  -0.0380628
-0.00653915   0.0654981   -0.997831   0.0712079
          0           0           0           1
v_world_imu: -0.00350206  0.00238712  0.00220328
frame_771
id: 1560
stamp: 1783948479.184247494
T_odom_lidar: 
   0.576615    0.815496   0.0498083   0.0226641
    0.81699   -0.575044  -0.0430302  -0.0379374
-0.00644902   0.0655048   -0.997831   0.0711943
          0           0           0           1
T_world_lidar: 
   0.576615    0.815496   0.0498083   0.0226641
    0.81699   -0.575044  -0.0430302  -0.0379374
-0.00644902   0.0655048   -0.997831   0.0711943
          0           0           0           1
v_world_imu: -0.00271398  0.00281981 0.000155349
frame_772
id: 1561
stamp: 1783948479.285112143
T_odom_lidar: 
   0.576648    0.815481   0.0496733   0.0223106
   0.816965   -0.575063  -0.0432539  -0.0382527
-0.00670747   0.0655237   -0.997828   0.0712622
          0           0           0           1
T_world_lidar: 
   0.576648    0.815481   0.0496733   0.0223106
   0.816965   -0.575063  -0.0432539  -0.0382527
-0.00670747   0.0655237   -0.997828   0.0712622
          0           0           0           1
v_world_imu: -0.00343407   0.0022027 0.000495724
frame_773
id: 1562
stamp: 1783948479.386142015
T_odom_lidar: 
   0.576616    0.815506   0.0496375   0.0222969
   0.816987   -0.575025  -0.0433472  -0.0382404
-0.00680712   0.0655479   -0.997826   0.0713372
          0           0           0           1
T_world_lidar: 
   0.576616    0.815506   0.0496375   0.0222969
   0.816987   -0.575025  -0.0433472  -0.0382404
-0.00680712   0.0655479   -0.997826   0.0713372
          0           0           0           1
v_world_imu: -0.00427049  0.00130022  0.00254571
frame_774
id: 1563
stamp: 1783948479.488156080
T_odom_lidar: 
   0.576629    0.815491   0.0497306   0.0222761
   0.816979   -0.575042  -0.0432728  -0.0382442
-0.00669138   0.0655812   -0.997825   0.0714061
          0           0           0           1
T_world_lidar: 
   0.576629    0.815491   0.0497306   0.0222761
   0.816979   -0.575042  -0.0432728  -0.0382442
-0.00669138   0.0655812   -0.997825   0.0714061
          0           0           0           1
v_world_imu: -0.00278778  0.00230235 0.000866699
frame_775
id: 1564
stamp: 1783948479.587702036
T_odom_lidar: 
  0.576567   0.815533  0.0497709  0.0222642
  0.817022  -0.574974 -0.0433525 -0.0382319
-0.0067384  0.0656595  -0.997819  0.0715022
         0          0          0          1
T_world_lidar: 
  0.576567   0.815533  0.0497709  0.0222642
  0.817022  -0.574974 -0.0433525 -0.0382319
-0.0067384  0.0656595  -0.997819  0.0715022
         0          0          0          1
v_world_imu: -0.00366313  0.00145243  0.00247166
frame_776
id: 1565
stamp: 1783948479.688599586
T_odom_lidar: 
   0.576544    0.815547   0.0497985    0.022302
   0.817039   -0.574952   -0.043325  -0.0382469
-0.00670183   0.0656661   -0.997819   0.0714877
          0           0           0           1
T_world_lidar: 
   0.576544    0.815547   0.0497985    0.022302
   0.817039   -0.574952   -0.043325  -0.0382469
-0.00670183   0.0656661   -0.997819   0.0714877
          0           0           0           1
v_world_imu: -0.00299547  0.00148173  0.00159144
frame_777
id: 1566
stamp: 1783948479.789430618
T_odom_lidar: 
  0.576541   0.815553   0.049738  0.0223944
  0.817041  -0.574958 -0.0432094 -0.0382594
-0.0066423    0.06555  -0.997827  0.0714031
         0          0          0          1
T_world_lidar: 
  0.576541   0.815553   0.049738  0.0223944
  0.817041  -0.574958 -0.0432094 -0.0382594
-0.0066423    0.06555  -0.997827  0.0714031
         0          0          0          1
v_world_imu: -0.00237405  0.00210769 -0.00103888
frame_778
id: 1567
stamp: 1783948479.890290976
T_odom_lidar: 
   0.576553    0.815545   0.0497409   0.0223586
   0.817033   -0.574965  -0.0432744  -0.0383204
-0.00669293   0.0655899   -0.997824    0.071288
          0           0           0           1
T_world_lidar: 
   0.576553    0.815545   0.0497409   0.0223586
   0.817033   -0.574965  -0.0432744  -0.0383204
-0.00669293   0.0655899   -0.997824    0.071288
          0           0           0           1
v_world_imu: -0.00237876  0.00183981  -0.0016453
frame_779
id: 1568
stamp: 1783948479.991735697
T_odom_lidar: 
   0.576552    0.815554    0.049592   0.0223969
   0.817032   -0.574963  -0.0433168  -0.0383711
-0.00681359   0.0654926    -0.99783   0.0711052
          0           0           0           1
T_world_lidar: 
   0.576552    0.815554    0.049592   0.0223969
   0.817032   -0.574963  -0.0433168  -0.0383711
-0.00681359   0.0654926    -0.99783   0.0711052
          0           0           0           1
v_world_imu:  -0.0026024 0.000962091 -0.00297751
frame_780
id: 1569
stamp: 1783948480.092034101
T_odom_lidar: 
   0.576502    0.815595   0.0495061   0.0223713
   0.817067   -0.574914  -0.0433078  -0.0385007
-0.00685991   0.0654169   -0.997834   0.0707478
          0           0           0           1
T_world_lidar: 
   0.576502    0.815595   0.0495061   0.0223713
   0.817067   -0.574914  -0.0433078  -0.0385007
-0.00685991   0.0654169   -0.997834   0.0707478
          0           0           0           1
v_world_imu: -0.00345108 0.000359346 -0.00396493
frame_781
id: 1570
stamp: 1783948480.192909241
T_odom_lidar: 
   0.576474    0.815619   0.0494207   0.0222031
   0.817086   -0.574882  -0.0433802  -0.0387355
-0.00697066   0.0653885   -0.997836   0.0703731
          0           0           0           1
T_world_lidar: 
   0.576474    0.815619   0.0494207   0.0222031
   0.817086   -0.574882  -0.0433802  -0.0387355
-0.00697066   0.0653885   -0.997836   0.0703731
          0           0           0           1
v_world_imu:  -0.00312761 -0.000574506  -0.00438982
frame_782
id: 1571
stamp: 1783948480.293741465
T_odom_lidar: 
   0.576421    0.815663   0.0493242   0.0220935
   0.817123   -0.574829   -0.043379  -0.0390129
-0.00702966   0.0653085    -0.99784   0.0698887
          0           0           0           1
T_world_lidar: 
   0.576421    0.815663   0.0493242   0.0220935
   0.817123   -0.574829   -0.043379  -0.0390129
-0.00702966   0.0653085    -0.99784   0.0698887
          0           0           0           1
v_world_imu:   -0.0041669 -0.000667662  -0.00270822
frame_783
id: 1572
stamp: 1783948480.394609451
T_odom_lidar: 
   0.576348    0.815712   0.0493631   0.0219209
   0.817174   -0.574753  -0.0434211  -0.0393003
-0.00704754   0.0653639   -0.997837   0.0694764
          0           0           0           1
T_world_lidar: 
   0.576348    0.815712   0.0493631   0.0219209
   0.817174   -0.574753  -0.0434211  -0.0393003
-0.00704754   0.0653639   -0.997837   0.0694764
          0           0           0           1
v_world_imu: -0.00346964 -0.00122654 -0.00264975
frame_784
id: 1573
stamp: 1783948480.495502472
T_odom_lidar: 
   0.576317     0.81573   0.0494274   0.0218061
   0.817197   -0.574729  -0.0433126  -0.0396041
-0.00692399   0.0653537   -0.997838   0.0690036
          0           0           0           1
T_world_lidar: 
   0.576317     0.81573   0.0494274   0.0218061
   0.817197   -0.574729  -0.0433126  -0.0396041
-0.00692399   0.0653537   -0.997838   0.0690036
          0           0           0           1
v_world_imu:   -0.0033956 -0.000778036  -0.00295727
frame_785
id: 1574
stamp: 1783948480.596349239
T_odom_lidar: 
   0.576263    0.815767   0.0494472    0.021637
   0.817236   -0.574681  -0.0432051  -0.0399268
-0.00682895   0.0653075   -0.997842   0.0685082
          0           0           0           1
T_world_lidar: 
   0.576263    0.815767   0.0494472    0.021637
   0.817236   -0.574681  -0.0432051  -0.0399268
-0.00682895   0.0653075   -0.997842   0.0685082
          0           0           0           1
v_world_imu: -0.00369036 -0.00088133 -0.00306132
frame_786
id: 1575
stamp: 1783948480.697204113
T_odom_lidar: 
   0.576255    0.815769   0.0495087   0.0215363
   0.817242   -0.574679  -0.0431217  -0.0401096
-0.00672572   0.0653097   -0.997842   0.0680518
          0           0           0           1
T_world_lidar: 
   0.576255    0.815769   0.0495087   0.0215363
   0.817242   -0.574679  -0.0431217  -0.0401096
-0.00672572   0.0653097   -0.997842   0.0680518
          0           0           0           1
v_world_imu: -0.00247373  0.00166173 -0.00330646
frame_787
id: 1576
stamp: 1783948480.798078060
T_odom_lidar: 
   0.576242    0.815782   0.0494451   0.0214975
   0.817251   -0.574666  -0.0431354   -0.040192
-0.00677466   0.0652655   -0.997845    0.067566
          0           0           0           1
T_world_lidar: 
   0.576242    0.815782   0.0494451   0.0214975
   0.817251   -0.574666  -0.0431354   -0.040192
-0.00677466   0.0652655   -0.997845    0.067566
          0           0           0           1
v_world_imu: -0.00246558   0.0012685  -0.0028599
frame_788
id: 1577
stamp: 1783948480.898936272
T_odom_lidar: 
   0.576223    0.815799   0.0493797   0.0214509
   0.817264   -0.574644  -0.0431765  -0.0402733
-0.00684762   0.0652355   -0.997846   0.0671621
          0           0           0           1
T_world_lidar: 
   0.576223    0.815799   0.0493797   0.0214509
   0.817264   -0.574644  -0.0431765  -0.0402733
-0.00684762   0.0652355   -0.997846   0.0671621
          0           0           0           1
v_world_imu:  -0.0018923  0.00112859 -0.00116252
frame_789
id: 1578
stamp: 1783948480.999790907
T_odom_lidar: 
   0.576243    0.815789   0.0493193   0.0214592
   0.817249   -0.574661  -0.0432296  -0.0402875
-0.00692437   0.0652169   -0.997847   0.0670064
          0           0           0           1
T_world_lidar: 
   0.576243    0.815789   0.0493193   0.0214592
   0.817249   -0.574661  -0.0432296  -0.0402875
-0.00692437   0.0652169   -0.997847   0.0670064
          0           0           0           1
v_world_imu: -0.00105717   0.0020864 0.000222742
frame_790
id: 1579
stamp: 1783948481.100654840
T_odom_lidar: 
   0.576239    0.815795   0.0492615   0.0215334
   0.817251   -0.574647  -0.0433814  -0.0401982
-0.00708238   0.0652571   -0.997843   0.0668886
          0           0           0           1
T_world_lidar: 
   0.576239    0.815795   0.0492615   0.0215334
   0.817251   -0.574647  -0.0433814  -0.0401982
-0.00708238   0.0652571   -0.997843   0.0668886
          0           0           0           1
v_world_imu: 3.4833e-05 0.00326868 0.00186437
frame_791
id: 1580
stamp: 1783948481.201517582
T_odom_lidar: 
   0.576239    0.815799   0.0492083   0.0215326
   0.817249   -0.574639  -0.0435176    -0.04016
-0.00722461    0.065292    -0.99784    0.066995
          0           0           0           1
T_world_lidar: 
   0.576239    0.815799   0.0492083   0.0215326
   0.817249   -0.574639  -0.0435176    -0.04016
-0.00722461    0.065292    -0.99784    0.066995
          0           0           0           1
v_world_imu: -0.00061045  0.00181317  0.00307828
frame_792
id: 1581
stamp: 1783948481.302397490
T_odom_lidar: 
    0.57625     0.81579   0.0492255   0.0216065
   0.817243   -0.574658  -0.0433867  -0.0402047
-0.00710658   0.0652307   -0.997845   0.0672227
          0           0           0           1
T_world_lidar: 
    0.57625     0.81579   0.0492255   0.0216065
   0.817243   -0.574658  -0.0433867  -0.0402047
-0.00710658   0.0652307   -0.997845   0.0672227
          0           0           0           1
v_world_imu: -0.00102012  0.00136845  0.00539003
frame_793
id: 1582
stamp: 1783948481.403249741
T_odom_lidar: 
    0.57629     0.81576   0.0492521   0.0215089
   0.817215   -0.574699  -0.0433674  -0.0402839
-0.00707227   0.0652417   -0.997844   0.0677111
          0           0           0           1
T_world_lidar: 
    0.57629     0.81576   0.0492521   0.0215089
   0.817215   -0.574699  -0.0433674  -0.0402839
-0.00707227   0.0652417   -0.997844   0.0677111
          0           0           0           1
v_world_imu: -0.000246124   0.00254089   0.00605106
frame_794
id: 1583
stamp: 1783948481.504128933
T_odom_lidar: 
    0.57634    0.815731   0.0491442   0.0214677
   0.817178   -0.574744  -0.0434691   -0.040308
-0.00721373   0.0652125   -0.997845    0.068513
          0           0           0           1
T_world_lidar: 
    0.57634    0.815731   0.0491442   0.0214677
   0.817178   -0.574744  -0.0434691   -0.040308
-0.00721373   0.0652125   -0.997845    0.068513
          0           0           0           1
v_world_imu: 0.000108348  0.00268359  0.00905054
frame_795
id: 1584
stamp: 1783948481.604973555
T_odom_lidar: 
   0.576425    0.815674   0.0490977   0.0214988
   0.817118   -0.574822   -0.043567  -0.0403044
-0.00731403   0.0652317   -0.997843    0.069649
          0           0           0           1
T_world_lidar: 
   0.576425    0.815674   0.0490977   0.0214988
   0.817118   -0.574822   -0.043567  -0.0403044
-0.00731403   0.0652317   -0.997843    0.069649
          0           0           0           1
v_world_imu: 0.000606369  0.00281563   0.0125919
frame_796
id: 1585
stamp: 1783948481.705868006
T_odom_lidar: 
  0.576492   0.815631   0.049017  0.0215138
  0.817069  -0.574886 -0.0436335 -0.0402799
-0.0074096  0.0652047  -0.997844  0.0710998
         0          0          0          1
T_world_lidar: 
  0.576492   0.815631   0.049017  0.0215138
  0.817069  -0.574886 -0.0436335 -0.0402799
-0.0074096  0.0652047  -0.997844  0.0710998
         0          0          0          1
v_world_imu: 0.000633637  0.00275185   0.0159827
frame_797
id: 1586
stamp: 1783948481.806704283
T_odom_lidar: 
   0.576538    0.815595   0.0490709   0.0214588
   0.817036   -0.574923  -0.0437733  -0.0403174
-0.00748937   0.0653296   -0.997836   0.0729516
          0           0           0           1
T_world_lidar: 
   0.576538    0.815595   0.0490709   0.0214588
   0.817036   -0.574923  -0.0437733  -0.0403174
-0.00748937   0.0653296   -0.997836   0.0729516
          0           0           0           1
v_world_imu: 0.00147451 0.00134794  0.0220899
frame_798
id: 1587
stamp: 1783948481.908345699
T_odom_lidar: 
   0.576637    0.815507   0.0493732   0.0215222
    0.81697   -0.575039  -0.0434793  -0.0404902
-0.00706618   0.0654082   -0.997834   0.0752056
          0           0           0           1
T_world_lidar: 
   0.576637    0.815507   0.0493732   0.0215222
    0.81697   -0.575039  -0.0434793  -0.0404902
-0.00706618   0.0654082   -0.997834   0.0752056
          0           0           0           1
v_world_imu:  0.0025903 0.00213282  0.0233572
frame_799
id: 1588
stamp: 1783948482.008438826
T_odom_lidar: 
   0.576768    0.815416   0.0493483   0.0217532
   0.816878   -0.575174  -0.0434295  -0.0404575
-0.00702922   0.0653603   -0.997837    0.077701
          0           0           0           1
T_world_lidar: 
   0.576768    0.815416   0.0493483   0.0217532
   0.816878   -0.575174  -0.0434295  -0.0404575
-0.00702922   0.0653603   -0.997837    0.077701
          0           0           0           1
v_world_imu: 0.00354648 0.00255782  0.0265861
frame_800
id: 1589
stamp: 1783948482.109295845
T_odom_lidar: 
   0.577328    0.815008   0.0495403   0.0217305
   0.816482    -0.57572  -0.0436381  -0.0405583
-0.00704408   0.0656423   -0.997818   0.0808445
          0           0           0           1
T_world_lidar: 
   0.577328    0.815008   0.0495403   0.0217305
   0.816482    -0.57572  -0.0436381  -0.0405583
-0.00704408   0.0656423   -0.997818   0.0808445
          0           0           0           1
v_world_imu:    0.0017409 -0.000367165    0.0332407
frame_801
id: 1590
stamp: 1783948482.210158110
T_odom_lidar: 
   0.577918     0.81458   0.0496952   0.0217745
   0.816071   -0.576369  -0.0427347  -0.0404475
-0.00616806    0.065252    -0.99785   0.0852956
          0           0           0           1
T_world_lidar: 
   0.577918     0.81458   0.0496952   0.0217745
   0.816071   -0.576369  -0.0427347  -0.0404475
-0.00616806    0.065252    -0.99785   0.0852956
          0           0           0           1
v_world_imu: 0.00302285 0.00433933  0.0337166
frame_802
id: 1591
stamp: 1783948482.311015844
T_odom_lidar: 
   0.578399     0.81426   0.0493596   0.0220335
    0.81573    -0.57686  -0.0426227  -0.0404272
-0.00623236    0.064917   -0.997871   0.0886398
          0           0           0           1
T_world_lidar: 
   0.578399     0.81426   0.0493596   0.0220335
    0.81573    -0.57686  -0.0426227  -0.0404272
-0.00623236    0.064917   -0.997871   0.0886398
          0           0           0           1
v_world_imu: 0.0044431 0.0019644  0.031749
frame_803
id: 1592
stamp: 1783948482.411880970
T_odom_lidar: 
   0.579009    0.813844   0.0490618   0.0223267
   0.815298   -0.577493  -0.0423111  -0.0404649
-0.00610177   0.0644985   -0.997899    0.091917
          0           0           0           1
T_world_lidar: 
   0.579009    0.813844   0.0490618   0.0223267
   0.815298   -0.577493  -0.0423111  -0.0404649
-0.00610177   0.0644985   -0.997899    0.091917
          0           0           0           1
v_world_imu: 0.00466513 0.00112412  0.0331867
frame_804
id: 1593
stamp: 1783948482.512779474
T_odom_lidar: 
    0.57976    0.813321   0.0488581   0.0228043
   0.814767   -0.578282  -0.0417644  -0.0404653
-0.00571414   0.0640213   -0.997932   0.0956086
          0           0           0           1
T_world_lidar: 
    0.57976    0.813321   0.0488581   0.0228043
   0.814767   -0.578282  -0.0417644  -0.0404653
-0.00571414   0.0640213   -0.997932   0.0956086
          0           0           0           1
v_world_imu:   0.00589907 -0.000523489    0.0360543
frame_805
id: 1594
stamp: 1783948482.613678455
T_odom_lidar: 
   0.580687    0.812667   0.0487414    0.023144
   0.814109   -0.579234  -0.0414003  -0.0406213
-0.00541196   0.0637214   -0.997953    0.099119
          0           0           0           1
T_world_lidar: 
   0.580687    0.812667   0.0487414    0.023144
   0.814109   -0.579234  -0.0414003  -0.0406213
-0.00541196   0.0637214   -0.997953    0.099119
          0           0           0           1
v_world_imu:   0.0056226 -0.00375503   0.0329468
frame_806
id: 1595
stamp: 1783948482.714478731
T_odom_lidar: 
   0.581677    0.811962   0.0486855   0.0240683
   0.813403    -0.58024  -0.0411969  -0.0401757
-0.00520105   0.0635643   -0.997964    0.102715
          0           0           0           1
T_world_lidar: 
   0.581677    0.811962   0.0486855   0.0240683
   0.813403    -0.58024  -0.0411969  -0.0401757
-0.00520105   0.0635643   -0.997964    0.102715
          0           0           0           1
v_world_imu:   0.0105276 -0.00108279   0.0356077
frame_807
id: 1596
stamp: 1783948482.815340042
T_odom_lidar: 
   0.582792    0.811158   0.0487419   0.0251536
   0.812607   -0.581373  -0.0409318  -0.0398193
-0.00486491   0.0634628   -0.997972      0.1061
          0           0           0           1
T_world_lidar: 
   0.582792    0.811158   0.0487419   0.0251536
   0.812607   -0.581373  -0.0409318  -0.0398193
-0.00486491   0.0634628   -0.997972      0.1061
          0           0           0           1
v_world_imu:  0.0120408 0.00268445   0.028849
frame_808
id: 1597
stamp: 1783948482.916200876
T_odom_lidar: 
   0.584304    0.810061   0.0488892   0.0260781
   0.811522   -0.582896  -0.0407901  -0.0394891
-0.00454516   0.0635085   -0.997971    0.108471
          0           0           0           1
T_world_lidar: 
   0.584304    0.810061   0.0488892   0.0260781
   0.811522   -0.582896  -0.0407901  -0.0394891
-0.00454516   0.0635085   -0.997971    0.108471
          0           0           0           1
v_world_imu:   0.010347 0.00184068  0.0172868
frame_809
id: 1598
stamp: 1783948483.017066240
T_odom_lidar: 
   0.586157    0.808713   0.0490242   0.0267024
   0.810187   -0.584771  -0.0404832  -0.0396168
-0.00407138   0.0634483   -0.997977    0.109528
          0           0           0           1
T_world_lidar: 
   0.586157    0.808713   0.0490242   0.0267024
   0.810187   -0.584771  -0.0404832  -0.0396168
-0.00407138   0.0634483   -0.997977    0.109528
          0           0           0           1
v_world_imu:   0.00890261 -0.000627518    0.0017274
frame_810
id: 1599
stamp: 1783948483.117945671
T_odom_lidar: 
   0.588391    0.807069    0.049342   0.0271907
   0.808567   -0.587003  -0.0405803  -0.0397529
-0.00378722   0.0637735   -0.997957    0.108741
          0           0           0           1
T_world_lidar: 
   0.588391    0.807069    0.049342   0.0271907
   0.808567   -0.587003  -0.0405803  -0.0397529
-0.00378722   0.0637735   -0.997957    0.108741
          0           0           0           1
v_world_imu: 0.00725381 -0.0001517 -0.0192787
frame_811
id: 1600
stamp: 1783948483.221476555
T_odom_lidar: 
   0.590975    0.805161   0.0496356   0.0274437
   0.806683   -0.589592  -0.0405532  -0.0399882
-0.00338713    0.064006   -0.997944    0.105505
          0           0           0           1
T_world_lidar: 
   0.590975    0.805161   0.0496356   0.0274437
   0.806683   -0.589592  -0.0405532  -0.0399882
-0.00338713    0.064006   -0.997944    0.105505
          0           0           0           1
v_world_imu:  0.00431876 -0.00801518  -0.0484046
frame_812
id: 1601
stamp: 1783948483.319777012
T_odom_lidar: 
   0.59406   0.802871  0.0499057  0.0272935
  0.804415  -0.592666 -0.0407842 -0.0408034
 -0.003167  0.0643732  -0.997921  0.0991342
         0          0          0          1
T_world_lidar: 
   0.59406   0.802871  0.0499057  0.0272935
  0.804415  -0.592666 -0.0407842 -0.0408034
 -0.003167  0.0643732  -0.997921  0.0991342
         0          0          0          1
v_world_imu: -0.000790128   -0.0133525   -0.0836904
frame_813
id: 1602
stamp: 1783948483.420522213
T_odom_lidar: 
   0.597871    0.800024   0.0501096   0.0266865
   0.801586   -0.596453  -0.0412715  -0.0421029
-0.00313015   0.0648422   -0.997891    0.088587
          0           0           0           1
T_world_lidar: 
   0.597871    0.800024   0.0501096   0.0266865
   0.801586   -0.596453  -0.0412715  -0.0421029
-0.00313015   0.0648422   -0.997891    0.088587
          0           0           0           1
v_world_imu: -0.00446519  -0.0160786   -0.128925
frame_814
id: 1603
stamp: 1783948483.521425962
T_odom_lidar: 
   0.602571      0.7965   0.0499654   0.0255256
   0.798058   -0.601115  -0.0419947  -0.0438658
-0.00341379   0.0651801   -0.997868   0.0726915
          0           0           0           1
T_world_lidar: 
   0.602571      0.7965   0.0499654   0.0255256
   0.798058   -0.601115  -0.0419947  -0.0438658
-0.00341379   0.0651801   -0.997868   0.0726915
          0           0           0           1
v_world_imu:  -0.010174 -0.0222668  -0.185773
frame_815
id: 1604
stamp: 1783948483.622253180
T_odom_lidar: 
   0.608249    0.792196   0.0495893   0.0238067
   0.793736   -0.606726   -0.043219  -0.0461768
-0.00415082   0.0656487   -0.997834   0.0509743
          0           0           0           1
T_world_lidar: 
   0.608249    0.792196   0.0495893   0.0238067
   0.793736   -0.606726   -0.043219  -0.0461768
-0.00415082   0.0656487   -0.997834   0.0509743
          0           0           0           1
v_world_imu: -0.0161639 -0.0261336  -0.248903
frame_816
id: 1605
stamp: 1783948483.723116875
T_odom_lidar: 
   0.615125    0.786914   0.0488747   0.0211955
   0.788411   -0.613496  -0.0450722  -0.0488013
-0.00548354   0.0662583   -0.997787    0.022343
          0           0           0           1
T_world_lidar: 
   0.615125    0.786914   0.0488747   0.0211955
   0.788411   -0.613496  -0.0450722  -0.0488013
-0.00548354   0.0662583   -0.997787    0.022343
          0           0           0           1
v_world_imu: -0.0222304  -0.028733  -0.321267
frame_817
id: 1606
stamp: 1783948483.824018478
T_odom_lidar: 
   0.623533    0.780373   0.0471728    0.018339
   0.781758   -0.621758  -0.0476635  -0.0526737
-0.00786517   0.0665974   -0.997749  -0.0145305
          0           0           0           1
T_world_lidar: 
   0.623533    0.780373   0.0471728    0.018339
   0.781758   -0.621758  -0.0476635  -0.0526737
-0.00786517   0.0665974   -0.997749  -0.0145305
          0           0           0           1
v_world_imu:  -0.030526 -0.0334523  -0.412116
frame_818
id: 1607
stamp: 1783948483.924868584
T_odom_lidar: 
   0.63342   0.772424   0.046253  0.0137983
  0.773742  -0.631453 -0.0509042  -0.055697
 -0.010113  0.0680316  -0.997632 -0.0604713
         0          0          0          1
T_world_lidar: 
   0.63342   0.772424   0.046253  0.0137983
  0.773742  -0.631453 -0.0509042  -0.055697
 -0.010113  0.0680316  -0.997632 -0.0604713
         0          0          0          1
v_world_imu: -0.0531849 -0.0353744  -0.499753
frame_819
id: 1608
stamp: 1783948484.025734186
T_odom_lidar: 
  0.645641   0.762479  0.0421121  0.0103763
  0.763515   -0.64355 -0.0537399 -0.0597745
-0.0138743  0.0668499  -0.997667  -0.115725
         0          0          0          1
T_world_lidar: 
  0.645641   0.762479  0.0421121  0.0103763
  0.763515   -0.64355 -0.0537399 -0.0597745
-0.0138743  0.0668499  -0.997667  -0.115725
         0          0          0          1
v_world_imu: -0.0382428 -0.0735203  -0.594196
frame_820
id: 1609
stamp: 1783948484.126567841
T_odom_lidar: 
  0.659585    0.75058  0.0397222 0.00477647
  0.751404  -0.657169  -0.059331 -0.0627861
-0.0184284  0.0689812  -0.997448  -0.180142
         0          0          0          1
T_world_lidar: 
  0.659585    0.75058  0.0397222 0.00477647
  0.751404  -0.657169  -0.059331 -0.0627861
-0.0184284  0.0689812  -0.997448  -0.180142
         0          0          0          1
v_world_imu: -0.0378709 0.00455247   -0.67796
frame_821
id: 1610
stamp: 1783948484.227433920
T_odom_lidar: 
  0.680758    0.73184   0.031282 0.00534738
  0.732181  -0.678555  -0.058939 -0.0586578
-0.0219074  0.0630273  -0.997771  -0.243079
         0          0          0          1
T_world_lidar: 
  0.680758    0.73184   0.031282 0.00534738
  0.732181  -0.678555  -0.058939 -0.0586578
-0.0219074  0.0630273  -0.997771  -0.243079
         0          0          0          1
v_world_imu:  0.021969 0.0406955 -0.514476
frame_822
id: 1611
stamp: 1783948484.328305244
T_odom_lidar: 
   0.699565    0.714159   0.0242121   0.0105652
   0.714553   -0.698919  -0.0304334  -0.0588815
-0.00481205    0.038591   -0.999244    -0.28359
          0           0           0           1
T_world_lidar: 
   0.699565    0.714159   0.0242121   0.0105652
   0.714553   -0.698919  -0.0304334  -0.0588815
-0.00481205    0.038591   -0.999244    -0.28359
          0           0           0           1
v_world_imu: 0.0894292 0.0188992 -0.294496
frame_823
id: 1612
stamp: 1783948484.429185152
T_odom_lidar: 
  0.720283   0.692988  0.0309836  0.0215819
  0.692972  -0.720847  0.0129937 -0.0611806
 0.0313389  0.0121116  -0.999435  -0.304737
         0          0          0          1
T_world_lidar: 
  0.720283   0.692988  0.0309836  0.0215819
  0.692972  -0.720847  0.0129937 -0.0611806
 0.0313389  0.0121116  -0.999435  -0.304737
         0          0          0          1
v_world_imu:   0.127986 0.00998179  -0.118409
frame_824
id: 1613
stamp: 1783948484.530036688
T_odom_lidar: 
  0.722981    0.68848  0.0573891  0.0329008
  0.686953   -0.72523  0.0462235 -0.0594488
 0.0734443 0.00600489  -0.997281  -0.307928
         0          0          0          1
T_world_lidar: 
  0.722981    0.68848  0.0573891  0.0329008
  0.686953   -0.72523  0.0462235 -0.0594488
 0.0734443 0.00600489  -0.997281  -0.307928
         0          0          0          1
v_world_imu:  0.156273 0.0668271  0.038262
frame_825
id: 1614
stamp: 1783948484.630912304
T_odom_lidar: 
   0.70782   0.700799  0.0887245  0.0505904
  0.699471  -0.712874  0.0505073 -0.0478334
 0.0986449  0.0263101  -0.994775  -0.301545
         0          0          0          1
T_world_lidar: 
   0.70782   0.700799  0.0887245  0.0505904
  0.699471  -0.712874  0.0505073 -0.0478334
 0.0986449  0.0263101  -0.994775  -0.301545
         0          0          0          1
v_world_imu:  0.232674  0.166286 0.0630457
frame_826
id: 1615
stamp: 1783948484.731754303
T_odom_lidar: 
   0.71336   0.693259   0.102516  0.0792364
  0.696507  -0.717528 0.00558819 -0.0214226
 0.0774322  0.0674168  -0.994716  -0.298993
         0          0          0          1
T_world_lidar: 
   0.71336   0.693259   0.102516  0.0792364
  0.696507  -0.717528 0.00558819 -0.0214226
 0.0774322  0.0674168  -0.994716  -0.298993
         0          0          0          1
v_world_imu:   0.338141   0.303641 -0.0185308
frame_827
id: 1616
stamp: 1783948484.832619190
T_odom_lidar: 
  0.745827    0.65953  0.0936083   0.116614
  0.666085  -0.740166 -0.0921122  0.0196738
0.00853491   0.131051  -0.991339  -0.309359
         0          0          0          1
T_world_lidar: 
  0.745827    0.65953  0.0936083   0.116614
  0.666085  -0.740166 -0.0921122  0.0196738
0.00853491   0.131051  -0.991339  -0.309359
         0          0          0          1
v_world_imu:  0.401406   0.37718 -0.176795
frame_828
id: 1617
stamp: 1783948484.933489561
T_odom_lidar: 
  0.750873   0.656306  0.0738382   0.160719
  0.654783  -0.725158  -0.213085  0.0663719
-0.0863043   0.208348   -0.97424  -0.332987
         0          0          0          1
T_world_lidar: 
  0.750873   0.656306  0.0738382   0.160719
  0.654783  -0.725158  -0.213085  0.0663719
-0.0863043   0.208348   -0.97424  -0.332987
         0          0          0          1
v_world_imu:  0.42247 0.354779 -0.25291
frame_829
id: 1618
stamp: 1783948485.034385443
T_odom_lidar: 
 0.736554  0.674886 0.0448977  0.206418
 0.652248 -0.691138  -0.31129  0.102349
-0.179055  0.258566 -0.949254 -0.361425
        0         0         0         1
T_world_lidar: 
 0.736554  0.674886 0.0448977  0.206418
 0.652248 -0.691138  -0.31129  0.102349
-0.179055  0.258566 -0.949254 -0.361425
        0         0         0         1
v_world_imu:  0.445133  0.276515 -0.296452
frame_830
id: 1619
stamp: 1783948485.135206461
T_odom_lidar: 
 0.716263  0.697748 0.0107086  0.252649
 0.650269   -0.6618 -0.373056  0.131793
-0.253212   0.27417 -0.927747 -0.392543
        0         0         0         1
T_world_lidar: 
 0.716263  0.697748 0.0107086  0.252649
 0.650269   -0.6618 -0.373056  0.131793
-0.253212   0.27417 -0.927747 -0.392543
        0         0         0         1
v_world_imu:  0.416789  0.189887 -0.307662
frame_831
id: 1620
stamp: 1783948485.236191750
T_odom_lidar: 
  0.715029   0.698692 -0.0237239   0.293461
  0.634058   -0.66243  -0.398945   0.146828
 -0.294455   0.270215  -0.916668  -0.425629
         0          0          0          1
T_world_lidar: 
  0.715029   0.698692 -0.0237239   0.293461
  0.634058   -0.66243  -0.398945   0.146828
 -0.294455   0.270215  -0.916668  -0.425629
         0          0          0          1
v_world_imu:  0.355601 0.0513266 -0.316356
frame_832
id: 1621
stamp: 1783948485.336934328
T_odom_lidar: 
  0.733558   0.677865 -0.0489033   0.326733
  0.612874  -0.690893  -0.383475   0.142753
 -0.293731    0.25133  -0.922256  -0.456028
         0          0          0          1
T_world_lidar: 
  0.733558   0.677865 -0.0489033   0.326733
  0.612874  -0.690893  -0.383475   0.142753
 -0.293731    0.25133  -0.922256  -0.456028
         0          0          0          1
v_world_imu:  0.259337 -0.105074 -0.301067
frame_833
id: 1622
stamp: 1783948485.437797308
T_odom_lidar: 
  0.768033   0.638232 -0.0527739   0.347821
  0.587659  -0.735123  -0.338011   0.127275
 -0.254525    0.22859  -0.939661  -0.484376
         0          0          0          1
T_world_lidar: 
  0.768033   0.638232 -0.0527739   0.347821
  0.587659  -0.735123  -0.338011   0.127275
 -0.254525    0.22859  -0.939661  -0.484376
         0          0          0          1
v_world_imu:  0.173371 -0.123113 -0.260171
