1783948401.418012381 0.090278 -0.000077 0.174421 0.014811 -0.048308 -0.351095 0.934975
1783948401.422091007 0.091912 0.000234 0.174972 0.014556 -0.048196 -0.350101 0.935358
1783948401.432111263 0.095883 0.001123 0.176259 0.014040 -0.047860 -0.348513 0.935976
1783948401.442154169 0.099891 0.002040 0.177555 0.013504 -0.047418 -0.347058 0.936547
1783948401.452112913 0.103888 0.002971 0.178850 0.012966 -0.046938 -0.345746 0.937064
1783948401.462097883 0.107916 0.003928 0.180157 0.012407 -0.046360 -0.344562 0.937536
1783948401.472131729 0.111975 0.004911 0.181474 0.011813 -0.045682 -0.343513 0.937962
1783948401.482075453 0.116004 0.005897 0.182778 0.011261 -0.044961 -0.342562 0.938351
1783948401.492474556 0.120219 0.006953 0.184126 0.010710 -0.044078 -0.341704 0.938712
1783948401.502128601 0.124142 0.007936 0.185374 0.010171 -0.043197 -0.340841 0.939073
1783948401.512079954 0.128174 0.008959 0.186644 0.009654 -0.042205 -0.340009 0.939425
1783948401.518874645 0.130943 0.009618 0.187531 0.009285 -0.041469 -0.339145 0.939774
1783948401.518874645 0.130943 0.009618 0.187531 0.009285 -0.041469 -0.339145 0.939774
1783948401.522079945 0.132259 0.009857 0.187932 0.009093 -0.041127 -0.338522 0.940015
1783948401.532091618 0.136326 0.010557 0.189144 0.008721 -0.040031 -0.337161 0.940555
1783948401.542127371 0.140355 0.011232 0.190339 0.008393 -0.038847 -0.335785 0.941100
1783948401.552087784 0.144296 0.011880 0.191506 0.008192 -0.037660 -0.334455 0.941623
1783948401.562122345 0.148210 0.012526 0.192663 0.008017 -0.036380 -0.333155 0.942136
1783948401.572118282 0.152042 0.013170 0.193797 0.007921 -0.035088 -0.331920 0.942621
1783948401.582093477 0.155793 0.013813 0.194910 0.007912 -0.033752 -0.330740 0.943085
1783948401.592979908 0.159787 0.014517 0.196098 0.008030 -0.032257 -0.329648 0.943518
1783948401.602101088 0.163056 0.015130 0.197077 0.008171 -0.031028 -0.328750 0.943872
1783948401.612108469 0.166562 0.015816 0.198115 0.008330 -0.029623 -0.328077 0.944150
1783948401.619747877 0.169182 0.016355 0.198891 0.008438 -0.028515 -0.327594 0.944351
1783948401.619747877 0.169182 0.016355 0.198891 0.008438 -0.028515 -0.327594 0.944351
1783948401.622446060 0.170086 0.016492 0.199120 0.008436 -0.028116 -0.327257 0.944479
1783948401.632068872 0.173230 0.016821 0.199861 0.008651 -0.026786 -0.326639 0.944730
1783948401.642141581 0.176388 0.017133 0.200606 0.008957 -0.025399 -0.326242 0.944902
1783948401.652065754 0.179359 0.017428 0.201315 0.009302 -0.024062 -0.326008 0.945015
1783948401.662254572 0.182246 0.017711 0.202022 0.009712 -0.022741 -0.325870 0.945091
1783948401.672160625 0.184879 0.017979 0.202701 0.010182 -0.021563 -0.325689 0.945176
1783948401.685374975 0.188122 0.018226 0.203552 0.011051 -0.020143 -0.325542 0.945248
1783948401.692105770 0.189663 0.018457 0.204016 0.011399 -0.019355 -0.325170 0.945389
1783948401.702077627 0.191794 0.018736 0.204657 0.012099 -0.018352 -0.324681 0.945568
1783948401.712132215 0.193762 0.019039 0.205273 0.012836 -0.017411 -0.324082 0.945782
1783948401.720644474 0.195284 0.019343 0.205781 0.013429 -0.016640 -0.323451 0.946003
1783948401.720644474 0.195284 0.019343 0.205781 0.013429 -0.016640 -0.323451 0.946003
1783948401.722229719 0.195552 0.019416 0.205856 0.013502 -0.016467 -0.323250 0.946074
1783948401.732135057 0.197217 0.019946 0.206324 0.014147 -0.015484 -0.321997 0.946508
1783948401.742137909 0.198706 0.020491 0.206771 0.014833 -0.014527 -0.320789 0.946923
1783948401.752093554 0.199994 0.021050 0.207195 0.015549 -0.013644 -0.319660 0.947307
1783948401.762071133 0.201091 0.021633 0.207608 0.016272 -0.012873 -0.318710 0.947625
1783948401.772100210 0.202004 0.022249 0.208017 0.017039 -0.012189 -0.317922 0.947885
1783948401.782072067 0.202726 0.022897 0.208423 0.017802 -0.011567 -0.317352 0.948070
1783948401.792135239 0.203272 0.023595 0.208829 0.018583 -0.011050 -0.316997 0.948180
1783948401.802077770 0.203637 0.024327 0.209225 0.019334 -0.010582 -0.316862 0.948216
1783948401.813340187 0.203853 0.025217 0.209671 0.020226 -0.010136 -0.316895 0.948191
1783948401.821522713 0.203833 0.025877 0.209986 0.020788 -0.009904 -0.317015 0.948141
1783948401.821522713 0.203833 0.025877 0.209986 0.020788 -0.009904 -0.317015 0.948141
1783948401.822045326 0.203825 0.025896 0.209993 0.020816 -0.009889 -0.317013 0.948141
1783948401.832170725 0.203681 0.026104 0.210027 0.021354 -0.009592 -0.316875 0.948178
1783948401.845349312 0.203305 0.026343 0.210024 0.022047 -0.009252 -0.316734 0.948213
1783948401.852120161 0.202944 0.026593 0.210083 0.022365 -0.009154 -0.316864 0.948163
1783948401.862144947 0.202327 0.026913 0.210151 0.022852 -0.009032 -0.317084 0.948079
1783948401.872117996 0.201565 0.027262 0.210253 0.023335 -0.008954 -0.317428 0.947953
1783948401.882077932 0.200664 0.027638 0.210396 0.023813 -0.008931 -0.317849 0.947800
1783948401.892130613 0.199624 0.028048 0.210582 0.024265 -0.008931 -0.318366 0.947615
1783948401.902048111 0.198476 0.028482 0.210810 0.024678 -0.008970 -0.318954 0.947407
1783948401.912298203 0.197168 0.028935 0.211089 0.025117 -0.009012 -0.319598 0.947177
1783948401.922087669 0.195797 0.029389 0.211412 0.025537 -0.009125 -0.320255 0.946943
1783948401.922346354 0.195758 0.029405 0.211423 0.025546 -0.009129 -0.320276 0.946936
1783948401.922346354 0.195758 0.029405 0.211423 0.025546 -0.009129 -0.320276 0.946936
1783948401.932152748 0.194353 0.029797 0.211721 0.025813 -0.009199 -0.320569 0.946829
1783948401.942154646 0.192820 0.030189 0.212080 0.026106 -0.009301 -0.320878 0.946715
1783948401.952121735 0.191193 0.030574 0.212496 0.026320 -0.009441 -0.321216 0.946593
1783948401.962100506 0.189471 0.030947 0.212969 0.026487 -0.009612 -0.321559 0.946470
1783948401.972187757 0.187641 0.031309 0.213502 0.026597 -0.009808 -0.321936 0.946337
1783948401.982142210 0.185744 0.031655 0.214075 0.026636 -0.010035 -0.322301 0.946209
1783948401.992114544 0.183765 0.031995 0.214687 0.026579 -0.010258 -0.322669 0.946083
1783948402.002444267 0.181635 0.032341 0.215353 0.026472 -0.010475 -0.323000 0.945971
1783948402.012091637 0.179555 0.032661 0.216009 0.026315 -0.010709 -0.323331 0.945859
1783948402.022129059 0.177323 0.032986 0.216712 0.026126 -0.010939 -0.323616 0.945764
1783948402.023205519 0.177066 0.033028 0.216796 0.026101 -0.010968 -0.323696 0.945738
1783948402.023205519 0.177066 0.033028 0.216796 0.026101 -0.010968 -0.323696 0.945738
1783948402.032091856 0.175066 0.033431 0.217361 0.025735 -0.011116 -0.323696 0.945746
1783948402.042080879 0.172767 0.033910 0.218000 0.025267 -0.011315 -0.323628 0.945779
1783948402.052084684 0.170404 0.034393 0.218639 0.024759 -0.011495 -0.323591 0.945803
1783948402.062088490 0.167974 0.034879 0.219271 0.024214 -0.011650 -0.323591 0.945815
1783948402.072063923 0.165474 0.035366 0.219883 0.023650 -0.011824 -0.323637 0.945812
1783948402.082097054 0.162886 0.035871 0.220472 0.023079 -0.012007 -0.323725 0.945793
1783948402.092093706 0.160234 0.036395 0.221020 0.022419 -0.012173 -0.323880 0.945754
1783948402.103152752 0.157232 0.037031 0.221565 0.021659 -0.012369 -0.324006 0.945726
1783948402.112108707 0.154715 0.037525 0.221955 0.021065 -0.012576 -0.324341 0.945622
1783948402.122111559 0.151862 0.038132 0.222324 0.020347 -0.012740 -0.324617 0.945541
1783948402.124062777 0.151278 0.038218 0.222390 0.020234 -0.012798 -0.324807 0.945477
1783948402.124062777 0.151278 0.038218 0.222390 0.020234 -0.012798 -0.324807 0.945477
1783948402.132093191 0.149058 0.038214 0.222501 0.019736 -0.012965 -0.324994 0.945421
1783948402.142124653 0.146264 0.038191 0.222570 0.019144 -0.013205 -0.325033 0.945417
1783948402.152163982 0.143412 0.038186 0.222565 0.018582 -0.013420 -0.325103 0.945401
1783948402.162077665 0.140539 0.038200 0.222486 0.018046 -0.013634 -0.325238 0.945362
1783948402.172069311 0.137579 0.038219 0.222328 0.017573 -0.013885 -0.325400 0.945311
1783948402.182131767 0.134535 0.038244 0.222079 0.017147 -0.014162 -0.325597 0.945247
1783948402.192089558 0.131462 0.038283 0.221735 0.016714 -0.014424 -0.325869 0.945157
1783948402.202098131 0.128318 0.038328 0.221291 0.016294 -0.014672 -0.326205 0.945045
1783948402.212135315 0.125111 0.038368 0.220751 0.015966 -0.014923 -0.326627 0.944901
1783948402.222169638 0.121852 0.038393 0.220125 0.015644 -0.015146 -0.327073 0.944748
1783948402.224926710 0.120908 0.038430 0.219943 0.015595 -0.015225 -0.327429 0.944624
1783948402.224926710 0.120908 0.038430 0.219943 0.015595 -0.015225 -0.327429 0.944624
1783948402.232217073 0.118279 0.038403 0.219404 0.015387 -0.015456 -0.327925 0.944452
1783948402.242136240 0.114625 0.038307 0.218621 0.015158 -0.015780 -0.328311 0.944316
1783948402.252131224 0.110892 0.038169 0.217759 0.014950 -0.016104 -0.328744 0.944164
1783948402.262071848 0.107135 0.037985 0.216829 0.014813 -0.016379 -0.329236 0.943989
1783948402.272135258 0.103289 0.037752 0.215811 0.014748 -0.016665 -0.329794 0.943791
1783948402.282106638 0.099447 0.037480 0.214724 0.014724 -0.016905 -0.330412 0.943570
1783948402.294364929 0.094646 0.037052 0.213302 0.014748 -0.017156 -0.330903 0.943393
1783948402.302080631 0.091644 0.036798 0.212334 0.014873 -0.017267 -0.331635 0.943132
1783948402.312106133 0.087679 0.036396 0.211039 0.015104 -0.017433 -0.332287 0.942896
1783948402.322118044 0.083679 0.035939 0.209700 0.015470 -0.017610 -0.332894 0.942673
1783948402.327895164 0.081383 0.035680 0.208897 0.015786 -0.017697 -0.333498 0.942452
1783948402.327895164 0.081383 0.035680 0.208897 0.015786 -0.017697 -0.333498 0.942452
1783948402.332152843 0.079676 0.035510 0.208219 0.016018 -0.017727 -0.334012 0.942266
1783948402.342172384 0.075522 0.035103 0.206608 0.016577 -0.017764 -0.334436 0.942105
1783948402.352103949 0.071374 0.034645 0.204992 0.017272 -0.017760 -0.334817 0.941957
1783948402.362134218 0.067154 0.034134 0.203347 0.018073 -0.017772 -0.335197 0.941807
1783948402.372140646 0.062919 0.033588 0.201697 0.018992 -0.017850 -0.335572 0.941654
1783948402.382081747 0.058697 0.033008 0.200052 0.020013 -0.017931 -0.336000 0.941479
1783948402.392238379 0.054366 0.032375 0.198378 0.021139 -0.018000 -0.336425 0.941301
1783948402.402135611 0.050134 0.031721 0.196764 0.022342 -0.018151 -0.336925 0.941091
1783948402.412139177 0.045847 0.031015 0.195159 0.023661 -0.018316 -0.337457 0.940865
1783948402.422119379 0.041566 0.030266 0.193585 0.025051 -0.018501 -0.338066 0.940607
1783948402.426721096 0.039639 0.029893 0.192867 0.025778 -0.018664 -0.338678 0.940364
1783948402.426721096 0.039639 0.029893 0.192867 0.025778 -0.018664 -0.338678 0.940364
1783948402.432122469 0.037497 0.029439 0.191894 0.026636 -0.018820 -0.339381 0.940084
1783948402.442143440 0.033550 0.028583 0.190088 0.028180 -0.019006 -0.340182 0.939745
1783948402.452147007 0.029626 0.027688 0.188309 0.029757 -0.019215 -0.340991 0.939399
1783948402.462114096 0.025731 0.026757 0.186562 0.031352 -0.019426 -0.341817 0.939042
1783948402.472181320 0.021814 0.025783 0.184828 0.032982 -0.019694 -0.342591 0.938699
1783948402.485388279 0.016739 0.024476 0.182589 0.035018 -0.019960 -0.343053 0.938451
1783948402.492101669 0.014169 0.023776 0.181491 0.036114 -0.020188 -0.343754 0.938148
1783948402.502122164 0.010404 0.022741 0.179862 0.037653 -0.020411 -0.344327 0.937872
1783948402.512140989 0.006728 0.021713 0.178255 0.039144 -0.020610 -0.344814 0.937628
1783948402.522164583 0.003158 0.020703 0.176662 0.040554 -0.020739 -0.345195 0.937425
1783948402.527555227 0.001279 0.020162 0.175819 0.041302 -0.020828 -0.345642 0.937226
1783948402.527555227 0.001279 0.020162 0.175819 0.041302 -0.020828 -0.345642 0.937226
1783948402.532161713 -0.000373 0.019627 0.174974 0.041959 -0.020927 -0.346099 0.937025
1783948402.542117119 -0.003991 0.018393 0.173122 0.043215 -0.020898 -0.346432 0.936846
1783948402.552112579 -0.007485 0.017177 0.171277 0.044360 -0.020771 -0.346679 0.936704
1783948402.562145948 -0.010852 0.015976 0.169448 0.045414 -0.020562 -0.346835 0.936600
1783948402.572142124 -0.014056 0.014802 0.167660 0.046376 -0.020276 -0.346943 0.936520
1783948402.582110882 -0.017101 0.013659 0.165923 0.047242 -0.019895 -0.347004 0.936462
1783948402.592112541 -0.020011 0.012528 0.164235 0.048004 -0.019427 -0.346990 0.936438
1783948402.602143764 -0.022780 0.011412 0.162604 0.048729 -0.018886 -0.346900 0.936445
1783948402.613016367 -0.025637 0.010211 0.160906 0.049442 -0.018209 -0.346633 0.936520
1783948402.622123718 -0.027851 0.009258 0.159557 0.049968 -0.017623 -0.346489 0.936556
1783948402.628384829 -0.029255 0.008649 0.158672 0.050330 -0.017208 -0.346529 0.936530
1783948402.628384829 -0.029255 0.008649 0.158672 0.050330 -0.017208 -0.346529 0.936530
1783948402.632103205 -0.030054 0.008318 0.158049 0.050582 -0.017006 -0.346683 0.936463
1783948402.642095804 -0.032265 0.007402 0.156356 0.051152 -0.016339 -0.346446 0.936532
1783948402.652114391 -0.034353 0.006507 0.154715 0.051657 -0.015638 -0.346127 0.936634
1783948402.662114620 -0.036314 0.005633 0.153135 0.052109 -0.014889 -0.345786 0.936747
1783948402.672097921 -0.038157 0.004776 0.151618 0.052488 -0.014127 -0.345410 0.936876
1783948402.682117462 -0.039896 0.003927 0.150154 0.052811 -0.013332 -0.345059 0.936999
1783948402.692122221 -0.041527 0.003083 0.148749 0.053099 -0.012537 -0.344736 0.937113
1783948402.702123165 -0.043056 0.002241 0.147399 0.053324 -0.011727 -0.344442 0.937219
1783948402.712116241 -0.044481 0.001407 0.146101 0.053506 -0.010930 -0.344193 0.937309
1783948402.722227335 -0.045827 0.000567 0.144836 0.053655 -0.010149 -0.343955 0.937397
1783948402.729250431 -0.046651 0.000002 0.144004 0.053749 -0.009638 -0.343961 0.937395
1783948402.729250431 -0.046651 0.000002 0.144004 0.053749 -0.009638 -0.343961 0.937395
1783948402.732083797 -0.046937 -0.000233 0.143585 0.053793 -0.009460 -0.344090 0.937347
1783948402.742703199 -0.047978 -0.001139 0.141918 0.053880 -0.008803 -0.343923 0.937410
1783948402.752187014 -0.048825 -0.001932 0.140484 0.053969 -0.008279 -0.343754 0.937471
1783948402.762191772 -0.049644 -0.002757 0.138995 0.054004 -0.007760 -0.343441 0.937588
1783948402.772420168 -0.050408 -0.003585 0.137504 0.054045 -0.007290 -0.343035 0.937738
1783948402.782162666 -0.051065 -0.004352 0.136123 0.054040 -0.006872 -0.342602 0.937900
1783948402.792087793 -0.051672 -0.005108 0.134742 0.053973 -0.006512 -0.342161 0.938067
1783948402.807752132 -0.052532 -0.006291 0.132472 0.053799 -0.006005 -0.340841 0.938561
1783948402.812130928 -0.052721 -0.006584 0.131925 0.053737 -0.005897 -0.340901 0.938544
1783948402.822190285 -0.053111 -0.007254 0.130592 0.053497 -0.005682 -0.340740 0.938617
1783948402.830120325 -0.053350 -0.007744 0.129581 0.053273 -0.005493 -0.340832 0.938598
1783948402.830120325 -0.053350 -0.007744 0.129581 0.053273 -0.005493 -0.340832 0.938598
1783948402.832100630 -0.053421 -0.007881 0.129287 0.053221 -0.005449 -0.340956 0.938556
1783948402.842252493 -0.053778 -0.008612 0.127709 0.052848 -0.005276 -0.341217 0.938483
1783948402.852161407 -0.054059 -0.009294 0.126204 0.052427 -0.005151 -0.341480 0.938412
1783948402.862156153 -0.054286 -0.009961 0.124723 0.051949 -0.005046 -0.341689 0.938363
1783948402.872099876 -0.054469 -0.010605 0.123295 0.051428 -0.005055 -0.341814 0.938346
1783948402.882170677 -0.054614 -0.011241 0.121899 0.050866 -0.005102 -0.341802 0.938380
1783948402.892094135 -0.054723 -0.011851 0.120580 0.050278 -0.005237 -0.341632 0.938473
1783948402.902681351 -0.054813 -0.012479 0.119225 0.049581 -0.005490 -0.341173 0.938676
1783948402.912133455 -0.054867 -0.013015 0.118084 0.048964 -0.005814 -0.340575 0.938923
1783948402.922170162 -0.054899 -0.013566 0.116920 0.048323 -0.006218 -0.339666 0.939283
1783948402.931976557 -0.054908 -0.014074 0.115838 0.047702 -0.006701 -0.338599 0.939697
1783948402.931976557 -0.054908 -0.014074 0.115838 0.047702 -0.006701 -0.338599 0.939697
1783948402.934385777 -0.054937 -0.014206 0.115520 0.047564 -0.006815 -0.338451 0.939756
1783948402.942096472 -0.055046 -0.014641 0.114469 0.047087 -0.007194 -0.337625 0.940075
1783948402.952169418 -0.055191 -0.015197 0.113109 0.046435 -0.007694 -0.336294 0.940580
1783948402.963407278 -0.055354 -0.015790 0.111629 0.045634 -0.008313 -0.334669 0.941194
1783948402.972108841 -0.055470 -0.016223 0.110546 0.045063 -0.008892 -0.333526 0.941621
1783948402.982138395 -0.055619 -0.016714 0.109317 0.044370 -0.009630 -0.332227 0.942106
1783948402.992141962 -0.055763 -0.017181 0.108127 0.043600 -0.010443 -0.330998 0.942566
1783948403.002151251 -0.055890 -0.017617 0.106963 0.042867 -0.011307 -0.329937 0.942961
1783948403.012147188 -0.056011 -0.018025 0.105822 0.042139 -0.012211 -0.328977 0.943318
1783948403.022168636 -0.056123 -0.018409 0.104690 0.041334 -0.013148 -0.328145 0.943631
1783948403.031908751 -0.056218 -0.018750 0.103594 0.040601 -0.014105 -0.327514 0.943868
1783948403.031908751 -0.056218 -0.018750 0.103594 0.040601 -0.014105 -0.327514 0.943868
1783948403.032138586 -0.056225 -0.018759 0.103565 0.040585 -0.014132 -0.327507 0.943871
1783948403.042180300 -0.056639 -0.019151 0.102276 0.039858 -0.015298 -0.327119 0.944018
1783948403.052142143 -0.057032 -0.019512 0.100987 0.039140 -0.016445 -0.326880 0.944112
1783948403.062186956 -0.057415 -0.019858 0.099676 0.038401 -0.017610 -0.326706 0.944181
1783948403.072183132 -0.057777 -0.020182 0.098353 0.037685 -0.018773 -0.326602 0.944224
1783948403.082175016 -0.058125 -0.020484 0.097013 0.036995 -0.019964 -0.326527 0.944253
1783948403.096292019 -0.058697 -0.020895 0.095066 0.036025 -0.021650 -0.326174 0.944375
1783948403.102145672 -0.058821 -0.021041 0.094254 0.035604 -0.022378 -0.326173 0.944374
1783948403.112141371 -0.059087 -0.021287 0.092832 0.034906 -0.023600 -0.325877 0.944473
1783948403.124447346 -0.059410 -0.021563 0.091030 0.034119 -0.025048 -0.325273 0.944672
1783948403.132115126 -0.059508 -0.021712 0.089886 0.033579 -0.025960 -0.324904 0.944794
1783948403.132707357 -0.059508 -0.021722 0.089797 0.033537 -0.026035 -0.324879 0.944802
1783948403.132707357 -0.059508 -0.021722 0.089797 0.033537 -0.026035 -0.324879 0.944802
1783948403.142179489 -0.059692 -0.021989 0.088141 0.032991 -0.027453 -0.324318 0.944974
1783948403.152173758 -0.059849 -0.022259 0.086347 0.032462 -0.028891 -0.323601 0.945195
1783948403.162117481 -0.059962 -0.022516 0.084514 0.031910 -0.030292 -0.322757 0.945459
1783948403.172155619 -0.060036 -0.022766 0.082615 0.031351 -0.031682 -0.321826 0.945749
1783948403.182180882 -0.059955 -0.023160 0.081073 0.031044 -0.034000 -0.321477 0.945797
1783948403.192123890 -0.059347 -0.023619 0.080222 0.030983 -0.034401 -0.324792 0.944652
1783948403.202150106 -0.058252 -0.023902 0.079642 0.029820 -0.031608 -0.325266 0.944623
1783948403.212209463 -0.057224 -0.024002 0.078950 0.028597 -0.032396 -0.325126 0.944683
1783948403.222153664 -0.056182 -0.024097 0.078127 0.027393 -0.033050 -0.326165 0.944338
1783948403.232192755 -0.054962 -0.024331 0.077188 0.027155 -0.031291 -0.324975 0.944815
1783948403.233571768 -0.054778 -0.024368 0.077050 0.026972 -0.031273 -0.324958 0.944826
1783948403.233571768 -0.054778 -0.024368 0.077050 0.026972 -0.031273 -0.324958 0.944826
1783948403.242174387 -0.053699 -0.024531 0.075841 0.025841 -0.031288 -0.324679 0.944953
1783948403.252959728 -0.052301 -0.024730 0.074180 0.024602 -0.031676 -0.323256 0.945461
1783948403.262112379 -0.051030 -0.025015 0.072737 0.024015 -0.030482 -0.321827 0.946003
1783948403.272145748 -0.049641 -0.025314 0.071047 0.022809 -0.030410 -0.320251 0.946570
1783948403.282185555 -0.048222 -0.025607 0.069285 0.022021 -0.030388 -0.318162 0.947293
1783948403.292139530 -0.046725 -0.026007 0.067645 0.021428 -0.029742 -0.316558 0.947865
1783948403.302180767 -0.045083 -0.026543 0.066279 0.020937 -0.029342 -0.316936 0.947762
1783948403.312187910 -0.043329 -0.027169 0.065110 0.021118 -0.028173 -0.317191 0.947708
1783948403.322128534 -0.041668 -0.027837 0.063930 0.020930 -0.028214 -0.316156 0.948057
1783948403.332239151 -0.039983 -0.028567 0.062610 0.020756 -0.028281 -0.315823 0.948169
1783948403.334465027 -0.039610 -0.028747 0.062341 0.020825 -0.028055 -0.315768 0.948193
1783948403.334465027 -0.039610 -0.028747 0.062341 0.020825 -0.028055 -0.315768 0.948193
1783948403.342117310 -0.038610 -0.029465 0.061454 0.021122 -0.027386 -0.315502 0.948295
1783948403.352143764 -0.037314 -0.030415 0.060349 0.021328 -0.027334 -0.315423 0.948318
1783948403.362151384 -0.035943 -0.031360 0.059286 0.021560 -0.027101 -0.314718 0.948553
1783948403.372156620 -0.034432 -0.032283 0.058216 0.021659 -0.026631 -0.314139 0.948756
1783948403.382131100 -0.032775 -0.033140 0.057127 0.021708 -0.026132 -0.313820 0.948874
1783948403.392155886 -0.030981 -0.033954 0.056007 0.021686 -0.025249 -0.313156 0.949118
1783948403.402190447 -0.029104 -0.034734 0.054875 0.021564 -0.024750 -0.312735 0.949273
1783948403.416222334 -0.026373 -0.035803 0.053283 0.021613 -0.023855 -0.311874 0.949578
1783948403.422205925 -0.025054 -0.036251 0.052645 0.021530 -0.023253 -0.311757 0.949633
1783948403.432191610 -0.022993 -0.036815 0.051850 0.021626 -0.021183 -0.311388 0.949801
1783948403.435301781 -0.022382 -0.036926 0.051662 0.021535 -0.021014 -0.311271 0.949845
1783948403.435301781 -0.022382 -0.036926 0.051662 0.021535 -0.021014 -0.311271 0.949845
1783948403.442186594 -0.021086 -0.037115 0.051027 0.021274 -0.020638 -0.310935 0.949969
1783948403.452134609 -0.019320 -0.037144 0.049952 0.020215 -0.021966 -0.310361 0.950150
1783948403.462186337 -0.017561 -0.037124 0.048745 0.019401 -0.021388 -0.309449 0.950477
1783948403.472190619 -0.015920 -0.037088 0.047483 0.018669 -0.020893 -0.308658 0.950760
1783948403.482209682 -0.014479 -0.036970 0.046190 0.017909 -0.020871 -0.307584 0.951124
1783948403.492225647 -0.013230 -0.036726 0.044875 0.017237 -0.020780 -0.306372 0.951529
1783948403.502211571 -0.012186 -0.036254 0.043538 0.015835 -0.021561 -0.305483 0.951822
1783948403.512284517 -0.011257 -0.035678 0.042148 0.015005 -0.022474 -0.304620 0.952090
1783948403.522212982 -0.010424 -0.035066 0.040725 0.013935 -0.022609 -0.303799 0.952366
1783948403.532195330 -0.009746 -0.034388 0.039246 0.013079 -0.023243 -0.303084 0.952591
1783948403.536172867 -0.009602 -0.034104 0.038716 0.012703 -0.023543 -0.302916 0.952642
1783948403.536172867 -0.009602 -0.034104 0.038716 0.012703 -0.023543 -0.302916 0.952642
1783948403.543735981 -0.009743 -0.033441 0.037833 0.011981 -0.024183 -0.302450 0.952783
1783948403.552132368 -0.010027 -0.032622 0.036838 0.011174 -0.025168 -0.301997 0.952911
1783948403.562149763 -0.010513 -0.031543 0.035763 0.010478 -0.027044 -0.301832 0.952920
1783948403.573662043 -0.010919 -0.030230 0.034726 0.009058 -0.029255 -0.301259 0.953050
1783948403.582136154 -0.010884 -0.029260 0.034010 0.008101 -0.029823 -0.301750 0.952886
1783948403.592150688 -0.010598 -0.027941 0.033187 0.006058 -0.030432 -0.303010 0.952482
1783948403.602171898 -0.010147 -0.026497 0.032298 0.004224 -0.031547 -0.304460 0.951993
1783948403.612835407 -0.009544 -0.024918 0.031248 0.002014 -0.032552 -0.306383 0.951349
1783948403.622128963 -0.008866 -0.023538 0.030275 0.000214 -0.033517 -0.308430 0.950656
1783948403.632158756 -0.007916 -0.021965 0.029216 -0.001875 -0.034531 -0.310617 0.949906
1783948403.640362740 -0.006922 -0.020664 0.028322 -0.003779 -0.035032 -0.312402 0.949296
1783948403.640362740 -0.006922 -0.020664 0.028322 -0.003779 -0.035032 -0.312402 0.949296
1783948403.642694712 -0.006625 -0.020350 0.028056 -0.004304 -0.035142 -0.312993 0.949095
1783948403.652186871 -0.005352 -0.019191 0.026983 -0.006447 -0.035428 -0.315281 0.948315
1783948403.662194014 -0.003803 -0.017978 0.025810 -0.008654 -0.035686 -0.317515 0.947542
1783948403.672701120 -0.001982 -0.016752 0.024532 -0.010904 -0.035845 -0.319660 0.946791
1783948403.682150602 -0.000158 -0.015686 0.023342 -0.012874 -0.035749 -0.321274 0.946224
1783948403.692185402 0.001977 -0.014624 0.022060 -0.014859 -0.035425 -0.322716 0.945716
1783948403.702170610 0.004305 -0.013625 0.020756 -0.016706 -0.034921 -0.323807 0.945331
1783948403.712191105 0.006880 -0.012726 0.019780 -0.019512 -0.033738 -0.324054 0.945236
1783948403.722220898 0.009383 -0.012388 0.019551 -0.022257 -0.031991 -0.322541 0.945753
1783948403.733412027 0.011789 -0.012730 0.019602 -0.020325 -0.031429 -0.322654 0.945777
1783948403.737901688 0.012744 -0.012877 0.019527 -0.021283 -0.031272 -0.322180 0.945922
1783948403.737901688 0.012744 -0.012877 0.019527 -0.021283 -0.031272 -0.322180 0.945922
1783948403.742184162 0.013660 -0.013007 0.019351 -0.022232 -0.031101 -0.321744 0.946055
1783948403.752220869 0.015735 -0.013581 0.018846 -0.021736 -0.029360 -0.320603 0.946509
1783948403.762368679 0.017587 -0.014293 0.018373 -0.022730 -0.028908 -0.319314 0.946935
1783948403.772120714 0.019186 -0.015054 0.017858 -0.022954 -0.029271 -0.318540 0.947179
1783948403.782163382 0.020783 -0.016101 0.017261 -0.022724 -0.028453 -0.316553 0.947876
1783948403.795369148 0.022733 -0.017678 0.016377 -0.022791 -0.027373 -0.314205 0.948687
1783948403.802150726 0.023577 -0.018570 0.015980 -0.022529 -0.027645 -0.312913 0.949112
1783948403.812202930 0.024832 -0.019979 0.015316 -0.022091 -0.027830 -0.310674 0.949852
1783948403.822203875 0.026076 -0.021480 0.014612 -0.021546 -0.027229 -0.308266 0.950666
1783948403.832257509 0.027194 -0.023129 0.013935 -0.021090 -0.027384 -0.305440 0.951584
1783948403.838763952 0.027867 -0.024196 0.013566 -0.020527 -0.027430 -0.304263 0.951972
1783948403.838763952 0.027867 -0.024196 0.013566 -0.020527 -0.027430 -0.304263 0.951972
1783948403.842143059 0.028175 -0.024708 0.013421 -0.020231 -0.027437 -0.303646 0.952175
1783948403.852180481 0.029104 -0.026154 0.013092 -0.019617 -0.026644 -0.303742 0.952180
1783948403.863159657 0.029924 -0.027528 0.012838 -0.018720 -0.024431 -0.304734 0.951940
1783948403.872131109 0.030198 -0.028295 0.012585 -0.018400 -0.023851 -0.305483 0.951721
1783948403.882175207 0.029975 -0.028740 0.012238 -0.018725 -0.025492 -0.305356 0.951713
1783948403.892175436 0.029430 -0.028914 0.011840 -0.018981 -0.027664 -0.306109 0.951405
1783948403.902161360 0.028789 -0.029047 0.011380 -0.019166 -0.027753 -0.305892 0.951468
1783948403.912155151 0.027935 -0.029262 0.010932 -0.019903 -0.028370 -0.305516 0.951556
1783948403.926386833 0.026197 -0.029940 0.010377 -0.019672 -0.030775 -0.305384 0.951529
1783948403.932151556 0.025392 -0.030434 0.010158 -0.019211 -0.031982 -0.305272 0.951534
1783948403.939623833 0.024382 -0.031217 0.009851 -0.018743 -0.032354 -0.305342 0.951508
1783948403.939623833 0.024382 -0.031217 0.009851 -0.018743 -0.032354 -0.305342 0.951508
1783948403.942162991 0.024025 -0.031533 0.009737 -0.018578 -0.032479 -0.305368 0.951499
1783948403.952153206 0.022628 -0.032793 0.009395 -0.016526 -0.033752 -0.305657 0.951400
1783948403.962140799 0.021503 -0.033968 0.009178 -0.015047 -0.035249 -0.305752 0.951340
1783948403.972168446 0.020968 -0.034937 0.009014 -0.014059 -0.035833 -0.304768 0.951648
1783948403.982153654 0.021088 -0.035646 0.008838 -0.014457 -0.035520 -0.304635 0.951697
1783948403.993845463 0.021820 -0.036369 0.008460 -0.015311 -0.033812 -0.303899 0.951981
1783948404.002155542 0.022545 -0.036850 0.008149 -0.015139 -0.032739 -0.303530 0.952139
1783948404.012207031 0.023446 -0.037379 0.007832 -0.015686 -0.032105 -0.303815 0.952061
1783948404.024158239 0.024382 -0.037941 0.007526 -0.015884 -0.030865 -0.303941 0.952058
1783948404.032304764 0.024806 -0.038247 0.007339 -0.015860 -0.030299 -0.303661 0.952166
1783948404.040487051 0.024971 -0.038497 0.007136 -0.015978 -0.030794 -0.303872 0.952081
1783948404.040487051 0.024971 -0.038497 0.007136 -0.015978 -0.030794 -0.303872 0.952081
1783948404.042159319 0.024968 -0.038543 0.007088 -0.016003 -0.030894 -0.303918 0.952063
1783948404.054424286 0.024770 -0.038820 0.006703 -0.015774 -0.031758 -0.303756 0.952090
1783948404.062192202 0.024574 -0.038955 0.006465 -0.015766 -0.032198 -0.303710 0.952090
1783948404.072213411 0.024317 -0.039148 0.006175 -0.015806 -0.032768 -0.303765 0.952052
1783948404.082136869 0.024177 -0.039377 0.005914 -0.015831 -0.033178 -0.303602 0.952089
1783948404.092200279 0.024235 -0.039645 0.005665 -0.015807 -0.033228 -0.303631 0.952079
1783948404.102208614 0.024496 -0.039944 0.005426 -0.015797 -0.033091 -0.303542 0.952112
1783948404.112153530 0.024903 -0.040284 0.005195 -0.015771 -0.032671 -0.303532 0.952130
1783948404.122152328 0.025362 -0.040661 0.004980 -0.015705 -0.032178 -0.303525 0.952151
1783948404.132230043 0.025787 -0.041039 0.004783 -0.015632 -0.031860 -0.303497 0.952171
1783948404.141350985 0.026099 -0.041344 0.004618 -0.015561 -0.031611 -0.303507 0.952178
1783948404.141350985 0.026099 -0.041344 0.004618 -0.015561 -0.031611 -0.303507 0.952178
1783948404.142132998 0.026117 -0.041369 0.004602 -0.015556 -0.031590 -0.303509 0.952178
1783948404.152155638 0.026264 -0.041658 0.004380 -0.015517 -0.031508 -0.303465 0.952195
1783948404.162197590 0.026293 -0.041868 0.004159 -0.015542 -0.031742 -0.303451 0.952191
1783948404.172168493 0.026260 -0.042020 0.003947 -0.015594 -0.031979 -0.303392 0.952201
1783948404.182136536 0.026228 -0.042137 0.003746 -0.015700 -0.032167 -0.303358 0.952204
1783948404.192203999 0.026246 -0.042227 0.003553 -0.015804 -0.032325 -0.303327 0.952207
1783948404.202220201 0.026342 -0.042318 0.003374 -0.015895 -0.032353 -0.303310 0.952210
1783948404.214219332 0.026561 -0.042457 0.003175 -0.015994 -0.032261 -0.303274 0.952223
1783948404.222197771 0.026767 -0.042568 0.003072 -0.016016 -0.032137 -0.303295 0.952220
1783948404.232249498 0.027054 -0.042722 0.002951 -0.016177 -0.032019 -0.303254 0.952234
1783948404.245370150 0.027435 -0.042932 0.002791 -0.016005 -0.031709 -0.303322 0.952226
1783948404.246229887 0.027462 -0.042946 0.002783 -0.016012 -0.031707 -0.303319 0.952227
1783948404.246229887 0.027462 -0.042946 0.002783 -0.016012 -0.031707 -0.303319 0.952227
1783948404.252175093 0.027583 -0.043088 0.002697 -0.016059 -0.031690 -0.303297 0.952234
1783948404.262137890 0.027743 -0.043374 0.002565 -0.015920 -0.031553 -0.303283 0.952245
1783948404.272608042 0.027888 -0.043677 0.002435 -0.015966 -0.031250 -0.303194 0.952283
1783948404.282145262 0.027958 -0.043911 0.002318 -0.015800 -0.031176 -0.303207 0.952284
1783948404.292208433 0.027970 -0.044095 0.002208 -0.015810 -0.031406 -0.303118 0.952304
1783948404.302153826 0.027969 -0.044249 0.002105 -0.015909 -0.031413 -0.303167 0.952287
1783948404.312184334 0.027928 -0.044438 0.002005 -0.015797 -0.031348 -0.303108 0.952310
1783948404.322224617 0.027859 -0.044646 0.001914 -0.015640 -0.031661 -0.303166 0.952283
1783948404.332344532 0.027816 -0.044875 0.001834 -0.015451 -0.031605 -0.303155 0.952292
1783948404.342169285 0.027804 -0.045103 0.001766 -0.015312 -0.031609 -0.303148 0.952296
1783948404.343156338 0.027807 -0.045121 0.001761 -0.015307 -0.031616 -0.303147 0.952296
1783948404.343156338 0.027807 -0.045121 0.001761 -0.015307 -0.031616 -0.303147 0.952296
1783948404.352213621 0.027806 -0.045321 0.001641 -0.015245 -0.031679 -0.303139 0.952298
1783948404.362194777 0.027853 -0.045511 0.001516 -0.015173 -0.031525 -0.303085 0.952321
1783948404.372210026 0.027931 -0.045654 0.001401 -0.015190 -0.031512 -0.303066 0.952327
1783948404.382209301 0.028032 -0.045761 0.001298 -0.015220 -0.031450 -0.303012 0.952346
1783948404.392220259 0.028144 -0.045844 0.001204 -0.015290 -0.031322 -0.303006 0.952351
1783948404.402188540 0.028250 -0.045913 0.001121 -0.015316 -0.031329 -0.302980 0.952359
1783948404.412193060 0.028353 -0.045985 0.001048 -0.015313 -0.031263 -0.302978 0.952362
1783948404.422218561 0.028445 -0.046068 0.000984 -0.015252 -0.031222 -0.302989 0.952360
1783948404.432231903 0.028516 -0.046167 0.000931 -0.015159 -0.031228 -0.302988 0.952362
1783948404.442213535 0.028572 -0.046279 0.000890 -0.015064 -0.031189 -0.302996 0.952362
1783948404.443944931 0.028583 -0.046297 0.000888 -0.015052 -0.031191 -0.302991 0.952364
1783948404.443944931 0.028583 -0.046297 0.000888 -0.015052 -0.031191 -0.302991 0.952364
1783948404.452239037 0.028547 -0.046447 0.000806 -0.014986 -0.031196 -0.302968 0.952372
1783948404.462199211 0.028490 -0.046620 0.000710 -0.014936 -0.031219 -0.302946 0.952379
1783948404.472161293 0.028440 -0.046762 0.000622 -0.014907 -0.031221 -0.302904 0.952393
1783948404.482184649 0.028404 -0.046871 0.000544 -0.014909 -0.031242 -0.302880 0.952400
1783948404.492156982 0.028394 -0.046952 0.000476 -0.014913 -0.031236 -0.302852 0.952409
1783948404.502176523 0.028414 -0.047014 0.000417 -0.014923 -0.031206 -0.302847 0.952411
1783948404.512236357 0.028458 -0.047070 0.000369 -0.014918 -0.031164 -0.302837 0.952416
1783948404.522248030 0.028520 -0.047130 0.000332 -0.014872 -0.031091 -0.302842 0.952417
1783948404.532191515 0.028584 -0.047199 0.000306 -0.014802 -0.031012 -0.302849 0.952419
1783948404.542201042 0.028635 -0.047280 0.000290 -0.014711 -0.030945 -0.302835 0.952427
1783948404.544830799 0.028656 -0.047294 0.000295 -0.014697 -0.030936 -0.302832 0.952428
1783948404.544830799 0.028656 -0.047294 0.000295 -0.014697 -0.030936 -0.302832 0.952428
1783948404.552226067 0.028659 -0.047370 0.000246 -0.014651 -0.030907 -0.302824 0.952432
1783948404.562166929 0.028640 -0.047465 0.000180 -0.014603 -0.030899 -0.302788 0.952445
1783948404.572224379 0.028610 -0.047535 0.000122 -0.014574 -0.030912 -0.302759 0.952454
1783948404.582216501 0.028582 -0.047574 0.000073 -0.014571 -0.030936 -0.302733 0.952462
1783948404.595369577 0.028558 -0.047596 0.000007 -0.014566 -0.030983 -0.302707 0.952468
1783948404.602186441 0.028574 -0.047586 -0.000005 -0.014567 -0.030993 -0.302695 0.952472
1783948404.612199306 0.028612 -0.047576 -0.000026 -0.014548 -0.030961 -0.302693 0.952474
1783948404.622191429 0.028675 -0.047571 -0.000037 -0.014498 -0.030911 -0.302700 0.952474
1783948404.632215500 0.028749 -0.047578 -0.000037 -0.014440 -0.030827 -0.302711 0.952474
1783948404.642277479 0.028820 -0.047594 -0.000025 -0.014362 -0.030752 -0.302706 0.952480
1783948404.645672083 0.028847 -0.047595 -0.000011 -0.014348 -0.030740 -0.302701 0.952482
1783948404.645672083 0.028847 -0.047595 -0.000011 -0.014348 -0.030740 -0.302701 0.952482
1783948404.652201176 0.028853 -0.047632 -0.000042 -0.014316 -0.030717 -0.302694 0.952485
1783948404.662369728 0.028838 -0.047685 -0.000095 -0.014280 -0.030690 -0.302659 0.952498
1783948404.672185421 0.028812 -0.047709 -0.000136 -0.014264 -0.030705 -0.302633 0.952506
1783948404.682169676 0.028781 -0.047705 -0.000171 -0.014284 -0.030725 -0.302614 0.952511
1783948404.692189455 0.028759 -0.047677 -0.000196 -0.014284 -0.030752 -0.302598 0.952515
1783948404.702176332 0.028756 -0.047636 -0.000211 -0.014291 -0.030776 -0.302607 0.952511
1783948404.712210655 0.028777 -0.047596 -0.000214 -0.014263 -0.030767 -0.302600 0.952514
1783948404.722167492 0.028822 -0.047561 -0.000207 -0.014214 -0.030732 -0.302619 0.952510
1783948404.732151270 0.028880 -0.047538 -0.000190 -0.014134 -0.030675 -0.302631 0.952509
1783948404.742270947 0.028938 -0.047526 -0.000162 -0.014045 -0.030611 -0.302634 0.952512
1783948404.746541739 0.028966 -0.047517 -0.000139 -0.014023 -0.030592 -0.302624 0.952516
1783948404.746541739 0.028966 -0.047517 -0.000139 -0.014023 -0.030592 -0.302624 0.952516
1783948404.752184868 0.028964 -0.047538 -0.000160 -0.013994 -0.030567 -0.302610 0.952521
1783948404.762167931 0.028938 -0.047575 -0.000206 -0.013974 -0.030535 -0.302577 0.952533
1783948404.772202492 0.028901 -0.047586 -0.000242 -0.013970 -0.030538 -0.302543 0.952544
1783948404.782171011 0.028862 -0.047567 -0.000268 -0.013985 -0.030567 -0.302514 0.952552
1783948404.792178869 0.028831 -0.047524 -0.000284 -0.013988 -0.030604 -0.302500 0.952555
1783948404.802186251 0.028819 -0.047468 -0.000291 -0.013990 -0.030627 -0.302494 0.952557
1783948404.812207222 0.028830 -0.047412 -0.000286 -0.013967 -0.030601 -0.302500 0.952555
1783948404.822725058 0.028864 -0.047365 -0.000271 -0.013908 -0.030559 -0.302502 0.952557
1783948404.832179070 0.028909 -0.047332 -0.000240 -0.013842 -0.030500 -0.302520 0.952554
1783948404.842230320 0.028955 -0.047308 -0.000199 -0.013765 -0.030447 -0.302519 0.952558
1783948404.847427845 0.028983 -0.047290 -0.000164 -0.013735 -0.030428 -0.302510 0.952561
1783948404.847427845 0.028983 -0.047290 -0.000164 -0.013735 -0.030428 -0.302510 0.952561
1783948404.853459358 0.028976 -0.047301 -0.000175 -0.013698 -0.030408 -0.302501 0.952565
1783948404.862208366 0.028951 -0.047313 -0.000198 -0.013670 -0.030398 -0.302471 0.952576
1783948404.872247458 0.028911 -0.047303 -0.000223 -0.013663 -0.030406 -0.302437 0.952586
1783948404.886119366 0.028844 -0.047256 -0.000275 -0.013670 -0.030442 -0.302399 0.952597
1783948404.892176628 0.028828 -0.047214 -0.000264 -0.013689 -0.030461 -0.302392 0.952598
1783948404.902184725 0.028810 -0.047144 -0.000261 -0.013692 -0.030469 -0.302384 0.952601
1783948404.912301779 0.028816 -0.047077 -0.000247 -0.013677 -0.030456 -0.302391 0.952599
1783948404.923113585 0.028844 -0.047018 -0.000224 -0.013624 -0.030418 -0.302418 0.952592
1783948404.932149410 0.028879 -0.046978 -0.000186 -0.013565 -0.030362 -0.302434 0.952590
1783948404.942174435 0.028915 -0.046946 -0.000139 -0.013490 -0.030319 -0.302445 0.952589
1783948404.952434540 0.028943 -0.046913 -0.000082 -0.013421 -0.030280 -0.302431 0.952596
1783948404.954383373 0.028949 -0.046903 -0.000060 -0.013420 -0.030277 -0.302425 0.952598
1783948404.954383373 0.028949 -0.046903 -0.000060 -0.013420 -0.030277 -0.302425 0.952598
1783948404.962135792 0.028918 -0.046906 -0.000080 -0.013411 -0.030263 -0.302404 0.952605
1783948404.972258329 0.028864 -0.046891 -0.000107 -0.013420 -0.030283 -0.302378 0.952613
1783948404.983722687 0.028800 -0.046842 -0.000131 -0.013441 -0.030317 -0.302357 0.952618
1783948404.992237329 0.028766 -0.046783 -0.000131 -0.013467 -0.030343 -0.302349 0.952619
1783948405.002166271 0.028744 -0.046707 -0.000127 -0.013484 -0.030354 -0.302346 0.952619
1783948405.015377522 0.028740 -0.046621 -0.000121 -0.013478 -0.030343 -0.302353 0.952618
1783948405.022187710 0.028763 -0.046573 -0.000093 -0.013449 -0.030315 -0.302365 0.952615
1783948405.032188416 0.028799 -0.046521 -0.000055 -0.013388 -0.030268 -0.302379 0.952613
1783948405.042184830 0.028832 -0.046479 -0.000005 -0.013312 -0.030214 -0.302378 0.952616
1783948405.050005674 0.028855 -0.046443 0.000049 -0.013273 -0.030183 -0.302364 0.952622
1783948405.050005674 0.028855 -0.046443 0.000049 -0.013273 -0.030183 -0.302364 0.952622
1783948405.052169085 0.028850 -0.046442 0.000049 -0.013264 -0.030175 -0.302360 0.952624
1783948405.062202215 0.028804 -0.046445 0.000021 -0.013249 -0.030169 -0.302330 0.952634
1783948405.072219133 0.028747 -0.046422 0.000003 -0.013266 -0.030183 -0.302311 0.952639
1783948405.082172394 0.028691 -0.046374 -0.000005 -0.013299 -0.030219 -0.302286 0.952645
1783948405.092208147 0.028644 -0.046307 -0.000003 -0.013322 -0.030257 -0.302277 0.952647
1783948405.102243185 0.028620 -0.046230 0.000010 -0.013338 -0.030277 -0.302265 0.952650
1783948405.112163305 0.028620 -0.046159 0.000033 -0.013336 -0.030269 -0.302276 0.952646
1783948405.122203588 0.028643 -0.046099 0.000066 -0.013304 -0.030234 -0.302303 0.952640
1783948405.132171631 0.028677 -0.046052 0.000110 -0.013236 -0.030178 -0.302321 0.952637
1783948405.142175913 0.028710 -0.046016 0.000166 -0.013175 -0.030127 -0.302336 0.952634
1783948405.149995327 0.028733 -0.045984 0.000224 -0.013135 -0.030103 -0.302328 0.952638
1783948405.149995327 0.028733 -0.045984 0.000224 -0.013135 -0.030103 -0.302328 0.952638
1783948405.152162552 0.028728 -0.045984 0.000224 -0.013126 -0.030097 -0.302325 0.952639
1783948405.162142515 0.028675 -0.045993 0.000201 -0.013116 -0.030094 -0.302297 0.952648
1783948405.172172785 0.028611 -0.045978 0.000188 -0.013128 -0.030125 -0.302273 0.952655
1783948405.182198763 0.028547 -0.045936 0.000185 -0.013164 -0.030169 -0.302250 0.952660
1783948405.192187786 0.028493 -0.045877 0.000191 -0.013205 -0.030212 -0.302240 0.952661
1783948405.203355312 0.028455 -0.045804 0.000204 -0.013234 -0.030235 -0.302247 0.952658
1783948405.212199211 0.028452 -0.045744 0.000233 -0.013240 -0.030233 -0.302262 0.952653
1783948405.222244740 0.028466 -0.045689 0.000270 -0.013199 -0.030199 -0.302280 0.952649
1783948405.232247114 0.028491 -0.045647 0.000319 -0.013141 -0.030145 -0.302305 0.952644
1783948405.242195368 0.028515 -0.045616 0.000379 -0.013076 -0.030102 -0.302322 0.952641
1783948405.250885963 0.028531 -0.045586 0.000445 -0.013034 -0.030079 -0.302316 0.952644
1783948405.250885963 0.028531 -0.045586 0.000445 -0.013034 -0.030079 -0.302316 0.952644
1783948405.252166033 0.028528 -0.045586 0.000445 -0.013029 -0.030075 -0.302315 0.952644
1783948405.262156725 0.028479 -0.045594 0.000415 -0.013024 -0.030065 -0.302285 0.952654
1783948405.272176981 0.028420 -0.045577 0.000394 -0.013039 -0.030082 -0.302255 0.952663
1783948405.282195091 0.028360 -0.045534 0.000383 -0.013074 -0.030110 -0.302231 0.952669
1783948405.292174578 0.028310 -0.045473 0.000382 -0.013113 -0.030133 -0.302220 0.952672
1783948405.302174807 0.028281 -0.045403 0.000391 -0.013128 -0.030147 -0.302218 0.952672
1783948405.312204599 0.028278 -0.045337 0.000412 -0.013135 -0.030133 -0.302229 0.952668
1783948405.322230577 0.028297 -0.045282 0.000442 -0.013095 -0.030095 -0.302248 0.952664
1783948405.333884716 0.028330 -0.045237 0.000482 -0.013022 -0.030037 -0.302285 0.952655
1783948405.342178822 0.028358 -0.045209 0.000530 -0.012967 -0.029994 -0.302297 0.952654
1783948405.351754427 0.028377 -0.045177 0.000591 -0.012932 -0.029967 -0.302292 0.952656
1783948405.351754427 0.028377 -0.045177 0.000591 -0.012932 -0.029967 -0.302292 0.952656
1783948405.352228642 0.028376 -0.045177 0.000590 -0.012930 -0.029966 -0.302292 0.952657
1783948405.362236977 0.028316 -0.045191 0.000559 -0.012931 -0.029957 -0.302270 0.952664
1783948405.372154474 0.028247 -0.045180 0.000540 -0.012958 -0.029981 -0.302248 0.952669
1783948405.382266998 0.028176 -0.045142 0.000530 -0.013000 -0.030021 -0.302229 0.952674
1783948405.392186165 0.028117 -0.045088 0.000530 -0.013049 -0.030052 -0.302220 0.952675
1783948405.402235270 0.028079 -0.045026 0.000542 -0.013078 -0.030076 -0.302222 0.952673
1783948405.412189007 0.028067 -0.044970 0.000563 -0.013091 -0.030066 -0.302238 0.952668
1783948405.422207355 0.028078 -0.044926 0.000597 -0.013064 -0.030038 -0.302262 0.952662
1783948405.432224035 0.028102 -0.044894 0.000641 -0.013008 -0.029989 -0.302286 0.952657
1783948405.442245960 0.028123 -0.044870 0.000698 -0.012956 -0.029941 -0.302297 0.952655
1783948405.452175856 0.028134 -0.044846 0.000766 -0.012917 -0.029914 -0.302290 0.952659
1783948405.452586889 0.028134 -0.044844 0.000771 -0.012917 -0.029914 -0.302289 0.952659
1783948405.452586889 0.028134 -0.044844 0.000771 -0.012917 -0.029914 -0.302289 0.952659
1783948405.462220907 0.028076 -0.044860 0.000738 -0.012913 -0.029909 -0.302268 0.952666
1783948405.472192049 0.028006 -0.044855 0.000711 -0.012936 -0.029929 -0.302239 0.952674
1783948405.482215881 0.027936 -0.044824 0.000694 -0.012990 -0.029965 -0.302224 0.952677
1783948405.492499352 0.027873 -0.044776 0.000686 -0.013033 -0.030002 -0.302213 0.952679
1783948405.502187729 0.027836 -0.044724 0.000691 -0.013056 -0.030016 -0.302207 0.952680
1783948405.512241125 0.027822 -0.044675 0.000707 -0.013066 -0.030013 -0.302227 0.952674
1783948405.522249222 0.027831 -0.044639 0.000733 -0.013034 -0.029981 -0.302255 0.952666
1783948405.532924414 0.027852 -0.044615 0.000769 -0.012979 -0.029924 -0.302281 0.952661
1783948405.542738199 0.027873 -0.044601 0.000818 -0.012918 -0.029880 -0.302295 0.952658
1783948405.552212477 0.027884 -0.044586 0.000877 -0.012883 -0.029848 -0.302296 0.952660
1783948405.553476572 0.027887 -0.044582 0.000890 -0.012884 -0.029848 -0.302292 0.952661
1783948405.553476572 0.027887 -0.044582 0.000890 -0.012884 -0.029848 -0.302292 0.952661
1783948405.563695908 0.027824 -0.044607 0.000857 -0.012891 -0.029847 -0.302267 0.952669
1783948405.572172403 0.027767 -0.044605 0.000844 -0.012915 -0.029865 -0.302241 0.952676
1783948405.582170725 0.027697 -0.044584 0.000830 -0.012965 -0.029901 -0.302224 0.952680
1783948405.592169046 0.027640 -0.044546 0.000828 -0.013021 -0.029943 -0.302218 0.952680
1783948405.602236748 0.027604 -0.044501 0.000836 -0.013055 -0.029958 -0.302214 0.952680
1783948405.612181664 0.027594 -0.044462 0.000856 -0.013064 -0.029957 -0.302225 0.952676
1783948405.622583151 0.027606 -0.044434 0.000888 -0.013028 -0.029917 -0.302247 0.952671
1783948405.632252455 0.027631 -0.044418 0.000932 -0.012978 -0.029869 -0.302274 0.952665
1783948405.642274380 0.027654 -0.044410 0.000988 -0.012917 -0.029825 -0.302292 0.952661
1783948405.652239799 0.027667 -0.044401 0.001056 -0.012884 -0.029795 -0.302292 0.952662
1783948405.654320240 0.027671 -0.044395 0.001078 -0.012885 -0.029795 -0.302287 0.952664
1783948405.654320240 0.027671 -0.044395 0.001078 -0.012885 -0.029795 -0.302287 0.952664
1783948405.662256956 0.027622 -0.044421 0.001044 -0.012893 -0.029801 -0.302272 0.952669
1783948405.672214508 0.027547 -0.044438 0.000997 -0.012927 -0.029839 -0.302249 0.952674
1783948405.682200670 0.027472 -0.044430 0.000959 -0.012980 -0.029885 -0.302235 0.952676
1783948405.692225456 0.027408 -0.044406 0.000932 -0.013020 -0.029927 -0.302226 0.952678
1783948405.702235222 0.027368 -0.044376 0.000917 -0.013048 -0.029958 -0.302231 0.952674
1783948405.712221861 0.027354 -0.044352 0.000912 -0.013058 -0.029959 -0.302242 0.952671
1783948405.722196341 0.027364 -0.044340 0.000918 -0.013025 -0.029935 -0.302268 0.952664
1783948405.732231617 0.027384 -0.044340 0.000935 -0.012976 -0.029893 -0.302299 0.952656
1783948405.742287636 0.027403 -0.044348 0.000963 -0.012919 -0.029842 -0.302312 0.952654
1783948405.752289772 0.027410 -0.044354 0.001002 -0.012883 -0.029821 -0.302302 0.952659
1783948405.755186796 0.027414 -0.044349 0.001028 -0.012885 -0.029821 -0.302294 0.952661
1783948405.755186796 0.027414 -0.044349 0.001028 -0.012885 -0.029821 -0.302294 0.952661
1783948405.762233734 0.027374 -0.044373 0.001013 -0.012893 -0.029820 -0.302277 0.952666
1783948405.772238255 0.027304 -0.044393 0.000990 -0.012929 -0.029848 -0.302249 0.952674
1783948405.782220840 0.027234 -0.044387 0.000977 -0.012983 -0.029890 -0.302234 0.952677
1783948405.792256355 0.027174 -0.044365 0.000974 -0.013038 -0.029934 -0.302219 0.952679
1783948405.802223921 0.027136 -0.044337 0.000981 -0.013068 -0.029956 -0.302219 0.952678
1783948405.812207937 0.027123 -0.044315 0.000999 -0.013081 -0.029949 -0.302237 0.952672
1783948405.822260857 0.027133 -0.044304 0.001030 -0.013044 -0.029913 -0.302259 0.952667
1783948405.832210302 0.027154 -0.044305 0.001073 -0.012996 -0.029865 -0.302282 0.952662
1783948405.842241526 0.027173 -0.044314 0.001128 -0.012943 -0.029820 -0.302291 0.952661
1783948405.852228403 0.027180 -0.044321 0.001193 -0.012912 -0.029797 -0.302278 0.952666
1783948405.856048107 0.027183 -0.044316 0.001230 -0.012914 -0.029798 -0.302269 0.952669
1783948405.856048107 0.027183 -0.044316 0.001230 -0.012914 -0.029798 -0.302269 0.952669
1783948405.862247705 0.027146 -0.044338 0.001219 -0.012916 -0.029802 -0.302256 0.952673
1783948405.872231722 0.027074 -0.044361 0.001184 -0.012946 -0.029838 -0.302231 0.952680
1783948405.882309437 0.027001 -0.044358 0.001157 -0.012997 -0.029881 -0.302211 0.952684
1783948405.892237663 0.026941 -0.044339 0.001143 -0.013038 -0.029930 -0.302208 0.952683
1783948405.902218819 0.026902 -0.044316 0.001140 -0.013067 -0.029952 -0.302216 0.952679
1783948405.912207127 0.026889 -0.044299 0.001149 -0.013068 -0.029947 -0.302232 0.952674
1783948405.922230005 0.026898 -0.044294 0.001169 -0.013037 -0.029919 -0.302250 0.952670
1783948405.932255507 0.026919 -0.044300 0.001200 -0.012987 -0.029872 -0.302275 0.952664
1783948405.942515135 0.026937 -0.044316 0.001242 -0.012931 -0.029831 -0.302291 0.952661
1783948405.952316999 0.026945 -0.044328 0.001295 -0.012899 -0.029806 -0.302290 0.952662
1783948405.956917048 0.026947 -0.044325 0.001339 -0.012903 -0.029803 -0.302279 0.952666
1783948405.956917048 0.026947 -0.044325 0.001339 -0.012903 -0.029803 -0.302279 0.952666
1783948405.962264299 0.026916 -0.044345 0.001328 -0.012910 -0.029800 -0.302266 0.952670
1783948405.972733974 0.026837 -0.044372 0.001292 -0.012953 -0.029838 -0.302243 0.952676
1783948405.982376099 0.026768 -0.044372 0.001272 -0.013009 -0.029885 -0.302228 0.952678
1783948405.992231131 0.026707 -0.044358 0.001259 -0.013067 -0.029929 -0.302213 0.952681
1783948406.002190113 0.026667 -0.044337 0.001256 -0.013104 -0.029946 -0.302216 0.952679
1783948406.012284040 0.026652 -0.044323 0.001262 -0.013109 -0.029938 -0.302235 0.952673
1783948406.022187233 0.026660 -0.044321 0.001281 -0.013087 -0.029913 -0.302257 0.952667
1783948406.032287598 0.026679 -0.044332 0.001312 -0.013036 -0.029863 -0.302290 0.952659
1783948406.042208672 0.026696 -0.044351 0.001356 -0.012992 -0.029820 -0.302303 0.952657
1783948406.052298307 0.026702 -0.044367 0.001410 -0.012965 -0.029797 -0.302300 0.952659
1783948406.057801723 0.026703 -0.044365 0.001456 -0.012970 -0.029795 -0.302281 0.952665
1783948406.057801723 0.026703 -0.044365 0.001456 -0.012970 -0.029795 -0.302281 0.952665
1783948406.062220812 0.026677 -0.044381 0.001449 -0.012974 -0.029794 -0.302266 0.952670
1783948406.072201014 0.026600 -0.044410 0.001415 -0.013004 -0.029836 -0.302250 0.952673
1783948406.082240105 0.026523 -0.044415 0.001391 -0.013058 -0.029885 -0.302237 0.952675
1783948406.092226744 0.026459 -0.044404 0.001378 -0.013112 -0.029928 -0.302239 0.952672
1783948406.102286577 0.026419 -0.044387 0.001374 -0.013146 -0.029949 -0.302249 0.952668
1783948406.112203836 0.026403 -0.044376 0.001383 -0.013155 -0.029956 -0.302269 0.952661
1783948406.122195959 0.026410 -0.044378 0.001402 -0.013123 -0.029923 -0.302296 0.952654
1783948406.134367228 0.026426 -0.044403 0.001427 -0.013062 -0.029856 -0.302338 0.952644
1783948406.142207861 0.026444 -0.044419 0.001469 -0.013021 -0.029822 -0.302345 0.952643
1783948406.152286053 0.026450 -0.044442 0.001523 -0.013003 -0.029804 -0.302342 0.952645
1783948406.158644199 0.026453 -0.044445 0.001573 -0.013007 -0.029801 -0.302323 0.952651
1783948406.158644199 0.026453 -0.044445 0.001573 -0.013007 -0.029801 -0.302323 0.952651
1783948406.162220716 0.026434 -0.044458 0.001570 -0.013008 -0.029798 -0.302311 0.952655
1783948406.172934532 0.026358 -0.044493 0.001537 -0.013053 -0.029833 -0.302289 0.952660
1783948406.182223558 0.026296 -0.044496 0.001522 -0.013110 -0.029873 -0.302271 0.952664
1783948406.192365408 0.026239 -0.044487 0.001513 -0.013158 -0.029920 -0.302264 0.952664
1783948406.202221394 0.026206 -0.044472 0.001514 -0.013196 -0.029944 -0.302268 0.952661
1783948406.212208986 0.026197 -0.044464 0.001527 -0.013203 -0.029942 -0.302280 0.952657
1783948406.222275496 0.026211 -0.044468 0.001552 -0.013171 -0.029907 -0.302304 0.952651
1783948406.232238054 0.026237 -0.044484 0.001588 -0.013123 -0.029866 -0.302330 0.952645
1783948406.242311954 0.026260 -0.044508 0.001634 -0.013068 -0.029810 -0.302336 0.952646
1783948406.252333879 0.026272 -0.044528 0.001690 -0.013038 -0.029795 -0.302324 0.952650
1783948406.260550261 0.026274 -0.044532 0.001750 -0.013052 -0.029793 -0.302299 0.952658
1783948406.260550261 0.026274 -0.044532 0.001750 -0.013052 -0.029793 -0.302299 0.952658
1783948406.262234449 0.026265 -0.044538 0.001750 -0.013053 -0.029793 -0.302293 0.952660
1783948406.272218704 0.026195 -0.044567 0.001705 -0.013085 -0.029832 -0.302268 0.952666
1783948406.282313347 0.026125 -0.044571 0.001668 -0.013136 -0.029889 -0.302251 0.952669
1783948406.292232275 0.026068 -0.044559 0.001644 -0.013183 -0.029942 -0.302251 0.952667
1783948406.302289009 0.026032 -0.044541 0.001631 -0.013211 -0.029975 -0.302260 0.952663
1783948406.312270641 0.026022 -0.044530 0.001631 -0.013215 -0.029976 -0.302278 0.952657
1783948406.322255611 0.026035 -0.044530 0.001641 -0.013176 -0.029957 -0.302306 0.952649
1783948406.332249403 0.026058 -0.044545 0.001663 -0.013128 -0.029925 -0.302331 0.952643
1783948406.342289686 0.026080 -0.044569 0.001697 -0.013069 -0.029875 -0.302336 0.952643
1783948406.352290630 0.026091 -0.044589 0.001742 -0.013039 -0.029865 -0.302331 0.952646
1783948406.360372782 0.026091 -0.044594 0.001797 -0.013049 -0.029866 -0.302312 0.952652
1783948406.360372782 0.026091 -0.044594 0.001797 -0.013049 -0.029866 -0.302312 0.952652
1783948406.362227917 0.026083 -0.044599 0.001795 -0.013051 -0.029864 -0.302307 0.952653
1783948406.372294664 0.026018 -0.044629 0.001754 -0.013083 -0.029905 -0.302288 0.952657
1783948406.382287025 0.025955 -0.044633 0.001724 -0.013147 -0.029952 -0.302278 0.952658
1783948406.392285585 0.025903 -0.044622 0.001703 -0.013196 -0.029990 -0.302268 0.952660
1783948406.402290106 0.025874 -0.044605 0.001691 -0.013227 -0.030015 -0.302276 0.952656
1783948406.412293196 0.025873 -0.044595 0.001690 -0.013242 -0.030006 -0.302294 0.952650
1783948406.422471523 0.025895 -0.044599 0.001700 -0.013209 -0.029966 -0.302325 0.952642
1783948406.432292223 0.025928 -0.044614 0.001725 -0.013160 -0.029916 -0.302354 0.952635
1783948406.442290545 0.025958 -0.044639 0.001760 -0.013110 -0.029877 -0.302361 0.952635
1783948406.452334166 0.025977 -0.044661 0.001807 -0.013093 -0.029847 -0.302356 0.952638
1783948406.461234331 0.025983 -0.044667 0.001864 -0.013103 -0.029851 -0.302335 0.952644
1783948406.461234331 0.025983 -0.044667 0.001864 -0.013103 -0.029851 -0.302335 0.952644
1783948406.462233782 0.025979 -0.044670 0.001863 -0.013104 -0.029851 -0.302331 0.952645
1783948406.472342253 0.025911 -0.044701 0.001830 -0.013137 -0.029891 -0.302315 0.952649
1783948406.482257843 0.025846 -0.044706 0.001808 -0.013193 -0.029943 -0.302296 0.952652
1783948406.492308617 0.025791 -0.044694 0.001797 -0.013238 -0.029994 -0.302289 0.952652
1783948406.502333164 0.025759 -0.044677 0.001797 -0.013279 -0.030018 -0.302296 0.952649
1783948406.512243509 0.025752 -0.044667 0.001810 -0.013281 -0.030015 -0.302312 0.952644
1783948406.522312403 0.025768 -0.044670 0.001834 -0.013250 -0.029989 -0.302336 0.952637
1783948406.532275677 0.025795 -0.044686 0.001871 -0.013193 -0.029935 -0.302358 0.952633
1783948406.542268038 0.025820 -0.044711 0.001919 -0.013136 -0.029878 -0.302369 0.952632
1783948406.552283287 0.025833 -0.044731 0.001978 -0.013111 -0.029858 -0.302362 0.952635
1783948406.562099457 0.025830 -0.044735 0.002047 -0.013124 -0.029862 -0.302338 0.952642
1783948406.562099457 0.025830 -0.044735 0.002047 -0.013124 -0.029862 -0.302338 0.952642
1783948406.562235355 0.025829 -0.044736 0.002047 -0.013124 -0.029862 -0.302338 0.952642
1783948406.572297573 0.025767 -0.044761 0.002009 -0.013154 -0.029904 -0.302315 0.952648
1783948406.582850218 0.025701 -0.044760 0.001979 -0.013211 -0.029951 -0.302298 0.952651
1783948406.592269421 0.025655 -0.044742 0.001969 -0.013252 -0.029999 -0.302291 0.952651
1783948406.602264404 0.025628 -0.044719 0.001966 -0.013282 -0.030028 -0.302289 0.952651
1783948406.613368750 0.025626 -0.044704 0.001968 -0.013277 -0.030022 -0.302313 0.952643
1783948406.622243881 0.025648 -0.044700 0.001991 -0.013244 -0.030002 -0.302330 0.952639
1783948406.632278681 0.025681 -0.044710 0.002021 -0.013189 -0.029961 -0.302353 0.952634
1783948406.648091078 0.025714 -0.044752 0.002037 -0.013093 -0.029913 -0.302370 0.952631
1783948406.652269840 0.025727 -0.044755 0.002075 -0.013083 -0.029905 -0.302364 0.952633
1783948406.662254095 0.025737 -0.044760 0.002139 -0.013083 -0.029916 -0.302347 0.952639
1783948406.662958860 0.025738 -0.044758 0.002147 -0.013085 -0.029918 -0.302345 0.952639
1783948406.662958860 0.025738 -0.044758 0.002147 -0.013085 -0.029918 -0.302345 0.952639
1783948406.672277689 0.025686 -0.044782 0.002114 -0.013119 -0.029952 -0.302323 0.952645
1783948406.682288170 0.025629 -0.044785 0.002086 -0.013177 -0.029994 -0.302316 0.952645
1783948406.692303896 0.025583 -0.044773 0.002069 -0.013228 -0.030043 -0.302311 0.952644
1783948406.702304840 0.025561 -0.044757 0.002063 -0.013266 -0.030063 -0.302322 0.952639
1783948406.712351322 0.025565 -0.044749 0.002068 -0.013263 -0.030057 -0.302334 0.952636
1783948406.722244263 0.025592 -0.044753 0.002086 -0.013230 -0.030022 -0.302357 0.952630
1783948406.732269764 0.025628 -0.044770 0.002116 -0.013175 -0.029968 -0.302380 0.952625
1783948406.742889166 0.025661 -0.044799 0.002157 -0.013114 -0.029921 -0.302396 0.952622
1783948406.752343655 0.025682 -0.044818 0.002210 -0.013091 -0.029900 -0.302391 0.952625
1783948406.762321472 0.025688 -0.044825 0.002274 -0.013100 -0.029912 -0.302365 0.952633
1783948406.763825178 0.025690 -0.044822 0.002290 -0.013105 -0.029916 -0.302360 0.952634
1783948406.763825178 0.025690 -0.044822 0.002290 -0.013105 -0.029916 -0.302360 0.952634
1783948406.772320509 0.025642 -0.044844 0.002265 -0.013137 -0.029942 -0.302338 0.952640
1783948406.782268763 0.025583 -0.044851 0.002239 -0.013191 -0.029990 -0.302321 0.952643
1783948406.792277575 0.025537 -0.044842 0.002223 -0.013242 -0.030037 -0.302317 0.952642
1783948406.804406404 0.025505 -0.044830 0.002208 -0.013275 -0.030057 -0.302329 0.952637
1783948406.812316656 0.025513 -0.044819 0.002222 -0.013273 -0.030055 -0.302340 0.952634
1783948406.822268009 0.025537 -0.044820 0.002241 -0.013226 -0.030019 -0.302373 0.952625
1783948406.832283020 0.025572 -0.044832 0.002273 -0.013174 -0.029964 -0.302401 0.952619
1783948406.842312336 0.025604 -0.044851 0.002316 -0.013119 -0.029927 -0.302414 0.952616
1783948406.852352142 0.025624 -0.044865 0.002372 -0.013086 -0.029905 -0.302414 0.952618
1783948406.862336874 0.025628 -0.044863 0.002438 -0.013098 -0.029900 -0.302390 0.952625
1783948406.864689112 0.025631 -0.044856 0.002463 -0.013105 -0.029907 -0.302382 0.952628
1783948406.864689112 0.025631 -0.044856 0.002463 -0.013105 -0.029907 -0.302382 0.952628
1783948406.872286558 0.025588 -0.044864 0.002445 -0.013130 -0.029931 -0.302358 0.952634
1783948406.882313013 0.025528 -0.044861 0.002420 -0.013184 -0.029977 -0.302336 0.952639
1783948406.892288208 0.025481 -0.044844 0.002407 -0.013238 -0.030024 -0.302327 0.952639
1783948406.902251720 0.025457 -0.044823 0.002405 -0.013265 -0.030043 -0.302333 0.952636
1783948406.912279129 0.025458 -0.044809 0.002414 -0.013267 -0.030036 -0.302350 0.952631
1783948406.922312975 0.025484 -0.044805 0.002435 -0.013226 -0.030007 -0.302378 0.952624
1783948406.934098721 0.025523 -0.044819 0.002465 -0.013163 -0.029949 -0.302417 0.952614
1783948406.942317009 0.025556 -0.044828 0.002508 -0.013115 -0.029910 -0.302422 0.952614
1783948406.952296495 0.025581 -0.044839 0.002563 -0.013088 -0.029887 -0.302413 0.952618
1783948406.965362310 0.025578 -0.044838 0.002635 -0.013099 -0.029894 -0.302384 0.952627
1783948406.965858459 0.025578 -0.044837 0.002640 -0.013101 -0.029895 -0.302383 0.952628
1783948406.965858459 0.025578 -0.044837 0.002640 -0.013101 -0.029895 -0.302383 0.952628
1783948406.972284555 0.025543 -0.044845 0.002625 -0.013123 -0.029915 -0.302367 0.952632
1783948406.982290506 0.025482 -0.044848 0.002591 -0.013182 -0.029968 -0.302355 0.952633
1783948406.992295027 0.025433 -0.044836 0.002568 -0.013221 -0.030018 -0.302351 0.952632
1783948407.002276897 0.025409 -0.044820 0.002556 -0.013252 -0.030038 -0.302360 0.952628
1783948407.012296438 0.025410 -0.044810 0.002553 -0.013262 -0.030030 -0.302377 0.952623
1783948407.022283316 0.025434 -0.044813 0.002563 -0.013227 -0.030001 -0.302400 0.952617
1783948407.032265663 0.025469 -0.044826 0.002586 -0.013171 -0.029959 -0.302436 0.952608
1783948407.042330265 0.025502 -0.044845 0.002619 -0.013117 -0.029916 -0.302455 0.952604
1783948407.052294254 0.025522 -0.044857 0.002665 -0.013083 -0.029898 -0.302447 0.952607
1783948407.062815905 0.025526 -0.044854 0.002723 -0.013098 -0.029907 -0.302425 0.952614
1783948407.066453457 0.025530 -0.044843 0.002758 -0.013110 -0.029917 -0.302416 0.952616
1783948407.066453457 0.025530 -0.044843 0.002758 -0.013110 -0.029917 -0.302416 0.952616
1783948407.072358847 0.025499 -0.044847 0.002745 -0.013129 -0.029936 -0.302402 0.952620
1783948407.082358837 0.025438 -0.044845 0.002712 -0.013185 -0.029979 -0.302384 0.952623
1783948407.092262506 0.025391 -0.044829 0.002692 -0.013230 -0.030025 -0.302371 0.952625
1783948407.102329969 0.025365 -0.044808 0.002681 -0.013263 -0.030042 -0.302379 0.952622
1783948407.112269640 0.025367 -0.044794 0.002684 -0.013267 -0.030040 -0.302397 0.952616
1783948407.122306824 0.025393 -0.044791 0.002697 -0.013224 -0.030008 -0.302417 0.952611
1783948407.132279634 0.025430 -0.044797 0.002722 -0.013162 -0.029958 -0.302447 0.952604
1783948407.142289639 0.025466 -0.044811 0.002758 -0.013109 -0.029915 -0.302461 0.952602
1783948407.152372599 0.025489 -0.044818 0.002807 -0.013072 -0.029898 -0.302456 0.952605
1783948407.162302256 0.025497 -0.044811 0.002867 -0.013090 -0.029900 -0.302428 0.952613
1783948407.167281628 0.025502 -0.044794 0.002913 -0.013103 -0.029916 -0.302413 0.952617
1783948407.167281628 0.025502 -0.044794 0.002913 -0.013103 -0.029916 -0.302413 0.952617
1783948407.172320127 0.025479 -0.044795 0.002903 -0.013117 -0.029932 -0.302398 0.952621
1783948407.182293892 0.025425 -0.044789 0.002867 -0.013172 -0.029985 -0.302384 0.952624
1783948407.192268848 0.025383 -0.044771 0.002841 -0.013216 -0.030030 -0.302379 0.952623
1783948407.202369452 0.025364 -0.044748 0.002824 -0.013254 -0.030055 -0.302388 0.952619
1783948407.212343931 0.025373 -0.044732 0.002817 -0.013257 -0.030044 -0.302406 0.952613
1783948407.222268105 0.025405 -0.044729 0.002822 -0.013230 -0.030009 -0.302427 0.952608
1783948407.232300997 0.025449 -0.044735 0.002837 -0.013170 -0.029952 -0.302460 0.952600
1783948407.242270470 0.025488 -0.044748 0.002865 -0.013110 -0.029908 -0.302473 0.952598
1783948407.252582312 0.025516 -0.044756 0.002904 -0.013070 -0.029884 -0.302465 0.952602
1783948407.262306213 0.025528 -0.044747 0.002955 -0.013079 -0.029895 -0.302441 0.952609
1783948407.268147469 0.025535 -0.044726 0.003002 -0.013099 -0.029913 -0.302424 0.952614
1783948407.268147469 0.025535 -0.044726 0.003002 -0.013099 -0.029913 -0.302424 0.952614
1783948407.272367716 0.025517 -0.044724 0.002993 -0.013113 -0.029925 -0.302412 0.952617
1783948407.282336235 0.025465 -0.044717 0.002955 -0.013150 -0.029978 -0.302399 0.952619
1783948407.292347670 0.025425 -0.044696 0.002926 -0.013202 -0.030024 -0.302388 0.952621
1783948407.302363396 0.025408 -0.044671 0.002909 -0.013236 -0.030041 -0.302386 0.952620
1783948407.312289238 0.025418 -0.044654 0.002903 -0.013238 -0.030038 -0.302402 0.952615
1783948407.322335958 0.025451 -0.044648 0.002907 -0.013202 -0.030006 -0.302436 0.952606
1783948407.332272530 0.025496 -0.044651 0.002922 -0.013147 -0.029966 -0.302461 0.952600
1783948407.342348576 0.025539 -0.044660 0.002950 -0.013098 -0.029917 -0.302480 0.952596
1783948407.352958679 0.025570 -0.044664 0.002988 -0.013052 -0.029903 -0.302475 0.952599
1783948407.362353325 0.025585 -0.044651 0.003038 -0.013063 -0.029910 -0.302456 0.952604
1783948407.369037151 0.025594 -0.044626 0.003088 -0.013090 -0.029932 -0.302437 0.952609
1783948407.369037151 0.025594 -0.044626 0.003088 -0.013090 -0.029932 -0.302437 0.952609
1783948407.372345924 0.025583 -0.044623 0.003082 -0.013103 -0.029942 -0.302427 0.952612
1783948407.382513285 0.025532 -0.044612 0.003041 -0.013163 -0.029997 -0.302399 0.952618
1783948407.392273664 0.025495 -0.044588 0.003015 -0.013216 -0.030044 -0.302385 0.952621
1783948407.402275085 0.025481 -0.044563 0.002997 -0.013241 -0.030075 -0.302388 0.952618
1783948407.412757158 0.025494 -0.044546 0.002988 -0.013247 -0.030060 -0.302400 0.952615
1783948407.422282219 0.025529 -0.044539 0.002995 -0.013209 -0.030038 -0.302411 0.952612
1783948407.432352304 0.025576 -0.044542 0.003011 -0.013153 -0.029992 -0.302440 0.952606
1783948407.446154833 0.025622 -0.044563 0.003028 -0.013071 -0.029936 -0.302447 0.952606
1783948407.452302456 0.025647 -0.044560 0.003063 -0.013045 -0.029922 -0.302448 0.952607
1783948407.462280273 0.025665 -0.044549 0.003112 -0.013056 -0.029936 -0.302418 0.952616
1783948407.469885349 0.025676 -0.044523 0.003165 -0.013082 -0.029970 -0.302398 0.952621
1783948407.469885349 0.025676 -0.044523 0.003165 -0.013082 -0.029970 -0.302398 0.952621
1783948407.472279072 0.025668 -0.044522 0.003163 -0.013090 -0.029980 -0.302391 0.952623
1783948407.482290268 0.025624 -0.044518 0.003113 -0.013131 -0.030032 -0.302366 0.952628
1783948407.492332697 0.025594 -0.044501 0.003074 -0.013183 -0.030075 -0.302358 0.952629
1783948407.502291203 0.025587 -0.044481 0.003046 -0.013212 -0.030108 -0.302352 0.952629
1783948407.512280703 0.025607 -0.044467 0.003029 -0.013203 -0.030112 -0.302368 0.952624
1783948407.522356987 0.025651 -0.044465 0.003025 -0.013154 -0.030078 -0.302387 0.952620
1783948407.532315016 0.025707 -0.044471 0.003033 -0.013093 -0.030034 -0.302423 0.952611
1783948407.542822838 0.025761 -0.044484 0.003050 -0.013025 -0.029992 -0.302430 0.952611
1783948407.552363634 0.025800 -0.044489 0.003084 -0.012983 -0.029979 -0.302427 0.952612
1783948407.562343597 0.025823 -0.044480 0.003129 -0.012986 -0.029998 -0.302390 0.952624
1783948407.574347496 0.025835 -0.044438 0.003180 -0.013018 -0.030042 -0.302372 0.952627
1783948407.574347496 0.025835 -0.044438 0.003180 -0.013018 -0.030042 -0.302372 0.952627
1783948407.574506760 0.025834 -0.044438 0.003180 -0.013018 -0.030042 -0.302372 0.952627
1783948407.582352638 0.025802 -0.044426 0.003144 -0.013068 -0.030081 -0.302357 0.952630
1783948407.592363119 0.025769 -0.044405 0.003099 -0.013123 -0.030124 -0.302354 0.952629
1783948407.604416132 0.025756 -0.044383 0.003049 -0.013156 -0.030154 -0.302357 0.952627
1783948407.612262249 0.025776 -0.044366 0.003041 -0.013159 -0.030144 -0.302373 0.952622
1783948407.622365475 0.025816 -0.044360 0.003032 -0.013118 -0.030108 -0.302396 0.952617
1783948407.632287979 0.025866 -0.044362 0.003035 -0.013064 -0.030054 -0.302420 0.952611
1783948407.642292023 0.025914 -0.044369 0.003051 -0.013007 -0.030010 -0.302437 0.952608
1783948407.652348757 0.025949 -0.044369 0.003077 -0.012976 -0.029993 -0.302429 0.952611
1783948407.662384272 0.025967 -0.044354 0.003115 -0.012987 -0.029999 -0.302409 0.952618
1783948407.671612501 0.025976 -0.044316 0.003163 -0.013019 -0.030033 -0.302384 0.952624
1783948407.671612501 0.025976 -0.044316 0.003163 -0.013019 -0.030033 -0.302384 0.952624
1783948407.672273874 0.025974 -0.044315 0.003162 -0.013021 -0.030036 -0.302382 0.952624
1783948407.682307720 0.025926 -0.044299 0.003114 -0.013068 -0.030090 -0.302362 0.952629
1783948407.692359686 0.025891 -0.044272 0.003079 -0.013123 -0.030128 -0.302347 0.952631
1783948407.702375650 0.025881 -0.044242 0.003055 -0.013154 -0.030151 -0.302341 0.952632
1783948407.712301493 0.025896 -0.044219 0.003043 -0.013150 -0.030140 -0.302354 0.952628
1783948407.722341299 0.025934 -0.044208 0.003042 -0.013110 -0.030119 -0.302379 0.952622
1783948407.733510494 0.025986 -0.044209 0.003049 -0.013041 -0.030054 -0.302410 0.952615
1783948407.742370129 0.026029 -0.044211 0.003073 -0.012993 -0.030018 -0.302418 0.952614
1783948407.752376795 0.026062 -0.044209 0.003107 -0.012955 -0.030001 -0.302407 0.952619
1783948407.763414145 0.026075 -0.044190 0.003151 -0.012968 -0.030016 -0.302379 0.952627
1783948407.772288322 0.026080 -0.044150 0.003205 -0.012996 -0.030048 -0.302351 0.952634
1783948407.772477388 0.026081 -0.044149 0.003207 -0.012997 -0.030048 -0.302351 0.952634
1783948407.772477388 0.026081 -0.044149 0.003207 -0.012997 -0.030048 -0.302351 0.952634
1783948407.782374620 0.026033 -0.044135 0.003157 -0.013047 -0.030097 -0.302334 0.952638
1783948407.792341232 0.025998 -0.044110 0.003117 -0.013086 -0.030149 -0.302319 0.952640
1783948407.802286386 0.025986 -0.044081 0.003089 -0.013115 -0.030169 -0.302327 0.952636
1783948407.812273979 0.026000 -0.044061 0.003072 -0.013121 -0.030156 -0.302346 0.952631
1783948407.822313309 0.026039 -0.044052 0.003068 -0.013083 -0.030116 -0.302369 0.952625
1783948407.832667828 0.026087 -0.044053 0.003076 -0.013016 -0.030063 -0.302403 0.952617
1783948407.842333794 0.026131 -0.044057 0.003099 -0.012956 -0.030021 -0.302413 0.952616
1783948407.852351427 0.026164 -0.044056 0.003134 -0.012923 -0.029996 -0.302405 0.952620
1783948407.862286806 0.026180 -0.044040 0.003182 -0.012931 -0.030008 -0.302386 0.952625
1783948407.872304440 0.026187 -0.044000 0.003240 -0.012962 -0.030043 -0.302363 0.952631
1783948407.873335600 0.026189 -0.043993 0.003251 -0.012969 -0.030047 -0.302360 0.952632
1783948407.873335600 0.026189 -0.043993 0.003251 -0.012969 -0.030047 -0.302360 0.952632
1783948407.882297516 0.026145 -0.043979 0.003210 -0.013024 -0.030085 -0.302341 0.952636
1783948407.892333746 0.026107 -0.043955 0.003171 -0.013077 -0.030136 -0.302334 0.952636
1783948407.902353048 0.026092 -0.043927 0.003144 -0.013099 -0.030153 -0.302338 0.952634
1783948407.912348509 0.026104 -0.043908 0.003128 -0.013094 -0.030150 -0.302354 0.952629
1783948407.924126148 0.026142 -0.043905 0.003113 -0.013050 -0.030109 -0.302384 0.952621
1783948407.932349205 0.026187 -0.043906 0.003127 -0.013006 -0.030072 -0.302406 0.952616
1783948407.942345142 0.026232 -0.043914 0.003147 -0.012947 -0.030030 -0.302414 0.952615
1783948407.952399969 0.026266 -0.043915 0.003180 -0.012916 -0.030019 -0.302410 0.952618
1783948407.962386608 0.026283 -0.043900 0.003224 -0.012931 -0.030030 -0.302383 0.952626
1783948407.972398520 0.026291 -0.043860 0.003280 -0.012964 -0.030071 -0.302363 0.952630
1783948407.974195004 0.026295 -0.043847 0.003298 -0.012975 -0.030079 -0.302359 0.952631
1783948407.974195004 0.026295 -0.043847 0.003298 -0.012975 -0.030079 -0.302359 0.952631
1783948407.982359886 0.026241 -0.043849 0.003275 -0.013029 -0.030119 -0.302345 0.952633
1783948407.992315054 0.026177 -0.043850 0.003251 -0.013083 -0.030156 -0.302332 0.952636
1783948408.002315283 0.026137 -0.043848 0.003238 -0.013123 -0.030176 -0.302337 0.952633
1783948408.012321949 0.026124 -0.043856 0.003237 -0.013125 -0.030167 -0.302349 0.952629
1783948408.022290230 0.026134 -0.043875 0.003249 -0.013085 -0.030140 -0.302373 0.952623
1783948408.032293558 0.026155 -0.043906 0.003274 -0.013039 -0.030092 -0.302402 0.952616
1783948408.042320490 0.026171 -0.043941 0.003310 -0.012975 -0.030050 -0.302411 0.952615
1783948408.052834988 0.026172 -0.043973 0.003361 -0.012956 -0.030035 -0.302400 0.952620
1783948408.062329292 0.026162 -0.043982 0.003420 -0.012967 -0.030044 -0.302379 0.952626
1783948408.072323084 0.026139 -0.043969 0.003491 -0.013011 -0.030082 -0.302353 0.952632
1783948408.075093746 0.026142 -0.043953 0.003520 -0.013026 -0.030096 -0.302347 0.952634
1783948408.075093746 0.026142 -0.043953 0.003520 -0.013026 -0.030096 -0.302347 0.952634
1783948408.082302094 0.026107 -0.043942 0.003503 -0.013064 -0.030135 -0.302333 0.952636
1783948408.092374563 0.026066 -0.043922 0.003477 -0.013116 -0.030185 -0.302318 0.952639
1783948408.102319717 0.026049 -0.043899 0.003463 -0.013140 -0.030211 -0.302313 0.952639
1783948408.112288713 0.026059 -0.043885 0.003461 -0.013136 -0.030197 -0.302326 0.952636
1783948408.122343302 0.026093 -0.043881 0.003470 -0.013101 -0.030175 -0.302346 0.952630
1783948408.132288933 0.026136 -0.043887 0.003492 -0.013041 -0.030123 -0.302383 0.952621
1783948408.142368317 0.026176 -0.043898 0.003524 -0.012985 -0.030080 -0.302396 0.952619
1783948408.152303934 0.026203 -0.043902 0.003569 -0.012966 -0.030057 -0.302391 0.952622
1783948408.162384272 0.026214 -0.043890 0.003626 -0.012974 -0.030066 -0.302362 0.952630
1783948408.172366619 0.026216 -0.043853 0.003694 -0.013005 -0.030105 -0.302332 0.952638
1783948408.175929308 0.026221 -0.043829 0.003731 -0.013025 -0.030120 -0.302323 0.952640
1783948408.175929308 0.026221 -0.043829 0.003731 -0.013025 -0.030120 -0.302323 0.952640
1783948408.182300806 0.026194 -0.043816 0.003716 -0.013060 -0.030148 -0.302310 0.952643
1783948408.192314386 0.026154 -0.043792 0.003683 -0.013110 -0.030195 -0.302302 0.952644
1783948408.202295780 0.026139 -0.043766 0.003661 -0.013138 -0.030213 -0.302299 0.952644
1783948408.212971926 0.026150 -0.043750 0.003647 -0.013138 -0.030200 -0.302313 0.952639
1783948408.222295046 0.026183 -0.043744 0.003653 -0.013095 -0.030165 -0.302338 0.952633
1783948408.232296944 0.026226 -0.043749 0.003667 -0.013031 -0.030114 -0.302368 0.952626
1783948408.243408680 0.026266 -0.043761 0.003691 -0.012951 -0.030065 -0.302384 0.952624
1783948408.252347946 0.026292 -0.043762 0.003731 -0.012926 -0.030046 -0.302376 0.952627
1783948408.262330294 0.026302 -0.043749 0.003781 -0.012937 -0.030057 -0.302353 0.952634
1783948408.272331953 0.026303 -0.043713 0.003841 -0.012968 -0.030099 -0.302329 0.952640
1783948408.277479172 0.026308 -0.043680 0.003888 -0.012997 -0.030120 -0.302322 0.952641
1783948408.277479172 0.026308 -0.043680 0.003888 -0.012997 -0.030120 -0.302322 0.952641
1783948408.282319784 0.026287 -0.043669 0.003879 -0.013025 -0.030138 -0.302315 0.952643
1783948408.292416811 0.026242 -0.043650 0.003843 -0.013073 -0.030185 -0.302308 0.952643
1783948408.302385807 0.026221 -0.043628 0.003821 -0.013096 -0.030197 -0.302306 0.952643
1783948408.312298536 0.026227 -0.043616 0.003811 -0.013094 -0.030184 -0.302319 0.952639
1783948408.322376490 0.026255 -0.043615 0.003813 -0.013050 -0.030148 -0.302342 0.952633
1783948408.332332134 0.026294 -0.043623 0.003826 -0.012990 -0.030095 -0.302370 0.952627
1783948408.342363834 0.026327 -0.043636 0.003851 -0.012929 -0.030048 -0.302380 0.952626
1783948408.352341652 0.026347 -0.043643 0.003887 -0.012899 -0.030024 -0.302375 0.952629
1783948408.362341881 0.026350 -0.043634 0.003934 -0.012911 -0.030032 -0.302351 0.952636
1783948408.372374535 0.026342 -0.043599 0.003993 -0.012946 -0.030071 -0.302326 0.952642
1783948408.377657413 0.026344 -0.043566 0.004041 -0.012979 -0.030096 -0.302311 0.952646
1783948408.377657413 0.026344 -0.043566 0.004041 -0.012979 -0.030096 -0.302311 0.952646
1783948408.382389545 0.026321 -0.043554 0.004032 -0.013009 -0.030120 -0.302298 0.952649
1783948408.392397404 0.026272 -0.043532 0.003996 -0.013058 -0.030170 -0.302286 0.952650
1783948408.402396679 0.026246 -0.043508 0.003971 -0.013080 -0.030189 -0.302298 0.952645
1783948408.412294388 0.026247 -0.043492 0.003959 -0.013074 -0.030173 -0.302309 0.952642
1783948408.422366381 0.026270 -0.043489 0.003958 -0.013027 -0.030134 -0.302339 0.952635
1783948408.432394266 0.026301 -0.043496 0.003971 -0.012971 -0.030078 -0.302368 0.952628
1783948408.442372799 0.026328 -0.043506 0.003997 -0.012903 -0.030040 -0.302373 0.952629
1783948408.452358007 0.026343 -0.043510 0.004035 -0.012870 -0.030026 -0.302364 0.952633
1783948408.462386847 0.026341 -0.043497 0.004085 -0.012885 -0.030035 -0.302340 0.952640
1783948408.472348213 0.026329 -0.043459 0.004144 -0.012925 -0.030071 -0.302309 0.952648
1783948408.478521347 0.026328 -0.043419 0.004198 -0.012958 -0.030102 -0.302295 0.952651
1783948408.478521347 0.026328 -0.043419 0.004198 -0.012958 -0.030102 -0.302295 0.952651
1783948408.482399464 0.026309 -0.043409 0.004191 -0.012978 -0.030120 -0.302286 0.952653
1783948408.492391109 0.026257 -0.043390 0.004149 -0.013021 -0.030153 -0.302279 0.952653
1783948408.503169537 0.026224 -0.043369 0.004112 -0.013047 -0.030167 -0.302281 0.952652
1783948408.512390852 0.026224 -0.043356 0.004101 -0.013046 -0.030155 -0.302296 0.952648
1783948408.522371531 0.026243 -0.043355 0.004096 -0.013008 -0.030113 -0.302320 0.952642
1783948408.532494545 0.026272 -0.043364 0.004101 -0.012948 -0.030057 -0.302349 0.952635
1783948408.542312622 0.026298 -0.043378 0.004119 -0.012890 -0.030003 -0.302361 0.952634
1783948408.552375317 0.026312 -0.043386 0.004146 -0.012864 -0.029981 -0.302349 0.952639
1783948408.562353849 0.026310 -0.043379 0.004185 -0.012874 -0.029987 -0.302328 0.952645
1783948408.572349787 0.026299 -0.043347 0.004236 -0.012913 -0.030018 -0.302308 0.952650
1783948408.579383850 0.026295 -0.043307 0.004288 -0.012955 -0.030053 -0.302295 0.952652
1783948408.579383850 0.026295 -0.043307 0.004288 -0.012955 -0.030053 -0.302295 0.952652
1783948408.582346916 0.026281 -0.043300 0.004281 -0.012972 -0.030068 -0.302289 0.952654
1783948408.592378616 0.026226 -0.043283 0.004230 -0.013025 -0.030115 -0.302281 0.952654
1783948408.602349043 0.026195 -0.043265 0.004191 -0.013043 -0.030133 -0.302290 0.952650
1783948408.612360239 0.026193 -0.043256 0.004164 -0.013035 -0.030126 -0.302305 0.952646
1783948408.622390270 0.026213 -0.043259 0.004149 -0.012989 -0.030096 -0.302334 0.952638
1783948408.632312298 0.026245 -0.043271 0.004147 -0.012936 -0.030040 -0.302363 0.952632
1783948408.642354488 0.026273 -0.043289 0.004156 -0.012877 -0.029993 -0.302380 0.952629
1783948408.652383566 0.026286 -0.043299 0.004179 -0.012845 -0.029978 -0.302373 0.952631
1783948408.662353754 0.026283 -0.043294 0.004213 -0.012851 -0.029991 -0.302347 0.952639
1783948408.672377348 0.026270 -0.043264 0.004257 -0.012886 -0.030024 -0.302316 0.952648
1783948408.680250406 0.026264 -0.043220 0.004309 -0.012932 -0.030058 -0.302300 0.952651
1783948408.680250406 0.026264 -0.043220 0.004309 -0.012932 -0.030058 -0.302300 0.952651
1783948408.682316065 0.026255 -0.043214 0.004304 -0.012944 -0.030066 -0.302295 0.952652
1783948408.694146156 0.026193 -0.043199 0.004226 -0.012991 -0.030126 -0.302288 0.952652
1783948408.702385902 0.026176 -0.043180 0.004197 -0.013007 -0.030148 -0.302291 0.952650
1783948408.712356567 0.026176 -0.043168 0.004163 -0.013003 -0.030139 -0.302306 0.952646
1783948408.722364187 0.026200 -0.043167 0.004142 -0.012954 -0.030105 -0.302333 0.952639
1783948408.732343197 0.026233 -0.043175 0.004133 -0.012885 -0.030058 -0.302360 0.952633
1783948408.742321491 0.026262 -0.043188 0.004136 -0.012827 -0.030013 -0.302372 0.952631
1783948408.752342701 0.026279 -0.043194 0.004150 -0.012795 -0.030002 -0.302366 0.952634
1783948408.762355804 0.026278 -0.043184 0.004176 -0.012812 -0.030011 -0.302339 0.952642
1783948408.772388220 0.026267 -0.043150 0.004213 -0.012844 -0.030058 -0.302320 0.952646
1783948408.781115770 0.026261 -0.043099 0.004260 -0.012893 -0.030096 -0.302302 0.952650
1783948408.781115770 0.026261 -0.043099 0.004260 -0.012893 -0.030096 -0.302302 0.952650
1783948408.782332420 0.026255 -0.043096 0.004256 -0.012900 -0.030100 -0.302299 0.952651
1783948408.792428493 0.026198 -0.043081 0.004191 -0.012941 -0.030151 -0.302294 0.952650
1783948408.802329540 0.026167 -0.043064 0.004140 -0.012961 -0.030173 -0.302307 0.952645
1783948408.812360048 0.026161 -0.043057 0.004098 -0.012947 -0.030168 -0.302322 0.952640
1783948408.822355747 0.026177 -0.043061 0.004069 -0.012904 -0.030132 -0.302352 0.952632
1783948408.832675457 0.026202 -0.043078 0.004050 -0.012843 -0.030090 -0.302376 0.952627
1783948408.842368841 0.026224 -0.043098 0.004047 -0.012780 -0.030049 -0.302393 0.952624
1783948408.854386330 0.026227 -0.043119 0.004045 -0.012744 -0.030034 -0.302385 0.952627
1783948408.862415791 0.026224 -0.043113 0.004068 -0.012753 -0.030046 -0.302370 0.952632
1783948408.872420788 0.026208 -0.043086 0.004098 -0.012790 -0.030083 -0.302350 0.952636
1783948408.881975889 0.026194 -0.043038 0.004139 -0.012842 -0.030137 -0.302333 0.952639
1783948408.881975889 0.026194 -0.043038 0.004139 -0.012842 -0.030137 -0.302333 0.952639
1783948408.885382891 0.026177 -0.043030 0.004123 -0.012861 -0.030154 -0.302326 0.952641
1783948408.892354012 0.026142 -0.043015 0.004083 -0.012893 -0.030189 -0.302317 0.952642
1783948408.902400255 0.026106 -0.043000 0.004020 -0.012914 -0.030209 -0.302320 0.952640
1783948408.912425756 0.026096 -0.042993 0.003970 -0.012912 -0.030202 -0.302333 0.952636
1783948408.922366142 0.026109 -0.042997 0.003933 -0.012864 -0.030166 -0.302355 0.952631
1783948408.932397604 0.026132 -0.043011 0.003906 -0.012803 -0.030119 -0.302381 0.952625
1783948408.942376852 0.026150 -0.043029 0.003892 -0.012733 -0.030084 -0.302392 0.952624
1783948408.952898026 0.026154 -0.043043 0.003888 -0.012694 -0.030069 -0.302390 0.952625
1783948408.962385654 0.026144 -0.043037 0.003901 -0.012703 -0.030085 -0.302361 0.952634
1783948408.972367764 0.026123 -0.043008 0.003923 -0.012740 -0.030127 -0.302335 0.952640
1783948408.982362032 0.026103 -0.042957 0.003957 -0.012796 -0.030177 -0.302316 0.952644
1783948408.982846975 0.026103 -0.042953 0.003961 -0.012798 -0.030179 -0.302315 0.952644
1783948408.982846975 0.026103 -0.042953 0.003961 -0.012798 -0.030179 -0.302315 0.952644
1783948408.992379427 0.026043 -0.042941 0.003887 -0.012837 -0.030220 -0.302306 0.952645
1783948409.002377987 0.026003 -0.042927 0.003819 -0.012854 -0.030234 -0.302301 0.952646
1783948409.012370110 0.025989 -0.042922 0.003763 -0.012839 -0.030228 -0.302317 0.952642
1783948409.022410154 0.025997 -0.042929 0.003719 -0.012789 -0.030193 -0.302340 0.952636
1783948409.032406092 0.026015 -0.042945 0.003689 -0.012722 -0.030139 -0.302361 0.952632
1783948409.042384386 0.026028 -0.042967 0.003673 -0.012662 -0.030094 -0.302368 0.952632
1783948409.052418470 0.026029 -0.042984 0.003667 -0.012625 -0.030070 -0.302361 0.952635
1783948409.062345743 0.026014 -0.042984 0.003673 -0.012641 -0.030078 -0.302332 0.952644
1783948409.072457552 0.025989 -0.042960 0.003688 -0.012676 -0.030127 -0.302301 0.952652
1783948409.082411289 0.025965 -0.042914 0.003714 -0.012736 -0.030180 -0.302285 0.952655
1783948409.083714008 0.025965 -0.042904 0.003724 -0.012742 -0.030184 -0.302283 0.952655
1783948409.083714008 0.025965 -0.042904 0.003724 -0.012742 -0.030184 -0.302283 0.952655
1783948409.092393875 0.025909 -0.042898 0.003654 -0.012776 -0.030217 -0.302275 0.952656
1783948409.102394342 0.025864 -0.042892 0.003579 -0.012787 -0.030251 -0.302277 0.952654
1783948409.112354279 0.025844 -0.042896 0.003516 -0.012782 -0.030243 -0.302294 0.952649
1783948409.122374773 0.025844 -0.042912 0.003463 -0.012740 -0.030207 -0.302314 0.952645
1783948409.132390022 0.025853 -0.042938 0.003421 -0.012674 -0.030160 -0.302338 0.952639
1783948409.142858982 0.025855 -0.042972 0.003387 -0.012607 -0.030122 -0.302343 0.952640
1783948409.152386904 0.025846 -0.042995 0.003372 -0.012576 -0.030103 -0.302337 0.952643
1783948409.162409544 0.025818 -0.043005 0.003365 -0.012584 -0.030107 -0.302311 0.952651
1783948409.172394991 0.025781 -0.042991 0.003369 -0.012619 -0.030151 -0.302293 0.952655
1783948409.182386875 0.025745 -0.042956 0.003384 -0.012665 -0.030204 -0.302277 0.952657
1783948409.184569597 0.025742 -0.042944 0.003398 -0.012676 -0.030213 -0.302274 0.952658
1783948409.184569597 0.025742 -0.042944 0.003398 -0.012676 -0.030213 -0.302274 0.952658
1783948409.192373991 0.025684 -0.042947 0.003330 -0.012712 -0.030247 -0.302267 0.952658
1783948409.204426289 0.025613 -0.042963 0.003213 -0.012744 -0.030275 -0.302278 0.952654
1783948409.212365150 0.025595 -0.042973 0.003164 -0.012746 -0.030263 -0.302292 0.952650
1783948409.222445965 0.025587 -0.043002 0.003101 -0.012705 -0.030230 -0.302314 0.952644
1783948409.232347727 0.025591 -0.043039 0.003051 -0.012644 -0.030176 -0.302341 0.952638
1783948409.242373943 0.025589 -0.043083 0.003013 -0.012582 -0.030139 -0.302353 0.952636
1783948409.252378941 0.025572 -0.043120 0.002985 -0.012550 -0.030129 -0.302347 0.952639
1783948409.262360334 0.025539 -0.043140 0.002969 -0.012561 -0.030132 -0.302317 0.952648
1783948409.272434711 0.025496 -0.043137 0.002964 -0.012600 -0.030177 -0.302291 0.952654
1783948409.282387018 0.025455 -0.043113 0.002971 -0.012664 -0.030223 -0.302272 0.952658
1783948409.285435677 0.025450 -0.043099 0.002986 -0.012676 -0.030236 -0.302270 0.952658
1783948409.285435677 0.025450 -0.043099 0.002986 -0.012676 -0.030236 -0.302270 0.952658
1783948409.292385578 0.025414 -0.043091 0.002967 -0.012707 -0.030265 -0.302269 0.952657
1783948409.303022146 0.025384 -0.043078 0.002954 -0.012742 -0.030280 -0.302271 0.952656
1783948409.312386274 0.025381 -0.043075 0.002951 -0.012741 -0.030256 -0.302284 0.952652
1783948409.322386503 0.025399 -0.043084 0.002961 -0.012704 -0.030220 -0.302308 0.952646
1783948409.332869291 0.025429 -0.043105 0.002986 -0.012648 -0.030167 -0.302339 0.952639
1783948409.342420578 0.025450 -0.043128 0.003018 -0.012601 -0.030119 -0.302346 0.952639
1783948409.352413654 0.025460 -0.043146 0.003063 -0.012577 -0.030098 -0.302342 0.952641
1783948409.362375498 0.025453 -0.043147 0.003120 -0.012598 -0.030107 -0.302318 0.952648
1783948409.372375250 0.025435 -0.043125 0.003189 -0.012638 -0.030141 -0.302289 0.952656
1783948409.382400274 0.025418 -0.043083 0.003268 -0.012702 -0.030184 -0.302273 0.952659
1783948409.386301756 0.025413 -0.043064 0.003298 -0.012724 -0.030197 -0.302269 0.952659
1783948409.386301756 0.025413 -0.043064 0.003298 -0.012724 -0.030197 -0.302269 0.952659
1783948409.392398834 0.025357 -0.043081 0.003303 -0.012767 -0.030211 -0.302264 0.952660
1783948409.402359486 0.025266 -0.043128 0.003340 -0.012819 -0.030216 -0.302260 0.952660
1783948409.412359953 0.025201 -0.043184 0.003390 -0.012849 -0.030184 -0.302276 0.952656
1783948409.422379494 0.025158 -0.043252 0.003453 -0.012834 -0.030121 -0.302305 0.952649
1783948409.432513952 0.025123 -0.043331 0.003531 -0.012807 -0.030053 -0.302342 0.952640
1783948409.442435503 0.025085 -0.043413 0.003618 -0.012779 -0.029992 -0.302357 0.952637
1783948409.452360153 0.025034 -0.043487 0.003717 -0.012780 -0.029958 -0.302353 0.952639
1783948409.463396311 0.024950 -0.043556 0.003849 -0.012829 -0.029961 -0.302327 0.952647
1783948409.472514868 0.024880 -0.043585 0.003958 -0.012893 -0.029980 -0.302308 0.952651
1783948409.482402802 0.024802 -0.043600 0.004090 -0.012974 -0.030009 -0.302294 0.952654
1783948409.487167597 0.024781 -0.043592 0.004145 -0.013004 -0.030022 -0.302288 0.952655
1783948409.487167597 0.024781 -0.043592 0.004145 -0.013004 -0.030022 -0.302288 0.952655
1783948409.495131969 0.024732 -0.043601 0.004098 -0.013046 -0.030048 -0.302278 0.952657
1783948409.502452850 0.024702 -0.043607 0.004064 -0.013062 -0.030057 -0.302276 0.952657
1783948409.512406111 0.024678 -0.043630 0.004015 -0.013060 -0.030039 -0.302296 0.952651
1783948409.523417473 0.024675 -0.043670 0.003970 -0.013020 -0.029992 -0.302322 0.952645
1783948409.532409430 0.024688 -0.043707 0.003953 -0.012968 -0.029938 -0.302348 0.952639
1783948409.542404175 0.024695 -0.043755 0.003940 -0.012908 -0.029900 -0.302362 0.952637
1783948409.552401304 0.024690 -0.043797 0.003939 -0.012875 -0.029869 -0.302356 0.952640
1783948409.562355995 0.024667 -0.043823 0.003950 -0.012902 -0.029872 -0.302330 0.952648
1783948409.572437286 0.024635 -0.043825 0.003973 -0.012951 -0.029902 -0.302310 0.952653
1783948409.582418203 0.024603 -0.043805 0.004007 -0.013011 -0.029948 -0.302289 0.952657
1783948409.589855433 0.024592 -0.043779 0.004050 -0.013044 -0.029985 -0.302284 0.952657
1783948409.589855433 0.024592 -0.043779 0.004050 -0.013044 -0.029985 -0.302284 0.952657
1783948409.592490911 0.024580 -0.043780 0.004040 -0.013056 -0.029998 -0.302280 0.952657
1783948409.602478504 0.024534 -0.043798 0.003970 -0.013080 -0.030018 -0.302286 0.952655
1783948409.612412453 0.024516 -0.043824 0.003913 -0.013079 -0.030002 -0.302306 0.952649
1783948409.622354746 0.024520 -0.043863 0.003867 -0.013047 -0.029961 -0.302329 0.952643
1783948409.632450104 0.024534 -0.043911 0.003833 -0.012989 -0.029901 -0.302360 0.952636
1783948409.642413616 0.024544 -0.043962 0.003812 -0.012941 -0.029852 -0.302387 0.952630
1783948409.652346134 0.024543 -0.044005 0.003804 -0.012913 -0.029836 -0.302377 0.952634
1783948409.662399292 0.024525 -0.044032 0.003808 -0.012931 -0.029841 -0.302354 0.952641
1783948409.672413588 0.024497 -0.044035 0.003823 -0.012978 -0.029876 -0.302329 0.952647
1783948409.683357954 0.024467 -0.044018 0.003848 -0.013050 -0.029930 -0.302309 0.952651
1783948409.688893557 0.024462 -0.043997 0.003881 -0.013079 -0.029947 -0.302301 0.952652
1783948409.688893557 0.024462 -0.043997 0.003881 -0.013079 -0.029947 -0.302301 0.952652
1783948409.692347050 0.024445 -0.044000 0.003866 -0.013096 -0.029958 -0.302296 0.952653
1783948409.702343702 0.024397 -0.044023 0.003800 -0.013130 -0.029977 -0.302294 0.952653
1783948409.712366581 0.024376 -0.044054 0.003747 -0.013128 -0.029957 -0.302311 0.952648
1783948409.722349882 0.024379 -0.044094 0.003707 -0.013086 -0.029928 -0.302329 0.952644
1783948409.732449055 0.024392 -0.044143 0.003678 -0.013031 -0.029877 -0.302352 0.952639
1783948409.742368937 0.024401 -0.044194 0.003661 -0.012979 -0.029829 -0.302363 0.952638
1783948409.753809929 0.024392 -0.044245 0.003648 -0.012950 -0.029807 -0.302350 0.952643
1783948409.762382507 0.024375 -0.044263 0.003660 -0.012961 -0.029813 -0.302324 0.952651
1783948409.772378445 0.024343 -0.044266 0.003678 -0.013007 -0.029854 -0.302300 0.952657
1783948409.782497168 0.024313 -0.044247 0.003708 -0.013070 -0.029901 -0.302283 0.952659
1783948409.789758921 0.024305 -0.044223 0.003746 -0.013109 -0.029927 -0.302275 0.952661
1783948409.789758921 0.024305 -0.044223 0.003746 -0.013109 -0.029927 -0.302275 0.952661
1783948409.792390585 0.024293 -0.044224 0.003734 -0.013123 -0.029936 -0.302271 0.952661
1783948409.802418947 0.024251 -0.044245 0.003656 -0.013159 -0.029957 -0.302273 0.952660
1783948409.812772989 0.024234 -0.044278 0.003586 -0.013162 -0.029938 -0.302291 0.952655
1783948409.822438955 0.024242 -0.044319 0.003537 -0.013131 -0.029901 -0.302309 0.952650
1783948409.832420588 0.024259 -0.044369 0.003496 -0.013079 -0.029850 -0.302335 0.952644
1783948409.842766762 0.024271 -0.044425 0.003465 -0.013026 -0.029800 -0.302349 0.952642
1783948409.852382898 0.024271 -0.044467 0.003453 -0.013004 -0.029779 -0.302345 0.952645
1783948409.862442493 0.024254 -0.044495 0.003449 -0.013026 -0.029796 -0.302318 0.952652
1783948409.872390747 0.024228 -0.044499 0.003456 -0.013072 -0.029831 -0.302287 0.952660
1783948409.882439613 0.024203 -0.044482 0.003475 -0.013142 -0.029878 -0.302273 0.952662
1783948409.890618324 0.024196 -0.044457 0.003507 -0.013183 -0.029904 -0.302265 0.952663
1783948409.890618324 0.024196 -0.044457 0.003507 -0.013183 -0.029904 -0.302265 0.952663
1783948409.892357588 0.024189 -0.044458 0.003500 -0.013191 -0.029909 -0.302263 0.952664
1783948409.902396679 0.024148 -0.044479 0.003431 -0.013230 -0.029922 -0.302258 0.952665
1783948409.912369490 0.024135 -0.044508 0.003374 -0.013238 -0.029900 -0.302268 0.952662
1783948409.922439814 0.024146 -0.044547 0.003329 -0.013198 -0.029860 -0.302287 0.952658
1783948409.932389975 0.024167 -0.044593 0.003298 -0.013145 -0.029797 -0.302312 0.952653
1783948409.942363024 0.024183 -0.044641 0.003278 -0.013095 -0.029757 -0.302321 0.952652
1783948409.952399254 0.024187 -0.044681 0.003272 -0.013063 -0.029740 -0.302312 0.952655
1783948409.962449074 0.024176 -0.044701 0.003276 -0.013079 -0.029749 -0.302286 0.952663
1783948409.972414494 0.024154 -0.044698 0.003293 -0.013126 -0.029792 -0.302258 0.952670
1783948409.982394218 0.024134 -0.044673 0.003323 -0.013194 -0.029841 -0.302233 0.952676
1783948409.991509914 0.024128 -0.044640 0.003364 -0.013243 -0.029880 -0.302220 0.952678
1783948409.991509914 0.024128 -0.044640 0.003364 -0.013243 -0.029880 -0.302220 0.952678
1783948409.992367744 0.024125 -0.044640 0.003362 -0.013248 -0.029884 -0.302219 0.952678
1783948410.002370358 0.024092 -0.044655 0.003281 -0.013274 -0.029906 -0.302227 0.952674
1783948410.012413979 0.024086 -0.044679 0.003212 -0.013270 -0.029884 -0.302228 0.952675
1783948410.022433996 0.024104 -0.044713 0.003156 -0.013230 -0.029840 -0.302248 0.952670
1783948410.035961151 0.024136 -0.044778 0.003067 -0.013146 -0.029772 -0.302286 0.952662
1783948410.042475224 0.024157 -0.044806 0.003064 -0.013113 -0.029740 -0.302299 0.952659
1783948410.052364349 0.024173 -0.044847 0.003045 -0.013087 -0.029717 -0.302292 0.952662
1783948410.062392712 0.024172 -0.044871 0.003037 -0.013102 -0.029734 -0.302262 0.952671
1783948410.072361469 0.024162 -0.044871 0.003039 -0.013144 -0.029768 -0.302232 0.952679
1783948410.082467079 0.024153 -0.044851 0.003052 -0.013203 -0.029816 -0.302207 0.952684
1783948410.092355728 0.024159 -0.044820 0.003076 -0.013247 -0.029865 -0.302192 0.952687
1783948410.092355728 0.024159 -0.044820 0.003076 -0.013247 -0.029865 -0.302192 0.952687
1783948410.092384338 0.024159 -0.044820 0.003076 -0.013247 -0.029865 -0.302192 0.952687
1783948410.102551222 0.024136 -0.044837 0.002994 -0.013271 -0.029890 -0.302194 0.952685
1783948410.112424612 0.024142 -0.044863 0.002928 -0.013261 -0.029883 -0.302210 0.952681
1783948410.122394800 0.024171 -0.044900 0.002875 -0.013219 -0.029853 -0.302239 0.952673
1783948410.132376432 0.024210 -0.044944 0.002835 -0.013155 -0.029805 -0.302270 0.952665
1783948410.142447710 0.024247 -0.044991 0.002806 -0.013085 -0.029767 -0.302289 0.952662
1783948410.152384043 0.024270 -0.045030 0.002791 -0.013051 -0.029751 -0.302285 0.952664
1783948410.165256739 0.024270 -0.045058 0.002765 -0.013062 -0.029778 -0.302260 0.952671
1783948410.172422171 0.024267 -0.045052 0.002786 -0.013088 -0.029806 -0.302238 0.952677
1783948410.182385206 0.024261 -0.045031 0.002807 -0.013146 -0.029859 -0.302224 0.952678
1783948410.192383766 0.024269 -0.045000 0.002839 -0.013192 -0.029909 -0.302216 0.952679
1783948410.193404198 0.024272 -0.044996 0.002849 -0.013195 -0.029911 -0.302215 0.952679
1783948410.193404198 0.024272 -0.044996 0.002849 -0.013195 -0.029911 -0.302215 0.952679
1783948410.202413082 0.024250 -0.045013 0.002780 -0.013216 -0.029935 -0.302218 0.952677
1783948410.212405443 0.024251 -0.045043 0.002708 -0.013214 -0.029925 -0.302235 0.952672
1783948410.222467184 0.024274 -0.045084 0.002648 -0.013165 -0.029894 -0.302252 0.952668
1783948410.232505560 0.024308 -0.045131 0.002599 -0.013107 -0.029842 -0.302286 0.952660
1783948410.242449999 0.024337 -0.045181 0.002565 -0.013049 -0.029797 -0.302297 0.952659
1783948410.252385378 0.024354 -0.045221 0.002542 -0.013021 -0.029785 -0.302298 0.952659
1783948410.262378931 0.024356 -0.045245 0.002529 -0.013038 -0.029803 -0.302277 0.952665
1783948410.272384644 0.024348 -0.045244 0.002528 -0.013076 -0.029845 -0.302250 0.952672
1783948410.282494545 0.024342 -0.045222 0.002539 -0.013126 -0.029901 -0.302234 0.952674
1783948410.292410135 0.024350 -0.045191 0.002562 -0.013173 -0.029948 -0.302223 0.952676
1783948410.294075727 0.024355 -0.045183 0.002576 -0.013178 -0.029951 -0.302221 0.952676
1783948410.294075727 0.024355 -0.045183 0.002576 -0.013178 -0.029951 -0.302221 0.952676
1783948410.302506208 0.024344 -0.045194 0.002511 -0.013202 -0.029968 -0.302215 0.952677
1783948410.312484026 0.024355 -0.045217 0.002436 -0.013205 -0.029950 -0.302222 0.952675
1783948410.322735071 0.024390 -0.045252 0.002371 -0.013153 -0.029921 -0.302250 0.952668
1783948410.332428217 0.024434 -0.045291 0.002323 -0.013090 -0.029876 -0.302282 0.952660
1783948410.342449188 0.024475 -0.045335 0.002284 -0.013033 -0.029832 -0.302296 0.952658
1783948410.355382204 0.024506 -0.045382 0.002226 -0.012979 -0.029821 -0.302291 0.952661
1783948410.362386465 0.024517 -0.045391 0.002232 -0.012987 -0.029832 -0.302269 0.952667
1783948410.372400999 0.024521 -0.045386 0.002230 -0.013024 -0.029879 -0.302245 0.952673
1783948410.382408381 0.024526 -0.045358 0.002241 -0.013079 -0.029934 -0.302224 0.952677
1783948410.392381668 0.024545 -0.045320 0.002262 -0.013128 -0.029977 -0.302221 0.952676
1783948410.394944668 0.024555 -0.045307 0.002281 -0.013135 -0.029981 -0.302221 0.952676
1783948410.394944668 0.024555 -0.045307 0.002281 -0.013135 -0.029981 -0.302221 0.952676
1783948410.402454138 0.024554 -0.045312 0.002224 -0.013159 -0.029991 -0.302224 0.952674
1783948410.412404537 0.024572 -0.045333 0.002148 -0.013159 -0.029976 -0.302240 0.952670
1783948410.422415257 0.024612 -0.045366 0.002082 -0.013113 -0.029938 -0.302271 0.952662
1783948410.432508230 0.024661 -0.045405 0.002027 -0.013060 -0.029878 -0.302308 0.952653
1783948410.442439795 0.024706 -0.045446 0.001986 -0.013004 -0.029835 -0.302321 0.952651
1783948410.452381372 0.024738 -0.045479 0.001957 -0.012971 -0.029814 -0.302311 0.952655
1783948410.462390900 0.024753 -0.045495 0.001940 -0.012982 -0.029828 -0.302291 0.952660
1783948410.472424269 0.024758 -0.045489 0.001934 -0.013023 -0.029866 -0.302272 0.952665
1783948410.483428240 0.024764 -0.045460 0.001935 -0.013091 -0.029921 -0.302260 0.952666
1783948410.492448330 0.024784 -0.045423 0.001956 -0.013137 -0.029954 -0.302254 0.952666
1783948410.495840549 0.024801 -0.045405 0.001977 -0.013147 -0.029959 -0.302253 0.952666
1783948410.495840549 0.024801 -0.045405 0.001977 -0.013147 -0.029959 -0.302253 0.952666
1783948410.502446651 0.024798 -0.045409 0.001936 -0.013164 -0.029974 -0.302252 0.952666
1783948410.512447834 0.024809 -0.045429 0.001863 -0.013161 -0.029961 -0.302269 0.952661
1783948410.522386074 0.024843 -0.045458 0.001802 -0.013114 -0.029927 -0.302292 0.952655
1783948410.532447100 0.024888 -0.045495 0.001753 -0.013047 -0.029875 -0.302326 0.952647
1783948410.542461872 0.024929 -0.045536 0.001716 -0.012999 -0.029843 -0.302337 0.952645
1783948410.552396297 0.024958 -0.045569 0.001693 -0.012962 -0.029828 -0.302330 0.952648
1783948410.562431812 0.024972 -0.045584 0.001680 -0.012974 -0.029849 -0.302303 0.952656
1783948410.572402239 0.024975 -0.045576 0.001679 -0.013007 -0.029892 -0.302276 0.952663
1783948410.582956076 0.024980 -0.045545 0.001686 -0.013069 -0.029950 -0.302252 0.952668
1783948410.592401505 0.024998 -0.045505 0.001711 -0.013111 -0.029989 -0.302248 0.952667
1783948410.596670628 0.025017 -0.045484 0.001740 -0.013120 -0.029994 -0.302245 0.952668
1783948410.596670628 0.025017 -0.045484 0.001740 -0.013120 -0.029994 -0.302245 0.952668
1783948410.602396965 0.025017 -0.045485 0.001706 -0.013132 -0.030003 -0.302243 0.952668
1783948410.612419605 0.025030 -0.045502 0.001629 -0.013123 -0.029997 -0.302260 0.952663
1783948410.622457027 0.025065 -0.045531 0.001564 -0.013067 -0.029965 -0.302286 0.952657
1783948410.632409811 0.025110 -0.045565 0.001514 -0.013000 -0.029918 -0.302312 0.952651
1783948410.644429922 0.025153 -0.045613 0.001453 -0.012919 -0.029870 -0.302327 0.952648
1783948410.652433872 0.025177 -0.045635 0.001444 -0.012896 -0.029859 -0.302321 0.952651
1783948410.662430048 0.025190 -0.045651 0.001430 -0.012903 -0.029890 -0.302297 0.952658
1783948410.672404051 0.025193 -0.045644 0.001427 -0.012944 -0.029937 -0.302265 0.952666
1783948410.682400465 0.025199 -0.045617 0.001436 -0.012997 -0.029990 -0.302244 0.952670
1783948410.692506790 0.025219 -0.045580 0.001456 -0.013042 -0.030045 -0.302233 0.952671
1783948410.697533607 0.025243 -0.045558 0.001488 -0.013053 -0.030053 -0.302230 0.952672
1783948410.697533607 0.025243 -0.045558 0.001488 -0.013053 -0.030053 -0.302230 0.952672
1783948410.702428341 0.025245 -0.045561 0.001460 -0.013064 -0.030059 -0.302228 0.952672
1783948410.712938547 0.025258 -0.045590 0.001381 -0.013065 -0.030042 -0.302249 0.952666
1783948410.722463846 0.025293 -0.045624 0.001326 -0.013030 -0.030004 -0.302267 0.952662
1783948410.732466221 0.025338 -0.045669 0.001277 -0.012965 -0.029950 -0.302299 0.952654
1783948410.742434740 0.025379 -0.045717 0.001240 -0.012909 -0.029909 -0.302315 0.952651
1783948410.752418518 0.025406 -0.045756 0.001215 -0.012876 -0.029900 -0.302306 0.952655
1783948410.762428761 0.025416 -0.045778 0.001203 -0.012883 -0.029914 -0.302280 0.952663
1783948410.772401333 0.025415 -0.045776 0.001203 -0.012924 -0.029957 -0.302251 0.952670
1783948410.782432795 0.025414 -0.045752 0.001215 -0.012986 -0.030013 -0.302230 0.952674
1783948410.792505026 0.025427 -0.045719 0.001238 -0.013039 -0.030061 -0.302219 0.952675
1783948410.798398495 0.025452 -0.045693 0.001270 -0.013055 -0.030074 -0.302215 0.952676
1783948410.798398495 0.025452 -0.045693 0.001270 -0.013055 -0.030074 -0.302215 0.952676
1783948410.804524183 0.025453 -0.045697 0.001235 -0.013073 -0.030089 -0.302211 0.952676
1783948410.812520504 0.025465 -0.045711 0.001190 -0.013066 -0.030080 -0.302221 0.952673
1783948410.822486877 0.025495 -0.045743 0.001136 -0.013023 -0.030047 -0.302243 0.952668
1783948410.832406282 0.025536 -0.045783 0.001096 -0.012962 -0.029988 -0.302279 0.952659
1783948410.842498541 0.025572 -0.045829 0.001066 -0.012904 -0.029950 -0.302288 0.952659
1783948410.852426291 0.025595 -0.045866 0.001049 -0.012879 -0.029944 -0.302276 0.952663
1783948410.862424612 0.025602 -0.045887 0.001044 -0.012904 -0.029955 -0.302250 0.952671
1783948410.872473478 0.025600 -0.045884 0.001048 -0.012951 -0.029997 -0.302226 0.952676
1783948410.882469177 0.025601 -0.045860 0.001064 -0.013004 -0.030060 -0.302210 0.952679
1783948410.892442226 0.025615 -0.045826 0.001092 -0.013053 -0.030106 -0.302199 0.952680
1783948410.900342703 0.025647 -0.045795 0.001131 -0.013074 -0.030122 -0.302205 0.952677
1783948410.900342703 0.025647 -0.045795 0.001131 -0.013074 -0.030122 -0.302205 0.952677
1783948410.902416229 0.025649 -0.045795 0.001123 -0.013079 -0.030125 -0.302205 0.952677
1783948410.912506342 0.025656 -0.045821 0.001056 -0.013075 -0.030123 -0.302217 0.952673
1783948410.922413111 0.025685 -0.045857 0.001003 -0.013037 -0.030084 -0.302241 0.952667
1783948410.932410955 0.025725 -0.045902 0.000961 -0.012981 -0.030035 -0.302265 0.952662
1783948410.942446470 0.025760 -0.045951 0.000931 -0.012929 -0.029989 -0.302277 0.952661
1783948410.952508926 0.025783 -0.045992 0.000912 -0.012899 -0.029973 -0.302265 0.952665
1783948410.964362621 0.025782 -0.046023 0.000894 -0.012922 -0.029990 -0.302233 0.952675
1783948410.972452641 0.025780 -0.046018 0.000906 -0.012955 -0.030022 -0.302210 0.952680
1783948410.982438803 0.025775 -0.045997 0.000924 -0.013020 -0.030074 -0.302189 0.952684
1783948410.992476463 0.025784 -0.045965 0.000952 -0.013067 -0.030126 -0.302181 0.952685
1783948411.000131607 0.025813 -0.045936 0.000991 -0.013086 -0.030134 -0.302181 0.952684
1783948411.000131607 0.025813 -0.045936 0.000991 -0.013086 -0.030134 -0.302181 0.952684
1783948411.002450705 0.025814 -0.045937 0.000982 -0.013091 -0.030136 -0.302180 0.952685
1783948411.012416363 0.025817 -0.045966 0.000912 -0.013094 -0.030118 -0.302194 0.952680
1783948411.022417068 0.025843 -0.046006 0.000854 -0.013056 -0.030069 -0.302219 0.952675
1783948411.032496452 0.025877 -0.046056 0.000808 -0.013004 -0.030015 -0.302246 0.952668
1783948411.042539835 0.025906 -0.046109 0.000775 -0.012949 -0.029974 -0.302255 0.952668
1783948411.052433729 0.025922 -0.046154 0.000756 -0.012925 -0.029948 -0.302249 0.952671
1783948411.062435627 0.025921 -0.046183 0.000747 -0.012943 -0.029954 -0.302228 0.952677
1783948411.072447777 0.025910 -0.046187 0.000750 -0.012976 -0.029993 -0.302209 0.952681
1783948411.082478762 0.025900 -0.046169 0.000765 -0.013035 -0.030045 -0.302196 0.952683
1783948411.092965126 0.025904 -0.046141 0.000790 -0.013095 -0.030090 -0.302188 0.952683
1783948411.100992203 0.025931 -0.046115 0.000828 -0.013122 -0.030105 -0.302190 0.952682
1783948411.100992203 0.025931 -0.046115 0.000828 -0.013122 -0.030105 -0.302190 0.952682
1783948411.102435589 0.025932 -0.046116 0.000824 -0.013126 -0.030107 -0.302190 0.952682
1783948411.112437963 0.025931 -0.046145 0.000759 -0.013122 -0.030090 -0.302210 0.952676
1783948411.124193668 0.025952 -0.046196 0.000687 -0.013078 -0.030050 -0.302244 0.952667
1783948411.132426739 0.025983 -0.046234 0.000661 -0.013025 -0.030006 -0.302261 0.952664
1783948411.142510891 0.026012 -0.046286 0.000631 -0.012979 -0.029962 -0.302276 0.952661
1783948411.152504683 0.026028 -0.046331 0.000615 -0.012960 -0.029951 -0.302271 0.952663
1783948411.162429810 0.026029 -0.046357 0.000612 -0.012981 -0.029972 -0.302240 0.952672
1783948411.172536373 0.026021 -0.046360 0.000618 -0.013031 -0.030013 -0.302214 0.952678
1783948411.182485342 0.026016 -0.046340 0.000638 -0.013098 -0.030061 -0.302199 0.952681
1783948411.192505360 0.026026 -0.046309 0.000670 -0.013145 -0.030105 -0.302197 0.952679
1783948411.201861382 0.026059 -0.046277 0.000715 -0.013168 -0.030123 -0.302208 0.952675
1783948411.201861382 0.026059 -0.046277 0.000715 -0.013168 -0.030123 -0.302208 0.952675
1783948411.202488422 0.026060 -0.046278 0.000713 -0.013169 -0.030124 -0.302208 0.952675
1783948411.212496042 0.026064 -0.046306 0.000655 -0.013161 -0.030110 -0.302222 0.952671
1783948411.223257065 0.026092 -0.046350 0.000604 -0.013115 -0.030065 -0.302251 0.952664
1783948411.232459068 0.026129 -0.046393 0.000581 -0.013068 -0.030011 -0.302279 0.952657
1783948411.242450714 0.026163 -0.046444 0.000563 -0.013017 -0.029968 -0.302287 0.952657
1783948411.254410505 0.026180 -0.046501 0.000547 -0.012995 -0.029961 -0.302278 0.952660
1783948411.262460232 0.026185 -0.046520 0.000560 -0.013013 -0.029970 -0.302259 0.952666
1783948411.272431850 0.026179 -0.046524 0.000577 -0.013051 -0.030008 -0.302235 0.952672
1783948411.286119461 0.026165 -0.046507 0.000596 -0.013136 -0.030081 -0.302216 0.952674
1783948411.292514801 0.026176 -0.046481 0.000634 -0.013174 -0.030108 -0.302209 0.952675
1783948411.302434206 0.026207 -0.046447 0.000686 -0.013203 -0.030129 -0.302210 0.952674
1783948411.302722692 0.026209 -0.046446 0.000689 -0.013203 -0.030129 -0.302210 0.952674
1783948411.302722692 0.026209 -0.046446 0.000689 -0.013203 -0.030129 -0.302210 0.952674
1783948411.312520027 0.026211 -0.046470 0.000637 -0.013195 -0.030111 -0.302223 0.952670
1783948411.322513580 0.026235 -0.046507 0.000595 -0.013154 -0.030065 -0.302249 0.952664
1783948411.332490444 0.026267 -0.046554 0.000566 -0.013095 -0.030002 -0.302274 0.952659
1783948411.342436075 0.026295 -0.046604 0.000549 -0.013033 -0.029959 -0.302279 0.952659
1783948411.352939844 0.026308 -0.046649 0.000542 -0.013011 -0.029937 -0.302266 0.952665
1783948411.362463713 0.026307 -0.046672 0.000552 -0.013032 -0.029945 -0.302242 0.952672
1783948411.372468472 0.026297 -0.046673 0.000571 -0.013068 -0.029980 -0.302220 0.952677
1783948411.382552385 0.026288 -0.046652 0.000602 -0.013131 -0.030021 -0.302200 0.952681
1783948411.392423630 0.026294 -0.046620 0.000645 -0.013175 -0.030067 -0.302195 0.952681
1783948411.402479172 0.026325 -0.046587 0.000700 -0.013208 -0.030086 -0.302199 0.952678
1783948411.403614521 0.026333 -0.046582 0.000712 -0.013207 -0.030084 -0.302200 0.952678
1783948411.403614521 0.026333 -0.046582 0.000712 -0.013207 -0.030084 -0.302200 0.952678
1783948411.412457228 0.026338 -0.046602 0.000671 -0.013199 -0.030073 -0.302212 0.952675
1783948411.422481298 0.026362 -0.046637 0.000632 -0.013160 -0.030025 -0.302237 0.952669
1783948411.432448864 0.026394 -0.046679 0.000605 -0.013103 -0.029973 -0.302263 0.952663
1783948411.445389986 0.026417 -0.046748 0.000571 -0.013039 -0.029922 -0.302271 0.952663
1783948411.452466011 0.026431 -0.046774 0.000581 -0.013022 -0.029908 -0.302260 0.952667
1783948411.462505817 0.026430 -0.046800 0.000591 -0.013044 -0.029915 -0.302231 0.952676
1783948411.472492456 0.026420 -0.046800 0.000612 -0.013091 -0.029958 -0.302211 0.952680
1783948411.482457161 0.026414 -0.046779 0.000643 -0.013153 -0.030012 -0.302197 0.952682
1783948411.492569685 0.026422 -0.046747 0.000686 -0.013197 -0.030054 -0.302187 0.952684
1783948411.502487421 0.026456 -0.046713 0.000742 -0.013223 -0.030071 -0.302191 0.952681
1783948411.504462957 0.026470 -0.046705 0.000762 -0.013223 -0.030067 -0.302192 0.952681
1783948411.504462957 0.026470 -0.046705 0.000762 -0.013223 -0.030067 -0.302192 0.952681
1783948411.512452841 0.026480 -0.046725 0.000725 -0.013224 -0.030056 -0.302202 0.952678
1783948411.522455692 0.026508 -0.046763 0.000680 -0.013179 -0.030020 -0.302226 0.952672
1783948411.532432079 0.026545 -0.046811 0.000648 -0.013118 -0.029972 -0.302246 0.952668
1783948411.542476416 0.026579 -0.046863 0.000627 -0.013060 -0.029928 -0.302255 0.952668
1783948411.552504778 0.026600 -0.046908 0.000618 -0.013042 -0.029914 -0.302250 0.952670
1783948411.562448502 0.026604 -0.046934 0.000622 -0.013060 -0.029921 -0.302221 0.952679
1783948411.575309515 0.026590 -0.046939 0.000625 -0.013114 -0.029972 -0.302196 0.952684
1783948411.582490921 0.026591 -0.046917 0.000656 -0.013162 -0.030008 -0.302183 0.952687
1783948411.592460632 0.026601 -0.046883 0.000694 -0.013202 -0.030053 -0.302179 0.952686
1783948411.602425575 0.026636 -0.046848 0.000744 -0.013234 -0.030073 -0.302185 0.952683
1783948411.606959820 0.026666 -0.046829 0.000783 -0.013228 -0.030065 -0.302191 0.952681
1783948411.606959820 0.026666 -0.046829 0.000783 -0.013228 -0.030065 -0.302191 0.952681
1783948411.613564968 0.026678 -0.046844 0.000761 -0.013221 -0.030054 -0.302202 0.952678
1783948411.622422934 0.026705 -0.046875 0.000730 -0.013186 -0.030022 -0.302226 0.952672
1783948411.632463932 0.026740 -0.046922 0.000701 -0.013123 -0.029967 -0.302254 0.952666
1783948411.642450333 0.026770 -0.046972 0.000685 -0.013071 -0.029919 -0.302262 0.952666
1783948411.652531385 0.026787 -0.047014 0.000683 -0.013060 -0.029906 -0.302249 0.952670
1783948411.662467957 0.026787 -0.047038 0.000693 -0.013086 -0.029914 -0.302227 0.952677
1783948411.672421932 0.026778 -0.047037 0.000712 -0.013124 -0.029952 -0.302208 0.952681
1783948411.682500362 0.026771 -0.047013 0.000743 -0.013188 -0.029999 -0.302188 0.952685
1783948411.692516088 0.026780 -0.046979 0.000785 -0.013236 -0.030051 -0.302181 0.952685
1783948411.702451229 0.026815 -0.046945 0.000839 -0.013264 -0.030076 -0.302179 0.952684
1783948411.706186056 0.026841 -0.046929 0.000874 -0.013264 -0.030068 -0.302182 0.952684
1783948411.706186056 0.026841 -0.046929 0.000874 -0.013264 -0.030068 -0.302182 0.952684
1783948411.712476492 0.026856 -0.046940 0.000853 -0.013263 -0.030057 -0.302189 0.952682
1783948411.722458601 0.026891 -0.046971 0.000813 -0.013217 -0.030015 -0.302215 0.952676
1783948411.734300852 0.026938 -0.047023 0.000770 -0.013153 -0.029956 -0.302241 0.952670
1783948411.742512941 0.026973 -0.047058 0.000765 -0.013108 -0.029925 -0.302246 0.952670
1783948411.752518177 0.026999 -0.047095 0.000763 -0.013085 -0.029906 -0.302239 0.952673
1783948411.766955376 0.026993 -0.047128 0.000749 -0.013108 -0.029928 -0.302197 0.952685
1783948411.772469997 0.026993 -0.047118 0.000773 -0.013132 -0.029951 -0.302179 0.952690
1783948411.782475948 0.026988 -0.047093 0.000806 -0.013189 -0.030010 -0.302162 0.952693
1783948411.795730352 0.026996 -0.047052 0.000848 -0.013253 -0.030074 -0.302159 0.952691
1783948411.802434444 0.027026 -0.047019 0.000898 -0.013270 -0.030082 -0.302162 0.952690
1783948411.807041407 0.027055 -0.046998 0.000939 -0.013264 -0.030074 -0.302168 0.952688
1783948411.807041407 0.027055 -0.046998 0.000939 -0.013264 -0.030074 -0.302168 0.952688
1783948411.812498569 0.027052 -0.047015 0.000919 -0.013257 -0.030064 -0.302176 0.952686
1783948411.822453737 0.027041 -0.047073 0.000865 -0.013212 -0.030019 -0.302202 0.952679
1783948411.832456589 0.027041 -0.047139 0.000823 -0.013153 -0.029976 -0.302233 0.952672
1783948411.842719316 0.027035 -0.047210 0.000792 -0.013100 -0.029935 -0.302249 0.952669
1783948411.852467775 0.027019 -0.047269 0.000777 -0.013075 -0.029920 -0.302239 0.952673
1783948411.862486601 0.026984 -0.047313 0.000773 -0.013093 -0.029930 -0.302215 0.952680
1783948411.872480392 0.026939 -0.047333 0.000780 -0.013137 -0.029974 -0.302187 0.952687
1783948411.882475853 0.026897 -0.047331 0.000798 -0.013194 -0.030019 -0.302171 0.952690
1783948411.893749475 0.026858 -0.047323 0.000825 -0.013244 -0.030073 -0.302167 0.952689
1783948411.902507067 0.026861 -0.047306 0.000870 -0.013266 -0.030089 -0.302167 0.952688
1783948411.907920837 0.026882 -0.047291 0.000913 -0.013263 -0.030081 -0.302176 0.952685
1783948411.907920837 0.026882 -0.047291 0.000913 -0.013263 -0.030081 -0.302176 0.952685
1783948411.912444115 0.026888 -0.047296 0.000905 -0.013260 -0.030074 -0.302184 0.952683
1783948411.922438145 0.026904 -0.047325 0.000870 -0.013218 -0.030045 -0.302206 0.952677
1783948411.932497263 0.026929 -0.047363 0.000847 -0.013153 -0.029992 -0.302237 0.952670
1783948411.942466736 0.026950 -0.047402 0.000838 -0.013093 -0.029952 -0.302254 0.952667
1783948411.952511072 0.026957 -0.047433 0.000839 -0.013062 -0.029939 -0.302253 0.952668
1783948411.963405609 0.026944 -0.047447 0.000850 -0.013079 -0.029949 -0.302232 0.952674
1783948411.972468615 0.026928 -0.047433 0.000877 -0.013115 -0.029994 -0.302204 0.952681
1783948411.982461452 0.026910 -0.047401 0.000914 -0.013178 -0.030046 -0.302186 0.952684
1783948411.992434978 0.026905 -0.047358 0.000961 -0.013224 -0.030100 -0.302176 0.952685
1783948412.002476454 0.026925 -0.047315 0.001021 -0.013248 -0.030119 -0.302176 0.952684
1783948412.008776665 0.026956 -0.047287 0.001077 -0.013246 -0.030110 -0.302180 0.952683
1783948412.008776665 0.026956 -0.047287 0.001077 -0.013246 -0.030110 -0.302180 0.952683
1783948412.012444019 0.026960 -0.047291 0.001071 -0.013245 -0.030104 -0.302181 0.952683
1783948412.022432804 0.026971 -0.047320 0.001031 -0.013195 -0.030073 -0.302212 0.952675
1783948412.032514572 0.026992 -0.047355 0.001003 -0.013136 -0.030019 -0.302244 0.952667
1783948412.042469263 0.027009 -0.047391 0.000987 -0.013078 -0.029986 -0.302255 0.952666
1783948412.052449703 0.027012 -0.047419 0.000984 -0.013043 -0.029978 -0.302253 0.952667
1783948412.062490225 0.026998 -0.047429 0.000992 -0.013065 -0.029988 -0.302231 0.952673
1783948412.072439671 0.026976 -0.047415 0.001011 -0.013104 -0.030035 -0.302204 0.952680
1783948412.082497835 0.026956 -0.047380 0.001040 -0.013163 -0.030081 -0.302186 0.952683
1783948412.092486382 0.026950 -0.047336 0.001082 -0.013210 -0.030120 -0.302172 0.952686
1783948412.102451801 0.026970 -0.047291 0.001137 -0.013226 -0.030143 -0.302176 0.952684
1783948412.109638453 0.027007 -0.047260 0.001194 -0.013216 -0.030129 -0.302182 0.952682
1783948412.109638453 0.027007 -0.047260 0.001194 -0.013216 -0.030129 -0.302182 0.952682
1783948412.112480879 0.027012 -0.047261 0.001190 -0.013212 -0.030123 -0.302184 0.952682
1783948412.122447491 0.027030 -0.047284 0.001149 -0.013172 -0.030080 -0.302213 0.952675
1783948412.132480145 0.027059 -0.047314 0.001121 -0.013111 -0.030026 -0.302244 0.952667
1783948412.142442942 0.027083 -0.047345 0.001104 -0.013056 -0.029977 -0.302257 0.952665
1783948412.152481556 0.027094 -0.047366 0.001098 -0.013020 -0.029960 -0.302243 0.952671
1783948412.162539244 0.027088 -0.047368 0.001106 -0.013033 -0.029972 -0.302218 0.952678
1783948412.172445059 0.027072 -0.047347 0.001126 -0.013072 -0.030007 -0.302192 0.952685
1783948412.182873964 0.027056 -0.047303 0.001157 -0.013134 -0.030054 -0.302175 0.952688
1783948412.192510366 0.027057 -0.047253 0.001201 -0.013182 -0.030087 -0.302167 0.952689
1783948412.202466965 0.027083 -0.047202 0.001255 -0.013202 -0.030108 -0.302170 0.952687
1783948412.210516930 0.027127 -0.047163 0.001316 -0.013194 -0.030091 -0.302178 0.952685
1783948412.210516930 0.027127 -0.047163 0.001316 -0.013194 -0.030091 -0.302178 0.952685
1783948412.213811398 0.027134 -0.047163 0.001311 -0.013191 -0.030083 -0.302180 0.952685
1783948412.222507238 0.027152 -0.047178 0.001284 -0.013149 -0.030047 -0.302205 0.952678
1783948412.232554913 0.027178 -0.047203 0.001256 -0.013086 -0.029998 -0.302232 0.952672
1783948412.243141651 0.027200 -0.047232 0.001239 -0.013021 -0.029951 -0.302248 0.952670
1783948412.252511501 0.027208 -0.047247 0.001242 -0.012993 -0.029938 -0.302242 0.952672
1783948412.262515545 0.027200 -0.047247 0.001253 -0.013006 -0.029954 -0.302221 0.952678
1783948412.272519588 0.027181 -0.047225 0.001276 -0.013049 -0.029996 -0.302187 0.952687
1783948412.282447100 0.027165 -0.047184 0.001312 -0.013109 -0.030046 -0.302167 0.952691
1783948412.292548895 0.027163 -0.047134 0.001359 -0.013155 -0.030088 -0.302154 0.952693
1783948412.302533150 0.027187 -0.047086 0.001418 -0.013183 -0.030108 -0.302154 0.952692
1783948412.311370134 0.027231 -0.047050 0.001485 -0.013178 -0.030089 -0.302162 0.952691
1783948412.311370134 0.027231 -0.047050 0.001485 -0.013178 -0.030089 -0.302162 0.952691
1783948412.312458277 0.027233 -0.047050 0.001484 -0.013177 -0.030086 -0.302162 0.952690
1783948412.322508812 0.027245 -0.047074 0.001446 -0.013127 -0.030046 -0.302181 0.952687
1783948412.332543373 0.027267 -0.047104 0.001420 -0.013063 -0.029988 -0.302212 0.952680
1783948412.342454433 0.027285 -0.047134 0.001407 -0.013010 -0.029947 -0.302230 0.952676
1783948412.352514267 0.027287 -0.047156 0.001405 -0.012978 -0.029923 -0.302222 0.952679
1783948412.362512827 0.027272 -0.047161 0.001416 -0.012996 -0.029937 -0.302200 0.952686
1783948412.372482777 0.027246 -0.047143 0.001440 -0.013039 -0.029971 -0.302161 0.952696
1783948412.382498264 0.027222 -0.047105 0.001474 -0.013094 -0.030026 -0.302136 0.952702
1783948412.392499685 0.027212 -0.047057 0.001521 -0.013144 -0.030069 -0.302122 0.952704
1783948412.404708624 0.027227 -0.047005 0.001582 -0.013179 -0.030094 -0.302119 0.952704
1783948412.412230968 0.027265 -0.046970 0.001644 -0.013175 -0.030077 -0.302122 0.952703
1783948412.412230968 0.027265 -0.046970 0.001644 -0.013175 -0.030077 -0.302122 0.952703
1783948412.412464857 0.027265 -0.046971 0.001643 -0.013175 -0.030077 -0.302123 0.952703
1783948412.422491789 0.027271 -0.046990 0.001598 -0.013124 -0.030038 -0.302147 0.952697
1783948412.432506084 0.027287 -0.047015 0.001565 -0.013058 -0.029990 -0.302172 0.952692
1783948412.442462206 0.027299 -0.047040 0.001545 -0.013003 -0.029962 -0.302181 0.952691
1783948412.452488184 0.027299 -0.047056 0.001538 -0.012978 -0.029951 -0.302178 0.952692
1783948412.462497711 0.027282 -0.047054 0.001543 -0.012982 -0.029974 -0.302145 0.952702
1783948412.475506067 0.027240 -0.047026 0.001547 -0.013040 -0.030038 -0.302114 0.952709
1783948412.482485056 0.027228 -0.046987 0.001579 -0.013079 -0.030070 -0.302101 0.952712
1783948412.492541552 0.027216 -0.046931 0.001620 -0.013126 -0.030124 -0.302083 0.952715
1783948412.503380060 0.027228 -0.046873 0.001673 -0.013154 -0.030151 -0.302081 0.952715
1783948412.512487888 0.027267 -0.046828 0.001736 -0.013155 -0.030146 -0.302096 0.952710
1783948412.513094902 0.027272 -0.046825 0.001743 -0.013152 -0.030143 -0.302098 0.952709
1783948412.513094902 0.027272 -0.046825 0.001743 -0.013152 -0.030143 -0.302098 0.952709
1783948412.522507429 0.027278 -0.046839 0.001707 -0.013105 -0.030103 -0.302124 0.952703
1783948412.536612511 0.027286 -0.046883 0.001641 -0.013015 -0.030037 -0.302167 0.952693
1783948412.542510509 0.027299 -0.046893 0.001644 -0.012982 -0.030016 -0.302173 0.952692
1783948412.552504539 0.027299 -0.046909 0.001639 -0.012952 -0.030007 -0.302176 0.952692
1783948412.564765930 0.027269 -0.046910 0.001638 -0.012984 -0.030039 -0.302144 0.952700
1783948412.572575331 0.027248 -0.046887 0.001663 -0.013015 -0.030065 -0.302121 0.952707
1783948412.582547426 0.027219 -0.046846 0.001695 -0.013071 -0.030132 -0.302103 0.952709
1783948412.592507601 0.027205 -0.046796 0.001739 -0.013113 -0.030175 -0.302087 0.952713
1783948412.602481842 0.027215 -0.046746 0.001795 -0.013140 -0.030198 -0.302085 0.952712
1783948412.612500191 0.027252 -0.046706 0.001862 -0.013132 -0.030187 -0.302096 0.952709
1783948412.613961220 0.027262 -0.046698 0.001878 -0.013125 -0.030180 -0.302098 0.952708
1783948412.613961220 0.027262 -0.046698 0.001878 -0.013125 -0.030180 -0.302098 0.952708
1783948412.622552395 0.027265 -0.046717 0.001845 -0.013090 -0.030138 -0.302116 0.952705
1783948412.632511854 0.027274 -0.046746 0.001813 -0.013028 -0.030087 -0.302150 0.952696
1783948412.642518282 0.027277 -0.046778 0.001793 -0.012970 -0.030048 -0.302169 0.952692
1783948412.652539730 0.027266 -0.046800 0.001784 -0.012943 -0.030032 -0.302163 0.952695
1783948412.662475586 0.027237 -0.046805 0.001787 -0.012958 -0.030043 -0.302137 0.952703
1783948412.672499657 0.027200 -0.046788 0.001801 -0.013006 -0.030082 -0.302108 0.952710
1783948412.682537794 0.027164 -0.046753 0.001828 -0.013066 -0.030128 -0.302085 0.952715
1783948412.692857504 0.027142 -0.046707 0.001867 -0.013116 -0.030166 -0.302069 0.952719
1783948412.702595234 0.027148 -0.046663 0.001918 -0.013144 -0.030183 -0.302063 0.952719
1783948412.712543249 0.027181 -0.046627 0.001982 -0.013130 -0.030166 -0.302075 0.952716
1783948412.714824438 0.027196 -0.046617 0.002007 -0.013120 -0.030153 -0.302078 0.952716
1783948412.714824438 0.027196 -0.046617 0.002007 -0.013120 -0.030153 -0.302078 0.952716
1783948412.725864410 0.027196 -0.046652 0.001947 -0.013074 -0.030098 -0.302105 0.952710
1783948412.732485771 0.027210 -0.046670 0.001935 -0.013039 -0.030063 -0.302120 0.952707
1783948412.742503166 0.027219 -0.046705 0.001909 -0.012983 -0.030020 -0.302127 0.952706
1783948412.752489328 0.027213 -0.046729 0.001894 -0.012957 -0.029997 -0.302117 0.952711
1783948412.762510777 0.027190 -0.046736 0.001890 -0.012979 -0.030007 -0.302092 0.952718
1783948412.772549152 0.027157 -0.046721 0.001898 -0.013018 -0.030057 -0.302061 0.952726
1783948412.782558680 0.027126 -0.046686 0.001918 -0.013087 -0.030111 -0.302044 0.952729
1783948412.792476416 0.027110 -0.046642 0.001950 -0.013136 -0.030159 -0.302041 0.952727
1783948412.802545071 0.027119 -0.046599 0.001992 -0.013162 -0.030176 -0.302047 0.952724
1783948412.812549829 0.027157 -0.046564 0.002046 -0.013159 -0.030161 -0.302062 0.952720
1783948412.815687656 0.027179 -0.046551 0.002078 -0.013145 -0.030148 -0.302069 0.952719
1783948412.815687656 0.027179 -0.046551 0.002078 -0.013145 -0.030148 -0.302069 0.952719
1783948412.822549105 0.027190 -0.046567 0.002053 -0.013116 -0.030120 -0.302085 0.952715
1783948412.832536697 0.027203 -0.046601 0.002011 -0.013053 -0.030072 -0.302125 0.952705
1783948412.842757702 0.027210 -0.046636 0.001982 -0.013000 -0.030027 -0.302142 0.952701
1783948412.852482557 0.027204 -0.046660 0.001968 -0.012971 -0.030016 -0.302135 0.952704
1783948412.862480640 0.027179 -0.046669 0.001964 -0.012981 -0.030031 -0.302111 0.952711
1783948412.872534752 0.027145 -0.046655 0.001970 -0.013027 -0.030062 -0.302085 0.952718
1783948412.882572651 0.027114 -0.046620 0.001988 -0.013091 -0.030105 -0.302062 0.952723
1783948412.892554760 0.027097 -0.046575 0.002018 -0.013135 -0.030142 -0.302051 0.952725
1783948412.902560711 0.027106 -0.046530 0.002058 -0.013161 -0.030155 -0.302056 0.952722
1783948412.912520409 0.027142 -0.046495 0.002112 -0.013153 -0.030128 -0.302068 0.952719
1783948412.916549683 0.027168 -0.046479 0.002149 -0.013134 -0.030112 -0.302078 0.952717
1783948412.916549683 0.027168 -0.046479 0.002149 -0.013134 -0.030112 -0.302078 0.952717
1783948412.922538519 0.027176 -0.046490 0.002131 -0.013107 -0.030090 -0.302092 0.952714
1783948412.932488680 0.027185 -0.046523 0.002092 -0.013052 -0.030039 -0.302112 0.952710
1783948412.942504883 0.027190 -0.046557 0.002064 -0.012998 -0.029997 -0.302122 0.952709
1783948412.953071833 0.027179 -0.046584 0.002044 -0.012970 -0.029973 -0.302123 0.952709
1783948412.962531567 0.027157 -0.046589 0.002044 -0.012994 -0.029986 -0.302101 0.952715
1783948412.972516298 0.027122 -0.046573 0.002053 -0.013045 -0.030033 -0.302066 0.952724
1783948412.982519865 0.027089 -0.046537 0.002075 -0.013116 -0.030085 -0.302047 0.952728
1783948412.992582798 0.027070 -0.046492 0.002109 -0.013169 -0.030123 -0.302028 0.952732
1783948413.002583504 0.027076 -0.046446 0.002156 -0.013193 -0.030132 -0.302026 0.952732
1783948413.012496471 0.027109 -0.046409 0.002216 -0.013181 -0.030118 -0.302041 0.952728
1783948413.017438412 0.027141 -0.046389 0.002261 -0.013157 -0.030096 -0.302046 0.952727
1783948413.017438412 0.027141 -0.046389 0.002261 -0.013157 -0.030096 -0.302046 0.952727
1783948413.022574425 0.027151 -0.046396 0.002246 -0.013131 -0.030072 -0.302052 0.952726
1783948413.032535553 0.027165 -0.046425 0.002200 -0.013065 -0.030021 -0.302076 0.952721
1783948413.042511463 0.027175 -0.046457 0.002165 -0.013004 -0.029993 -0.302083 0.952721
1783948413.052513361 0.027171 -0.046480 0.002142 -0.012982 -0.029970 -0.302069 0.952726
1783948413.062526703 0.027149 -0.046486 0.002131 -0.013000 -0.029986 -0.302041 0.952735
1783948413.072537661 0.027118 -0.046469 0.002131 -0.013050 -0.030032 -0.302015 0.952741
1783948413.082514763 0.027089 -0.046434 0.002143 -0.013109 -0.030080 -0.301992 0.952745
1783948413.092515707 0.027075 -0.046388 0.002166 -0.013153 -0.030125 -0.301984 0.952746
1783948413.102539778 0.027088 -0.046343 0.002201 -0.013184 -0.030149 -0.301984 0.952745
1783948413.114582777 0.027134 -0.046306 0.002247 -0.013176 -0.030131 -0.301994 0.952742
1783948413.118280888 0.027162 -0.046293 0.002281 -0.013158 -0.030116 -0.302000 0.952741
1783948413.118280888 0.027162 -0.046293 0.002281 -0.013158 -0.030116 -0.302000 0.952741
1783948413.122549534 0.027170 -0.046301 0.002269 -0.013137 -0.030098 -0.302007 0.952740
1783948413.132532597 0.027180 -0.046338 0.002221 -0.013067 -0.030052 -0.302034 0.952734
1783948413.142502308 0.027185 -0.046378 0.002186 -0.013006 -0.030022 -0.302044 0.952732
1783948413.152505159 0.027176 -0.046410 0.002162 -0.012985 -0.030005 -0.302040 0.952734
1783948413.162554979 0.027149 -0.046424 0.002150 -0.013005 -0.030016 -0.302005 0.952745
1783948413.172736645 0.027112 -0.046414 0.002149 -0.013051 -0.030074 -0.301975 0.952752
1783948413.182577372 0.027080 -0.046383 0.002161 -0.013108 -0.030125 -0.301958 0.952755
1783948413.192496538 0.027062 -0.046343 0.002182 -0.013154 -0.030178 -0.301951 0.952755
1783948413.202536821 0.027070 -0.046303 0.002215 -0.013176 -0.030208 -0.301954 0.952753
1783948413.213920832 0.027106 -0.046271 0.002259 -0.013164 -0.030190 -0.301971 0.952748
1783948413.219149590 0.027141 -0.046255 0.002301 -0.013138 -0.030165 -0.301979 0.952747
1783948413.219149590 0.027141 -0.046255 0.002301 -0.013138 -0.030165 -0.301979 0.952747
1783948413.222572565 0.027149 -0.046261 0.002290 -0.013121 -0.030148 -0.301984 0.952746
1783948413.232536793 0.027161 -0.046300 0.002235 -0.013064 -0.030091 -0.302006 0.952741
1783948413.242502928 0.027168 -0.046340 0.002192 -0.013014 -0.030048 -0.302020 0.952739
1783948413.252569914 0.027161 -0.046372 0.002161 -0.013000 -0.030035 -0.302020 0.952740
1783948413.262555361 0.027136 -0.046387 0.002142 -0.013019 -0.030054 -0.301994 0.952747
1783948413.272573948 0.027101 -0.046378 0.002134 -0.013068 -0.030097 -0.301966 0.952754
1783948413.282508135 0.027069 -0.046351 0.002137 -0.013130 -0.030147 -0.301943 0.952759
1783948413.292546034 0.027052 -0.046314 0.002151 -0.013175 -0.030180 -0.301940 0.952758
1783948413.303158760 0.027060 -0.046274 0.002176 -0.013193 -0.030207 -0.301951 0.952754
1783948413.312580585 0.027096 -0.046244 0.002216 -0.013185 -0.030199 -0.301959 0.952751
1783948413.320009470 0.027142 -0.046223 0.002262 -0.013148 -0.030172 -0.301969 0.952750
1783948413.320009470 0.027142 -0.046223 0.002262 -0.013148 -0.030172 -0.301969 0.952750
1783948413.322565317 0.027149 -0.046227 0.002254 -0.013134 -0.030161 -0.301971 0.952749
1783948413.332526922 0.027159 -0.046265 0.002195 -0.013079 -0.030104 -0.301997 0.952744
1783948413.342563868 0.027165 -0.046305 0.002146 -0.013022 -0.030057 -0.302000 0.952745
1783948413.352570295 0.027157 -0.046337 0.002109 -0.013007 -0.030044 -0.301988 0.952749
1783948413.362506866 0.027131 -0.046352 0.002085 -0.013026 -0.030055 -0.301959 0.952758
1783948413.372588634 0.027096 -0.046342 0.002071 -0.013066 -0.030098 -0.301937 0.952763
1783948413.382601261 0.027063 -0.046311 0.002069 -0.013124 -0.030149 -0.301923 0.952765
1783948413.392521620 0.027046 -0.046270 0.002079 -0.013173 -0.030189 -0.301919 0.952764
1783948413.402597427 0.027054 -0.046227 0.002099 -0.013200 -0.030202 -0.301923 0.952762
1783948413.412634850 0.027090 -0.046193 0.002132 -0.013194 -0.030193 -0.301937 0.952758
1783948413.420909882 0.027141 -0.046170 0.002176 -0.013157 -0.030152 -0.301957 0.952754
1783948413.420909882 0.027141 -0.046170 0.002176 -0.013157 -0.030152 -0.301957 0.952754
1783948413.422538042 0.027145 -0.046173 0.002171 -0.013149 -0.030144 -0.301961 0.952753
1783948413.433202744 0.027152 -0.046216 0.002098 -0.013091 -0.030083 -0.301986 0.952748
1783948413.442574978 0.027157 -0.046255 0.002052 -0.013040 -0.030039 -0.302001 0.952745
1783948413.452569723 0.027147 -0.046290 0.002012 -0.013009 -0.030028 -0.301991 0.952749
1783948413.463028193 0.027118 -0.046309 0.001980 -0.013029 -0.030040 -0.301963 0.952757
1783948413.472546816 0.027086 -0.046301 0.001966 -0.013072 -0.030080 -0.301942 0.952762
1783948413.482548237 0.027054 -0.046273 0.001959 -0.013130 -0.030127 -0.301918 0.952767
1783948413.493781567 0.027033 -0.046233 0.001960 -0.013176 -0.030180 -0.301909 0.952768
1783948413.502602816 0.027044 -0.046195 0.001982 -0.013196 -0.030190 -0.301916 0.952765
1783948413.512610435 0.027080 -0.046165 0.002012 -0.013186 -0.030169 -0.301935 0.952760
1783948413.521752119 0.027134 -0.046146 0.002054 -0.013143 -0.030132 -0.301958 0.952754
1783948413.521752119 0.027134 -0.046146 0.002054 -0.013143 -0.030132 -0.301958 0.952754
1783948413.522722960 0.027136 -0.046148 0.002050 -0.013138 -0.030128 -0.301960 0.952754
1783948413.532598734 0.027130 -0.046204 0.001973 -0.013079 -0.030077 -0.301985 0.952748
1783948413.542510271 0.027118 -0.046261 0.001907 -0.013030 -0.030042 -0.301992 0.952748
1783948413.552617073 0.027090 -0.046310 0.001852 -0.013006 -0.030030 -0.301984 0.952751
1783948413.562547684 0.027046 -0.046340 0.001812 -0.013016 -0.030048 -0.301959 0.952758
1783948413.572545528 0.026993 -0.046346 0.001784 -0.013050 -0.030093 -0.301933 0.952765
1783948413.582546234 0.026943 -0.046332 0.001768 -0.013111 -0.030146 -0.301913 0.952768
1783948413.592535973 0.026908 -0.046308 0.001764 -0.013160 -0.030200 -0.301901 0.952770
1783948413.602609873 0.026899 -0.046283 0.001772 -0.013183 -0.030232 -0.301898 0.952769
1783948413.612587929 0.026916 -0.046267 0.001793 -0.013171 -0.030218 -0.301911 0.952766
1783948413.622638464 0.026957 -0.046262 0.001825 -0.013122 -0.030183 -0.301936 0.952760
1783948413.622638464 0.026957 -0.046262 0.001825 -0.013122 -0.030183 -0.301936 0.952760
1783948413.622777462 0.026957 -0.046263 0.001824 -0.013121 -0.030183 -0.301937 0.952760
1783948413.632623911 0.026965 -0.046305 0.001762 -0.013065 -0.030130 -0.301959 0.952755
1783948413.642544031 0.026967 -0.046349 0.001711 -0.013011 -0.030080 -0.301969 0.952754
1783948413.653310299 0.026949 -0.046389 0.001664 -0.012988 -0.030062 -0.301959 0.952758
1783948413.662550449 0.026921 -0.046404 0.001643 -0.013001 -0.030071 -0.301928 0.952768
1783948413.672582388 0.026879 -0.046398 0.001627 -0.013038 -0.030114 -0.301910 0.952771
1783948413.685507536 0.026821 -0.046368 0.001603 -0.013114 -0.030177 -0.301887 0.952776
1783948413.692540407 0.026809 -0.046334 0.001619 -0.013137 -0.030205 -0.301877 0.952778
1783948413.702555895 0.026806 -0.046293 0.001637 -0.013163 -0.030215 -0.301890 0.952773
1783948413.712565422 0.026830 -0.046261 0.001666 -0.013151 -0.030195 -0.301906 0.952769
1783948413.722565889 0.026876 -0.046240 0.001708 -0.013108 -0.030157 -0.301929 0.952763
1783948413.723466396 0.026883 -0.046237 0.001716 -0.013102 -0.030152 -0.301930 0.952763
1783948413.723466396 0.026883 -0.046237 0.001716 -0.013102 -0.030152 -0.301930 0.952763
1783948413.732582569 0.026885 -0.046268 0.001659 -0.013046 -0.030105 -0.301952 0.952759
1783948413.742595911 0.026879 -0.046305 0.001605 -0.012984 -0.030056 -0.301955 0.952760
1783948413.752554417 0.026860 -0.046334 0.001562 -0.012960 -0.030023 -0.301950 0.952763
1783948413.762620211 0.026823 -0.046345 0.001531 -0.012973 -0.030034 -0.301926 0.952770
1783948413.772590399 0.026777 -0.046331 0.001511 -0.013013 -0.030076 -0.301905 0.952775
1783948413.783130646 0.026731 -0.046294 0.001500 -0.013079 -0.030130 -0.301882 0.952779
1783948413.792534590 0.026706 -0.046250 0.001506 -0.013123 -0.030161 -0.301881 0.952778
1783948413.802537680 0.026704 -0.046204 0.001521 -0.013147 -0.030175 -0.301891 0.952774
1783948413.812535286 0.026728 -0.046168 0.001548 -0.013138 -0.030145 -0.301903 0.952771
1783948413.822595596 0.026775 -0.046143 0.001588 -0.013095 -0.030099 -0.301925 0.952766
1783948413.824338198 0.026787 -0.046136 0.001604 -0.013083 -0.030088 -0.301930 0.952765
1783948413.824338198 0.026787 -0.046136 0.001604 -0.013083 -0.030088 -0.301930 0.952765
1783948413.832599640 0.026789 -0.046160 0.001558 -0.013030 -0.030041 -0.301955 0.952760
1783948413.842552900 0.026782 -0.046193 0.001505 -0.012970 -0.030000 -0.301966 0.952758
1783948413.852564096 0.026761 -0.046216 0.001462 -0.012950 -0.029983 -0.301954 0.952763
1783948413.862594604 0.026723 -0.046222 0.001431 -0.012962 -0.029995 -0.301923 0.952772
1783948413.874337912 0.026663 -0.046202 0.001400 -0.013012 -0.030051 -0.301890 0.952780
1783948413.882520437 0.026630 -0.046165 0.001402 -0.013060 -0.030095 -0.301870 0.952785
1783948413.892565250 0.026597 -0.046113 0.001407 -0.013095 -0.030128 -0.301858 0.952787
1783948413.902632952 0.026590 -0.046060 0.001424 -0.013121 -0.030144 -0.301863 0.952784
1783948413.912565708 0.026610 -0.046017 0.001453 -0.013109 -0.030133 -0.301887 0.952777
1783948413.922672272 0.026653 -0.045984 0.001493 -0.013066 -0.030103 -0.301914 0.952770
1783948413.925190449 0.026671 -0.045973 0.001514 -0.013052 -0.030086 -0.301919 0.952769
1783948413.925190449 0.026671 -0.045973 0.001514 -0.013052 -0.030086 -0.301919 0.952769
1783948413.932603598 0.026673 -0.045989 0.001472 -0.013010 -0.030039 -0.301940 0.952765
1783948413.943239927 0.026663 -0.046020 0.001406 -0.012953 -0.029999 -0.301959 0.952761
1783948413.952635527 0.026643 -0.046036 0.001364 -0.012929 -0.029978 -0.301952 0.952764
1783948413.962630272 0.026602 -0.046037 0.001329 -0.012938 -0.029995 -0.301921 0.952773
1783948413.972566843 0.026553 -0.046015 0.001305 -0.012980 -0.030036 -0.301899 0.952778
1783948413.982538939 0.026506 -0.045973 0.001292 -0.013032 -0.030090 -0.301881 0.952782
1783948413.992598772 0.026473 -0.045922 0.001289 -0.013078 -0.030135 -0.301871 0.952783
1783948414.003474712 0.026466 -0.045870 0.001295 -0.013100 -0.030157 -0.301880 0.952779
1783948414.012593269 0.026488 -0.045831 0.001320 -0.013090 -0.030132 -0.301889 0.952777
1783948414.022634029 0.026533 -0.045800 0.001356 -0.013034 -0.030095 -0.301904 0.952774
1783948414.026060581 0.026557 -0.045786 0.001382 -0.013012 -0.030076 -0.301912 0.952773
1783948414.026060581 0.026557 -0.045786 0.001382 -0.013012 -0.030076 -0.301912 0.952773
1783948414.032599211 0.026559 -0.045799 0.001350 -0.012972 -0.030040 -0.301927 0.952769
1783948414.042559624 0.026549 -0.045826 0.001296 -0.012905 -0.029996 -0.301942 0.952767
1783948414.052539349 0.026525 -0.045843 0.001255 -0.012889 -0.029980 -0.301929 0.952772
1783948414.062590122 0.026482 -0.045844 0.001226 -0.012902 -0.029991 -0.301906 0.952779
1783948414.072604656 0.026430 -0.045821 0.001208 -0.012942 -0.030032 -0.301878 0.952786
1783948414.082534313 0.026382 -0.045779 0.001204 -0.013000 -0.030081 -0.301860 0.952789
1783948414.092604876 0.026347 -0.045727 0.001210 -0.013052 -0.030119 -0.301851 0.952790
1783948414.103281021 0.026337 -0.045673 0.001227 -0.013074 -0.030135 -0.301868 0.952784
1783948414.112567663 0.026356 -0.045631 0.001258 -0.013064 -0.030120 -0.301884 0.952779
1783948414.122592688 0.026395 -0.045596 0.001301 -0.013015 -0.030072 -0.301904 0.952775
1783948414.126927614 0.026422 -0.045578 0.001335 -0.012986 -0.030045 -0.301913 0.952773
1783948414.126927614 0.026422 -0.045578 0.001335 -0.012986 -0.030045 -0.301913 0.952773
1783948414.132603884 0.026424 -0.045586 0.001310 -0.012948 -0.030011 -0.301927 0.952771
1783948414.142541409 0.026414 -0.045608 0.001255 -0.012893 -0.029972 -0.301947 0.952766
1783948414.152603626 0.026389 -0.045622 0.001212 -0.012860 -0.029966 -0.301948 0.952767
1783948414.163904905 0.026336 -0.045620 0.001169 -0.012874 -0.029987 -0.301927 0.952772
1783948414.172639132 0.026291 -0.045594 0.001158 -0.012919 -0.030025 -0.301907 0.952777
1783948414.182609797 0.026238 -0.045550 0.001150 -0.012973 -0.030080 -0.301892 0.952779
1783948414.193681240 0.026194 -0.045493 0.001150 -0.013026 -0.030132 -0.301886 0.952779
1783948414.202578306 0.026184 -0.045445 0.001171 -0.013049 -0.030148 -0.301886 0.952778
1783948414.212656975 0.026196 -0.045401 0.001201 -0.013038 -0.030132 -0.301900 0.952774
1783948414.222614288 0.026232 -0.045368 0.001245 -0.012991 -0.030091 -0.301925 0.952768
1783948414.228743553 0.026266 -0.045346 0.001290 -0.012950 -0.030059 -0.301945 0.952763
1783948414.228743553 0.026266 -0.045346 0.001290 -0.012950 -0.030059 -0.301945 0.952763
1783948414.232610703 0.026268 -0.045352 0.001279 -0.012924 -0.030037 -0.301956 0.952761
1783948414.242576361 0.026253 -0.045382 0.001228 -0.012873 -0.029985 -0.301976 0.952757
1783948414.252636671 0.026223 -0.045403 0.001188 -0.012846 -0.029970 -0.301965 0.952761
1783948414.262547016 0.026176 -0.045407 0.001161 -0.012865 -0.029981 -0.301940 0.952769
1783948414.272639751 0.026117 -0.045391 0.001144 -0.012912 -0.030027 -0.301911 0.952776
1783948414.282606125 0.026062 -0.045355 0.001140 -0.012967 -0.030066 -0.301893 0.952779
1783948414.292896509 0.026020 -0.045309 0.001148 -0.013015 -0.030107 -0.301886 0.952780
1783948414.302620173 0.026005 -0.045264 0.001169 -0.013037 -0.030118 -0.301890 0.952778
1783948414.312618017 0.026016 -0.045227 0.001201 -0.013025 -0.030098 -0.301900 0.952775
1783948414.325407267 0.026055 -0.045202 0.001241 -0.012959 -0.030040 -0.301938 0.952766
1783948414.328653812 0.026076 -0.045190 0.001270 -0.012938 -0.030019 -0.301948 0.952764
1783948414.328653812 0.026076 -0.045190 0.001270 -0.012938 -0.030019 -0.301948 0.952764
1783948414.332628012 0.026079 -0.045198 0.001258 -0.012913 -0.029993 -0.301961 0.952761
1783948414.342589378 0.026069 -0.045229 0.001209 -0.012852 -0.029953 -0.301977 0.952758
1783948414.352591515 0.026043 -0.045251 0.001171 -0.012816 -0.029939 -0.301979 0.952758
1783948414.362556934 0.026001 -0.045256 0.001146 -0.012830 -0.029947 -0.301952 0.952766
1783948414.372647047 0.025947 -0.045239 0.001131 -0.012872 -0.029981 -0.301936 0.952770
1783948414.382597208 0.025897 -0.045203 0.001128 -0.012931 -0.030028 -0.301914 0.952774
1783948414.392562628 0.025860 -0.045161 0.001135 -0.012984 -0.030064 -0.301908 0.952774
1783948414.402622938 0.025848 -0.045119 0.001155 -0.013007 -0.030078 -0.301912 0.952773
1783948414.412653208 0.025865 -0.045087 0.001188 -0.013004 -0.030053 -0.301931 0.952767
1783948414.422557354 0.025903 -0.045066 0.001234 -0.012957 -0.030007 -0.301949 0.952764
1783948414.429513693 0.025941 -0.045050 0.001283 -0.012920 -0.029972 -0.301965 0.952760
1783948414.429513693 0.025941 -0.045050 0.001283 -0.012920 -0.029972 -0.301965 0.952760
1783948414.432588577 0.025943 -0.045057 0.001275 -0.012904 -0.029957 -0.301971 0.952759
1783948414.442644119 0.025930 -0.045094 0.001223 -0.012854 -0.029912 -0.301990 0.952755
1783948414.452628851 0.025903 -0.045119 0.001185 -0.012831 -0.029903 -0.301990 0.952755
1783948414.462563515 0.025859 -0.045128 0.001157 -0.012844 -0.029919 -0.301966 0.952762
1783948414.472632885 0.025804 -0.045115 0.001140 -0.012884 -0.029967 -0.301942 0.952768
1783948414.485457659 0.025731 -0.045080 0.001117 -0.012965 -0.030020 -0.301915 0.952774
1783948414.492580652 0.025708 -0.045046 0.001132 -0.013000 -0.030048 -0.301901 0.952777
1783948414.502636671 0.025692 -0.045005 0.001149 -0.013019 -0.030057 -0.301900 0.952777
1783948414.512611151 0.025702 -0.044972 0.001179 -0.013013 -0.030044 -0.301914 0.952773
1783948414.522566080 0.025734 -0.044948 0.001219 -0.012961 -0.030008 -0.301943 0.952766
1783948414.530381918 0.025771 -0.044928 0.001267 -0.012911 -0.029965 -0.301963 0.952761
1783948414.530381918 0.025771 -0.044928 0.001267 -0.012911 -0.029965 -0.301963 0.952761
1783948414.532607555 0.025771 -0.044933 0.001261 -0.012896 -0.029952 -0.301968 0.952760
1783948414.542591572 0.025750 -0.044969 0.001202 -0.012844 -0.029909 -0.301987 0.952756
1783948414.552595139 0.025715 -0.044996 0.001156 -0.012810 -0.029888 -0.301985 0.952758
1783948414.562661409 0.025661 -0.045006 0.001123 -0.012838 -0.029895 -0.301969 0.952762
1783948414.572643042 0.025597 -0.044995 0.001102 -0.012885 -0.029940 -0.301943 0.952769
1783948414.582566023 0.025537 -0.044965 0.001095 -0.012948 -0.029986 -0.301925 0.952772
1783948414.592631102 0.025492 -0.044926 0.001098 -0.012995 -0.030026 -0.301914 0.952774
1783948414.602601290 0.025474 -0.044886 0.001114 -0.013017 -0.030040 -0.301913 0.952773
1783948414.613244534 0.025484 -0.044854 0.001140 -0.013018 -0.030015 -0.301932 0.952768
1783948414.622698307 0.025516 -0.044833 0.001181 -0.012983 -0.029972 -0.301959 0.952761
1783948414.631248474 0.025556 -0.044818 0.001232 -0.012936 -0.029933 -0.301987 0.952754
1783948414.631248474 0.025556 -0.044818 0.001232 -0.012936 -0.029933 -0.301987 0.952754
1783948414.632560730 0.025557 -0.044821 0.001230 -0.012929 -0.029926 -0.301990 0.952753
1783948414.642640829 0.025541 -0.044861 0.001177 -0.012874 -0.029880 -0.302009 0.952750
1783948414.652673483 0.025511 -0.044891 0.001138 -0.012847 -0.029867 -0.302003 0.952752
1783948414.662648678 0.025464 -0.044904 0.001112 -0.012861 -0.029878 -0.301987 0.952757
1783948414.672664881 0.025407 -0.044894 0.001096 -0.012903 -0.029914 -0.301973 0.952760
1783948414.682588577 0.025353 -0.044865 0.001091 -0.012970 -0.029957 -0.301955 0.952763
1783948414.692571402 0.025313 -0.044827 0.001099 -0.013026 -0.029994 -0.301952 0.952762
1783948414.702629328 0.025298 -0.044789 0.001119 -0.013050 -0.030002 -0.301962 0.952758
1783948414.712604284 0.025312 -0.044762 0.001151 -0.013042 -0.029991 -0.301981 0.952753
1783948414.722601891 0.025349 -0.044745 0.001196 -0.012997 -0.029949 -0.302005 0.952747
1783948414.732109547 0.025394 -0.044733 0.001252 -0.012943 -0.029892 -0.302038 0.952739
1783948414.732109547 0.025394 -0.044733 0.001252 -0.012943 -0.029892 -0.302038 0.952739
1783948414.732666731 0.025394 -0.044734 0.001252 -0.012939 -0.029889 -0.302039 0.952739
1783948414.742606401 0.025380 -0.044776 0.001207 -0.012873 -0.029844 -0.302049 0.952738
1783948414.752635241 0.025352 -0.044807 0.001173 -0.012837 -0.029841 -0.302045 0.952740
1783948414.762632370 0.025308 -0.044822 0.001151 -0.012852 -0.029865 -0.302017 0.952748
1783948414.772588968 0.025254 -0.044814 0.001141 -0.012902 -0.029910 -0.301990 0.952754
1783948414.782602072 0.025203 -0.044788 0.001141 -0.012972 -0.029964 -0.301970 0.952758
1783948414.792612076 0.025165 -0.044754 0.001154 -0.013016 -0.030017 -0.301958 0.952760
1783948414.802578211 0.025154 -0.044721 0.001178 -0.013041 -0.030032 -0.301966 0.952756
1783948414.812631607 0.025169 -0.044698 0.001214 -0.013030 -0.030013 -0.301984 0.952751
1783948414.822636604 0.025207 -0.044686 0.001264 -0.012972 -0.029979 -0.302014 0.952744
1783948414.832579136 0.025255 -0.044680 0.001327 -0.012903 -0.029929 -0.302046 0.952736
1783948414.832971573 0.025258 -0.044679 0.001331 -0.012901 -0.029927 -0.302047 0.952736
1783948414.832971573 0.025258 -0.044679 0.001331 -0.012901 -0.029927 -0.302047 0.952736
1783948414.842638969 0.025250 -0.044723 0.001283 -0.012845 -0.029890 -0.302058 0.952734
1783948414.852642059 0.025227 -0.044760 0.001243 -0.012818 -0.029878 -0.302057 0.952735
1783948414.862608671 0.025187 -0.044780 0.001215 -0.012836 -0.029910 -0.302033 0.952742
1783948414.872591734 0.025139 -0.044778 0.001200 -0.012884 -0.029947 -0.302010 0.952747
1783948414.882680893 0.025092 -0.044757 0.001196 -0.012949 -0.029993 -0.301990 0.952751
1783948414.892603397 0.025060 -0.044727 0.001207 -0.012995 -0.030042 -0.301982 0.952752
1783948414.902628422 0.025055 -0.044696 0.001230 -0.013019 -0.030059 -0.301984 0.952750
1783948414.912651777 0.025078 -0.044674 0.001265 -0.013012 -0.030043 -0.301999 0.952746
1783948414.922650814 0.025124 -0.044662 0.001312 -0.012958 -0.030007 -0.302013 0.952743
1783948414.932785511 0.025180 -0.044657 0.001371 -0.012898 -0.029951 -0.302044 0.952736
1783948414.934232950 0.025189 -0.044655 0.001389 -0.012890 -0.029945 -0.302045 0.952736
1783948414.934232950 0.025189 -0.044655 0.001389 -0.012890 -0.029945 -0.302045 0.952736
1783948414.942602396 0.025184 -0.044696 0.001359 -0.012839 -0.029912 -0.302059 0.952733
1783948414.952616453 0.025162 -0.044737 0.001324 -0.012810 -0.029900 -0.302052 0.952736
1783948414.962596655 0.025122 -0.044760 0.001300 -0.012822 -0.029909 -0.302038 0.952740
1783948414.972676516 0.025073 -0.044761 0.001288 -0.012863 -0.029957 -0.302017 0.952745
1783948414.982685566 0.025026 -0.044742 0.001287 -0.012914 -0.030017 -0.301995 0.952749
1783948414.997407675 0.024974 -0.044713 0.001259 -0.012978 -0.030092 -0.301985 0.952749
1783948415.002619028 0.024975 -0.044695 0.001289 -0.012986 -0.030098 -0.301985 0.952749
1783948415.012653112 0.024991 -0.044675 0.001322 -0.012977 -0.030080 -0.302002 0.952744
1783948415.022627831 0.025029 -0.044666 0.001369 -0.012932 -0.030046 -0.302025 0.952739
1783948415.032612085 0.025077 -0.044662 0.001427 -0.012872 -0.029994 -0.302062 0.952729
1783948415.034711123 0.025089 -0.044659 0.001452 -0.012859 -0.029982 -0.302063 0.952730
1783948415.034711123 0.025089 -0.044659 0.001452 -0.012859 -0.029982 -0.302063 0.952730
1783948415.042699814 0.025080 -0.044696 0.001424 -0.012815 -0.029937 -0.302070 0.952729
1783948415.052615881 0.025050 -0.044736 0.001392 -0.012796 -0.029922 -0.302071 0.952730
1783948415.062617064 0.025003 -0.044761 0.001368 -0.012825 -0.029929 -0.302052 0.952735
1783948415.072625160 0.024948 -0.044763 0.001355 -0.012873 -0.029973 -0.302030 0.952740
1783948415.082647324 0.024895 -0.044746 0.001355 -0.012944 -0.030027 -0.302017 0.952742
1783948415.092621088 0.024857 -0.044721 0.001367 -0.012997 -0.030059 -0.302008 0.952743
1783948415.102594376 0.024844 -0.044696 0.001392 -0.013026 -0.030073 -0.302020 0.952738
1783948415.112610340 0.024858 -0.044680 0.001430 -0.013030 -0.030051 -0.302037 0.952733
1783948415.122620821 0.024898 -0.044675 0.001481 -0.012984 -0.030006 -0.302061 0.952728
1783948415.132663012 0.024948 -0.044675 0.001545 -0.012931 -0.029957 -0.302095 0.952719
1783948415.135580063 0.024966 -0.044672 0.001575 -0.012915 -0.029945 -0.302098 0.952719
1783948415.135580063 0.024966 -0.044672 0.001575 -0.012915 -0.029945 -0.302098 0.952719
1783948415.142631054 0.024962 -0.044703 0.001550 -0.012878 -0.029920 -0.302110 0.952717
1783948415.152637005 0.024937 -0.044745 0.001509 -0.012861 -0.029922 -0.302106 0.952718
1783948415.163132429 0.024890 -0.044773 0.001478 -0.012885 -0.029943 -0.302079 0.952725
1783948415.172660112 0.024841 -0.044774 0.001466 -0.012929 -0.029988 -0.302054 0.952731
1783948415.182595968 0.024791 -0.044757 0.001463 -0.012991 -0.030037 -0.302036 0.952735
1783948415.192668676 0.024755 -0.044733 0.001471 -0.013052 -0.030079 -0.302031 0.952734
1783948415.202657223 0.024746 -0.044709 0.001491 -0.013081 -0.030096 -0.302039 0.952731
1783948415.212684393 0.024764 -0.044696 0.001523 -0.013076 -0.030083 -0.302054 0.952726
1783948415.222649097 0.024804 -0.044692 0.001567 -0.013035 -0.030048 -0.302080 0.952720
1783948415.232727289 0.024854 -0.044696 0.001624 -0.012983 -0.030004 -0.302113 0.952711
1783948415.236426353 0.024877 -0.044693 0.001660 -0.012960 -0.029988 -0.302117 0.952711
1783948415.236426353 0.024877 -0.044693 0.001660 -0.012960 -0.029988 -0.302117 0.952711
1783948415.242699385 0.024875 -0.044724 0.001641 -0.012921 -0.029962 -0.302124 0.952710
1783948415.252970219 0.024850 -0.044774 0.001599 -0.012901 -0.029953 -0.302118 0.952712
1783948415.262591362 0.024813 -0.044804 0.001573 -0.012921 -0.029968 -0.302100 0.952717
1783948415.272633791 0.024768 -0.044813 0.001556 -0.012966 -0.030011 -0.302074 0.952724
1783948415.283725500 0.024718 -0.044804 0.001544 -0.013046 -0.030069 -0.302064 0.952724
1783948415.292668104 0.024696 -0.044786 0.001556 -0.013086 -0.030097 -0.302058 0.952724
1783948415.302665949 0.024693 -0.044768 0.001574 -0.013115 -0.030111 -0.302063 0.952722
1783948415.315461397 0.024721 -0.044769 0.001598 -0.013093 -0.030092 -0.302101 0.952711
1783948415.322667599 0.024763 -0.044769 0.001641 -0.013058 -0.030057 -0.302115 0.952708
1783948415.332687616 0.024821 -0.044782 0.001696 -0.013012 -0.030006 -0.302142 0.952702
1783948415.337333918 0.024852 -0.044784 0.001739 -0.012989 -0.029984 -0.302150 0.952700
1783948415.337333918 0.024852 -0.044784 0.001739 -0.012989 -0.029984 -0.302150 0.952700
1783948415.342681408 0.024856 -0.044813 0.001725 -0.012963 -0.029958 -0.302159 0.952699
1783948415.352627516 0.024844 -0.044868 0.001687 -0.012949 -0.029939 -0.302149 0.952703
1783948415.362664461 0.024813 -0.044906 0.001661 -0.012977 -0.029949 -0.302129 0.952708
1783948415.372605562 0.024774 -0.044920 0.001645 -0.013029 -0.029987 -0.302109 0.952712
1783948415.382621765 0.024737 -0.044914 0.001640 -0.013104 -0.030038 -0.302100 0.952713
1783948415.392641068 0.024715 -0.044900 0.001647 -0.013155 -0.030082 -0.302098 0.952711
1783948415.402644396 0.024718 -0.044885 0.001666 -0.013178 -0.030096 -0.302103 0.952709
1783948415.413011312 0.024751 -0.044881 0.001698 -0.013179 -0.030084 -0.302128 0.952701
1783948415.422721863 0.024806 -0.044884 0.001744 -0.013145 -0.030039 -0.302160 0.952693
1783948415.432642937 0.024872 -0.044894 0.001804 -0.013095 -0.029980 -0.302185 0.952688
1783948415.438157320 0.024913 -0.044896 0.001854 -0.013066 -0.029957 -0.302190 0.952687
1783948415.438157320 0.024913 -0.044896 0.001854 -0.013066 -0.029957 -0.302190 0.952687
1783948415.442610264 0.024917 -0.044918 0.001847 -0.013040 -0.029939 -0.302192 0.952687
1783948415.452708960 0.024904 -0.044969 0.001801 -0.013017 -0.029928 -0.302182 0.952692
1783948415.462707043 0.024874 -0.045003 0.001769 -0.013043 -0.029940 -0.302159 0.952698
1783948415.472707272 0.024835 -0.045013 0.001750 -0.013077 -0.029986 -0.302136 0.952703
1783948415.482653141 0.024800 -0.045006 0.001741 -0.013134 -0.030043 -0.302111 0.952709
1783948415.492650747 0.024781 -0.044989 0.001744 -0.013188 -0.030091 -0.302101 0.952710
1783948415.502633095 0.024789 -0.044973 0.001761 -0.013201 -0.030118 -0.302106 0.952707
1783948415.512612343 0.024824 -0.044965 0.001790 -0.013196 -0.030106 -0.302126 0.952701
1783948415.522634506 0.024881 -0.044967 0.001831 -0.013151 -0.030068 -0.302154 0.952694
1783948415.532678127 0.024948 -0.044976 0.001886 -0.013088 -0.030016 -0.302181 0.952688
1783948415.541183710 0.025003 -0.044985 0.001952 -0.013045 -0.029979 -0.302193 0.952686
1783948415.541183710 0.025003 -0.044985 0.001952 -0.013045 -0.029979 -0.302193 0.952686
1783948415.543234587 0.025007 -0.044995 0.001951 -0.013034 -0.029969 -0.302196 0.952686
1783948415.552691698 0.025007 -0.045043 0.001911 -0.013008 -0.029956 -0.302194 0.952687
1783948415.562637091 0.024989 -0.045078 0.001876 -0.013024 -0.029972 -0.302173 0.952693
1783948415.572919846 0.024962 -0.045090 0.001849 -0.013065 -0.030027 -0.302149 0.952698
1783948415.582673788 0.024940 -0.045081 0.001839 -0.013114 -0.030088 -0.302132 0.952701
1783948415.592721939 0.024933 -0.045063 0.001836 -0.013160 -0.030137 -0.302129 0.952700
1783948415.602619648 0.024951 -0.045046 0.001844 -0.013182 -0.030156 -0.302131 0.952698
1783948415.612672567 0.024996 -0.045039 0.001865 -0.013167 -0.030140 -0.302148 0.952693
1783948415.622705460 0.025064 -0.045041 0.001898 -0.013117 -0.030104 -0.302177 0.952686
1783948415.632698298 0.025142 -0.045050 0.001943 -0.013053 -0.030056 -0.302209 0.952678
1783948415.641781092 0.025209 -0.045059 0.002001 -0.012999 -0.030033 -0.302222 0.952676
1783948415.641781092 0.025209 -0.045059 0.002001 -0.012999 -0.030033 -0.302222 0.952676
1783948415.642692566 0.025212 -0.045062 0.002000 -0.012994 -0.030029 -0.302223 0.952676
1783948415.652645350 0.025211 -0.045113 0.001948 -0.012973 -0.030022 -0.302209 0.952680
1783948415.662651300 0.025192 -0.045147 0.001908 -0.012997 -0.030037 -0.302183 0.952688
1783948415.672668219 0.025164 -0.045158 0.001879 -0.013046 -0.030081 -0.302162 0.952693
1783948415.682674885 0.025138 -0.045149 0.001863 -0.013112 -0.030133 -0.302146 0.952695
1783948415.692692995 0.025127 -0.045131 0.001860 -0.013156 -0.030186 -0.302142 0.952694
1783948415.703195572 0.025143 -0.045114 0.001869 -0.013189 -0.030203 -0.302150 0.952691
1783948415.712668419 0.025185 -0.045106 0.001894 -0.013180 -0.030182 -0.302173 0.952684
1783948415.722659826 0.025251 -0.045107 0.001930 -0.013133 -0.030142 -0.302199 0.952678
1783948415.733340502 0.025330 -0.045116 0.001979 -0.013069 -0.030089 -0.302225 0.952672
1783948415.740754128 0.025387 -0.045119 0.002033 -0.013032 -0.030053 -0.302230 0.952672
1783948415.740754128 0.025387 -0.045119 0.002033 -0.013032 -0.030053 -0.302230 0.952672
1783948415.742611647 0.025392 -0.045126 0.002030 -0.013022 -0.030043 -0.302231 0.952672
1783948415.752733946 0.025394 -0.045175 0.001983 -0.013001 -0.030034 -0.302228 0.952674
1783948415.764373541 0.025370 -0.045213 0.001936 -0.013026 -0.030058 -0.302201 0.952681
1783948415.772699118 0.025349 -0.045215 0.001925 -0.013062 -0.030100 -0.302176 0.952687
1783948415.782658339 0.025324 -0.045205 0.001915 -0.013123 -0.030159 -0.302154 0.952692
1783948415.792689323 0.025313 -0.045186 0.001917 -0.013170 -0.030201 -0.302139 0.952694
1783948415.802641153 0.025327 -0.045167 0.001931 -0.013189 -0.030219 -0.302139 0.952693
1783948415.812728643 0.025369 -0.045157 0.001958 -0.013182 -0.030202 -0.302163 0.952687
1783948415.822691202 0.025433 -0.045156 0.001997 -0.013132 -0.030161 -0.302185 0.952681
1783948415.832656622 0.025505 -0.045163 0.002048 -0.013074 -0.030105 -0.302210 0.952676
1783948415.841649294 0.025567 -0.045169 0.002110 -0.013025 -0.030066 -0.302225 0.952673
1783948415.841649294 0.025567 -0.045169 0.002110 -0.013025 -0.030066 -0.302225 0.952673
1783948415.842622757 0.025570 -0.045172 0.002108 -0.013020 -0.030061 -0.302226 0.952673
1783948415.852676392 0.025566 -0.045216 0.002053 -0.012997 -0.030049 -0.302220 0.952676
1783948415.863378525 0.025541 -0.045246 0.002002 -0.013013 -0.030065 -0.302201 0.952681
1783948415.872698784 0.025513 -0.045248 0.001975 -0.013049 -0.030113 -0.302173 0.952688
1783948415.882714033 0.025484 -0.045233 0.001953 -0.013103 -0.030166 -0.302160 0.952690
1783948415.892636299 0.025470 -0.045209 0.001945 -0.013151 -0.030209 -0.302156 0.952689
1783948415.902654171 0.025480 -0.045186 0.001947 -0.013166 -0.030227 -0.302163 0.952686
1783948415.912757635 0.025520 -0.045172 0.001963 -0.013160 -0.030206 -0.302175 0.952683
1783948415.922635078 0.025581 -0.045166 0.001991 -0.013111 -0.030172 -0.302204 0.952676
1783948415.932733774 0.025652 -0.045165 0.002032 -0.013046 -0.030117 -0.302228 0.952670
1783948415.942476988 0.025716 -0.045165 0.002086 -0.012989 -0.030073 -0.302241 0.952668
1783948415.942476988 0.025716 -0.045165 0.002086 -0.012989 -0.030073 -0.302241 0.952668
1783948415.942669630 0.025716 -0.045166 0.002085 -0.012988 -0.030072 -0.302242 0.952668
1783948415.952702999 0.025708 -0.045211 0.002024 -0.012960 -0.030064 -0.302238 0.952670
1783948415.962649345 0.025683 -0.045238 0.001978 -0.012985 -0.030084 -0.302218 0.952676
1783948415.972708702 0.025646 -0.045243 0.001942 -0.013030 -0.030135 -0.302189 0.952682
1783948415.982683897 0.025611 -0.045228 0.001918 -0.013088 -0.030192 -0.302169 0.952686
1783948415.992735624 0.025592 -0.045205 0.001907 -0.013123 -0.030237 -0.302163 0.952686
1783948416.002629757 0.025600 -0.045182 0.001909 -0.013141 -0.030251 -0.302173 0.952682
1783948416.012700081 0.025637 -0.045168 0.001923 -0.013132 -0.030240 -0.302188 0.952678
1783948416.022637367 0.025696 -0.045163 0.001951 -0.013088 -0.030191 -0.302217 0.952671
1783948416.032659292 0.025765 -0.045163 0.001992 -0.013025 -0.030144 -0.302247 0.952664
1783948416.042672157 0.025827 -0.045165 0.002046 -0.012968 -0.030106 -0.302261 0.952661
1783948416.043354034 0.025833 -0.045163 0.002052 -0.012966 -0.030105 -0.302261 0.952662
1783948416.043354034 0.025833 -0.045163 0.002052 -0.012966 -0.030105 -0.302261 0.952662
1783948416.052651167 0.025812 -0.045213 0.002024 -0.012944 -0.030081 -0.302256 0.952664
1783948416.062672615 0.025770 -0.045253 0.002003 -0.012972 -0.030094 -0.302228 0.952672
1783948416.072646618 0.025718 -0.045270 0.001995 -0.013021 -0.030137 -0.302204 0.952678
1783948416.083775997 0.025658 -0.045272 0.001995 -0.013091 -0.030184 -0.302177 0.952684
1783948416.092688084 0.025630 -0.045259 0.002012 -0.013136 -0.030209 -0.302171 0.952685
1783948416.102692604 0.025619 -0.045248 0.002041 -0.013160 -0.030221 -0.302174 0.952683
1783948416.112677813 0.025636 -0.045247 0.002082 -0.013151 -0.030202 -0.302195 0.952677
1783948416.122783422 0.025675 -0.045257 0.002135 -0.013100 -0.030156 -0.302223 0.952670
1783948416.132706642 0.025722 -0.045272 0.002200 -0.013046 -0.030099 -0.302253 0.952663
1783948416.142697811 0.025763 -0.045288 0.002279 -0.012992 -0.030043 -0.302261 0.952663
1783948416.144206762 0.025772 -0.045286 0.002295 -0.012987 -0.030039 -0.302259 0.952664
1783948416.144206762 0.025772 -0.045286 0.002295 -0.012987 -0.030039 -0.302259 0.952664
1783948416.152676821 0.025739 -0.045338 0.002252 -0.012962 -0.030022 -0.302256 0.952666
1783948416.162703991 0.025675 -0.045390 0.002204 -0.012981 -0.030042 -0.302230 0.952673
1783948416.172700167 0.025601 -0.045419 0.002169 -0.013025 -0.030086 -0.302202 0.952680
1783948416.182647467 0.025529 -0.045429 0.002147 -0.013090 -0.030134 -0.302182 0.952684
1783948416.192779303 0.025470 -0.045430 0.002136 -0.013142 -0.030176 -0.302172 0.952685
1783948416.202678919 0.025438 -0.045430 0.002137 -0.013167 -0.030191 -0.302182 0.952681
1783948416.213907957 0.025427 -0.045449 0.002145 -0.013159 -0.030172 -0.302206 0.952674
1783948416.222679138 0.025451 -0.045461 0.002176 -0.013113 -0.030138 -0.302235 0.952667
1783948416.232727766 0.025481 -0.045486 0.002215 -0.013053 -0.030086 -0.302258 0.952662
1783948416.244503021 0.025498 -0.045525 0.002266 -0.012988 -0.030034 -0.302268 0.952661
1783948416.245072603 0.025501 -0.045524 0.002272 -0.012987 -0.030034 -0.302267 0.952662
1783948416.245072603 0.025501 -0.045524 0.002272 -0.012987 -0.030034 -0.302267 0.952662
1783948416.252679110 0.025490 -0.045551 0.002243 -0.012975 -0.030024 -0.302258 0.952665
1783948416.262710810 0.025453 -0.045576 0.002204 -0.012993 -0.030037 -0.302231 0.952673
1783948416.272718430 0.025407 -0.045577 0.002178 -0.013044 -0.030083 -0.302201 0.952680
1783948416.282710314 0.025363 -0.045559 0.002162 -0.013100 -0.030128 -0.302181 0.952684
1783948416.292687654 0.025333 -0.045531 0.002159 -0.013147 -0.030156 -0.302174 0.952685
1783948416.302718639 0.025330 -0.045503 0.002168 -0.013170 -0.030172 -0.302172 0.952685
1783948416.313293457 0.025355 -0.045485 0.002188 -0.013164 -0.030158 -0.302187 0.952681
1783948416.322734833 0.025401 -0.045476 0.002223 -0.013114 -0.030114 -0.302215 0.952674
1783948416.332693577 0.025459 -0.045472 0.002270 -0.013053 -0.030060 -0.302248 0.952666
1783948416.342663288 0.025510 -0.045470 0.002330 -0.012995 -0.030015 -0.302255 0.952666
1783948416.345939636 0.025529 -0.045463 0.002363 -0.012985 -0.030010 -0.302252 0.952667
1783948416.345939636 0.025529 -0.045463 0.002363 -0.012985 -0.030010 -0.302252 0.952667
1783948416.352730036 0.025519 -0.045485 0.002334 -0.012965 -0.029999 -0.302248 0.952669
1783948416.362689734 0.025482 -0.045510 0.002284 -0.012985 -0.030014 -0.302224 0.952676
1783948416.373400927 0.025430 -0.045513 0.002240 -0.013041 -0.030050 -0.302201 0.952681
1783948416.382691145 0.025390 -0.045494 0.002219 -0.013095 -0.030095 -0.302192 0.952682
1783948416.392685890 0.025360 -0.045468 0.002205 -0.013144 -0.030129 -0.302177 0.952685
1783948416.402656555 0.025356 -0.045442 0.002201 -0.013155 -0.030137 -0.302183 0.952683
1783948416.412690163 0.025380 -0.045425 0.002209 -0.013146 -0.030123 -0.302199 0.952678
1783948416.422740221 0.025427 -0.045417 0.002230 -0.013105 -0.030074 -0.302217 0.952674
1783948416.435363054 0.025489 -0.045424 0.002255 -0.013036 -0.029998 -0.302243 0.952670
1783948416.442716360 0.025530 -0.045420 0.002301 -0.012994 -0.029963 -0.302251 0.952669
1783948416.446800232 0.025552 -0.045413 0.002337 -0.012983 -0.029957 -0.302245 0.952671
1783948416.446800232 0.025552 -0.045413 0.002337 -0.012983 -0.029957 -0.302245 0.952671
1783948416.452753067 0.025543 -0.045430 0.002313 -0.012967 -0.029950 -0.302238 0.952673
1783948416.462753773 0.025504 -0.045452 0.002262 -0.012983 -0.029967 -0.302213 0.952681
1783948416.473235846 0.025452 -0.045451 0.002220 -0.013029 -0.030014 -0.302185 0.952688
1783948416.482753515 0.025410 -0.045430 0.002197 -0.013087 -0.030064 -0.302169 0.952690
1783948416.492722511 0.025379 -0.045399 0.002183 -0.013122 -0.030111 -0.302161 0.952691
1783948416.502705336 0.025373 -0.045369 0.002181 -0.013150 -0.030135 -0.302164 0.952689
1783948416.512664795 0.025395 -0.045348 0.002192 -0.013141 -0.030113 -0.302180 0.952684
1783948416.522764921 0.025440 -0.045337 0.002215 -0.013092 -0.030075 -0.302208 0.952677
1783948416.535385847 0.025502 -0.045338 0.002246 -0.013023 -0.030015 -0.302253 0.952666
1783948416.542686224 0.025544 -0.045333 0.002293 -0.012986 -0.029984 -0.302259 0.952666
1783948416.547672033 0.025571 -0.045324 0.002335 -0.012974 -0.029976 -0.302257 0.952667
1783948416.547672033 0.025571 -0.045324 0.002335 -0.012974 -0.029976 -0.302257 0.952667
1783948416.552670002 0.025565 -0.045339 0.002317 -0.012963 -0.029967 -0.302254 0.952668
1783948416.562795877 0.025528 -0.045366 0.002264 -0.012990 -0.029982 -0.302232 0.952674
1783948416.572714567 0.025482 -0.045369 0.002226 -0.013032 -0.030028 -0.302204 0.952681
1783948416.582708836 0.025438 -0.045353 0.002201 -0.013096 -0.030073 -0.302183 0.952686
1783948416.594372749 0.025401 -0.045329 0.002176 -0.013155 -0.030122 -0.302182 0.952683
1783948416.602776766 0.025403 -0.045306 0.002182 -0.013179 -0.030134 -0.302182 0.952683
1783948416.612745285 0.025426 -0.045291 0.002192 -0.013169 -0.030119 -0.302195 0.952679
1783948416.622707367 0.025471 -0.045285 0.002216 -0.013126 -0.030081 -0.302226 0.952671
1783948416.633790970 0.025529 -0.045287 0.002251 -0.013062 -0.030013 -0.302256 0.952665
1783948416.642742157 0.025576 -0.045285 0.002301 -0.013009 -0.029976 -0.302266 0.952663
1783948416.648532629 0.025605 -0.045276 0.002348 -0.012995 -0.029971 -0.302256 0.952667
1783948416.648532629 0.025605 -0.045276 0.002348 -0.012995 -0.029971 -0.302256 0.952667
1783948416.652714491 0.025601 -0.045288 0.002336 -0.012983 -0.029968 -0.302248 0.952670
1783948416.663496256 0.025565 -0.045314 0.002267 -0.013000 -0.029998 -0.302220 0.952677
1783948416.672739029 0.025528 -0.045313 0.002229 -0.013040 -0.030033 -0.302198 0.952683
1783948416.682697773 0.025490 -0.045295 0.002195 -0.013094 -0.030085 -0.302182 0.952685
1783948416.692729712 0.025466 -0.045269 0.002172 -0.013131 -0.030128 -0.302176 0.952686
1783948416.702717543 0.025469 -0.045243 0.002162 -0.013141 -0.030146 -0.302180 0.952684
1783948416.712701082 0.025500 -0.045225 0.002164 -0.013122 -0.030137 -0.302196 0.952679
1783948416.723444700 0.025556 -0.045218 0.002175 -0.013058 -0.030097 -0.302220 0.952674
1783948416.732711792 0.025616 -0.045215 0.002207 -0.012998 -0.030045 -0.302244 0.952668
1783948416.742782354 0.025674 -0.045215 0.002247 -0.012928 -0.030016 -0.302255 0.952667
1783948416.749395847 0.025709 -0.045207 0.002297 -0.012912 -0.030000 -0.302250 0.952669
1783948416.749395847 0.025709 -0.045207 0.002297 -0.012912 -0.030000 -0.302250 0.952669
1783948416.752715111 0.025706 -0.045215 0.002286 -0.012906 -0.029991 -0.302248 0.952670
1783948416.763654709 0.025665 -0.045248 0.002218 -0.012939 -0.029997 -0.302226 0.952676
1783948416.772758245 0.025624 -0.045250 0.002180 -0.012987 -0.030033 -0.302206 0.952681
1783948416.782734632 0.025580 -0.045237 0.002146 -0.013049 -0.030087 -0.302190 0.952684
1783948416.792682171 0.025550 -0.045215 0.002124 -0.013102 -0.030129 -0.302176 0.952686
1783948416.802717447 0.025544 -0.045195 0.002113 -0.013124 -0.030148 -0.302178 0.952684
1783948416.812682390 0.025568 -0.045185 0.002115 -0.013120 -0.030126 -0.302190 0.952681
1783948416.824849606 0.025620 -0.045191 0.002120 -0.013068 -0.030073 -0.302224 0.952673
1783948416.832716465 0.025672 -0.045192 0.002151 -0.013020 -0.030021 -0.302248 0.952668
1783948416.842754841 0.025727 -0.045198 0.002191 -0.012963 -0.029978 -0.302256 0.952667
1783948416.850263596 0.025764 -0.045192 0.002239 -0.012944 -0.029969 -0.302248 0.952670
1783948416.850263596 0.025764 -0.045192 0.002239 -0.012944 -0.029969 -0.302248 0.952670
1783948416.857023239 0.025754 -0.045211 0.002207 -0.012925 -0.029961 -0.302242 0.952673
1783948416.862690210 0.025742 -0.045221 0.002187 -0.012940 -0.029963 -0.302229 0.952676
1783948416.872746706 0.025704 -0.045227 0.002137 -0.012982 -0.030001 -0.302208 0.952681
1783948416.882723570 0.025670 -0.045216 0.002099 -0.013048 -0.030052 -0.302190 0.952685
1783948416.892688036 0.025650 -0.045196 0.002074 -0.013098 -0.030093 -0.302187 0.952683
1783948416.902754307 0.025658 -0.045177 0.002062 -0.013116 -0.030102 -0.302197 0.952680
1783948416.912696600 0.025694 -0.045169 0.002063 -0.013107 -0.030082 -0.302214 0.952675
1783948416.924047232 0.025759 -0.045175 0.002070 -0.013047 -0.030040 -0.302243 0.952668
1783948416.932702303 0.025822 -0.045180 0.002099 -0.012996 -0.029994 -0.302272 0.952661
1783948416.942748785 0.025887 -0.045189 0.002138 -0.012945 -0.029955 -0.302279 0.952661
1783948416.951159477 0.025933 -0.045186 0.002187 -0.012928 -0.029942 -0.302272 0.952664
1783948416.951159477 0.025933 -0.045186 0.002187 -0.012928 -0.029942 -0.302272 0.952664
1783948416.952691793 0.025933 -0.045191 0.002184 -0.012925 -0.029939 -0.302270 0.952665
1783948416.962688923 0.025903 -0.045227 0.002128 -0.012954 -0.029962 -0.302244 0.952671
1783948416.972763062 0.025862 -0.045240 0.002084 -0.013003 -0.030009 -0.302218 0.952677
1783948416.983415604 0.025819 -0.045235 0.002048 -0.013065 -0.030065 -0.302195 0.952682
1783948416.992895603 0.025798 -0.045220 0.002032 -0.013112 -0.030106 -0.302185 0.952684
1783948417.002703428 0.025799 -0.045205 0.002026 -0.013143 -0.030122 -0.302187 0.952682
1783948417.012699604 0.025826 -0.045200 0.002031 -0.013136 -0.030103 -0.302195 0.952680
1783948417.022851944 0.025876 -0.045204 0.002050 -0.013088 -0.030074 -0.302217 0.952675
1783948417.032727242 0.025934 -0.045212 0.002081 -0.013035 -0.030026 -0.302239 0.952670
1783948417.042729616 0.025987 -0.045223 0.002126 -0.012983 -0.029982 -0.302251 0.952668
1783948417.051997185 0.026025 -0.045223 0.002183 -0.012962 -0.029968 -0.302240 0.952672
1783948417.051997185 0.026025 -0.045223 0.002183 -0.012962 -0.029968 -0.302240 0.952672
1783948417.052700520 0.026025 -0.045226 0.002183 -0.012960 -0.029966 -0.302239 0.952673
1783948417.062777996 0.026000 -0.045258 0.002126 -0.012971 -0.029988 -0.302223 0.952677
1783948417.072727919 0.025967 -0.045268 0.002082 -0.013008 -0.030038 -0.302201 0.952682
1783948417.082700491 0.025937 -0.045258 0.002050 -0.013058 -0.030097 -0.302180 0.952686
1783948417.092752457 0.025921 -0.045239 0.002030 -0.013095 -0.030139 -0.302174 0.952686
1783948417.102785349 0.025931 -0.045222 0.002022 -0.013114 -0.030164 -0.302178 0.952684
1783948417.112721443 0.025969 -0.045214 0.002028 -0.013104 -0.030148 -0.302192 0.952680
1783948417.122751951 0.026030 -0.045215 0.002046 -0.013045 -0.030116 -0.302221 0.952673
1783948417.132725954 0.026101 -0.045220 0.002078 -0.012990 -0.030065 -0.302245 0.952668
1783948417.142719984 0.026166 -0.045227 0.002122 -0.012928 -0.030028 -0.302258 0.952665
1783948417.152718544 0.026216 -0.045223 0.002179 -0.012893 -0.030014 -0.302252 0.952668
1783948417.152848959 0.026217 -0.045223 0.002180 -0.012894 -0.030015 -0.302251 0.952668
1783948417.152848959 0.026217 -0.045223 0.002180 -0.012894 -0.030015 -0.302251 0.952668
1783948417.162788153 0.026193 -0.045255 0.002124 -0.012923 -0.030020 -0.302223 0.952677
1783948417.174015522 0.026152 -0.045267 0.002068 -0.012973 -0.030069 -0.302197 0.952683
1783948417.182721138 0.026127 -0.045256 0.002048 -0.013026 -0.030108 -0.302177 0.952687
1783948417.192809820 0.026109 -0.045238 0.002028 -0.013074 -0.030155 -0.302171 0.952687
1783948417.204062223 0.026119 -0.045223 0.002015 -0.013100 -0.030171 -0.302177 0.952684
1783948417.212724209 0.026156 -0.045214 0.002026 -0.013091 -0.030150 -0.302190 0.952681
1783948417.222765923 0.026217 -0.045216 0.002043 -0.013048 -0.030100 -0.302217 0.952675
1783948417.232766628 0.026287 -0.045225 0.002072 -0.012988 -0.030042 -0.302238 0.952670
1783948417.242718697 0.026351 -0.045235 0.002114 -0.012937 -0.029998 -0.302249 0.952669
1783948417.252742290 0.026400 -0.045235 0.002168 -0.012918 -0.029977 -0.302242 0.952672
1783948417.253714085 0.026406 -0.045232 0.002178 -0.012920 -0.029979 -0.302240 0.952673
1783948417.253714085 0.026406 -0.045232 0.002178 -0.012920 -0.029979 -0.302240 0.952673
1783948417.262791157 0.026360 -0.045281 0.002120 -0.012943 -0.030006 -0.302224 0.952677
1783948417.272731781 0.026298 -0.045316 0.002062 -0.012995 -0.030056 -0.302194 0.952684
1783948417.282795906 0.026236 -0.045332 0.002015 -0.013060 -0.030102 -0.302180 0.952686
1783948417.292683601 0.026190 -0.045340 0.001982 -0.013111 -0.030146 -0.302171 0.952687
1783948417.302703619 0.026169 -0.045348 0.001961 -0.013138 -0.030153 -0.302177 0.952684
1783948417.312769413 0.026175 -0.045367 0.001952 -0.013128 -0.030136 -0.302185 0.952682
1783948417.322751284 0.026203 -0.045395 0.001957 -0.013080 -0.030098 -0.302213 0.952675
1783948417.332763672 0.026239 -0.045429 0.001974 -0.013032 -0.030040 -0.302242 0.952669
1783948417.342793703 0.026269 -0.045463 0.002005 -0.012979 -0.030003 -0.302257 0.952666
1783948417.352788210 0.026285 -0.045487 0.002048 -0.012959 -0.029995 -0.302250 0.952669
1783948417.354674339 0.026293 -0.045484 0.002067 -0.012963 -0.029998 -0.302245 0.952670
1783948417.354674339 0.026293 -0.045484 0.002067 -0.012963 -0.029998 -0.302245 0.952670
1783948417.362771988 0.026266 -0.045510 0.002039 -0.012984 -0.030013 -0.302227 0.952675
1783948417.372729778 0.026220 -0.045524 0.002008 -0.013038 -0.030061 -0.302196 0.952683
1783948417.382764816 0.026176 -0.045520 0.001987 -0.013102 -0.030118 -0.302169 0.952688
1783948417.392719269 0.026147 -0.045508 0.001979 -0.013147 -0.030163 -0.302160 0.952689
1783948417.402725458 0.026144 -0.045496 0.001983 -0.013171 -0.030188 -0.302159 0.952688
1783948417.412762403 0.026169 -0.045495 0.001998 -0.013168 -0.030171 -0.302179 0.952683
1783948417.422766209 0.026217 -0.045502 0.002026 -0.013126 -0.030125 -0.302203 0.952677
1783948417.432744265 0.026274 -0.045516 0.002068 -0.013071 -0.030077 -0.302226 0.952672
1783948417.442800283 0.026325 -0.045529 0.002122 -0.013019 -0.030039 -0.302235 0.952671
1783948417.452767849 0.026361 -0.045532 0.002189 -0.013001 -0.030026 -0.302223 0.952675
1783948417.455448151 0.026373 -0.045526 0.002218 -0.013006 -0.030031 -0.302213 0.952678
1783948417.455448151 0.026373 -0.045526 0.002218 -0.013006 -0.030031 -0.302213 0.952678
1783948417.462741375 0.026352 -0.045549 0.002190 -0.013017 -0.030047 -0.302189 0.952686
1783948417.472799540 0.026313 -0.045563 0.002142 -0.013055 -0.030099 -0.302167 0.952690
1783948417.482701063 0.026278 -0.045559 0.002107 -0.013110 -0.030154 -0.302144 0.952695
1783948417.492697239 0.026257 -0.045547 0.002084 -0.013158 -0.030191 -0.302144 0.952693
1783948417.502775192 0.026263 -0.045536 0.002074 -0.013175 -0.030207 -0.302151 0.952690
1783948417.512696028 0.026297 -0.045535 0.002077 -0.013156 -0.030192 -0.302168 0.952685
1783948417.522777319 0.026353 -0.045542 0.002091 -0.013098 -0.030151 -0.302198 0.952678
1783948417.532668829 0.026419 -0.045555 0.002116 -0.013029 -0.030094 -0.302230 0.952671
1783948417.542837143 0.026479 -0.045569 0.002154 -0.012962 -0.030051 -0.302247 0.952668
1783948417.552829027 0.026523 -0.045573 0.002206 -0.012927 -0.030036 -0.302235 0.952672
1783948417.556307077 0.026537 -0.045567 0.002243 -0.012932 -0.030041 -0.302223 0.952676
1783948417.556307077 0.026537 -0.045567 0.002243 -0.012932 -0.030041 -0.302223 0.952676
1783948417.562805176 0.026519 -0.045581 0.002218 -0.012943 -0.030049 -0.302200 0.952683
1783948417.572729349 0.026479 -0.045588 0.002171 -0.012992 -0.030091 -0.302173 0.952689
1783948417.582719088 0.026440 -0.045576 0.002135 -0.013050 -0.030144 -0.302156 0.952692
1783948417.592661619 0.026417 -0.045557 0.002111 -0.013093 -0.030187 -0.302142 0.952695
1783948417.602659225 0.026419 -0.045538 0.002097 -0.013111 -0.030205 -0.302148 0.952692
1783948417.612704992 0.026448 -0.045529 0.002096 -0.013111 -0.030185 -0.302159 0.952689
1783948417.622746229 0.026499 -0.045529 0.002109 -0.013065 -0.030145 -0.302185 0.952683
1783948417.632736444 0.026558 -0.045533 0.002135 -0.013002 -0.030086 -0.302205 0.952679
1783948417.642670631 0.026611 -0.045537 0.002173 -0.012952 -0.030039 -0.302221 0.952676
1783948417.653379679 0.026650 -0.045532 0.002223 -0.012925 -0.030026 -0.302216 0.952679
1783948417.657176018 0.026664 -0.045522 0.002259 -0.012935 -0.030033 -0.302201 0.952683
1783948417.657176018 0.026664 -0.045522 0.002259 -0.012935 -0.030033 -0.302201 0.952683
1783948417.662674904 0.026646 -0.045531 0.002242 -0.012950 -0.030042 -0.302181 0.952689
1783948417.672787428 0.026597 -0.045538 0.002193 -0.012999 -0.030098 -0.302156 0.952695
1783948417.684720755 0.026537 -0.045527 0.002139 -0.013079 -0.030158 -0.302141 0.952696
1783948417.692646742 0.026515 -0.045505 0.002130 -0.013114 -0.030195 -0.302140 0.952695
1783948417.702815533 0.026505 -0.045484 0.002118 -0.013133 -0.030203 -0.302133 0.952697
1783948417.712748528 0.026523 -0.045471 0.002120 -0.013127 -0.030187 -0.302151 0.952692
1783948417.722659111 0.026563 -0.045468 0.002135 -0.013077 -0.030148 -0.302178 0.952685
1783948417.732674122 0.026613 -0.045470 0.002162 -0.013018 -0.030092 -0.302206 0.952679
1783948417.742709875 0.026657 -0.045473 0.002200 -0.012962 -0.030051 -0.302221 0.952676
1783948417.752701998 0.026686 -0.045466 0.002251 -0.012936 -0.030032 -0.302216 0.952678
1783948417.758037329 0.026699 -0.045450 0.002296 -0.012947 -0.030040 -0.302204 0.952682
1783948417.758037329 0.026699 -0.045450 0.002296 -0.012947 -0.030040 -0.302204 0.952682
1783948417.762814522 0.026680 -0.045454 0.002281 -0.012956 -0.030046 -0.302192 0.952685
1783948417.772669792 0.026623 -0.045455 0.002235 -0.013005 -0.030079 -0.302165 0.952692
1783948417.782722712 0.026567 -0.045438 0.002200 -0.013065 -0.030128 -0.302143 0.952697
1783948417.792741537 0.026525 -0.045412 0.002177 -0.013110 -0.030165 -0.302133 0.952698
1783948417.802744865 0.026510 -0.045388 0.002166 -0.013132 -0.030177 -0.302139 0.952696
1783948417.814697981 0.026524 -0.045376 0.002158 -0.013112 -0.030163 -0.302165 0.952688
1783948417.822758198 0.026560 -0.045370 0.002178 -0.013075 -0.030121 -0.302180 0.952685
1783948417.832738400 0.026606 -0.045371 0.002204 -0.013006 -0.030060 -0.302215 0.952677
1783948417.844468117 0.026648 -0.045376 0.002242 -0.012941 -0.030015 -0.302235 0.952673
1783948417.852729321 0.026672 -0.045367 0.002295 -0.012927 -0.029996 -0.302227 0.952676
1783948417.858905077 0.026685 -0.045349 0.002346 -0.012942 -0.030008 -0.302213 0.952680
1783948417.858905077 0.026685 -0.045349 0.002346 -0.012942 -0.030008 -0.302213 0.952680
1783948417.862787962 0.026670 -0.045352 0.002337 -0.012951 -0.030015 -0.302203 0.952683
1783948417.872808933 0.026612 -0.045355 0.002291 -0.012993 -0.030052 -0.302175 0.952690
1783948417.882714510 0.026558 -0.045337 0.002258 -0.013053 -0.030102 -0.302162 0.952692
1783948417.892704725 0.026518 -0.045311 0.002236 -0.013101 -0.030146 -0.302156 0.952692
1783948417.902788162 0.026502 -0.045285 0.002225 -0.013120 -0.030157 -0.302166 0.952688
1783948417.912746191 0.026514 -0.045268 0.002229 -0.013116 -0.030134 -0.302181 0.952684
1783948417.922674894 0.026549 -0.045259 0.002246 -0.013080 -0.030088 -0.302211 0.952676
1783948417.932715893 0.026594 -0.045255 0.002275 -0.013018 -0.030035 -0.302238 0.952670
1783948417.943419695 0.026633 -0.045252 0.002316 -0.012963 -0.029990 -0.302259 0.952666
1783948417.952747107 0.026657 -0.045237 0.002369 -0.012940 -0.029969 -0.302255 0.952668
1783948417.959765911 0.026669 -0.045213 0.002424 -0.012953 -0.029977 -0.302241 0.952672
1783948417.959765911 0.026669 -0.045213 0.002424 -0.012953 -0.029977 -0.302241 0.952672
1783948417.962824583 0.026657 -0.045212 0.002417 -0.012959 -0.029980 -0.302234 0.952674
1783948417.973142385 0.026595 -0.045208 0.002365 -0.013009 -0.030024 -0.302213 0.952679
1783948417.982831240 0.026541 -0.045185 0.002331 -0.013064 -0.030079 -0.302194 0.952682
1783948417.992743969 0.026500 -0.045153 0.002307 -0.013108 -0.030114 -0.302182 0.952684
1783948418.003439903 0.026482 -0.045122 0.002290 -0.013127 -0.030132 -0.302191 0.952681
1783948418.012741327 0.026496 -0.045101 0.002293 -0.013107 -0.030116 -0.302209 0.952676
1783948418.022715569 0.026531 -0.045088 0.002305 -0.013065 -0.030070 -0.302230 0.952671
1783948418.033282042 0.026577 -0.045082 0.002327 -0.013000 -0.030011 -0.302257 0.952665
1783948418.042772770 0.026615 -0.045073 0.002364 -0.012941 -0.029971 -0.302271 0.952663
1783948418.052796841 0.026640 -0.045055 0.002413 -0.012919 -0.029952 -0.302268 0.952665
1783948418.060628414 0.026651 -0.045026 0.002467 -0.012934 -0.029959 -0.302251 0.952670
1783948418.060628414 0.026651 -0.045026 0.002467 -0.012934 -0.029959 -0.302251 0.952670
1783948418.062689781 0.026643 -0.045025 0.002464 -0.012938 -0.029960 -0.302246 0.952671
1783948418.072692633 0.026583 -0.045018 0.002414 -0.012985 -0.030001 -0.302219 0.952678
1783948418.082777023 0.026525 -0.044994 0.002375 -0.013049 -0.030051 -0.302208 0.952679
1783948418.092727184 0.026483 -0.044962 0.002350 -0.013098 -0.030083 -0.302198 0.952680
1783948418.102781534 0.026466 -0.044931 0.002336 -0.013116 -0.030097 -0.302199 0.952679
1783948418.112728596 0.026478 -0.044910 0.002334 -0.013102 -0.030080 -0.302218 0.952674
1783948418.122738123 0.026511 -0.044898 0.002344 -0.013059 -0.030038 -0.302245 0.952667
1783948418.132741928 0.026553 -0.044891 0.002366 -0.012995 -0.029980 -0.302276 0.952660
1783948418.142871380 0.026589 -0.044887 0.002400 -0.012934 -0.029932 -0.302282 0.952661
1783948418.152731419 0.026611 -0.044874 0.002448 -0.012914 -0.029922 -0.302278 0.952662
1783948418.164415121 0.026610 -0.044841 0.002509 -0.012943 -0.029937 -0.302252 0.952670
1783948418.165958643 0.026612 -0.044832 0.002525 -0.012949 -0.029943 -0.302248 0.952671
1783948418.165958643 0.026612 -0.044832 0.002525 -0.012949 -0.029943 -0.302248 0.952671
1783948418.172734976 0.026575 -0.044825 0.002499 -0.012979 -0.029972 -0.302229 0.952675
1783948418.182727814 0.026517 -0.044805 0.002454 -0.013039 -0.030020 -0.302208 0.952680
1783948418.192679882 0.026474 -0.044777 0.002423 -0.013085 -0.030061 -0.302197 0.952682
1783948418.202720881 0.026457 -0.044749 0.002403 -0.013105 -0.030080 -0.302198 0.952680
1783948418.212810755 0.026467 -0.044731 0.002394 -0.013093 -0.030056 -0.302217 0.952675
1783948418.222670794 0.026499 -0.044722 0.002400 -0.013039 -0.030013 -0.302247 0.952668
1783948418.233133316 0.026541 -0.044720 0.002417 -0.012974 -0.029949 -0.302264 0.952665
1783948418.242748260 0.026576 -0.044716 0.002449 -0.012924 -0.029914 -0.302282 0.952662
1783948418.252700329 0.026597 -0.044703 0.002493 -0.012910 -0.029896 -0.302270 0.952666
1783948418.263552904 0.026598 -0.044672 0.002550 -0.012933 -0.029920 -0.302233 0.952677
1783948418.263552904 0.026598 -0.044672 0.002550 -0.012933 -0.029920 -0.302233 0.952677
1783948418.265019655 0.026591 -0.044671 0.002547 -0.012936 -0.029922 -0.302227 0.952678
1783948418.272674799 0.026545 -0.044667 0.002514 -0.012972 -0.029952 -0.302206 0.952684
1783948418.282708645 0.026481 -0.044651 0.002470 -0.013029 -0.030001 -0.302186 0.952688
1783948418.292673826 0.026432 -0.044628 0.002438 -0.013075 -0.030037 -0.302179 0.952688
1783948418.302816153 0.026408 -0.044606 0.002419 -0.013100 -0.030049 -0.302187 0.952685
1783948418.312764645 0.026414 -0.044593 0.002413 -0.013090 -0.030032 -0.302207 0.952679
1783948418.322821379 0.026443 -0.044590 0.002418 -0.013042 -0.029986 -0.302234 0.952673
1783948418.332678080 0.026481 -0.044592 0.002437 -0.012985 -0.029935 -0.302266 0.952665
1783948418.342738152 0.026513 -0.044595 0.002467 -0.012932 -0.029890 -0.302281 0.952662
1783948418.352787971 0.026529 -0.044588 0.002511 -0.012910 -0.029877 -0.302278 0.952664
1783948418.362727642 0.026526 -0.044564 0.002566 -0.012935 -0.029888 -0.302258 0.952670
1783948418.363229990 0.026526 -0.044562 0.002571 -0.012937 -0.029890 -0.302256 0.952670
1783948418.363229990 0.026526 -0.044562 0.002571 -0.012937 -0.029890 -0.302256 0.952670
1783948418.372735262 0.026465 -0.044562 0.002526 -0.012983 -0.029932 -0.302232 0.952676
1783948418.382805586 0.026402 -0.044546 0.002487 -0.013042 -0.029984 -0.302220 0.952677
1783948418.392761469 0.026355 -0.044523 0.002460 -0.013086 -0.030024 -0.302210 0.952678
1783948418.402769327 0.026336 -0.044503 0.002445 -0.013110 -0.030039 -0.302216 0.952676
1783948418.412714720 0.026345 -0.044492 0.002442 -0.013109 -0.030018 -0.302229 0.952672
1783948418.422670126 0.026376 -0.044492 0.002451 -0.013061 -0.029978 -0.302262 0.952664
1783948418.432848692 0.026415 -0.044497 0.002473 -0.012999 -0.029920 -0.302298 0.952655
1783948418.442688704 0.026447 -0.044502 0.002510 -0.012940 -0.029873 -0.302310 0.952653
1783948418.452856302 0.026465 -0.044497 0.002560 -0.012918 -0.029858 -0.302300 0.952657
1783948418.462744951 0.026466 -0.044476 0.002623 -0.012933 -0.029876 -0.302275 0.952665
1783948418.464084864 0.026467 -0.044469 0.002637 -0.012938 -0.029880 -0.302272 0.952665
1783948418.464084864 0.026467 -0.044469 0.002637 -0.012938 -0.029880 -0.302272 0.952665
1783948418.472816229 0.026411 -0.044472 0.002598 -0.012973 -0.029915 -0.302255 0.952669
1783948418.486245871 0.026316 -0.044463 0.002526 -0.013057 -0.029992 -0.302224 0.952675
1783948418.492746115 0.026290 -0.044443 0.002523 -0.013086 -0.030017 -0.302215 0.952677
1783948418.502825737 0.026263 -0.044421 0.002510 -0.013116 -0.030026 -0.302218 0.952676
1783948418.512749434 0.026263 -0.044409 0.002511 -0.013109 -0.030009 -0.302240 0.952669
1783948418.522713661 0.026286 -0.044404 0.002525 -0.013061 -0.029970 -0.302269 0.952662
1783948418.532857656 0.026318 -0.044404 0.002552 -0.013003 -0.029921 -0.302294 0.952656
1783948418.542860270 0.026345 -0.044404 0.002591 -0.012946 -0.029885 -0.302306 0.952655
1783948418.552747250 0.026357 -0.044394 0.002642 -0.012929 -0.029869 -0.302300 0.952657
1783948418.562891483 0.026352 -0.044367 0.002704 -0.012955 -0.029890 -0.302276 0.952664
1783948418.564955950 0.026353 -0.044355 0.002726 -0.012965 -0.029899 -0.302269 0.952665
1783948418.564955950 0.026353 -0.044355 0.002726 -0.012965 -0.029899 -0.302269 0.952665
1783948418.572750092 0.026303 -0.044351 0.002696 -0.013005 -0.029934 -0.302245 0.952671
1783948418.582770824 0.026238 -0.044334 0.002657 -0.013067 -0.029981 -0.302225 0.952675
1783948418.592796564 0.026188 -0.044308 0.002631 -0.013111 -0.030023 -0.302213 0.952677
1783948418.602720499 0.026163 -0.044284 0.002619 -0.013129 -0.030038 -0.302214 0.952676
1783948418.612689734 0.026167 -0.044268 0.002619 -0.013118 -0.030016 -0.302229 0.952672
1783948418.622762918 0.026193 -0.044263 0.002631 -0.013076 -0.029970 -0.302256 0.952666
1783948418.632837296 0.026228 -0.044264 0.002655 -0.013020 -0.029914 -0.302284 0.952659
1783948418.642783642 0.026256 -0.044264 0.002692 -0.012964 -0.029881 -0.302299 0.952657
1783948418.652783632 0.026270 -0.044256 0.002743 -0.012945 -0.029867 -0.302292 0.952660
1783948418.662782192 0.026267 -0.044231 0.002806 -0.012961 -0.029883 -0.302264 0.952668
1783948418.665822983 0.026268 -0.044214 0.002838 -0.012974 -0.029896 -0.302253 0.952671
1783948418.665822983 0.026268 -0.044214 0.002838 -0.012974 -0.029896 -0.302253 0.952671
1783948418.672811270 0.026226 -0.044209 0.002815 -0.013004 -0.029928 -0.302230 0.952676
1783948418.682724714 0.026162 -0.044194 0.002778 -0.013053 -0.029982 -0.302216 0.952678
1783948418.692858934 0.026112 -0.044170 0.002750 -0.013097 -0.030028 -0.302215 0.952677
1783948418.702788591 0.026090 -0.044147 0.002736 -0.013118 -0.030047 -0.302218 0.952675
1783948418.712770224 0.026096 -0.044133 0.002734 -0.013102 -0.030028 -0.302239 0.952669
1783948418.722867727 0.026124 -0.044129 0.002746 -0.013046 -0.029976 -0.302271 0.952661
1783948418.732804298 0.026160 -0.044130 0.002771 -0.012987 -0.029931 -0.302312 0.952651
1783948418.742687702 0.026192 -0.044132 0.002809 -0.012930 -0.029886 -0.302320 0.952650
1783948418.752734661 0.026211 -0.044124 0.002859 -0.012906 -0.029877 -0.302315 0.952652
1783948418.762736797 0.026212 -0.044099 0.002921 -0.012927 -0.029902 -0.302291 0.952659
1783948418.766683102 0.026214 -0.044079 0.002961 -0.012944 -0.029919 -0.302278 0.952662
1783948418.766683102 0.026214 -0.044079 0.002961 -0.012944 -0.029919 -0.302278 0.952662
1783948418.774420023 0.026166 -0.044075 0.002937 -0.012978 -0.029956 -0.302254 0.952668
1783948418.782799006 0.026114 -0.044060 0.002916 -0.013033 -0.029997 -0.302233 0.952673
1783948418.792856932 0.026064 -0.044037 0.002895 -0.013081 -0.030041 -0.302225 0.952673
1783948418.802701950 0.026040 -0.044016 0.002887 -0.013104 -0.030055 -0.302231 0.952671
1783948418.812816143 0.026041 -0.044005 0.002890 -0.013093 -0.030041 -0.302251 0.952665
1783948418.822789907 0.026066 -0.044004 0.002907 -0.013043 -0.030001 -0.302275 0.952659
1783948418.832803249 0.026099 -0.044008 0.002936 -0.012988 -0.029945 -0.302306 0.952652
1783948418.842711926 0.026126 -0.044014 0.002978 -0.012935 -0.029904 -0.302317 0.952650
1783948418.853079319 0.026138 -0.044009 0.003033 -0.012903 -0.029896 -0.302308 0.952654
1783948418.862795353 0.026134 -0.043986 0.003098 -0.012932 -0.029916 -0.302280 0.952662
1783948418.867545605 0.026134 -0.043963 0.003146 -0.012953 -0.029932 -0.302266 0.952665
1783948418.867545605 0.026134 -0.043963 0.003146 -0.012953 -0.029932 -0.302266 0.952665
1783948418.872733831 0.026104 -0.043959 0.003138 -0.012974 -0.029950 -0.302252 0.952669
1783948418.882805824 0.026043 -0.043946 0.003098 -0.013026 -0.030002 -0.302226 0.952675
1783948418.892729998 0.025998 -0.043925 0.003071 -0.013056 -0.030046 -0.302221 0.952675
1783948418.902701378 0.025979 -0.043905 0.003056 -0.013065 -0.030063 -0.302223 0.952674
1783948418.912722111 0.025987 -0.043895 0.003052 -0.013054 -0.030048 -0.302237 0.952670
1783948418.922824144 0.026018 -0.043894 0.003059 -0.012999 -0.030010 -0.302262 0.952664
1783948418.935405970 0.026064 -0.043906 0.003062 -0.012923 -0.029958 -0.302296 0.952656
1783948418.942767859 0.026093 -0.043908 0.003099 -0.012873 -0.029933 -0.302302 0.952655
1783948418.952833176 0.026115 -0.043905 0.003142 -0.012842 -0.029922 -0.302291 0.952659
1783948418.962796926 0.026120 -0.043885 0.003197 -0.012858 -0.029942 -0.302263 0.952668
1783948418.968650818 0.026121 -0.043860 0.003250 -0.012883 -0.029967 -0.302248 0.952671
1783948418.968650818 0.026121 -0.043860 0.003250 -0.012883 -0.029967 -0.302248 0.952671
1783948418.972707510 0.026101 -0.043856 0.003242 -0.012902 -0.029982 -0.302238 0.952674
1783948418.982790470 0.026038 -0.043850 0.003202 -0.012964 -0.030039 -0.302226 0.952675
1783948418.992739439 0.025991 -0.043836 0.003175 -0.013013 -0.030074 -0.302217 0.952676
1783948419.002732754 0.025970 -0.043822 0.003159 -0.013033 -0.030083 -0.302219 0.952675
1783948419.012711287 0.025978 -0.043818 0.003156 -0.013020 -0.030066 -0.302232 0.952671
1783948419.022741318 0.026010 -0.043822 0.003166 -0.012967 -0.030022 -0.302251 0.952667
1783948419.032764912 0.026050 -0.043832 0.003188 -0.012907 -0.029961 -0.302269 0.952664
1783948419.042847872 0.026084 -0.043842 0.003222 -0.012855 -0.029928 -0.302282 0.952662
1783948419.052773952 0.026105 -0.043842 0.003267 -0.012828 -0.029918 -0.302272 0.952666
1783948419.063220978 0.026107 -0.043825 0.003325 -0.012853 -0.029943 -0.302247 0.952672
1783948419.069280863 0.026108 -0.043798 0.003377 -0.012884 -0.029969 -0.302229 0.952677
1783948419.069280863 0.026108 -0.043798 0.003377 -0.012884 -0.029969 -0.302229 0.952677
1783948419.072764397 0.026092 -0.043795 0.003369 -0.012902 -0.029983 -0.302219 0.952680
1783948419.082737923 0.026034 -0.043787 0.003319 -0.012961 -0.030031 -0.302204 0.952682
1783948419.092759371 0.025992 -0.043772 0.003281 -0.013011 -0.030077 -0.302194 0.952683
1783948419.102719069 0.025976 -0.043758 0.003256 -0.013035 -0.030095 -0.302195 0.952682
1783948419.112805128 0.025988 -0.043754 0.003242 -0.013021 -0.030075 -0.302211 0.952678
1783948419.125422001 0.026025 -0.043766 0.003225 -0.012958 -0.030028 -0.302245 0.952669
1783948419.132745028 0.026064 -0.043768 0.003245 -0.012916 -0.029991 -0.302266 0.952664
1783948419.142829657 0.026107 -0.043778 0.003268 -0.012870 -0.029949 -0.302284 0.952660
1783948419.152773142 0.026134 -0.043777 0.003303 -0.012841 -0.029939 -0.302279 0.952663
1783948419.162740231 0.026143 -0.043759 0.003351 -0.012864 -0.029960 -0.302251 0.952671
1783948419.170137882 0.026148 -0.043727 0.003405 -0.012895 -0.029992 -0.302227 0.952677
1783948419.170137882 0.026148 -0.043727 0.003405 -0.012895 -0.029992 -0.302227 0.952677
1783948419.172766447 0.026137 -0.043723 0.003400 -0.012905 -0.030003 -0.302217 0.952679
1783948419.182765961 0.026082 -0.043714 0.003355 -0.012965 -0.030053 -0.302198 0.952683
1783948419.192873955 0.026041 -0.043699 0.003320 -0.013012 -0.030097 -0.302197 0.952682
1783948419.202824354 0.026026 -0.043684 0.003298 -0.013036 -0.030116 -0.302208 0.952677
1783948419.212744236 0.026038 -0.043678 0.003290 -0.013024 -0.030102 -0.302221 0.952673
1783948419.222806454 0.026072 -0.043682 0.003294 -0.012976 -0.030065 -0.302252 0.952665
1783948419.232768297 0.026115 -0.043690 0.003309 -0.012915 -0.030009 -0.302278 0.952660
1783948419.242748022 0.026151 -0.043700 0.003336 -0.012859 -0.029970 -0.302298 0.952655
1783948419.252716303 0.026173 -0.043701 0.003376 -0.012839 -0.029962 -0.302283 0.952661
1783948419.262813807 0.026178 -0.043684 0.003428 -0.012865 -0.029983 -0.302264 0.952666
1783948419.271001816 0.026178 -0.043650 0.003485 -0.012898 -0.030025 -0.302240 0.952672
1783948419.271001816 0.026178 -0.043650 0.003485 -0.012898 -0.030025 -0.302240 0.952672
1783948419.272708416 0.026170 -0.043648 0.003483 -0.012905 -0.030033 -0.302234 0.952673
1783948419.282717466 0.026110 -0.043643 0.003436 -0.012967 -0.030076 -0.302212 0.952678
1783948419.292781830 0.026065 -0.043631 0.003400 -0.013010 -0.030114 -0.302206 0.952678
1783948419.302807570 0.026046 -0.043620 0.003377 -0.013047 -0.030124 -0.302212 0.952675
1783948419.312816858 0.026056 -0.043619 0.003368 -0.013039 -0.030111 -0.302221 0.952673
1783948419.322725534 0.026088 -0.043627 0.003371 -0.012994 -0.030077 -0.302254 0.952664
1783948419.332778215 0.026129 -0.043640 0.003386 -0.012944 -0.030035 -0.302280 0.952658
1783948419.342788219 0.026164 -0.043653 0.003415 -0.012888 -0.030002 -0.302287 0.952657
1783948419.352724552 0.026184 -0.043655 0.003457 -0.012867 -0.029996 -0.302277 0.952661
1783948419.362792253 0.026187 -0.043640 0.003511 -0.012887 -0.030013 -0.302250 0.952669
1783948419.371866226 0.026184 -0.043605 0.003574 -0.012934 -0.030054 -0.302223 0.952676
1783948419.371866226 0.026184 -0.043605 0.003574 -0.012934 -0.030054 -0.302223 0.952676
1783948419.372719049 0.026180 -0.043603 0.003572 -0.012938 -0.030058 -0.302220 0.952676
1783948419.383421898 0.026119 -0.043595 0.003515 -0.013002 -0.030113 -0.302205 0.952679
1783948419.392763376 0.026083 -0.043578 0.003483 -0.013041 -0.030154 -0.302200 0.952678
1783948419.402788877 0.026069 -0.043562 0.003458 -0.013061 -0.030173 -0.302205 0.952676
1783948419.412742853 0.026081 -0.043555 0.003445 -0.013048 -0.030166 -0.302213 0.952674
1783948419.422786713 0.026114 -0.043558 0.003444 -0.013003 -0.030133 -0.302233 0.952669
1783948419.432724476 0.026156 -0.043567 0.003456 -0.012948 -0.030075 -0.302266 0.952661
1783948419.445488214 0.026192 -0.043585 0.003472 -0.012884 -0.030032 -0.302279 0.952659
1783948419.452730894 0.026211 -0.043581 0.003509 -0.012871 -0.030021 -0.302275 0.952661
1783948419.462820053 0.026217 -0.043566 0.003558 -0.012894 -0.030048 -0.302250 0.952668
1783948419.472725391 0.026214 -0.043528 0.003618 -0.012946 -0.030095 -0.302230 0.952672
1783948419.472763062 0.026214 -0.043528 0.003618 -0.012946 -0.030095 -0.302230 0.952672
1783948419.472763062 0.026214 -0.043528 0.003618 -0.012946 -0.030095 -0.302230 0.952672
1783948419.482766151 0.026154 -0.043525 0.003569 -0.013012 -0.030143 -0.302216 0.952674
1783948419.492820024 0.026108 -0.043515 0.003531 -0.013063 -0.030190 -0.302212 0.952673
1783948419.502811432 0.026090 -0.043506 0.003506 -0.013088 -0.030202 -0.302218 0.952670
1783948419.512735128 0.026100 -0.043505 0.003494 -0.013086 -0.030182 -0.302239 0.952664
1783948419.522794724 0.026133 -0.043514 0.003492 -0.013037 -0.030146 -0.302267 0.952657
1783948419.532726049 0.026174 -0.043528 0.003502 -0.012975 -0.030089 -0.302295 0.952651
1783948419.542735100 0.026210 -0.043541 0.003523 -0.012928 -0.030050 -0.302308 0.952649
1783948419.552801847 0.026230 -0.043545 0.003556 -0.012902 -0.030048 -0.302295 0.952653
1783948419.562799692 0.026231 -0.043531 0.003603 -0.012929 -0.030063 -0.302273 0.952659
1783948419.573868990 0.026219 -0.043492 0.003663 -0.012984 -0.030116 -0.302238 0.952668
1783948419.573868990 0.026219 -0.043492 0.003663 -0.012984 -0.030116 -0.302238 0.952668
1783948419.574417591 0.026216 -0.043491 0.003662 -0.012987 -0.030118 -0.302236 0.952669
1783948419.582774401 0.026167 -0.043480 0.003624 -0.013032 -0.030161 -0.302225 0.952670
1783948419.592773676 0.026120 -0.043463 0.003581 -0.013083 -0.030202 -0.302216 0.952671
1783948419.604405642 0.026096 -0.043448 0.003535 -0.013108 -0.030215 -0.302231 0.952666
1783948419.612765074 0.026108 -0.043439 0.003527 -0.013098 -0.030196 -0.302243 0.952662
1783948419.622830153 0.026139 -0.043440 0.003519 -0.013058 -0.030138 -0.302275 0.952655
1783948419.632797003 0.026177 -0.043447 0.003525 -0.012990 -0.030079 -0.302298 0.952650
1783948419.642738819 0.026209 -0.043454 0.003543 -0.012937 -0.030040 -0.302309 0.952649
1783948419.652839661 0.026227 -0.043450 0.003573 -0.012914 -0.030024 -0.302299 0.952653
1783948419.662809610 0.026227 -0.043429 0.003615 -0.012930 -0.030051 -0.302274 0.952659
1783948419.672804117 0.026220 -0.043385 0.003669 -0.012981 -0.030099 -0.302250 0.952665
1783948419.674510479 0.026222 -0.043373 0.003687 -0.012989 -0.030106 -0.302245 0.952666
1783948419.674510479 0.026222 -0.043373 0.003687 -0.012989 -0.030106 -0.302245 0.952666
1783948419.682802677 0.026178 -0.043360 0.003645 -0.013030 -0.030144 -0.302227 0.952670
1783948419.692801237 0.026135 -0.043342 0.003597 -0.013082 -0.030179 -0.302224 0.952669
1783948419.703373671 0.026117 -0.043325 0.003557 -0.013099 -0.030193 -0.302224 0.952669
1783948419.712790489 0.026129 -0.043318 0.003539 -0.013090 -0.030181 -0.302235 0.952666
1783948419.722801685 0.026160 -0.043320 0.003529 -0.013037 -0.030129 -0.302267 0.952658
1783948419.733697176 0.026201 -0.043331 0.003528 -0.012972 -0.030079 -0.302297 0.952651
1783948419.742773533 0.026235 -0.043338 0.003547 -0.012922 -0.030039 -0.302309 0.952649
1783948419.752821445 0.026254 -0.043338 0.003574 -0.012906 -0.030020 -0.302298 0.952653
1783948419.762747765 0.026256 -0.043321 0.003614 -0.012923 -0.030035 -0.302280 0.952658
1783948419.772838354 0.026249 -0.043282 0.003665 -0.012968 -0.030084 -0.302249 0.952666
1783948419.775321245 0.026251 -0.043265 0.003689 -0.012983 -0.030097 -0.302245 0.952667
1783948419.775321245 0.026251 -0.043265 0.003689 -0.012983 -0.030097 -0.302245 0.952667
1783948419.782772541 0.026210 -0.043255 0.003653 -0.013027 -0.030138 -0.302236 0.952668
1783948419.792778492 0.026163 -0.043240 0.003604 -0.013070 -0.030181 -0.302228 0.952668
1783948419.802747965 0.026142 -0.043226 0.003568 -0.013092 -0.030202 -0.302231 0.952666
1783948419.812807560 0.026150 -0.043221 0.003544 -0.013082 -0.030187 -0.302252 0.952660
1783948419.822774887 0.026180 -0.043225 0.003534 -0.013035 -0.030141 -0.302279 0.952654
1783948419.832756996 0.026219 -0.043234 0.003538 -0.012975 -0.030081 -0.302312 0.952646
1783948419.842766762 0.026252 -0.043245 0.003554 -0.012913 -0.030034 -0.302327 0.952644
1783948419.853099108 0.026268 -0.043246 0.003581 -0.012894 -0.030024 -0.302324 0.952645
1783948419.862756729 0.026268 -0.043230 0.003623 -0.012926 -0.030039 -0.302300 0.952652
1783948419.872841835 0.026258 -0.043190 0.003676 -0.012978 -0.030088 -0.302272 0.952658
1783948419.876191854 0.026260 -0.043168 0.003707 -0.012996 -0.030102 -0.302262 0.952661
1783948419.876191854 0.026260 -0.043168 0.003707 -0.012996 -0.030102 -0.302262 0.952661
1783948419.882846355 0.026225 -0.043157 0.003678 -0.013033 -0.030131 -0.302243 0.952665
1783948419.893928289 0.026174 -0.043142 0.003614 -0.013081 -0.030173 -0.302246 0.952663
1783948419.902781487 0.026161 -0.043125 0.003583 -0.013094 -0.030189 -0.302248 0.952661
1783948419.912843227 0.026170 -0.043116 0.003553 -0.013081 -0.030168 -0.302269 0.952655
1783948419.924427032 0.026203 -0.043122 0.003525 -0.013027 -0.030123 -0.302306 0.952646
1783948419.932813644 0.026241 -0.043125 0.003531 -0.012978 -0.030078 -0.302322 0.952643
1783948419.942779541 0.026277 -0.043132 0.003540 -0.012923 -0.030037 -0.302338 0.952640
1783948419.952789307 0.026298 -0.043129 0.003561 -0.012903 -0.030024 -0.302331 0.952643
1783948419.962815523 0.026301 -0.043108 0.003594 -0.012925 -0.030044 -0.302309 0.952649
1783948419.972878218 0.026294 -0.043065 0.003639 -0.012971 -0.030080 -0.302287 0.952654
1783948419.977051497 0.026298 -0.043036 0.003674 -0.012995 -0.030102 -0.302275 0.952657
1783948419.977051497 0.026298 -0.043036 0.003674 -0.012995 -0.030102 -0.302275 0.952657
1783948419.982816935 0.026260 -0.043032 0.003660 -0.013029 -0.030132 -0.302260 0.952660
1783948419.992786884 0.026190 -0.043036 0.003633 -0.013085 -0.030173 -0.302252 0.952661
1783948420.002788067 0.026146 -0.043042 0.003619 -0.013120 -0.030174 -0.302252 0.952660
1783948420.012785912 0.026130 -0.043057 0.003617 -0.013115 -0.030148 -0.302275 0.952654
1783948420.022753716 0.026136 -0.043081 0.003627 -0.013073 -0.030104 -0.302296 0.952649
1783948420.032819271 0.026150 -0.043111 0.003651 -0.013020 -0.030045 -0.302326 0.952642
1783948420.042817831 0.026158 -0.043141 0.003687 -0.012973 -0.030008 -0.302340 0.952639
1783948420.052762032 0.026151 -0.043159 0.003735 -0.012954 -0.029989 -0.302332 0.952643
1783948420.062852383 0.026126 -0.043161 0.003795 -0.012981 -0.030007 -0.302311 0.952649
1783948420.072793722 0.026093 -0.043139 0.003866 -0.013036 -0.030051 -0.302288 0.952654
1783948420.077938318 0.026086 -0.043110 0.003915 -0.013068 -0.030078 -0.302274 0.952657
1783948420.077938318 0.026086 -0.043110 0.003915 -0.013068 -0.030078 -0.302274 0.952657
1783948420.082825184 0.026063 -0.043097 0.003900 -0.013097 -0.030105 -0.302260 0.952660
1783948420.092816591 0.026017 -0.043077 0.003848 -0.013139 -0.030143 -0.302248 0.952662
1783948420.102871895 0.025996 -0.043058 0.003809 -0.013150 -0.030156 -0.302255 0.952659
1783948420.112857342 0.026003 -0.043050 0.003783 -0.013137 -0.030137 -0.302268 0.952656
1783948420.122757196 0.026033 -0.043050 0.003770 -0.013091 -0.030092 -0.302295 0.952649
1783948420.132792473 0.026072 -0.043056 0.003769 -0.013032 -0.030045 -0.302322 0.952643
1783948420.142788172 0.026104 -0.043062 0.003780 -0.012979 -0.030008 -0.302334 0.952641
1783948420.153432131 0.026120 -0.043059 0.003803 -0.012962 -0.029995 -0.302329 0.952643
1783948420.162794828 0.026122 -0.043038 0.003840 -0.012980 -0.030011 -0.302302 0.952651
1783948420.172836542 0.026113 -0.042995 0.003888 -0.013026 -0.030057 -0.302277 0.952657
1783948420.178786039 0.026114 -0.042956 0.003936 -0.013061 -0.030087 -0.302264 0.952660
1783948420.178786039 0.026114 -0.042956 0.003936 -0.013061 -0.030087 -0.302264 0.952660
1783948420.182772398 0.026095 -0.042945 0.003926 -0.013085 -0.030107 -0.302255 0.952662
1783948420.192762375 0.026047 -0.042927 0.003884 -0.013130 -0.030160 -0.302247 0.952662
1783948420.202835560 0.026025 -0.042910 0.003852 -0.013148 -0.030174 -0.302252 0.952660
1783948420.212781191 0.026032 -0.042903 0.003834 -0.013140 -0.030160 -0.302277 0.952652
1783948420.222802639 0.026061 -0.042905 0.003826 -0.013079 -0.030123 -0.302301 0.952647
1783948420.232802629 0.026097 -0.042910 0.003831 -0.013013 -0.030086 -0.302336 0.952638
1783948420.245408297 0.026125 -0.042921 0.003841 -0.012943 -0.030049 -0.302356 0.952633
1783948420.252769470 0.026140 -0.042913 0.003875 -0.012921 -0.030037 -0.302348 0.952636
1783948420.262791634 0.026138 -0.042893 0.003919 -0.012936 -0.030055 -0.302323 0.952644
1783948420.272852659 0.026128 -0.042851 0.003976 -0.012982 -0.030100 -0.302294 0.952651
1783948420.279957294 0.026126 -0.042806 0.004033 -0.013024 -0.030130 -0.302280 0.952654
1783948420.279957294 0.026126 -0.042806 0.004033 -0.013024 -0.030130 -0.302280 0.952654
1783948420.282834291 0.026110 -0.042801 0.004025 -0.013041 -0.030140 -0.302273 0.952655
1783948420.292829752 0.026035 -0.042811 0.003964 -0.013094 -0.030184 -0.302264 0.952656
1783948420.302799225 0.025985 -0.042821 0.003915 -0.013113 -0.030194 -0.302270 0.952654
1783948420.312830210 0.025963 -0.042841 0.003879 -0.013103 -0.030177 -0.302289 0.952649
1783948420.322831631 0.025963 -0.042870 0.003857 -0.013060 -0.030134 -0.302322 0.952640
1783948420.332778215 0.025972 -0.042904 0.003848 -0.013003 -0.030073 -0.302343 0.952636
1783948420.343413830 0.025971 -0.042944 0.003848 -0.012947 -0.030022 -0.302363 0.952632
1783948420.352806091 0.025962 -0.042965 0.003866 -0.012932 -0.030018 -0.302357 0.952634
1783948420.362837076 0.025935 -0.042972 0.003892 -0.012960 -0.030036 -0.302340 0.952638
1783948420.372836590 0.025898 -0.042955 0.003930 -0.013008 -0.030081 -0.302318 0.952643
1783948420.380543232 0.025880 -0.042922 0.003978 -0.013052 -0.030117 -0.302304 0.952646
1783948420.380543232 0.025880 -0.042922 0.003978 -0.013052 -0.030117 -0.302304 0.952646
1783948420.382837534 0.025869 -0.042916 0.003975 -0.013065 -0.030127 -0.302298 0.952648
1783948420.392802715 0.025818 -0.042904 0.003931 -0.013107 -0.030172 -0.302296 0.952646
1783948420.402813196 0.025793 -0.042893 0.003898 -0.013122 -0.030183 -0.302298 0.952645
1783948420.412779808 0.025797 -0.042894 0.003877 -0.013115 -0.030160 -0.302311 0.952642
1783948420.422836065 0.025822 -0.042903 0.003867 -0.013063 -0.030112 -0.302339 0.952635
1783948420.432807207 0.025856 -0.042917 0.003870 -0.012996 -0.030061 -0.302363 0.952630
1783948420.442800045 0.025884 -0.042930 0.003885 -0.012937 -0.030015 -0.302375 0.952628
1783948420.452807665 0.025897 -0.042932 0.003912 -0.012911 -0.030003 -0.302367 0.952632
1783948420.462776184 0.025892 -0.042917 0.003950 -0.012929 -0.030030 -0.302344 0.952638
1783948420.472799778 0.025877 -0.042881 0.004000 -0.012973 -0.030083 -0.302314 0.952645
1783948420.481375694 0.025869 -0.042834 0.004059 -0.013029 -0.030127 -0.302300 0.952648
1783948420.481375694 0.025869 -0.042834 0.004059 -0.013029 -0.030127 -0.302300 0.952648
1783948420.482790232 0.025862 -0.042830 0.004057 -0.013038 -0.030133 -0.302297 0.952648
1783948420.492779732 0.025810 -0.042819 0.004010 -0.013081 -0.030172 -0.302292 0.952648
1783948420.502958298 0.025783 -0.042808 0.003974 -0.013102 -0.030184 -0.302296 0.952646
1783948420.512833834 0.025785 -0.042807 0.003952 -0.013091 -0.030165 -0.302306 0.952643
1783948420.522850513 0.025808 -0.042814 0.003941 -0.013038 -0.030125 -0.302337 0.952636
1783948420.532790899 0.025839 -0.042827 0.003944 -0.012982 -0.030073 -0.302365 0.952629
1783948420.542834282 0.025866 -0.042838 0.003959 -0.012931 -0.030027 -0.302375 0.952628
1783948420.552843094 0.025878 -0.042839 0.003987 -0.012908 -0.030014 -0.302363 0.952633
1783948420.562783003 0.025873 -0.042821 0.004028 -0.012930 -0.030025 -0.302341 0.952639
1783948420.572906256 0.025858 -0.042781 0.004080 -0.012972 -0.030074 -0.302311 0.952647
1783948420.582237005 0.025848 -0.042725 0.004142 -0.013030 -0.030119 -0.302294 0.952650
1783948420.582237005 0.025848 -0.042725 0.004142 -0.013030 -0.030119 -0.302294 0.952650
1783948420.582783222 0.025846 -0.042724 0.004142 -0.013033 -0.030122 -0.302293 0.952650
1783948420.592776537 0.025797 -0.042707 0.004087 -0.013068 -0.030159 -0.302288 0.952650
1783948420.602822542 0.025775 -0.042692 0.004045 -0.013073 -0.030183 -0.302285 0.952650
1783948420.612818718 0.025782 -0.042685 0.004017 -0.013051 -0.030166 -0.302302 0.952645
1783948420.622795105 0.025811 -0.042686 0.004001 -0.012989 -0.030136 -0.302319 0.952642
1783948420.632784605 0.025848 -0.042692 0.003998 -0.012924 -0.030082 -0.302348 0.952635
1783948420.642798901 0.025880 -0.042699 0.004007 -0.012861 -0.030041 -0.302358 0.952634
1783948420.652793169 0.025898 -0.042696 0.004028 -0.012827 -0.030028 -0.302352 0.952637
1783948420.662853718 0.025899 -0.042675 0.004061 -0.012840 -0.030047 -0.302331 0.952643
1783948420.672979593 0.025890 -0.042631 0.004105 -0.012882 -0.030096 -0.302308 0.952648
1783948420.682786703 0.025884 -0.042571 0.004160 -0.012926 -0.030154 -0.302287 0.952652
1783948420.683105230 0.025884 -0.042568 0.004164 -0.012928 -0.030155 -0.302287 0.952652
1783948420.683105230 0.025884 -0.042568 0.004164 -0.012928 -0.030155 -0.302287 0.952652
1783948420.695374012 0.025819 -0.042556 0.004077 -0.012974 -0.030219 -0.302284 0.952650
1783948420.702856779 0.025806 -0.042542 0.004051 -0.012988 -0.030229 -0.302293 0.952647
1783948420.712854385 0.025806 -0.042536 0.004015 -0.012984 -0.030211 -0.302301 0.952645
1783948420.722801685 0.025830 -0.042540 0.003993 -0.012935 -0.030166 -0.302329 0.952638
1783948420.732831717 0.025862 -0.042547 0.003984 -0.012869 -0.030104 -0.302358 0.952632
1783948420.742855072 0.025887 -0.042553 0.003987 -0.012815 -0.030058 -0.302374 0.952629
1783948420.752799034 0.025897 -0.042549 0.004002 -0.012791 -0.030044 -0.302364 0.952633
1783948420.762804031 0.025890 -0.042529 0.004028 -0.012815 -0.030065 -0.302345 0.952638
1783948420.772920847 0.025872 -0.042487 0.004066 -0.012856 -0.030104 -0.302312 0.952647
1783948420.782821655 0.025857 -0.042428 0.004116 -0.012908 -0.030163 -0.302293 0.952650
1783948420.783968687 0.025858 -0.042419 0.004127 -0.012913 -0.030167 -0.302291 0.952651
1783948420.783968687 0.025858 -0.042419 0.004127 -0.012913 -0.030167 -0.302291 0.952651
1783948420.792795658 0.025814 -0.042402 0.004084 -0.012951 -0.030207 -0.302283 0.952651
1783948420.802831888 0.025786 -0.042387 0.004040 -0.012970 -0.030224 -0.302288 0.952649
1783948420.812835455 0.025786 -0.042380 0.004009 -0.012953 -0.030206 -0.302300 0.952646
1783948420.823140860 0.025806 -0.042383 0.003988 -0.012903 -0.030160 -0.302325 0.952640
1783948420.832861900 0.025835 -0.042389 0.003984 -0.012842 -0.030113 -0.302348 0.952635
1783948420.842799664 0.025860 -0.042395 0.003992 -0.012794 -0.030068 -0.302365 0.952632
1783948420.853076935 0.025869 -0.042391 0.004011 -0.012763 -0.030059 -0.302356 0.952635
1783948420.862864733 0.025862 -0.042368 0.004042 -0.012780 -0.030085 -0.302335 0.952641
1783948420.872824907 0.025844 -0.042323 0.004083 -0.012822 -0.030134 -0.302302 0.952650
1783948420.882895470 0.025828 -0.042261 0.004136 -0.012876 -0.030185 -0.302281 0.952654
1783948420.884860277 0.025830 -0.042244 0.004155 -0.012885 -0.030191 -0.302277 0.952655
1783948420.884860277 0.025830 -0.042244 0.004155 -0.012885 -0.030191 -0.302277 0.952655
1783948420.892879963 0.025791 -0.042227 0.004116 -0.012925 -0.030216 -0.302264 0.952657
1783948420.902826548 0.025761 -0.042212 0.004070 -0.012939 -0.030229 -0.302265 0.952657
1783948420.912841558 0.025758 -0.042206 0.004035 -0.012926 -0.030209 -0.302281 0.952652
1783948420.922834873 0.025776 -0.042210 0.004013 -0.012869 -0.030166 -0.302299 0.952649
1783948420.932860374 0.025804 -0.042219 0.004004 -0.012807 -0.030117 -0.302335 0.952640
1783948420.942866325 0.025826 -0.042228 0.004007 -0.012753 -0.030082 -0.302345 0.952638
1783948420.952950478 0.025833 -0.042227 0.004023 -0.012730 -0.030073 -0.302335 0.952642
1783948420.962873220 0.025823 -0.042209 0.004050 -0.012747 -0.030090 -0.302306 0.952651
1783948420.972860575 0.025803 -0.042168 0.004090 -0.012793 -0.030135 -0.302274 0.952659
1783948420.982800245 0.025786 -0.042110 0.004142 -0.012853 -0.030186 -0.302252 0.952663
1783948420.985692739 0.025788 -0.042088 0.004169 -0.012867 -0.030195 -0.302246 0.952665
1783948420.985692739 0.025788 -0.042088 0.004169 -0.012867 -0.030195 -0.302246 0.952665
1783948420.992886305 0.025752 -0.042076 0.004136 -0.012898 -0.030223 -0.302236 0.952667
1783948421.002857208 0.025721 -0.042066 0.004080 -0.012909 -0.030240 -0.302239 0.952665
1783948421.013244390 0.025717 -0.042066 0.004030 -0.012889 -0.030217 -0.302256 0.952661
1783948421.022861242 0.025736 -0.042074 0.003999 -0.012835 -0.030174 -0.302283 0.952654
1783948421.032871246 0.025764 -0.042087 0.003977 -0.012760 -0.030124 -0.302313 0.952647
1783948421.045060158 0.025784 -0.042105 0.003947 -0.012673 -0.030081 -0.302337 0.952642
1783948421.052812099 0.025791 -0.042105 0.003962 -0.012656 -0.030071 -0.302330 0.952645
1783948421.062804937 0.025780 -0.042094 0.003976 -0.012675 -0.030092 -0.302310 0.952650
1783948421.072821856 0.025759 -0.042062 0.004001 -0.012720 -0.030141 -0.302283 0.952657
1783948421.082880735 0.025741 -0.042013 0.004040 -0.012777 -0.030194 -0.302271 0.952658
1783948421.086559534 0.025742 -0.041990 0.004073 -0.012791 -0.030207 -0.302269 0.952658
1783948421.086559534 0.025742 -0.041990 0.004073 -0.012791 -0.030207 -0.302269 0.952658
1783948421.092869520 0.025714 -0.041983 0.004042 -0.012817 -0.030228 -0.302267 0.952658
1783948421.102886438 0.025682 -0.041982 0.003983 -0.012836 -0.030241 -0.302269 0.952656
1783948421.112869024 0.025676 -0.041991 0.003937 -0.012824 -0.030219 -0.302294 0.952649
1783948421.122842312 0.025692 -0.042009 0.003903 -0.012776 -0.030183 -0.302318 0.952643
1783948421.132874966 0.025714 -0.042032 0.003882 -0.012715 -0.030123 -0.302341 0.952639
1783948421.142817020 0.025731 -0.042055 0.003874 -0.012663 -0.030081 -0.302355 0.952637
1783948421.152870417 0.025732 -0.042068 0.003876 -0.012640 -0.030065 -0.302341 0.952642
1783948421.162845612 0.025714 -0.042064 0.003889 -0.012666 -0.030081 -0.302313 0.952650
1783948421.173216581 0.025685 -0.042038 0.003914 -0.012718 -0.030128 -0.302287 0.952656
1783948421.182893038 0.025660 -0.041996 0.003953 -0.012770 -0.030178 -0.302274 0.952658
1783948421.187456131 0.025658 -0.041969 0.003988 -0.012794 -0.030195 -0.302266 0.952659
1783948421.187456131 0.025658 -0.041969 0.003988 -0.012794 -0.030195 -0.302266 0.952659
1783948421.192913771 0.025629 -0.041965 0.003962 -0.012822 -0.030216 -0.302256 0.952661
1783948421.205345631 0.025572 -0.041977 0.003875 -0.012851 -0.030238 -0.302262 0.952659
1783948421.212907553 0.025568 -0.041983 0.003849 -0.012841 -0.030229 -0.302272 0.952656
1783948421.222914457 0.025575 -0.042004 0.003815 -0.012789 -0.030187 -0.302297 0.952650
1783948421.235984325 0.025584 -0.042049 0.003769 -0.012729 -0.030126 -0.302333 0.952641
1783948421.242814302 0.025597 -0.042064 0.003775 -0.012693 -0.030097 -0.302336 0.952641
1783948421.252852917 0.025596 -0.042085 0.003780 -0.012675 -0.030091 -0.302323 0.952646
1783948421.262834072 0.025577 -0.042089 0.003797 -0.012708 -0.030109 -0.302296 0.952654
1783948421.272818804 0.025550 -0.042069 0.003826 -0.012761 -0.030159 -0.302273 0.952659
1783948421.282910824 0.025526 -0.042033 0.003867 -0.012818 -0.030208 -0.302256 0.952662
1783948421.288289309 0.025525 -0.042004 0.003906 -0.012841 -0.030236 -0.302253 0.952662
1783948421.288289309 0.025525 -0.042004 0.003906 -0.012841 -0.030236 -0.302253 0.952662
1783948421.292872906 0.025506 -0.042001 0.003885 -0.012862 -0.030258 -0.302250 0.952661
1783948421.302820921 0.025473 -0.042010 0.003818 -0.012886 -0.030265 -0.302256 0.952659
1783948421.312908411 0.025467 -0.042030 0.003763 -0.012868 -0.030244 -0.302262 0.952658
1783948421.322893858 0.025483 -0.042057 0.003721 -0.012824 -0.030195 -0.302285 0.952653
1783948421.332849741 0.025507 -0.042089 0.003692 -0.012764 -0.030140 -0.302315 0.952646
1783948421.342817783 0.025523 -0.042121 0.003674 -0.012720 -0.030100 -0.302331 0.952643
1783948421.352846861 0.025525 -0.042144 0.003669 -0.012702 -0.030084 -0.302323 0.952646
1783948421.365408421 0.025496 -0.042156 0.003664 -0.012733 -0.030110 -0.302298 0.952653
1783948421.372859001 0.025479 -0.042139 0.003691 -0.012767 -0.030142 -0.302278 0.952658
1783948421.382916689 0.025454 -0.042108 0.003724 -0.012840 -0.030193 -0.302256 0.952662
1783948421.389150620 0.025451 -0.042080 0.003762 -0.012872 -0.030219 -0.302248 0.952663
1783948421.389150620 0.025451 -0.042080 0.003762 -0.012872 -0.030219 -0.302248 0.952663
1783948421.392922163 0.025433 -0.042080 0.003745 -0.012891 -0.030234 -0.302244 0.952664
1783948421.402871847 0.025392 -0.042096 0.003673 -0.012921 -0.030250 -0.302245 0.952662
1783948421.412898064 0.025378 -0.042123 0.003613 -0.012915 -0.030234 -0.302270 0.952655
1783948421.422858000 0.025386 -0.042159 0.003565 -0.012867 -0.030189 -0.302299 0.952648
1783948421.432830334 0.025402 -0.042202 0.003529 -0.012810 -0.030125 -0.302325 0.952643
1783948421.442869663 0.025410 -0.042246 0.003506 -0.012760 -0.030083 -0.302339 0.952640
1783948421.452869892 0.025404 -0.042278 0.003495 -0.012744 -0.030070 -0.302332 0.952643
1783948421.462909460 0.025379 -0.042292 0.003495 -0.012771 -0.030088 -0.302308 0.952650
1783948421.472870827 0.025345 -0.042283 0.003507 -0.012823 -0.030128 -0.302287 0.952654
1783948421.482865095 0.025314 -0.042255 0.003531 -0.012878 -0.030184 -0.302271 0.952657
1783948421.490042686 0.025305 -0.042226 0.003566 -0.012908 -0.030210 -0.302264 0.952658
1783948421.490042686 0.025305 -0.042226 0.003566 -0.012908 -0.030210 -0.302264 0.952658
1783948421.493379116 0.025288 -0.042225 0.003550 -0.012922 -0.030221 -0.302260 0.952659
1783948421.502844572 0.025242 -0.042239 0.003480 -0.012953 -0.030230 -0.302268 0.952655
1783948421.512865543 0.025220 -0.042264 0.003416 -0.012944 -0.030210 -0.302285 0.952651
1783948421.524506807 0.025216 -0.042307 0.003348 -0.012895 -0.030159 -0.302323 0.952641
1783948421.532858849 0.025228 -0.042338 0.003324 -0.012840 -0.030110 -0.302338 0.952639
1783948421.542893648 0.025232 -0.042380 0.003298 -0.012789 -0.030076 -0.302349 0.952637
1783948421.552894354 0.025220 -0.042412 0.003285 -0.012780 -0.030059 -0.302335 0.952642
1783948421.562825441 0.025190 -0.042427 0.003284 -0.012807 -0.030073 -0.302309 0.952649
1783948421.572871447 0.025151 -0.042418 0.003294 -0.012854 -0.030119 -0.302282 0.952656
1783948421.582892418 0.025116 -0.042391 0.003318 -0.012923 -0.030173 -0.302259 0.952661
1783948421.590898752 0.025103 -0.042360 0.003354 -0.012958 -0.030205 -0.302253 0.952661
1783948421.590898752 0.025103 -0.042360 0.003354 -0.012958 -0.030205 -0.302253 0.952661
1783948421.592871428 0.025094 -0.042359 0.003344 -0.012966 -0.030213 -0.302250 0.952662
1783948421.602926493 0.025049 -0.042373 0.003260 -0.012998 -0.030223 -0.302257 0.952659
1783948421.612897635 0.025032 -0.042398 0.003190 -0.012992 -0.030202 -0.302268 0.952656
1783948421.622877121 0.025037 -0.042433 0.003131 -0.012936 -0.030154 -0.302289 0.952652
1783948421.632934570 0.025051 -0.042475 0.003086 -0.012881 -0.030089 -0.302312 0.952647
1783948421.642895937 0.025059 -0.042518 0.003056 -0.012833 -0.030050 -0.302320 0.952646
1783948421.653001308 0.025051 -0.042552 0.003037 -0.012820 -0.030030 -0.302311 0.952650
1783948421.662871599 0.025027 -0.042569 0.003032 -0.012851 -0.030043 -0.302287 0.952657
1783948421.672889233 0.024994 -0.042563 0.003038 -0.012897 -0.030086 -0.302260 0.952663
1783948421.682841539 0.024965 -0.042539 0.003056 -0.012960 -0.030137 -0.302241 0.952667
1783948421.691743851 0.024954 -0.042508 0.003086 -0.013000 -0.030169 -0.302233 0.952668
1783948421.691743851 0.024954 -0.042508 0.003086 -0.013000 -0.030169 -0.302233 0.952668
1783948421.692835569 0.024950 -0.042508 0.003080 -0.013005 -0.030173 -0.302231 0.952668
1783948421.702928782 0.024908 -0.042529 0.002969 -0.013027 -0.030187 -0.302227 0.952669
1783948421.712937117 0.024895 -0.042558 0.002873 -0.013007 -0.030162 -0.302245 0.952664
1783948421.722836494 0.024902 -0.042597 0.002791 -0.012958 -0.030115 -0.302271 0.952658
1783948421.732834339 0.024916 -0.042645 0.002720 -0.012899 -0.030063 -0.302291 0.952654
1783948421.742938042 0.024923 -0.042695 0.002661 -0.012854 -0.030019 -0.302307 0.952651
1783948421.752843857 0.024914 -0.042733 0.002617 -0.012839 -0.030012 -0.302297 0.952655
1783948421.762867451 0.024888 -0.042755 0.002583 -0.012858 -0.030024 -0.302273 0.952662
1783948421.772905111 0.024851 -0.042752 0.002560 -0.012904 -0.030062 -0.302253 0.952666
1783948421.782887936 0.024818 -0.042731 0.002549 -0.012958 -0.030116 -0.302239 0.952668
1783948421.792668104 0.024800 -0.042700 0.002551 -0.013004 -0.030157 -0.302232 0.952668
1783948421.792668104 0.024800 -0.042700 0.002551 -0.013004 -0.030157 -0.302232 0.952668
1783948421.792903423 0.024798 -0.042701 0.002550 -0.013006 -0.030158 -0.302232 0.952668
1783948421.802913666 0.024745 -0.042725 0.002459 -0.013028 -0.030168 -0.302236 0.952666
1783948421.813065767 0.024719 -0.042761 0.002380 -0.013022 -0.030145 -0.302256 0.952661
1783948421.822922945 0.024715 -0.042804 0.002316 -0.012981 -0.030097 -0.302283 0.952655
1783948421.832869768 0.024720 -0.042857 0.002263 -0.012927 -0.030035 -0.302307 0.952650
1783948421.842850208 0.024718 -0.042911 0.002223 -0.012885 -0.029992 -0.302311 0.952650
1783948421.853134394 0.024700 -0.042958 0.002192 -0.012871 -0.029974 -0.302297 0.952656
1783948421.862875462 0.024667 -0.042985 0.002179 -0.012901 -0.029989 -0.302266 0.952664
1783948421.872848749 0.024623 -0.042990 0.002176 -0.012949 -0.030035 -0.302238 0.952671
1783948421.882884026 0.024582 -0.042975 0.002185 -0.013017 -0.030079 -0.302225 0.952673
1783948421.892851591 0.024558 -0.042951 0.002207 -0.013064 -0.030123 -0.302221 0.952672
1783948421.893470526 0.024558 -0.042948 0.002211 -0.013064 -0.030123 -0.302221 0.952672
1783948421.893470526 0.024558 -0.042948 0.002211 -0.013064 -0.030123 -0.302221 0.952672
1783948421.902910233 0.024521 -0.042973 0.002120 -0.013073 -0.030133 -0.302223 0.952671
1783948421.912844896 0.024507 -0.043007 0.002033 -0.013055 -0.030114 -0.302241 0.952666
1783948421.922907591 0.024516 -0.043051 0.001956 -0.013003 -0.030069 -0.302274 0.952658
1783948421.932899952 0.024532 -0.043101 0.001893 -0.012944 -0.030019 -0.302305 0.952651
1783948421.942849636 0.024541 -0.043153 0.001844 -0.012884 -0.029980 -0.302312 0.952650
1783948421.952910900 0.024534 -0.043196 0.001805 -0.012866 -0.029968 -0.302299 0.952655
1783948421.962920666 0.024509 -0.043222 0.001778 -0.012885 -0.029990 -0.302271 0.952663
1783948421.972886086 0.024476 -0.043224 0.001765 -0.012926 -0.030036 -0.302249 0.952668
1783948421.982947350 0.024446 -0.043208 0.001765 -0.012983 -0.030091 -0.302237 0.952669
1783948421.992940187 0.024432 -0.043184 0.001777 -0.013023 -0.030132 -0.302235 0.952668
1783948421.994343758 0.024433 -0.043179 0.001788 -0.013025 -0.030132 -0.302234 0.952668
1783948421.994343758 0.024433 -0.043179 0.001788 -0.013025 -0.030132 -0.302234 0.952668
1783948422.002919197 0.024398 -0.043202 0.001708 -0.013044 -0.030140 -0.302234 0.952668
1783948422.012934446 0.024378 -0.043240 0.001618 -0.013036 -0.030115 -0.302254 0.952662
1783948422.022915840 0.024381 -0.043287 0.001540 -0.012997 -0.030078 -0.302291 0.952653
1783948422.035370588 0.024385 -0.043360 0.001444 -0.012937 -0.030006 -0.302321 0.952646
1783948422.042942524 0.024392 -0.043399 0.001415 -0.012902 -0.029974 -0.302330 0.952645
1783948422.052892685 0.024382 -0.043447 0.001373 -0.012886 -0.029957 -0.302321 0.952648
1783948422.062870741 0.024354 -0.043478 0.001343 -0.012918 -0.029975 -0.302292 0.952656
1783948422.072873831 0.024316 -0.043486 0.001324 -0.012972 -0.030020 -0.302271 0.952661
1783948422.082863092 0.024281 -0.043477 0.001317 -0.013043 -0.030073 -0.302248 0.952666
1783948422.092926741 0.024261 -0.043460 0.001321 -0.013093 -0.030114 -0.302240 0.952666
1783948422.095223427 0.024264 -0.043452 0.001333 -0.013097 -0.030113 -0.302240 0.952666
1783948422.095223427 0.024264 -0.043452 0.001333 -0.013097 -0.030113 -0.302240 0.952666
1783948422.103332758 0.024230 -0.043477 0.001262 -0.013111 -0.030120 -0.302240 0.952666
1783948422.112885475 0.024210 -0.043517 0.001179 -0.013094 -0.030111 -0.302254 0.952662
1783948422.122865677 0.024211 -0.043568 0.001103 -0.013041 -0.030066 -0.302273 0.952658
1783948422.133424997 0.024220 -0.043628 0.001034 -0.012980 -0.030017 -0.302291 0.952654
1783948422.142869234 0.024225 -0.043682 0.000991 -0.012929 -0.029979 -0.302300 0.952654
1783948422.153308153 0.024214 -0.043731 0.000949 -0.012908 -0.029968 -0.302286 0.952659
1783948422.162868977 0.024189 -0.043759 0.000927 -0.012931 -0.029994 -0.302258 0.952666
1783948422.172876835 0.024155 -0.043766 0.000914 -0.012972 -0.030039 -0.302230 0.952673
1783948422.182919741 0.024123 -0.043754 0.000914 -0.013030 -0.030095 -0.302206 0.952678
1783948422.192885399 0.024108 -0.043733 0.000926 -0.013081 -0.030148 -0.302193 0.952680
1783948422.196081877 0.024112 -0.043723 0.000946 -0.013087 -0.030152 -0.302192 0.952680
1783948422.196081877 0.024112 -0.043723 0.000946 -0.013087 -0.030152 -0.302192 0.952680
1783948422.203384638 0.024090 -0.043744 0.000881 -0.013099 -0.030164 -0.302191 0.952680
1783948422.212866068 0.024080 -0.043782 0.000791 -0.013083 -0.030147 -0.302206 0.952676
1783948422.222867966 0.024090 -0.043830 0.000703 -0.013027 -0.030105 -0.302232 0.952670
1783948422.232882023 0.024108 -0.043883 0.000628 -0.012962 -0.030044 -0.302258 0.952665
1783948422.242875814 0.024121 -0.043935 0.000566 -0.012902 -0.030006 -0.302268 0.952663
1783948422.252894402 0.024119 -0.043977 0.000517 -0.012880 -0.029987 -0.302256 0.952668
1783948422.263983250 0.024094 -0.044004 0.000467 -0.012899 -0.030012 -0.302229 0.952675
1783948422.272939682 0.024067 -0.044002 0.000451 -0.012939 -0.030055 -0.302202 0.952682
1783948422.282967329 0.024040 -0.043986 0.000437 -0.012991 -0.030113 -0.302185 0.952685
1783948422.292939186 0.024029 -0.043964 0.000434 -0.013046 -0.030151 -0.302177 0.952686
1783948422.297670603 0.024036 -0.043949 0.000455 -0.013050 -0.030155 -0.302174 0.952686
1783948422.297670603 0.024036 -0.043949 0.000455 -0.013050 -0.030155 -0.302174 0.952686
1783948422.302907467 0.024021 -0.043962 0.000416 -0.013055 -0.030159 -0.302172 0.952687
1783948422.312943459 0.024008 -0.044001 0.000319 -0.013046 -0.030137 -0.302188 0.952683
1783948422.327344656 0.024018 -0.044079 0.000161 -0.012975 -0.030093 -0.302233 0.952670
1783948422.332896948 0.024036 -0.044105 0.000141 -0.012939 -0.030064 -0.302248 0.952667
1783948422.342899799 0.024057 -0.044156 0.000085 -0.012886 -0.030028 -0.302263 0.952664
1783948422.352893114 0.024063 -0.044196 0.000042 -0.012860 -0.030019 -0.302253 0.952668
1783948422.362892628 0.024052 -0.044219 0.000010 -0.012874 -0.030036 -0.302225 0.952676
1783948422.372932434 0.024030 -0.044220 -0.000010 -0.012917 -0.030093 -0.302205 0.952680
1783948422.382930517 0.024012 -0.044204 -0.000017 -0.012970 -0.030148 -0.302187 0.952683
1783948422.392888784 0.024010 -0.044181 -0.000011 -0.013015 -0.030189 -0.302183 0.952683
1783948422.397797585 0.024022 -0.044167 0.000013 -0.013026 -0.030194 -0.302185 0.952682
1783948422.397797585 0.024022 -0.044167 0.000013 -0.013026 -0.030194 -0.302185 0.952682
1783948422.402907610 0.024014 -0.044177 -0.000025 -0.013039 -0.030199 -0.302186 0.952681
1783948422.412913561 0.024007 -0.044215 -0.000112 -0.013032 -0.030185 -0.302202 0.952677
1783948422.423404694 0.024023 -0.044264 -0.000193 -0.012984 -0.030145 -0.302230 0.952670
1783948422.432946444 0.024050 -0.044311 -0.000249 -0.012928 -0.030098 -0.302254 0.952664
1783948422.442949772 0.024071 -0.044359 -0.000297 -0.012872 -0.030060 -0.302259 0.952665
1783948422.453438997 0.024075 -0.044397 -0.000336 -0.012858 -0.030050 -0.302250 0.952668
1783948422.462914467 0.024066 -0.044413 -0.000354 -0.012883 -0.030076 -0.302229 0.952674
1783948422.472910404 0.024045 -0.044409 -0.000363 -0.012934 -0.030123 -0.302194 0.952682
1783948422.482938766 0.024028 -0.044389 -0.000361 -0.013000 -0.030180 -0.302175 0.952686
1783948422.492892742 0.024027 -0.044364 -0.000347 -0.013047 -0.030221 -0.302169 0.952686
1783948422.498670816 0.024044 -0.044344 -0.000322 -0.013057 -0.030226 -0.302166 0.952687
1783948422.498670816 0.024044 -0.044344 -0.000322 -0.013057 -0.030226 -0.302166 0.952687
1783948422.502984285 0.024040 -0.044352 -0.000353 -0.013064 -0.030228 -0.302164 0.952687
1783948422.512942314 0.024039 -0.044388 -0.000448 -0.013057 -0.030207 -0.302176 0.952684
1783948422.522891045 0.024061 -0.044435 -0.000530 -0.013002 -0.030161 -0.302208 0.952676
1783948422.532943010 0.024091 -0.044486 -0.000599 -0.012951 -0.030111 -0.302238 0.952669
1783948422.542941570 0.024115 -0.044536 -0.000654 -0.012903 -0.030069 -0.302249 0.952667
1783948422.553792238 0.024122 -0.044578 -0.000706 -0.012888 -0.030061 -0.302246 0.952669
1783948422.562917948 0.024116 -0.044594 -0.000730 -0.012911 -0.030084 -0.302215 0.952677
1783948422.572884083 0.024098 -0.044593 -0.000750 -0.012960 -0.030131 -0.302181 0.952686
1783948422.582895756 0.024082 -0.044575 -0.000759 -0.013014 -0.030176 -0.302161 0.952690
1783948422.592943192 0.024081 -0.044551 -0.000755 -0.013054 -0.030212 -0.302150 0.952692
1783948422.599522829 0.024099 -0.044530 -0.000734 -0.013069 -0.030221 -0.302146 0.952693
1783948422.599522829 0.024099 -0.044530 -0.000734 -0.013069 -0.030221 -0.302146 0.952693
1783948422.602940559 0.024096 -0.044535 -0.000754 -0.013076 -0.030225 -0.302143 0.952694
1783948422.612913132 0.024090 -0.044570 -0.000836 -0.013073 -0.030212 -0.302161 0.952688
1783948422.622950077 0.024105 -0.044613 -0.000905 -0.013026 -0.030159 -0.302189 0.952682
1783948422.632960320 0.024129 -0.044661 -0.000960 -0.012964 -0.030103 -0.302219 0.952675
1783948422.642891645 0.024146 -0.044706 -0.001002 -0.012912 -0.030066 -0.302236 0.952671
1783948422.652949333 0.024149 -0.044742 -0.001031 -0.012899 -0.030053 -0.302231 0.952674
1783948422.662922621 0.024133 -0.044760 -0.001048 -0.012918 -0.030072 -0.302208 0.952680
1783948422.675707102 0.024092 -0.044761 -0.001069 -0.012980 -0.030141 -0.302178 0.952686
1783948422.682982206 0.024079 -0.044739 -0.001054 -0.013026 -0.030179 -0.302162 0.952690
1783948422.693011999 0.024069 -0.044709 -0.001036 -0.013079 -0.030223 -0.302152 0.952691
1783948422.700387478 0.024083 -0.044684 -0.001005 -0.013093 -0.030233 -0.302149 0.952691
1783948422.700387478 0.024083 -0.044684 -0.001005 -0.013093 -0.030233 -0.302149 0.952691
1783948422.702905178 0.024080 -0.044686 -0.001020 -0.013097 -0.030235 -0.302148 0.952692
1783948422.712912083 0.024068 -0.044718 -0.001106 -0.013083 -0.030212 -0.302160 0.952689
1783948422.722948551 0.024078 -0.044759 -0.001180 -0.013034 -0.030166 -0.302182 0.952684
1783948422.732969046 0.024097 -0.044802 -0.001239 -0.012969 -0.030108 -0.302216 0.952676
1783948422.743904114 0.024109 -0.044851 -0.001294 -0.012902 -0.030053 -0.302230 0.952674
1783948422.752919436 0.024109 -0.044878 -0.001320 -0.012875 -0.030043 -0.302226 0.952676
1783948422.762895107 0.024089 -0.044893 -0.001341 -0.012900 -0.030066 -0.302192 0.952685
1783948422.772958040 0.024059 -0.044888 -0.001351 -0.012944 -0.030108 -0.302171 0.952690
1783948422.782903910 0.024032 -0.044866 -0.001347 -0.013016 -0.030157 -0.302151 0.952694
1783948422.792917967 0.024020 -0.044837 -0.001331 -0.013069 -0.030193 -0.302138 0.952696
1783948422.801249743 0.024033 -0.044809 -0.001299 -0.013090 -0.030204 -0.302132 0.952697
1783948422.801249743 0.024033 -0.044809 -0.001299 -0.013090 -0.030204 -0.302132 0.952697
1783948422.806427956 0.024027 -0.044817 -0.001330 -0.013103 -0.030209 -0.302128 0.952699
1783948422.812920094 0.024027 -0.044832 -0.001368 -0.013099 -0.030188 -0.302136 0.952697
1783948422.822893381 0.024038 -0.044868 -0.001434 -0.013056 -0.030136 -0.302164 0.952690
1783948422.832941055 0.024057 -0.044909 -0.001488 -0.012992 -0.030079 -0.302194 0.952683
1783948422.842989445 0.024071 -0.044949 -0.001529 -0.012926 -0.030032 -0.302211 0.952680
1783948422.853246689 0.024069 -0.044979 -0.001560 -0.012905 -0.030026 -0.302206 0.952682
1783948422.862932920 0.024050 -0.044987 -0.001574 -0.012921 -0.030041 -0.302178 0.952690
1783948422.873434782 0.024017 -0.044976 -0.001581 -0.012979 -0.030083 -0.302147 0.952698
1783948422.883023977 0.023992 -0.044947 -0.001569 -0.013034 -0.030136 -0.302127 0.952702
1783948422.892942190 0.023982 -0.044912 -0.001547 -0.013088 -0.030181 -0.302117 0.952703
1783948422.902117729 0.023998 -0.044879 -0.001512 -0.013112 -0.030185 -0.302124 0.952700
1783948422.902117729 0.023998 -0.044879 -0.001512 -0.013112 -0.030185 -0.302124 0.952700
1783948422.902920961 0.023997 -0.044879 -0.001515 -0.013113 -0.030185 -0.302124 0.952700
1783948422.912936926 0.023981 -0.044906 -0.001580 -0.013106 -0.030167 -0.302134 0.952698
1783948422.922991991 0.023988 -0.044941 -0.001633 -0.013050 -0.030127 -0.302156 0.952693
1783948422.932913780 0.024003 -0.044979 -0.001672 -0.012986 -0.030080 -0.302174 0.952689
1783948422.942897797 0.024011 -0.045016 -0.001698 -0.012936 -0.030036 -0.302189 0.952687
1783948422.952996254 0.024004 -0.045043 -0.001712 -0.012918 -0.030024 -0.302180 0.952690
1783948422.963421345 0.023976 -0.045054 -0.001715 -0.012939 -0.030046 -0.302150 0.952699
1783948422.972937822 0.023943 -0.045042 -0.001703 -0.012987 -0.030090 -0.302125 0.952705
1783948422.982901573 0.023911 -0.045015 -0.001680 -0.013058 -0.030139 -0.302103 0.952709
1783948422.996132851 0.023883 -0.044979 -0.001650 -0.013113 -0.030198 -0.302094 0.952709
1783948423.002898693 0.023896 -0.044951 -0.001606 -0.013128 -0.030207 -0.302089 0.952710
1783948423.002988577 0.023896 -0.044951 -0.001606 -0.013128 -0.030207 -0.302089 0.952710
1783948423.002988577 0.023896 -0.044951 -0.001606 -0.013128 -0.030207 -0.302089 0.952710
1783948423.012961388 0.023881 -0.044973 -0.001673 -0.013116 -0.030187 -0.302104 0.952706
1783948423.022938967 0.023886 -0.045003 -0.001727 -0.013065 -0.030140 -0.302127 0.952702
1783948423.032900095 0.023900 -0.045037 -0.001768 -0.013006 -0.030084 -0.302154 0.952695
1783948423.042933464 0.023908 -0.045070 -0.001796 -0.012959 -0.030033 -0.302172 0.952692
1783948423.052964449 0.023901 -0.045094 -0.001812 -0.012940 -0.030023 -0.302166 0.952695
1783948423.062976837 0.023876 -0.045101 -0.001815 -0.012968 -0.030045 -0.302143 0.952701
1783948423.072960377 0.023842 -0.045087 -0.001805 -0.013010 -0.030085 -0.302115 0.952708
1783948423.082970858 0.023810 -0.045055 -0.001783 -0.013079 -0.030131 -0.302096 0.952712
1783948423.092998028 0.023793 -0.045016 -0.001750 -0.013122 -0.030174 -0.302085 0.952713
1783948423.102957010 0.023804 -0.044978 -0.001705 -0.013135 -0.030187 -0.302088 0.952712
1783948423.103849888 0.023807 -0.044974 -0.001696 -0.013135 -0.030185 -0.302089 0.952711
1783948423.103849888 0.023807 -0.044974 -0.001696 -0.013135 -0.030185 -0.302089 0.952711
1783948423.112931728 0.023789 -0.044994 -0.001751 -0.013132 -0.030163 -0.302104 0.952707
1783948423.122972012 0.023787 -0.045026 -0.001804 -0.013082 -0.030108 -0.302123 0.952704
1783948423.132907391 0.023793 -0.045060 -0.001843 -0.013018 -0.030058 -0.302149 0.952698
1783948423.142976046 0.023793 -0.045094 -0.001870 -0.012969 -0.030022 -0.302160 0.952696
1783948423.155966043 0.023760 -0.045129 -0.001904 -0.012948 -0.030020 -0.302150 0.952700
1783948423.162941456 0.023740 -0.045128 -0.001893 -0.012961 -0.030032 -0.302130 0.952705
1783948423.172973871 0.023697 -0.045113 -0.001882 -0.013008 -0.030089 -0.302108 0.952710
1783948423.182944536 0.023659 -0.045082 -0.001859 -0.013068 -0.030138 -0.302087 0.952714
1783948423.193148851 0.023637 -0.045042 -0.001821 -0.013122 -0.030180 -0.302079 0.952715
1783948423.202967644 0.023641 -0.045005 -0.001770 -0.013141 -0.030189 -0.302080 0.952714
1783948423.204710007 0.023648 -0.044997 -0.001753 -0.013139 -0.030185 -0.302081 0.952714
1783948423.204710007 0.023648 -0.044997 -0.001753 -0.013139 -0.030185 -0.302081 0.952714
1783948423.212960482 0.023637 -0.045013 -0.001792 -0.013132 -0.030166 -0.302091 0.952711
1783948423.222917795 0.023641 -0.045043 -0.001837 -0.013089 -0.030121 -0.302112 0.952706
1783948423.232948542 0.023654 -0.045077 -0.001868 -0.013036 -0.030061 -0.302139 0.952701
1783948423.242991686 0.023659 -0.045110 -0.001887 -0.012980 -0.030019 -0.302149 0.952699
1783948423.252939939 0.023649 -0.045133 -0.001892 -0.012955 -0.030009 -0.302144 0.952702
1783948423.263001442 0.023621 -0.045138 -0.001884 -0.012985 -0.030019 -0.302120 0.952709
1783948423.272984266 0.023584 -0.045122 -0.001864 -0.013027 -0.030062 -0.302098 0.952714
1783948423.282936811 0.023551 -0.045088 -0.001832 -0.013091 -0.030122 -0.302081 0.952716
1783948423.292932272 0.023534 -0.045047 -0.001787 -0.013142 -0.030158 -0.302073 0.952717
1783948423.302908659 0.023544 -0.045006 -0.001729 -0.013157 -0.030169 -0.302078 0.952715
1783948423.305572510 0.023555 -0.044992 -0.001702 -0.013153 -0.030162 -0.302079 0.952715
1783948423.305572510 0.023555 -0.044992 -0.001702 -0.013153 -0.030162 -0.302079 0.952715
1783948423.312978745 0.023547 -0.045004 -0.001734 -0.013146 -0.030145 -0.302085 0.952713
1783948423.322920799 0.023549 -0.045032 -0.001778 -0.013103 -0.030096 -0.302113 0.952707
1783948423.332946777 0.023559 -0.045064 -0.001811 -0.013037 -0.030037 -0.302144 0.952700
1783948423.342926502 0.023564 -0.045095 -0.001829 -0.012987 -0.029998 -0.302159 0.952697
1783948423.353141785 0.023552 -0.045115 -0.001836 -0.012970 -0.029984 -0.302143 0.952702
1783948423.362983227 0.023523 -0.045115 -0.001827 -0.012994 -0.029999 -0.302121 0.952709
1783948423.372948408 0.023485 -0.045094 -0.001806 -0.013045 -0.030042 -0.302099 0.952714
1783948423.384365797 0.023442 -0.045052 -0.001774 -0.013125 -0.030111 -0.302087 0.952714
1783948423.392996550 0.023427 -0.045008 -0.001727 -0.013170 -0.030145 -0.302080 0.952715
1783948423.402991533 0.023433 -0.044961 -0.001668 -0.013191 -0.030148 -0.302088 0.952712
1783948423.406436682 0.023447 -0.044942 -0.001632 -0.013186 -0.030138 -0.302092 0.952711
1783948423.406436682 0.023447 -0.044942 -0.001632 -0.013186 -0.030138 -0.302092 0.952711
1783948423.415390968 0.023435 -0.044956 -0.001667 -0.013175 -0.030115 -0.302106 0.952707
1783948423.422960758 0.023443 -0.044971 -0.001684 -0.013139 -0.030085 -0.302124 0.952703
1783948423.432932615 0.023454 -0.044999 -0.001708 -0.013084 -0.030029 -0.302147 0.952698
1783948423.442968369 0.023458 -0.045028 -0.001718 -0.013041 -0.029981 -0.302151 0.952699
1783948423.453287125 0.023446 -0.045049 -0.001717 -0.013025 -0.029965 -0.302138 0.952704
1783948423.463000536 0.023418 -0.045050 -0.001702 -0.013052 -0.029980 -0.302115 0.952711
1783948423.472921848 0.023380 -0.045030 -0.001676 -0.013103 -0.030024 -0.302090 0.952716
1783948423.482958078 0.023346 -0.044992 -0.001638 -0.013170 -0.030072 -0.302074 0.952719
1783948423.492983341 0.023328 -0.044946 -0.001587 -0.013226 -0.030107 -0.302065 0.952720
1783948423.502959013 0.023336 -0.044901 -0.001525 -0.013260 -0.030118 -0.302074 0.952716
1783948423.508435965 0.023358 -0.044875 -0.001472 -0.013255 -0.030104 -0.302081 0.952715
1783948423.508435965 0.023358 -0.044875 -0.001472 -0.013255 -0.030104 -0.302081 0.952715
1783948423.513024807 0.023359 -0.044879 -0.001479 -0.013249 -0.030093 -0.302087 0.952713
1783948423.522964001 0.023371 -0.044900 -0.001518 -0.013185 -0.030063 -0.302112 0.952707
1783948423.532995462 0.023391 -0.044927 -0.001545 -0.013123 -0.030006 -0.302137 0.952702
1783948423.542868376 0.023406 -0.044952 -0.001556 -0.013066 -0.029969 -0.302150 0.952700
1783948423.553024530 0.023405 -0.044968 -0.001557 -0.013040 -0.029962 -0.302145 0.952702
1783948423.562981844 0.023388 -0.044967 -0.001544 -0.013054 -0.029979 -0.302125 0.952707
1783948423.574593782 0.023355 -0.044938 -0.001526 -0.013099 -0.030041 -0.302100 0.952713
1783948423.582965136 0.023338 -0.044898 -0.001483 -0.013147 -0.030082 -0.302083 0.952716
1783948423.592998505 0.023332 -0.044844 -0.001430 -0.013190 -0.030130 -0.302076 0.952716
1783948423.602990866 0.023354 -0.044792 -0.001364 -0.013210 -0.030142 -0.302082 0.952714
1783948423.608169794 0.023381 -0.044764 -0.001308 -0.013206 -0.030132 -0.302085 0.952713
1783948423.608169794 0.023381 -0.044764 -0.001308 -0.013206 -0.030132 -0.302085 0.952713
1783948423.612935305 0.023387 -0.044765 -0.001312 -0.013202 -0.030122 -0.302087 0.952713
1783948423.623025894 0.023407 -0.044781 -0.001345 -0.013152 -0.030082 -0.302115 0.952706
1783948423.636385679 0.023436 -0.044817 -0.001399 -0.013062 -0.030007 -0.302149 0.952699
1783948423.642937183 0.023455 -0.044829 -0.001387 -0.013022 -0.029980 -0.302154 0.952699
1783948423.652997494 0.023464 -0.044842 -0.001381 -0.012995 -0.029972 -0.302144 0.952703
1783948423.662966251 0.023456 -0.044837 -0.001362 -0.013015 -0.029997 -0.302126 0.952707
1783948423.672972918 0.023440 -0.044809 -0.001331 -0.013058 -0.030042 -0.302096 0.952715
1783948423.682956696 0.023426 -0.044763 -0.001288 -0.013109 -0.030093 -0.302079 0.952718
1783948423.693022728 0.023429 -0.044708 -0.001232 -0.013151 -0.030139 -0.302072 0.952718
1783948423.702877045 0.023456 -0.044655 -0.001165 -0.013170 -0.030153 -0.302067 0.952719
1783948423.709028959 0.023491 -0.044622 -0.001102 -0.013162 -0.030137 -0.302072 0.952718
1783948423.709028959 0.023491 -0.044622 -0.001102 -0.013162 -0.030137 -0.302072 0.952718
1783948423.712999105 0.023498 -0.044623 -0.001105 -0.013157 -0.030126 -0.302075 0.952717
1783948423.722932577 0.023519 -0.044638 -0.001147 -0.013103 -0.030082 -0.302097 0.952712
1783948423.732992887 0.023548 -0.044659 -0.001177 -0.013038 -0.030029 -0.302124 0.952706
1783948423.742970705 0.023570 -0.044680 -0.001193 -0.012984 -0.029990 -0.302141 0.952703
1783948423.753001213 0.023577 -0.044692 -0.001195 -0.012949 -0.029984 -0.302127 0.952708
1783948423.762940884 0.023568 -0.044687 -0.001184 -0.012967 -0.030011 -0.302101 0.952715
1783948423.772936583 0.023550 -0.044660 -0.001161 -0.013012 -0.030061 -0.302073 0.952722
1783948423.782966614 0.023536 -0.044614 -0.001127 -0.013052 -0.030121 -0.302049 0.952727
1783948423.793539762 0.023539 -0.044558 -0.001081 -0.013082 -0.030168 -0.302041 0.952728
1783948423.802971601 0.023568 -0.044506 -0.001022 -0.013093 -0.030185 -0.302052 0.952724
1783948423.809889793 0.023608 -0.044471 -0.000958 -0.013082 -0.030170 -0.302062 0.952721
1783948423.809889793 0.023608 -0.044471 -0.000958 -0.013082 -0.030170 -0.302062 0.952721
1783948423.812944412 0.023616 -0.044472 -0.000959 -0.013077 -0.030163 -0.302066 0.952720
1783948423.822964907 0.023645 -0.044487 -0.001000 -0.013020 -0.030126 -0.302089 0.952715
1783948423.832943678 0.023682 -0.044507 -0.001026 -0.012953 -0.030076 -0.302110 0.952710
1783948423.842896223 0.023714 -0.044527 -0.001041 -0.012893 -0.030038 -0.302124 0.952708
1783948423.853193521 0.023730 -0.044539 -0.001044 -0.012866 -0.030033 -0.302112 0.952712
1783948423.862942696 0.023728 -0.044534 -0.001030 -0.012882 -0.030054 -0.302093 0.952718
1783948423.873042345 0.023717 -0.044506 -0.001005 -0.012926 -0.030100 -0.302069 0.952723
1783948423.882975340 0.023711 -0.044461 -0.000966 -0.012984 -0.030158 -0.302058 0.952724
1783948423.894025087 0.023721 -0.044405 -0.000917 -0.013021 -0.030210 -0.302063 0.952720
1783948423.903073788 0.023756 -0.044356 -0.000852 -0.013030 -0.030222 -0.302070 0.952717
1783948423.910777330 0.023805 -0.044320 -0.000782 -0.013009 -0.030207 -0.302083 0.952714
1783948423.910777330 0.023805 -0.044320 -0.000782 -0.013009 -0.030207 -0.302083 0.952714
1783948423.912937880 0.023811 -0.044321 -0.000781 -0.013004 -0.030201 -0.302085 0.952714
1783948423.924417019 0.023837 -0.044347 -0.000833 -0.012931 -0.030151 -0.302117 0.952706
1783948423.932973146 0.023869 -0.044367 -0.000844 -0.012875 -0.030106 -0.302133 0.952703
1783948423.943002939 0.023896 -0.044393 -0.000854 -0.012811 -0.030072 -0.302137 0.952704
1783948423.952956438 0.023907 -0.044410 -0.000852 -0.012796 -0.030060 -0.302139 0.952704
1783948423.963008165 0.023899 -0.044409 -0.000838 -0.012818 -0.030075 -0.302114 0.952711
1783948423.972980022 0.023882 -0.044386 -0.000811 -0.012856 -0.030115 -0.302091 0.952717
1783948423.982870579 0.023869 -0.044347 -0.000772 -0.012914 -0.030168 -0.302073 0.952720
1783948423.992983341 0.023872 -0.044299 -0.000720 -0.012959 -0.030202 -0.302068 0.952720
1783948424.003008127 0.023903 -0.044254 -0.000655 -0.012969 -0.030217 -0.302070 0.952718
1783948424.011621952 0.023954 -0.044221 -0.000581 -0.012956 -0.030194 -0.302078 0.952717
1783948424.011621952 0.023954 -0.044221 -0.000581 -0.012956 -0.030194 -0.302078 0.952717
1783948424.013002872 0.023959 -0.044222 -0.000580 -0.012954 -0.030189 -0.302079 0.952717
1783948424.024291515 0.024002 -0.044253 -0.000645 -0.012891 -0.030130 -0.302111 0.952709
1783948424.032995462 0.024045 -0.044279 -0.000666 -0.012827 -0.030075 -0.302136 0.952704
1783948424.042944908 0.024086 -0.044309 -0.000686 -0.012765 -0.030037 -0.302146 0.952703
1783948424.052960157 0.024111 -0.044331 -0.000694 -0.012738 -0.030020 -0.302135 0.952707
1783948424.062983274 0.024119 -0.044336 -0.000690 -0.012756 -0.030037 -0.302112 0.952714
1783948424.072951555 0.024118 -0.044319 -0.000672 -0.012794 -0.030074 -0.302087 0.952720
1783948424.082885504 0.024120 -0.044285 -0.000642 -0.012845 -0.030117 -0.302072 0.952723
1783948424.092962265 0.024140 -0.044244 -0.000600 -0.012883 -0.030155 -0.302064 0.952723
1783948424.102995872 0.024186 -0.044203 -0.000545 -0.012897 -0.030162 -0.302069 0.952721
1783948424.112490416 0.024256 -0.044172 -0.000476 -0.012876 -0.030137 -0.302083 0.952718
1783948424.112490416 0.024256 -0.044172 -0.000476 -0.012876 -0.030137 -0.302083 0.952718
1783948424.112962961 0.024257 -0.044173 -0.000476 -0.012875 -0.030136 -0.302084 0.952718
1783948424.123113394 0.024287 -0.044202 -0.000514 -0.012823 -0.030092 -0.302110 0.952712
1783948424.133020639 0.024326 -0.044235 -0.000537 -0.012769 -0.030045 -0.302138 0.952705
1783948424.142949104 0.024358 -0.044269 -0.000547 -0.012716 -0.030014 -0.302154 0.952702
1783948424.152961016 0.024375 -0.044295 -0.000545 -0.012698 -0.030008 -0.302144 0.952705
1783948424.162961721 0.024374 -0.044305 -0.000530 -0.012727 -0.030026 -0.302118 0.952713
1783948424.172972679 0.024363 -0.044293 -0.000502 -0.012774 -0.030075 -0.302091 0.952719
1783948424.185466528 0.024348 -0.044261 -0.000465 -0.012857 -0.030135 -0.302073 0.952722
1783948424.193011761 0.024360 -0.044227 -0.000414 -0.012885 -0.030165 -0.302062 0.952724
1783948424.202975035 0.024391 -0.044189 -0.000349 -0.012907 -0.030180 -0.302064 0.952722
1783948424.212976217 0.024450 -0.044159 -0.000271 -0.012899 -0.030160 -0.302085 0.952716
1783948424.213355780 0.024454 -0.044158 -0.000267 -0.012897 -0.030158 -0.302086 0.952716
1783948424.213355780 0.024454 -0.044158 -0.000267 -0.012897 -0.030158 -0.302086 0.952716
1783948424.224083424 0.024453 -0.044223 -0.000305 -0.012851 -0.030102 -0.302118 0.952709
1783948424.233049154 0.024467 -0.044275 -0.000318 -0.012802 -0.030055 -0.302140 0.952704
1783948424.242981434 0.024470 -0.044336 -0.000324 -0.012748 -0.030021 -0.302148 0.952703
1783948424.253080606 0.024456 -0.044388 -0.000317 -0.012739 -0.030019 -0.302136 0.952707
1783948424.262998581 0.024425 -0.044422 -0.000298 -0.012767 -0.030036 -0.302117 0.952712
1783948424.273005247 0.024384 -0.044435 -0.000266 -0.012826 -0.030091 -0.302088 0.952719
1783948424.285407066 0.024324 -0.044440 -0.000223 -0.012906 -0.030162 -0.302070 0.952721
1783948424.292968273 0.024314 -0.044422 -0.000172 -0.012946 -0.030193 -0.302058 0.952723
1783948424.302995443 0.024313 -0.044411 -0.000106 -0.012983 -0.030196 -0.302057 0.952723
1783948424.313205481 0.024339 -0.044410 -0.000025 -0.012978 -0.030176 -0.302074 0.952718
1783948424.314221382 0.024347 -0.044407 -0.000012 -0.012974 -0.030172 -0.302077 0.952718
1783948424.314221382 0.024347 -0.044407 -0.000012 -0.012974 -0.030172 -0.302077 0.952718
1783948424.323004007 0.024367 -0.044435 -0.000040 -0.012933 -0.030136 -0.302106 0.952710
1783948424.332968473 0.024394 -0.044472 -0.000067 -0.012881 -0.030085 -0.302129 0.952705
1783948424.343009949 0.024414 -0.044510 -0.000080 -0.012832 -0.030041 -0.302142 0.952703
1783948424.353032589 0.024419 -0.044537 -0.000081 -0.012808 -0.030028 -0.302139 0.952705
1783948424.362929106 0.024406 -0.044546 -0.000069 -0.012839 -0.030042 -0.302110 0.952713
1783948424.372977018 0.024384 -0.044534 -0.000047 -0.012891 -0.030100 -0.302088 0.952718
1783948424.383008242 0.024366 -0.044503 -0.000012 -0.012952 -0.030152 -0.302066 0.952722
1783948424.393019915 0.024364 -0.044464 0.000035 -0.012995 -0.030194 -0.302064 0.952721
1783948424.406040192 0.024394 -0.044424 0.000093 -0.013013 -0.030220 -0.302071 0.952718
1783948424.412938356 0.024438 -0.044399 0.000153 -0.013003 -0.030203 -0.302076 0.952716
1783948424.415097475 0.024456 -0.044391 0.000178 -0.012992 -0.030193 -0.302081 0.952715
1783948424.415097475 0.024456 -0.044391 0.000178 -0.012992 -0.030193 -0.302081 0.952715
1783948424.423004866 0.024476 -0.044414 0.000147 -0.012953 -0.030159 -0.302100 0.952711
1783948424.433031797 0.024504 -0.044453 0.000108 -0.012887 -0.030103 -0.302131 0.952704
1783948424.443014860 0.024524 -0.044491 0.000080 -0.012832 -0.030060 -0.302139 0.952703
1783948424.453059912 0.024530 -0.044519 0.000065 -0.012811 -0.030046 -0.302130 0.952707
1783948424.462996721 0.024519 -0.044531 0.000062 -0.012833 -0.030059 -0.302098 0.952716
1783948424.472980738 0.024498 -0.044522 0.000072 -0.012878 -0.030099 -0.302066 0.952725
1783948424.482987404 0.024481 -0.044495 0.000093 -0.012939 -0.030148 -0.302050 0.952727
1783948424.493017435 0.024479 -0.044463 0.000127 -0.012985 -0.030187 -0.302041 0.952728
1783948424.504468203 0.024507 -0.044431 0.000171 -0.013026 -0.030205 -0.302056 0.952723
1783948424.512958527 0.024557 -0.044409 0.000228 -0.013028 -0.030181 -0.302071 0.952718
1783948424.515955210 0.024583 -0.044399 0.000259 -0.013012 -0.030165 -0.302077 0.952717
1783948424.515955210 0.024583 -0.044399 0.000259 -0.013012 -0.030165 -0.302077 0.952717
1783948424.523035765 0.024605 -0.044421 0.000230 -0.012976 -0.030128 -0.302093 0.952714
1783948424.532984257 0.024635 -0.044462 0.000185 -0.012922 -0.030070 -0.302121 0.952708
1783948424.543040037 0.024657 -0.044502 0.000153 -0.012868 -0.030028 -0.302126 0.952708
1783948424.553069353 0.024662 -0.044532 0.000134 -0.012848 -0.030012 -0.302116 0.952712
1783948424.562981129 0.024649 -0.044544 0.000128 -0.012878 -0.030022 -0.302091 0.952719
1783948424.573034763 0.024628 -0.044534 0.000135 -0.012926 -0.030057 -0.302074 0.952723
1783948424.583008051 0.024609 -0.044507 0.000155 -0.012988 -0.030107 -0.302052 0.952727
1783948424.596347809 0.024602 -0.044470 0.000179 -0.013067 -0.030155 -0.302047 0.952726
1783948424.603014708 0.024625 -0.044441 0.000221 -0.013082 -0.030160 -0.302049 0.952725
1783948424.613109589 0.024678 -0.044414 0.000279 -0.013076 -0.030128 -0.302070 0.952720
1783948424.616807938 0.024709 -0.044401 0.000316 -0.013055 -0.030113 -0.302078 0.952718
1783948424.616807938 0.024709 -0.044401 0.000316 -0.013055 -0.030113 -0.302078 0.952718
1783948424.623005867 0.024730 -0.044417 0.000294 -0.013020 -0.030088 -0.302093 0.952715
1783948424.633570433 0.024760 -0.044457 0.000244 -0.012962 -0.030031 -0.302124 0.952707
1783948424.643003702 0.024782 -0.044491 0.000216 -0.012916 -0.029989 -0.302129 0.952708
1783948424.653011799 0.024790 -0.044520 0.000195 -0.012904 -0.029973 -0.302120 0.952711
1783948424.664430141 0.024773 -0.044536 0.000179 -0.012935 -0.029998 -0.302094 0.952718
1783948424.672936201 0.024758 -0.044524 0.000190 -0.012976 -0.030039 -0.302068 0.952725
1783948424.682972193 0.024741 -0.044496 0.000207 -0.013038 -0.030087 -0.302047 0.952729
1783948424.692982912 0.024741 -0.044461 0.000238 -0.013078 -0.030126 -0.302043 0.952728
1783948424.703033447 0.024767 -0.044426 0.000281 -0.013100 -0.030137 -0.302047 0.952726
1783948424.713073254 0.024820 -0.044399 0.000337 -0.013086 -0.030108 -0.302062 0.952723
1783948424.717672586 0.024858 -0.044385 0.000381 -0.013061 -0.030089 -0.302074 0.952720
1783948424.717672586 0.024858 -0.044385 0.000381 -0.013061 -0.030089 -0.302074 0.952720
1783948424.723052502 0.024879 -0.044398 0.000364 -0.013032 -0.030069 -0.302090 0.952716
1783948424.733072996 0.024912 -0.044435 0.000319 -0.012975 -0.030019 -0.302115 0.952710
1783948424.742928267 0.024938 -0.044470 0.000288 -0.012924 -0.029978 -0.302130 0.952708
1783948424.753019094 0.024949 -0.044497 0.000268 -0.012910 -0.029962 -0.302120 0.952711
1783948424.763047934 0.024942 -0.044506 0.000260 -0.012940 -0.029979 -0.302098 0.952717
1783948424.773044825 0.024926 -0.044494 0.000266 -0.012985 -0.030033 -0.302081 0.952721
1783948424.782955170 0.024914 -0.044465 0.000284 -0.013048 -0.030087 -0.302074 0.952720
1783948424.793047428 0.024917 -0.044430 0.000314 -0.013096 -0.030135 -0.302064 0.952721
1783948424.802964687 0.024947 -0.044396 0.000357 -0.013118 -0.030157 -0.302067 0.952719
1783948424.812928677 0.025005 -0.044371 0.000412 -0.013115 -0.030138 -0.302086 0.952714
1783948424.818553448 0.025055 -0.044355 0.000462 -0.013092 -0.030115 -0.302099 0.952711
1783948424.818553448 0.025055 -0.044355 0.000462 -0.013092 -0.030115 -0.302099 0.952711
1783948424.822947025 0.025066 -0.044375 0.000460 -0.013075 -0.030097 -0.302109 0.952709
1783948424.833019018 0.025073 -0.044445 0.000436 -0.013018 -0.030048 -0.302134 0.952703
1783948424.843019485 0.025073 -0.044513 0.000426 -0.012968 -0.030002 -0.302146 0.952701
1783948424.853058577 0.025058 -0.044572 0.000428 -0.012958 -0.029992 -0.302138 0.952704
1783948424.862936497 0.025026 -0.044612 0.000444 -0.012982 -0.030015 -0.302110 0.952712
1783948424.872924328 0.024985 -0.044632 0.000472 -0.013031 -0.030055 -0.302082 0.952719
1783948424.885395288 0.024925 -0.044644 0.000510 -0.013122 -0.030120 -0.302063 0.952722
1783948424.893063307 0.024914 -0.044630 0.000562 -0.013155 -0.030148 -0.302056 0.952723
1783948424.902995825 0.024914 -0.044622 0.000628 -0.013174 -0.030162 -0.302061 0.952720
1783948424.913054705 0.024942 -0.044624 0.000708 -0.013167 -0.030134 -0.302074 0.952717
1783948424.919998407 0.024983 -0.044623 0.000782 -0.013133 -0.030102 -0.302090 0.952714
1783948424.919998407 0.024983 -0.044623 0.000782 -0.013133 -0.030102 -0.302090 0.952714
1783948424.922938824 0.024996 -0.044631 0.000783 -0.013117 -0.030088 -0.302096 0.952712
1783948424.933028221 0.025033 -0.044670 0.000746 -0.013062 -0.030030 -0.302123 0.952706
1783948424.942983150 0.025064 -0.044709 0.000725 -0.013014 -0.029993 -0.302135 0.952704
1783948424.952922106 0.025079 -0.044738 0.000717 -0.012989 -0.029979 -0.302129 0.952707
1783948424.963044882 0.025077 -0.044749 0.000721 -0.013010 -0.029998 -0.302105 0.952714
1783948424.973015070 0.025067 -0.044738 0.000738 -0.013051 -0.030041 -0.302077 0.952721
1783948424.984472275 0.025057 -0.044706 0.000760 -0.013118 -0.030098 -0.302052 0.952726
1783948424.993028402 0.025066 -0.044671 0.000805 -0.013158 -0.030130 -0.302042 0.952728
1783948425.002985001 0.025098 -0.044633 0.000859 -0.013175 -0.030138 -0.302041 0.952727
1783948425.013098478 0.025158 -0.044603 0.000924 -0.013162 -0.030123 -0.302059 0.952722
1783948425.020273685 0.025217 -0.044584 0.000992 -0.013120 -0.030093 -0.302079 0.952718
1783948425.020273685 0.025217 -0.044584 0.000992 -0.013120 -0.030093 -0.302079 0.952718
1783948425.022961378 0.025230 -0.044590 0.000994 -0.013104 -0.030081 -0.302085 0.952716
1783948425.033033371 0.025267 -0.044621 0.000962 -0.013043 -0.030026 -0.302111 0.952711
1783948425.044055223 0.025299 -0.044656 0.000935 -0.012979 -0.029993 -0.302122 0.952709
1783948425.052951813 0.025315 -0.044674 0.000937 -0.012960 -0.029981 -0.302112 0.952713
1783948425.062949419 0.025316 -0.044678 0.000944 -0.012974 -0.030006 -0.302084 0.952721
1783948425.073035955 0.025306 -0.044660 0.000965 -0.013016 -0.030058 -0.302048 0.952730
1783948425.082967997 0.025300 -0.044623 0.000999 -0.013066 -0.030110 -0.302026 0.952735
1783948425.093036175 0.025309 -0.044578 0.001044 -0.013116 -0.030162 -0.302016 0.952735
1783948425.102942467 0.025343 -0.044535 0.001102 -0.013131 -0.030177 -0.302016 0.952735
1783948425.113035917 0.025407 -0.044501 0.001172 -0.013113 -0.030159 -0.302041 0.952727
1783948425.121124983 0.025477 -0.044479 0.001248 -0.013067 -0.030132 -0.302060 0.952723
1783948425.121124983 0.025477 -0.044479 0.001248 -0.013067 -0.030132 -0.302060 0.952723
1783948425.122907162 0.025486 -0.044482 0.001249 -0.013058 -0.030125 -0.302064 0.952722
1783948425.132970095 0.025524 -0.044517 0.001209 -0.012998 -0.030074 -0.302089 0.952716
1783948425.143194437 0.025554 -0.044553 0.001179 -0.012939 -0.030037 -0.302105 0.952714
1783948425.153101444 0.025568 -0.044577 0.001164 -0.012920 -0.030027 -0.302094 0.952717
1783948425.162972927 0.025565 -0.044584 0.001163 -0.012931 -0.030046 -0.302069 0.952725
1783948425.172945261 0.025553 -0.044570 0.001171 -0.012983 -0.030095 -0.302042 0.952731
1783948425.182941198 0.025545 -0.044538 0.001192 -0.013047 -0.030153 -0.302022 0.952735
1783948425.193075418 0.025554 -0.044499 0.001225 -0.013075 -0.030199 -0.302010 0.952737
1783948425.203145742 0.025590 -0.044461 0.001272 -0.013090 -0.030212 -0.302010 0.952736
1783948425.213005781 0.025654 -0.044433 0.001333 -0.013072 -0.030191 -0.302020 0.952734
1783948425.222027302 0.025733 -0.044412 0.001404 -0.013025 -0.030150 -0.302042 0.952729
1783948425.222027302 0.025733 -0.044412 0.001404 -0.013025 -0.030150 -0.302042 0.952729
1783948425.222916842 0.025737 -0.044414 0.001405 -0.013021 -0.030146 -0.302044 0.952728
1783948425.236380577 0.025738 -0.044516 0.001326 -0.012938 -0.030095 -0.302081 0.952719
1783948425.242950201 0.025753 -0.044549 0.001328 -0.012901 -0.030064 -0.302079 0.952721
1783948425.252945662 0.025748 -0.044602 0.001319 -0.012881 -0.030062 -0.302067 0.952726
1783948425.262930632 0.025725 -0.044639 0.001323 -0.012901 -0.030076 -0.302037 0.952734
1783948425.272925377 0.025693 -0.044654 0.001340 -0.012952 -0.030124 -0.302004 0.952743
1783948425.283019543 0.025664 -0.044653 0.001370 -0.013011 -0.030182 -0.301984 0.952746
1783948425.292960644 0.025651 -0.044643 0.001412 -0.013044 -0.030230 -0.301967 0.952750
1783948425.303392887 0.025665 -0.044634 0.001465 -0.013067 -0.030238 -0.301968 0.952749
1783948425.312958717 0.025708 -0.044631 0.001533 -0.013046 -0.030221 -0.301987 0.952744
1783948425.322853565 0.025773 -0.044638 0.001612 -0.012995 -0.030190 -0.302009 0.952738
1783948425.322853565 0.025773 -0.044638 0.001612 -0.012995 -0.030190 -0.302009 0.952738
1783948425.322944164 0.025774 -0.044638 0.001612 -0.012994 -0.030190 -0.302009 0.952738
1783948425.336033106 0.025816 -0.044697 0.001566 -0.012912 -0.030105 -0.302044 0.952731
1783948425.342943192 0.025844 -0.044720 0.001571 -0.012874 -0.030076 -0.302049 0.952731
1783948425.352923632 0.025863 -0.044750 0.001575 -0.012857 -0.030064 -0.302033 0.952737
1783948425.366258144 0.025850 -0.044773 0.001578 -0.012891 -0.030096 -0.301998 0.952746
1783948425.373001575 0.025845 -0.044761 0.001609 -0.012921 -0.030127 -0.301979 0.952751
1783948425.383033752 0.025833 -0.044737 0.001651 -0.012984 -0.030182 -0.301961 0.952754
1783948425.397587061 0.025831 -0.044703 0.001702 -0.013051 -0.030249 -0.301946 0.952756
1783948425.403023243 0.025855 -0.044680 0.001751 -0.013062 -0.030253 -0.301951 0.952754
1783948425.413048744 0.025910 -0.044654 0.001829 -0.013048 -0.030239 -0.301971 0.952748
1783948425.422984123 0.025988 -0.044636 0.001919 -0.012997 -0.030196 -0.301998 0.952742
1783948425.423727989 0.025996 -0.044634 0.001929 -0.012993 -0.030192 -0.301999 0.952741
1783948425.423727989 0.025996 -0.044634 0.001929 -0.012993 -0.030192 -0.301999 0.952741
1783948425.432942152 0.026021 -0.044668 0.001900 -0.012942 -0.030145 -0.302022 0.952736
1783948425.442914724 0.026040 -0.044705 0.001877 -0.012892 -0.030107 -0.302032 0.952735
1783948425.452986240 0.026041 -0.044732 0.001866 -0.012875 -0.030095 -0.302024 0.952738
1783948425.462926626 0.026023 -0.044741 0.001867 -0.012901 -0.030117 -0.301999 0.952745
1783948425.473020077 0.025995 -0.044729 0.001880 -0.012944 -0.030167 -0.301974 0.952751
1783948425.482924223 0.025971 -0.044698 0.001905 -0.013007 -0.030221 -0.301959 0.952753
1783948425.492954016 0.025962 -0.044660 0.001943 -0.013052 -0.030268 -0.301949 0.952754
1783948425.503027201 0.025981 -0.044624 0.001993 -0.013067 -0.030276 -0.301944 0.952755
1783948425.513063192 0.026028 -0.044598 0.002054 -0.013060 -0.030252 -0.301955 0.952753
1783948425.522935152 0.026096 -0.044579 0.002130 -0.013015 -0.030213 -0.301972 0.952749
1783948425.525091887 0.026117 -0.044572 0.002156 -0.013003 -0.030201 -0.301976 0.952748
1783948425.525091887 0.026117 -0.044572 0.002156 -0.013003 -0.030201 -0.301976 0.952748
1783948425.533001184 0.026137 -0.044599 0.002135 -0.012958 -0.030157 -0.301993 0.952745
1783948425.542992353 0.026150 -0.044636 0.002108 -0.012903 -0.030122 -0.302004 0.952743
1783948425.552942038 0.026147 -0.044663 0.002094 -0.012888 -0.030117 -0.301997 0.952746
1783948425.562971115 0.026127 -0.044674 0.002094 -0.012911 -0.030132 -0.301972 0.952753
1783948425.572988272 0.026098 -0.044662 0.002105 -0.012959 -0.030180 -0.301950 0.952758
1783948425.582995415 0.026073 -0.044634 0.002130 -0.013024 -0.030238 -0.301933 0.952760
1783948425.593102932 0.026063 -0.044600 0.002166 -0.013065 -0.030277 -0.301932 0.952759
1783948425.602976561 0.026079 -0.044566 0.002217 -0.013077 -0.030287 -0.301938 0.952757
1783948425.612968683 0.026124 -0.044541 0.002280 -0.013066 -0.030278 -0.301956 0.952751
1783948425.623718262 0.026196 -0.044525 0.002358 -0.013014 -0.030227 -0.301993 0.952742
1783948425.625488997 0.026213 -0.044520 0.002380 -0.013002 -0.030217 -0.301998 0.952741
1783948425.625488997 0.026213 -0.044520 0.002380 -0.013002 -0.030217 -0.301998 0.952741
1783948425.632997036 0.026232 -0.044545 0.002359 -0.012954 -0.030173 -0.302022 0.952735
1783948425.643008947 0.026246 -0.044583 0.002329 -0.012903 -0.030131 -0.302039 0.952732
1783948425.652963638 0.026244 -0.044609 0.002313 -0.012884 -0.030118 -0.302031 0.952735
1783948425.663007021 0.026225 -0.044617 0.002309 -0.012907 -0.030131 -0.302002 0.952743
1783948425.672996521 0.026195 -0.044603 0.002318 -0.012952 -0.030179 -0.301979 0.952749
1783948425.682936192 0.026169 -0.044572 0.002338 -0.013009 -0.030231 -0.301961 0.952752
1783948425.692992210 0.026157 -0.044535 0.002371 -0.013048 -0.030267 -0.301948 0.952754
1783948425.703036547 0.026173 -0.044500 0.002416 -0.013071 -0.030275 -0.301953 0.952752
1783948425.712937117 0.026218 -0.044474 0.002473 -0.013059 -0.030244 -0.301963 0.952750
1783948425.722963810 0.026285 -0.044456 0.002544 -0.013011 -0.030198 -0.301990 0.952744
1783948425.726318836 0.026316 -0.044446 0.002582 -0.012992 -0.030178 -0.301997 0.952743
1783948425.726318836 0.026316 -0.044446 0.002582 -0.012992 -0.030178 -0.301997 0.952743
1783948425.732942343 0.026331 -0.044467 0.002564 -0.012954 -0.030140 -0.302012 0.952740
1783948425.743008614 0.026340 -0.044505 0.002527 -0.012899 -0.030106 -0.302025 0.952737
1783948425.752951860 0.026333 -0.044533 0.002505 -0.012878 -0.030096 -0.302023 0.952739
1783948425.762998104 0.026308 -0.044544 0.002494 -0.012912 -0.030118 -0.301996 0.952746
1783948425.773004532 0.026274 -0.044534 0.002497 -0.012962 -0.030164 -0.301971 0.952751
1783948425.782935381 0.026244 -0.044507 0.002513 -0.013022 -0.030216 -0.301955 0.952754
1783948425.792986155 0.026229 -0.044474 0.002541 -0.013060 -0.030252 -0.301951 0.952754
1783948425.802986860 0.026242 -0.044442 0.002583 -0.013088 -0.030265 -0.301955 0.952752
1783948425.813269138 0.026283 -0.044420 0.002639 -0.013075 -0.030237 -0.301966 0.952749
1783948425.823002815 0.026345 -0.044406 0.002707 -0.013028 -0.030192 -0.301994 0.952743
1783948425.827197075 0.026380 -0.044396 0.002754 -0.013003 -0.030169 -0.302002 0.952741
1783948425.827197075 0.026380 -0.044396 0.002754 -0.013003 -0.030169 -0.302002 0.952741
1783948425.833000660 0.026394 -0.044417 0.002744 -0.012968 -0.030137 -0.302015 0.952739
1783948425.845263004 0.026394 -0.044475 0.002696 -0.012895 -0.030081 -0.302041 0.952733
1783948425.852953434 0.026390 -0.044495 0.002694 -0.012875 -0.030075 -0.302033 0.952736
1783948425.863011122 0.026364 -0.044511 0.002690 -0.012898 -0.030100 -0.302005 0.952744
1783948425.875117302 0.026315 -0.044507 0.002690 -0.012956 -0.030152 -0.301976 0.952750
1783948425.882980347 0.026291 -0.044483 0.002717 -0.013009 -0.030188 -0.301961 0.952753
1783948425.892968893 0.026271 -0.044451 0.002750 -0.013055 -0.030220 -0.301956 0.952753
1783948425.902992010 0.026278 -0.044420 0.002795 -0.013082 -0.030238 -0.301953 0.952753
1783948425.912990093 0.026313 -0.044400 0.002853 -0.013065 -0.030214 -0.301968 0.952749
1783948425.923017263 0.026370 -0.044387 0.002924 -0.013022 -0.030162 -0.301994 0.952744
1783948425.928040981 0.026409 -0.044377 0.002977 -0.012992 -0.030134 -0.302003 0.952742
1783948425.928040981 0.026409 -0.044377 0.002977 -0.012992 -0.030134 -0.302003 0.952742
1783948425.933011055 0.026419 -0.044394 0.002961 -0.012962 -0.030107 -0.302011 0.952741
1783948425.942964792 0.026421 -0.044434 0.002906 -0.012906 -0.030068 -0.302017 0.952741
1783948425.953010559 0.026407 -0.044464 0.002862 -0.012883 -0.030060 -0.302007 0.952744
1783948425.963005543 0.026374 -0.044476 0.002830 -0.012910 -0.030083 -0.301981 0.952752
1783948425.974387646 0.026323 -0.044465 0.002798 -0.012957 -0.030135 -0.301948 0.952760
1783948425.982996464 0.026292 -0.044437 0.002801 -0.013011 -0.030177 -0.301927 0.952764
1783948425.993041992 0.026267 -0.044401 0.002808 -0.013053 -0.030213 -0.301916 0.952766
1783948426.004777670 0.026266 -0.044367 0.002817 -0.013074 -0.030236 -0.301921 0.952763
1783948426.013011932 0.026296 -0.044346 0.002854 -0.013058 -0.030218 -0.301936 0.952760
1783948426.023052931 0.026350 -0.044330 0.002898 -0.013004 -0.030180 -0.301959 0.952754
1783948426.028910160 0.026393 -0.044318 0.002947 -0.012968 -0.030151 -0.301970 0.952752
1783948426.028910160 0.026393 -0.044318 0.002947 -0.012968 -0.030151 -0.301970 0.952752
1783948426.032987118 0.026400 -0.044331 0.002938 -0.012943 -0.030130 -0.301977 0.952751
1783948426.042945623 0.026400 -0.044374 0.002896 -0.012887 -0.030078 -0.301989 0.952750
1783948426.052978516 0.026385 -0.044408 0.002867 -0.012870 -0.030063 -0.301981 0.952753
1783948426.063032866 0.026351 -0.044424 0.002851 -0.012895 -0.030086 -0.301948 0.952762
1783948426.072980165 0.026309 -0.044419 0.002849 -0.012936 -0.030128 -0.301927 0.952767
1783948426.083060503 0.026270 -0.044396 0.002860 -0.013008 -0.030167 -0.301905 0.952772
1783948426.092947960 0.026248 -0.044366 0.002884 -0.013052 -0.030202 -0.301897 0.952773
1783948426.102966070 0.026252 -0.044337 0.002921 -0.013063 -0.030213 -0.301912 0.952767
1783948426.112993240 0.026284 -0.044318 0.002969 -0.013054 -0.030190 -0.301933 0.952762
1783948426.123020172 0.026337 -0.044307 0.003030 -0.013004 -0.030142 -0.301957 0.952756
1783948426.129783630 0.026384 -0.044297 0.003091 -0.012965 -0.030096 -0.301976 0.952752
1783948426.129783630 0.026384 -0.044297 0.003091 -0.012965 -0.030096 -0.301976 0.952752
1783948426.132958651 0.026391 -0.044307 0.003085 -0.012947 -0.030075 -0.301984 0.952751
1783948426.143037796 0.026390 -0.044348 0.003038 -0.012893 -0.030038 -0.301997 0.952748
1783948426.153018713 0.026374 -0.044377 0.003005 -0.012876 -0.030023 -0.301985 0.952753
1783948426.163438797 0.026339 -0.044391 0.002980 -0.012900 -0.030045 -0.301954 0.952762
1783948426.173013926 0.026299 -0.044381 0.002975 -0.012950 -0.030087 -0.301933 0.952766
1783948426.183024645 0.026259 -0.044355 0.002979 -0.013013 -0.030133 -0.301918 0.952769
1783948426.193003416 0.026235 -0.044323 0.002995 -0.013059 -0.030169 -0.301917 0.952767
1783948426.203047514 0.026238 -0.044293 0.003024 -0.013078 -0.030190 -0.301922 0.952765
1783948426.213086843 0.026270 -0.044272 0.003065 -0.013065 -0.030166 -0.301944 0.952759
1783948426.223055363 0.026325 -0.044259 0.003119 -0.013017 -0.030128 -0.301967 0.952753
1783948426.230650902 0.026378 -0.044248 0.003179 -0.012967 -0.030083 -0.301981 0.952751
1783948426.230650902 0.026378 -0.044248 0.003179 -0.012967 -0.030083 -0.301981 0.952751
1783948426.232983828 0.026383 -0.044255 0.003176 -0.012951 -0.030069 -0.301984 0.952751
1783948426.242967606 0.026381 -0.044302 0.003136 -0.012907 -0.030023 -0.301991 0.952750
1783948426.253019571 0.026364 -0.044338 0.003109 -0.012883 -0.030011 -0.301986 0.952753
1783948426.263009548 0.026329 -0.044357 0.003096 -0.012903 -0.030032 -0.301959 0.952760
1783948426.272997379 0.026285 -0.044352 0.003095 -0.012953 -0.030074 -0.301934 0.952766
1783948426.282968283 0.026245 -0.044330 0.003106 -0.013011 -0.030136 -0.301916 0.952769
1783948426.292968512 0.026221 -0.044300 0.003129 -0.013055 -0.030180 -0.301909 0.952769
1783948426.303029537 0.026224 -0.044273 0.003164 -0.013079 -0.030192 -0.301920 0.952765
1783948426.313028812 0.026255 -0.044253 0.003212 -0.013074 -0.030170 -0.301931 0.952763
1783948426.323815107 0.026311 -0.044243 0.003274 -0.013021 -0.030124 -0.301967 0.952753
1783948426.331499338 0.026363 -0.044235 0.003340 -0.012976 -0.030075 -0.301979 0.952752
1783948426.331499338 0.026363 -0.044235 0.003340 -0.012976 -0.030075 -0.301979 0.952752
1783948426.333001852 0.026367 -0.044239 0.003339 -0.012967 -0.030064 -0.301981 0.952752
1783948426.343066454 0.026368 -0.044284 0.003292 -0.012918 -0.030021 -0.301991 0.952750
1783948426.352983952 0.026353 -0.044318 0.003259 -0.012897 -0.030008 -0.301982 0.952754
1783948426.363041162 0.026319 -0.044335 0.003239 -0.012926 -0.030024 -0.301947 0.952764
1783948426.373028755 0.026278 -0.044330 0.003231 -0.012972 -0.030064 -0.301921 0.952770
1783948426.383066416 0.026239 -0.044307 0.003235 -0.013038 -0.030111 -0.301904 0.952774
1783948426.393010139 0.026218 -0.044277 0.003252 -0.013078 -0.030150 -0.301901 0.952773
1783948426.403060675 0.026223 -0.044249 0.003282 -0.013098 -0.030163 -0.301903 0.952771
1783948426.413001776 0.026257 -0.044230 0.003324 -0.013088 -0.030142 -0.301918 0.952767
1783948426.423026323 0.026311 -0.044219 0.003378 -0.013043 -0.030102 -0.301946 0.952760
1783948426.432362318 0.026371 -0.044212 0.003444 -0.012990 -0.030048 -0.301973 0.952754
1783948426.432362318 0.026371 -0.044212 0.003444 -0.012990 -0.030048 -0.301973 0.952754
1783948426.432980537 0.026373 -0.044214 0.003443 -0.012987 -0.030045 -0.301975 0.952754
1783948426.443065882 0.026374 -0.044259 0.003395 -0.012935 -0.029996 -0.301985 0.952753
1783948426.452971458 0.026360 -0.044293 0.003362 -0.012913 -0.029984 -0.301982 0.952755
1783948426.462984800 0.026329 -0.044310 0.003340 -0.012936 -0.029998 -0.301959 0.952761
1783948426.473003864 0.026289 -0.044305 0.003332 -0.012978 -0.030036 -0.301939 0.952766
1783948426.484559059 0.026243 -0.044283 0.003327 -0.013043 -0.030093 -0.301914 0.952771
1783948426.492964506 0.026227 -0.044254 0.003348 -0.013080 -0.030127 -0.301911 0.952770
1783948426.503059149 0.026231 -0.044225 0.003374 -0.013107 -0.030138 -0.301916 0.952768
1783948426.513036489 0.026263 -0.044205 0.003413 -0.013092 -0.030115 -0.301934 0.952763
1783948426.523000717 0.026319 -0.044193 0.003466 -0.013047 -0.030068 -0.301957 0.952758
1783948426.532974243 0.026382 -0.044186 0.003531 -0.012987 -0.030012 -0.301987 0.952751
1783948426.533231497 0.026384 -0.044186 0.003534 -0.012985 -0.030011 -0.301987 0.952751
1783948426.533231497 0.026384 -0.044186 0.003534 -0.012985 -0.030011 -0.301987 0.952751
1783948426.543045044 0.026384 -0.044229 0.003490 -0.012937 -0.029975 -0.302004 0.952747
1783948426.553014278 0.026367 -0.044263 0.003456 -0.012915 -0.029962 -0.301999 0.952750
1783948426.563045979 0.026333 -0.044280 0.003435 -0.012944 -0.029984 -0.301977 0.952756
1783948426.573052645 0.026289 -0.044274 0.003426 -0.012991 -0.030028 -0.301957 0.952760
1783948426.584232092 0.026242 -0.044250 0.003424 -0.013059 -0.030086 -0.301933 0.952765
1783948426.593009472 0.026225 -0.044220 0.003444 -0.013094 -0.030121 -0.301928 0.952765
1783948426.602993727 0.026228 -0.044189 0.003473 -0.013115 -0.030131 -0.301939 0.952761
1783948426.613023996 0.026260 -0.044169 0.003515 -0.013101 -0.030116 -0.301955 0.952756
1783948426.623116493 0.026314 -0.044157 0.003571 -0.013054 -0.030081 -0.301983 0.952749
1783948426.632992983 0.026374 -0.044149 0.003639 -0.012999 -0.030030 -0.302011 0.952743
1783948426.634114027 0.026383 -0.044146 0.003652 -0.012993 -0.030025 -0.302011 0.952743
1783948426.634114027 0.026383 -0.044146 0.003652 -0.012993 -0.030025 -0.302011 0.952743
1783948426.642986059 0.026384 -0.044182 0.003612 -0.012942 -0.029992 -0.302020 0.952742
1783948426.653027296 0.026369 -0.044216 0.003573 -0.012928 -0.029975 -0.302006 0.952747
1783948426.663024902 0.026336 -0.044233 0.003547 -0.012952 -0.029993 -0.301982 0.952754
1783948426.673015594 0.026295 -0.044228 0.003533 -0.013011 -0.030037 -0.301961 0.952758
1783948426.683004141 0.026257 -0.044206 0.003532 -0.013071 -0.030091 -0.301938 0.952763
1783948426.693019867 0.026236 -0.044177 0.003543 -0.013110 -0.030135 -0.301929 0.952764
1783948426.703089237 0.026242 -0.044151 0.003565 -0.013129 -0.030142 -0.301938 0.952760
1783948426.713046789 0.026277 -0.044133 0.003601 -0.013108 -0.030121 -0.301952 0.952757
1783948426.723074436 0.026334 -0.044123 0.003650 -0.013056 -0.030066 -0.301971 0.952753
1783948426.733049870 0.026397 -0.044119 0.003713 -0.012993 -0.030006 -0.302003 0.952746
1783948426.734978199 0.026413 -0.044115 0.003735 -0.012983 -0.029997 -0.302004 0.952746
1783948426.734978199 0.026413 -0.044115 0.003735 -0.012983 -0.029997 -0.302004 0.952746
1783948426.743245602 0.026415 -0.044152 0.003704 -0.012938 -0.029960 -0.302013 0.952745
1783948426.753040791 0.026399 -0.044190 0.003671 -0.012917 -0.029949 -0.301997 0.952751
1783948426.762977123 0.026365 -0.044213 0.003649 -0.012934 -0.029967 -0.301977 0.952756
1783948426.775408506 0.026306 -0.044217 0.003624 -0.012989 -0.030022 -0.301942 0.952765
1783948426.782992363 0.026279 -0.044196 0.003638 -0.013030 -0.030058 -0.301929 0.952767
1783948426.793018103 0.026253 -0.044167 0.003654 -0.013068 -0.030100 -0.301919 0.952769
1783948426.803405046 0.026253 -0.044139 0.003682 -0.013084 -0.030117 -0.301919 0.952768
1783948426.813082457 0.026281 -0.044121 0.003723 -0.013068 -0.030099 -0.301939 0.952762
1783948426.823039770 0.026330 -0.044111 0.003777 -0.013019 -0.030057 -0.301974 0.952753
1783948426.833087683 0.026387 -0.044106 0.003844 -0.012966 -0.030000 -0.301994 0.952749
1783948426.835819244 0.026406 -0.044101 0.003874 -0.012952 -0.029988 -0.301997 0.952749
1783948426.835819244 0.026406 -0.044101 0.003874 -0.012952 -0.029988 -0.301997 0.952749
1783948426.843018293 0.026405 -0.044129 0.003850 -0.012917 -0.029959 -0.302006 0.952748
1783948426.853087664 0.026385 -0.044163 0.003812 -0.012901 -0.029947 -0.301998 0.952751
1783948426.863382816 0.026345 -0.044181 0.003786 -0.012921 -0.029961 -0.301970 0.952759
1783948426.872983456 0.026301 -0.044174 0.003777 -0.012962 -0.030009 -0.301950 0.952763
1783948426.882990837 0.026257 -0.044150 0.003777 -0.013020 -0.030065 -0.301932 0.952766
1783948426.893015146 0.026231 -0.044118 0.003789 -0.013057 -0.030106 -0.301925 0.952767
1783948426.903291702 0.026233 -0.044088 0.003813 -0.013073 -0.030121 -0.301922 0.952767
1783948426.913061380 0.026265 -0.044067 0.003851 -0.013055 -0.030096 -0.301944 0.952761
1783948426.923043966 0.026320 -0.044054 0.003902 -0.013003 -0.030057 -0.301977 0.952753
1783948426.932995319 0.026382 -0.044048 0.003965 -0.012943 -0.030000 -0.301997 0.952749
1783948426.936690092 0.026409 -0.044041 0.004005 -0.012923 -0.029984 -0.301999 0.952749
1783948426.936690092 0.026409 -0.044041 0.004005 -0.012923 -0.029984 -0.301999 0.952749
1783948426.943029165 0.026412 -0.044066 0.003989 -0.012889 -0.029957 -0.302005 0.952748
1783948426.953158855 0.026394 -0.044104 0.003955 -0.012876 -0.029946 -0.301995 0.952752
1783948426.964363098 0.026350 -0.044129 0.003926 -0.012907 -0.029966 -0.301963 0.952761
1783948426.973030567 0.026313 -0.044125 0.003925 -0.012944 -0.030000 -0.301942 0.952766
1783948426.983042002 0.026271 -0.044108 0.003927 -0.013004 -0.030050 -0.301925 0.952769
1783948426.997816801 0.026224 -0.044085 0.003919 -0.013052 -0.030115 -0.301920 0.952768
1783948427.003000259 0.026233 -0.044065 0.003947 -0.013063 -0.030119 -0.301923 0.952767
1783948427.013067007 0.026259 -0.044045 0.003986 -0.013048 -0.030095 -0.301941 0.952762
1783948427.023068905 0.026307 -0.044034 0.004039 -0.012998 -0.030050 -0.301974 0.952754
1783948427.033010721 0.026363 -0.044028 0.004104 -0.012937 -0.029987 -0.301999 0.952749
1783948427.037544966 0.026393 -0.044020 0.004149 -0.012913 -0.029968 -0.302002 0.952749
1783948427.037544966 0.026393 -0.044020 0.004149 -0.012913 -0.029968 -0.302002 0.952749
1783948427.043044567 0.026393 -0.044039 0.004135 -0.012883 -0.029944 -0.302005 0.952749
1783948427.053029776 0.026370 -0.044074 0.004096 -0.012866 -0.029942 -0.301987 0.952755
1783948427.063012123 0.026330 -0.044092 0.004069 -0.012893 -0.029954 -0.301963 0.952762
1783948427.073066235 0.026283 -0.044087 0.004054 -0.012944 -0.029999 -0.301938 0.952767
1783948427.083061457 0.026239 -0.044064 0.004051 -0.013001 -0.030060 -0.301919 0.952771
1783948427.093621016 0.026210 -0.044033 0.004059 -0.013040 -0.030103 -0.301917 0.952769
1783948427.103020906 0.026211 -0.044002 0.004083 -0.013054 -0.030113 -0.301922 0.952767
1783948427.113037586 0.026237 -0.043981 0.004118 -0.013035 -0.030084 -0.301941 0.952763
1783948427.123409510 0.026289 -0.043969 0.004166 -0.012985 -0.030040 -0.301973 0.952754
1783948427.133088827 0.026346 -0.043961 0.004228 -0.012932 -0.029986 -0.301998 0.952749
1783948427.138421535 0.026381 -0.043953 0.004280 -0.012904 -0.029961 -0.302003 0.952749
1783948427.138421535 0.026381 -0.043953 0.004280 -0.012904 -0.029961 -0.302003 0.952749
1783948427.143060207 0.026382 -0.043968 0.004271 -0.012880 -0.029939 -0.302006 0.952749
1783948427.153079033 0.026360 -0.044005 0.004234 -0.012863 -0.029928 -0.301994 0.952753
1783948427.163563251 0.026317 -0.044027 0.004207 -0.012888 -0.029950 -0.301966 0.952761
1783948427.173032045 0.026272 -0.044022 0.004198 -0.012933 -0.029990 -0.301943 0.952766
1783948427.183019876 0.026227 -0.044001 0.004199 -0.012983 -0.030041 -0.301921 0.952771
1783948427.193036318 0.026200 -0.043970 0.004212 -0.013026 -0.030081 -0.301911 0.952772
1783948427.203003883 0.026198 -0.043941 0.004238 -0.013050 -0.030090 -0.301915 0.952771
1783948427.212996006 0.026224 -0.043922 0.004276 -0.013038 -0.030071 -0.301936 0.952765
1783948427.223312140 0.026274 -0.043911 0.004327 -0.012982 -0.030026 -0.301960 0.952759
1783948427.233061552 0.026329 -0.043906 0.004389 -0.012919 -0.029970 -0.301985 0.952754
1783948427.239273310 0.026366 -0.043898 0.004447 -0.012883 -0.029943 -0.301988 0.952754
1783948427.239273310 0.026366 -0.043898 0.004447 -0.012883 -0.029943 -0.301988 0.952754
1783948427.243040323 0.026368 -0.043909 0.004442 -0.012860 -0.029926 -0.301988 0.952755
1783948427.253448725 0.026348 -0.043946 0.004400 -0.012843 -0.029914 -0.301979 0.952759
1783948427.263022900 0.026313 -0.043961 0.004379 -0.012868 -0.029937 -0.301965 0.952762
1783948427.273021221 0.026267 -0.043958 0.004366 -0.012913 -0.029986 -0.301943 0.952767
1783948427.284567595 0.026214 -0.043937 0.004357 -0.012971 -0.030049 -0.301920 0.952771
1783948427.292993069 0.026193 -0.043910 0.004375 -0.013004 -0.030084 -0.301913 0.952772
1783948427.303110600 0.026191 -0.043884 0.004397 -0.013027 -0.030099 -0.301915 0.952771
1783948427.317001104 0.026225 -0.043873 0.004423 -0.013007 -0.030069 -0.301943 0.952763
1783948427.322987318 0.026264 -0.043865 0.004467 -0.012979 -0.030043 -0.301956 0.952760
1783948427.333047390 0.026325 -0.043864 0.004532 -0.012917 -0.029989 -0.301987 0.952753
1783948427.340146303 0.026368 -0.043859 0.004596 -0.012882 -0.029958 -0.301993 0.952752
1783948427.340146303 0.026368 -0.043859 0.004596 -0.012882 -0.029958 -0.301993 0.952752
1783948427.343015194 0.026369 -0.043870 0.004594 -0.012868 -0.029946 -0.301994 0.952752
1783948427.352986813 0.026341 -0.043918 0.004558 -0.012855 -0.029938 -0.301984 0.952756
1783948427.363099337 0.026296 -0.043950 0.004533 -0.012881 -0.029955 -0.301966 0.952761
1783948427.373018742 0.026242 -0.043957 0.004520 -0.012931 -0.030008 -0.301946 0.952765
1783948427.383106947 0.026191 -0.043946 0.004520 -0.012989 -0.030063 -0.301918 0.952771
1783948427.393024921 0.026157 -0.043927 0.004533 -0.013030 -0.030105 -0.301910 0.952772
1783948427.403058767 0.026151 -0.043909 0.004559 -0.013041 -0.030121 -0.301918 0.952769
1783948427.412988663 0.026174 -0.043902 0.004598 -0.013033 -0.030101 -0.301943 0.952761
1783948427.423128843 0.026219 -0.043903 0.004649 -0.012980 -0.030062 -0.301971 0.952755
1783948427.433093548 0.026273 -0.043909 0.004714 -0.012924 -0.030013 -0.302004 0.952747
1783948427.441004992 0.026315 -0.043909 0.004784 -0.012886 -0.029976 -0.302010 0.952746
1783948427.441004992 0.026315 -0.043909 0.004784 -0.012886 -0.029976 -0.302010 0.952746
1783948427.443022013 0.026318 -0.043916 0.004783 -0.012875 -0.029966 -0.302011 0.952746
1783948427.453089952 0.026306 -0.043957 0.004747 -0.012857 -0.029951 -0.302005 0.952749
1783948427.463102579 0.026276 -0.043979 0.004725 -0.012883 -0.029963 -0.301983 0.952755
1783948427.475372791 0.026223 -0.043982 0.004699 -0.012942 -0.030027 -0.301951 0.952763
1783948427.483059406 0.026198 -0.043961 0.004710 -0.012985 -0.030067 -0.301932 0.952767
1783948427.493070602 0.026177 -0.043933 0.004722 -0.013026 -0.030109 -0.301925 0.952767
1783948427.503053665 0.026183 -0.043907 0.004747 -0.013046 -0.030112 -0.301938 0.952763
1783948427.513049364 0.026217 -0.043890 0.004784 -0.013036 -0.030092 -0.301953 0.952759
1783948427.523041487 0.026275 -0.043882 0.004833 -0.012988 -0.030047 -0.301981 0.952752
1783948427.533039570 0.026341 -0.043880 0.004896 -0.012930 -0.030000 -0.302005 0.952746
1783948427.541910887 0.026396 -0.043875 0.004968 -0.012887 -0.029955 -0.302022 0.952743
1783948427.541910887 0.026396 -0.043875 0.004968 -0.012887 -0.029955 -0.302022 0.952743
1783948427.543057203 0.026397 -0.043879 0.004967 -0.012881 -0.029949 -0.302024 0.952743
1783948427.553057671 0.026380 -0.043920 0.004926 -0.012856 -0.029938 -0.302019 0.952745
1783948427.563074589 0.026345 -0.043944 0.004898 -0.012886 -0.029950 -0.301996 0.952751
1783948427.573694706 0.026297 -0.043946 0.004878 -0.012937 -0.029993 -0.301979 0.952755
1783948427.583066225 0.026260 -0.043928 0.004880 -0.012997 -0.030040 -0.301965 0.952757
1783948427.593062401 0.026234 -0.043905 0.004889 -0.013041 -0.030081 -0.301955 0.952758
1783948427.606750965 0.026232 -0.043887 0.004895 -0.013066 -0.030098 -0.301974 0.952751
1783948427.613074064 0.026260 -0.043874 0.004930 -0.013061 -0.030081 -0.301982 0.952749
1783948427.623089552 0.026313 -0.043868 0.004975 -0.013009 -0.030026 -0.302005 0.952745
1783948427.633023024 0.026374 -0.043867 0.005031 -0.012955 -0.029970 -0.302033 0.952738
1783948427.642738581 0.026429 -0.043866 0.005100 -0.012906 -0.029928 -0.302047 0.952736
1783948427.642738581 0.026429 -0.043866 0.005100 -0.012906 -0.029928 -0.302047 0.952736
1783948427.642997026 0.026429 -0.043867 0.005099 -0.012905 -0.029926 -0.302047 0.952736
1783948427.653064728 0.026415 -0.043909 0.005057 -0.012886 -0.029911 -0.302042 0.952738
1783948427.663072348 0.026383 -0.043934 0.005028 -0.012916 -0.029931 -0.302016 0.952745
1783948427.673011303 0.026342 -0.043937 0.005012 -0.012966 -0.029980 -0.301994 0.952750
1783948427.683070898 0.026304 -0.043925 0.005007 -0.013031 -0.030031 -0.301984 0.952751
1783948427.693068981 0.026281 -0.043906 0.005014 -0.013081 -0.030073 -0.301979 0.952750
1783948427.703071117 0.026286 -0.043888 0.005033 -0.013110 -0.030078 -0.301989 0.952747
1783948427.713044405 0.026318 -0.043880 0.005065 -0.013103 -0.030057 -0.302014 0.952739
1783948427.723042727 0.026371 -0.043881 0.005111 -0.013047 -0.030015 -0.302047 0.952731
1783948427.733134747 0.026434 -0.043887 0.005170 -0.012988 -0.029956 -0.302067 0.952727
1783948427.743040323 0.026491 -0.043891 0.005241 -0.012935 -0.029919 -0.302081 0.952725
1783948427.743599892 0.026494 -0.043890 0.005248 -0.012934 -0.029918 -0.302080 0.952725
1783948427.743599892 0.026494 -0.043890 0.005248 -0.012934 -0.029918 -0.302080 0.952725
1783948427.753110409 0.026483 -0.043934 0.005201 -0.012919 -0.029904 -0.302074 0.952728
1783948427.766364574 0.026428 -0.043979 0.005126 -0.012937 -0.029938 -0.302062 0.952730
1783948427.773003578 0.026403 -0.043978 0.005121 -0.012972 -0.029971 -0.302041 0.952735
1783948427.783084869 0.026361 -0.043971 0.005105 -0.013029 -0.030019 -0.302021 0.952740
1783948427.793057203 0.026336 -0.043957 0.005103 -0.013077 -0.030066 -0.302018 0.952738
1783948427.803845644 0.026339 -0.043947 0.005109 -0.013094 -0.030092 -0.302021 0.952736
1783948427.813117981 0.026372 -0.043944 0.005133 -0.013082 -0.030073 -0.302042 0.952730
1783948427.823105812 0.026426 -0.043950 0.005167 -0.013030 -0.030037 -0.302069 0.952724
1783948427.833977938 0.026492 -0.043964 0.005213 -0.012965 -0.029981 -0.302100 0.952717
1783948427.843034267 0.026545 -0.043972 0.005272 -0.012917 -0.029951 -0.302112 0.952714
1783948427.844468594 0.026555 -0.043971 0.005288 -0.012914 -0.029948 -0.302109 0.952715
1783948427.844468594 0.026555 -0.043971 0.005288 -0.012914 -0.029948 -0.302109 0.952715
1783948427.853052616 0.026548 -0.044012 0.005257 -0.012896 -0.029938 -0.302096 0.952720
1783948427.863415003 0.026520 -0.044050 0.005223 -0.012922 -0.029962 -0.302069 0.952728
1783948427.873032331 0.026486 -0.044064 0.005205 -0.012970 -0.030007 -0.302048 0.952732
1783948427.883053780 0.026454 -0.044063 0.005197 -0.013036 -0.030064 -0.302027 0.952736
1783948427.893420935 0.026437 -0.044056 0.005198 -0.013081 -0.030111 -0.302018 0.952737
1783948427.903022766 0.026449 -0.044051 0.005213 -0.013105 -0.030129 -0.302019 0.952736
1783948427.913023949 0.026488 -0.044054 0.005240 -0.013097 -0.030106 -0.302036 0.952731
1783948427.923028946 0.026550 -0.044065 0.005279 -0.013045 -0.030067 -0.302047 0.952730
1783948427.933053493 0.026620 -0.044079 0.005332 -0.012980 -0.030014 -0.302076 0.952723
1783948427.943089724 0.026683 -0.044092 0.005397 -0.012931 -0.029968 -0.302092 0.952720
1783948427.945335627 0.026699 -0.044090 0.005421 -0.012929 -0.029965 -0.302088 0.952721
1783948427.945335627 0.026699 -0.044090 0.005421 -0.012929 -0.029965 -0.302088 0.952721
1783948427.953069448 0.026693 -0.044130 0.005382 -0.012916 -0.029960 -0.302079 0.952724
1783948427.963043690 0.026666 -0.044169 0.005327 -0.012935 -0.029990 -0.302057 0.952730
1783948427.973035812 0.026630 -0.044186 0.005283 -0.012976 -0.030041 -0.302030 0.952737
1783948427.983106852 0.026598 -0.044185 0.005251 -0.013030 -0.030102 -0.302016 0.952738
1783948427.993842840 0.026580 -0.044179 0.005226 -0.013065 -0.030152 -0.302006 0.952739
1783948428.003089428 0.026592 -0.044173 0.005225 -0.013080 -0.030172 -0.302006 0.952739
1783948428.013057232 0.026631 -0.044177 0.005229 -0.013063 -0.030163 -0.302025 0.952733
1783948428.023066759 0.026693 -0.044189 0.005243 -0.013012 -0.030132 -0.302043 0.952729
1783948428.033074379 0.026763 -0.044206 0.005271 -0.012946 -0.030083 -0.302069 0.952723
1783948428.043107986 0.026826 -0.044223 0.005311 -0.012893 -0.030041 -0.302087 0.952720
1783948428.046197414 0.026846 -0.044224 0.005341 -0.012885 -0.030038 -0.302085 0.952721
1783948428.046197414 0.026846 -0.044224 0.005341 -0.012885 -0.030038 -0.302085 0.952721
1783948428.053876400 0.026840 -0.044262 0.005298 -0.012869 -0.030033 -0.302081 0.952722
1783948428.063093185 0.026816 -0.044299 0.005248 -0.012891 -0.030055 -0.302056 0.952729
1783948428.073094368 0.026779 -0.044321 0.005203 -0.012944 -0.030102 -0.302038 0.952732
1783948428.083029985 0.026744 -0.044327 0.005170 -0.013009 -0.030159 -0.302016 0.952737
1783948428.093098879 0.026726 -0.044326 0.005147 -0.013045 -0.030197 -0.302005 0.952739
1783948428.103042126 0.026735 -0.044328 0.005138 -0.013060 -0.030206 -0.302012 0.952736
1783948428.113068819 0.026773 -0.044339 0.005139 -0.013045 -0.030182 -0.302030 0.952731
1783948428.123051882 0.026833 -0.044357 0.005152 -0.013006 -0.030136 -0.302068 0.952721
1783948428.133145332 0.026902 -0.044378 0.005178 -0.012951 -0.030086 -0.302093 0.952716
1783948428.143125296 0.026964 -0.044397 0.005217 -0.012900 -0.030046 -0.302107 0.952713
1783948428.147360086 0.026992 -0.044397 0.005250 -0.012892 -0.030042 -0.302098 0.952716
1783948428.147360086 0.026992 -0.044397 0.005250 -0.012892 -0.030042 -0.302098 0.952716
1783948428.153044224 0.026989 -0.044424 0.005221 -0.012882 -0.030039 -0.302087 0.952720
1783948428.163105011 0.026960 -0.044468 0.005156 -0.012899 -0.030056 -0.302067 0.952725
1783948428.173064232 0.026923 -0.044490 0.005104 -0.012951 -0.030103 -0.302039 0.952732
1783948428.183033228 0.026887 -0.044496 0.005064 -0.013007 -0.030158 -0.302016 0.952737
1783948428.193057537 0.026868 -0.044496 0.005037 -0.013052 -0.030194 -0.302009 0.952737
1783948428.203085899 0.026876 -0.044498 0.005021 -0.013072 -0.030213 -0.302017 0.952734
1783948428.213316679 0.026913 -0.044511 0.005017 -0.013061 -0.030199 -0.302038 0.952728
1783948428.223054409 0.026971 -0.044529 0.005027 -0.013014 -0.030157 -0.302064 0.952722
1783948428.233095407 0.027037 -0.044552 0.005048 -0.012962 -0.030106 -0.302094 0.952714
1783948428.243030787 0.027096 -0.044574 0.005082 -0.012910 -0.030064 -0.302101 0.952714
1783948428.248090506 0.027127 -0.044577 0.005116 -0.012903 -0.030062 -0.302097 0.952716
1783948428.248090506 0.027127 -0.044577 0.005116 -0.012903 -0.030062 -0.302097 0.952716
1783948428.253064632 0.027124 -0.044601 0.005090 -0.012897 -0.030059 -0.302092 0.952718
1783948428.263101578 0.027094 -0.044647 0.005018 -0.012915 -0.030084 -0.302054 0.952729
1783948428.273050785 0.027054 -0.044671 0.004959 -0.012968 -0.030136 -0.302031 0.952733
1783948428.283035040 0.027018 -0.044677 0.004912 -0.013026 -0.030190 -0.302014 0.952736
1783948428.293094873 0.026997 -0.044677 0.004877 -0.013069 -0.030232 -0.302011 0.952735
1783948428.303118944 0.027003 -0.044678 0.004854 -0.013090 -0.030242 -0.302019 0.952732
1783948428.313046694 0.027038 -0.044688 0.004844 -0.013073 -0.030220 -0.302029 0.952730
1783948428.323052168 0.027094 -0.044707 0.004847 -0.013027 -0.030181 -0.302057 0.952723
1783948428.333095789 0.027157 -0.044730 0.004863 -0.012967 -0.030130 -0.302080 0.952718
1783948428.343060255 0.027214 -0.044752 0.004892 -0.012915 -0.030087 -0.302095 0.952715
1783948428.348787308 0.027246 -0.044755 0.004927 -0.012904 -0.030085 -0.302089 0.952717
1783948428.348787308 0.027246 -0.044755 0.004927 -0.012904 -0.030085 -0.302089 0.952717
1783948428.353084326 0.027244 -0.044773 0.004903 -0.012895 -0.030082 -0.302085 0.952719
1783948428.363093138 0.027215 -0.044813 0.004827 -0.012922 -0.030107 -0.302064 0.952724
1783948428.373301744 0.027175 -0.044830 0.004760 -0.012969 -0.030165 -0.302041 0.952729
1783948428.383069277 0.027140 -0.044830 0.004710 -0.013023 -0.030216 -0.302020 0.952733
1783948428.393095016 0.027119 -0.044823 0.004670 -0.013064 -0.030251 -0.302020 0.952732
1783948428.404254436 0.027126 -0.044819 0.004632 -0.013078 -0.030271 -0.302024 0.952730
1783948428.413072348 0.027161 -0.044819 0.004624 -0.013063 -0.030258 -0.302036 0.952727
1783948428.423153162 0.027220 -0.044828 0.004620 -0.013001 -0.030219 -0.302071 0.952718
1783948428.435381174 0.027295 -0.044850 0.004618 -0.012926 -0.030155 -0.302112 0.952708
1783948428.443134785 0.027345 -0.044858 0.004645 -0.012882 -0.030129 -0.302120 0.952707
1783948428.449652195 0.027383 -0.044859 0.004678 -0.012873 -0.030122 -0.302113 0.952709
1783948428.449652195 0.027383 -0.044859 0.004678 -0.012873 -0.030122 -0.302113 0.952709
1783948428.453095913 0.027381 -0.044873 0.004658 -0.012868 -0.030117 -0.302108 0.952711
1783948428.463053465 0.027348 -0.044916 0.004574 -0.012883 -0.030137 -0.302086 0.952717
1783948428.473457813 0.027304 -0.044938 0.004497 -0.012935 -0.030195 -0.302055 0.952724
1783948428.483088255 0.027268 -0.044940 0.004439 -0.012993 -0.030246 -0.302039 0.952727
1783948428.493047476 0.027245 -0.044936 0.004390 -0.013037 -0.030287 -0.302030 0.952728
1783948428.508218288 0.027242 -0.044952 0.004291 -0.013065 -0.030313 -0.302046 0.952722
1783948428.513202429 0.027267 -0.044949 0.004291 -0.013056 -0.030303 -0.302050 0.952721
1783948428.523076057 0.027321 -0.044959 0.004275 -0.013004 -0.030261 -0.302078 0.952714
1783948428.533048391 0.027382 -0.044972 0.004270 -0.012941 -0.030208 -0.302108 0.952707
1783948428.543057919 0.027436 -0.044983 0.004278 -0.012890 -0.030171 -0.302119 0.952706
1783948428.550511837 0.027472 -0.044980 0.004303 -0.012875 -0.030167 -0.302110 0.952709
1783948428.550511837 0.027472 -0.044980 0.004303 -0.012875 -0.030167 -0.302110 0.952709
1783948428.553070307 0.027470 -0.044987 0.004287 -0.012870 -0.030166 -0.302105 0.952710
1783948428.563123465 0.027433 -0.045018 0.004193 -0.012895 -0.030195 -0.302083 0.952716
1783948428.573057175 0.027386 -0.045027 0.004111 -0.012933 -0.030242 -0.302060 0.952721
1783948428.583504915 0.027340 -0.045020 0.004037 -0.012987 -0.030301 -0.302042 0.952724
1783948428.593081474 0.027315 -0.045005 0.003985 -0.013029 -0.030347 -0.302037 0.952724
1783948428.603109837 0.027314 -0.044992 0.003940 -0.013046 -0.030373 -0.302035 0.952724
1783948428.613056421 0.027342 -0.044988 0.003909 -0.013026 -0.030355 -0.302052 0.952719
1783948428.623100281 0.027392 -0.044992 0.003891 -0.012984 -0.030322 -0.302080 0.952712
1783948428.633062124 0.027449 -0.045000 0.003885 -0.012916 -0.030269 -0.302105 0.952706
1783948428.643158197 0.027499 -0.045006 0.003891 -0.012869 -0.030225 -0.302121 0.952703
1783948428.651374340 0.027532 -0.045000 0.003913 -0.012854 -0.030220 -0.302113 0.952706
1783948428.651374340 0.027532 -0.045000 0.003913 -0.012854 -0.030220 -0.302113 0.952706
1783948428.653086662 0.027529 -0.045005 0.003905 -0.012852 -0.030217 -0.302110 0.952707
1783948428.663733721 0.027472 -0.045046 0.003844 -0.012884 -0.030239 -0.302083 0.952715
1783948428.673052073 0.027417 -0.045058 0.003804 -0.012942 -0.030274 -0.302061 0.952720
1783948428.683128119 0.027357 -0.045058 0.003770 -0.013006 -0.030324 -0.302040 0.952724
1783948428.693084717 0.027313 -0.045051 0.003750 -0.013043 -0.030369 -0.302031 0.952725
1783948428.703091145 0.027295 -0.045046 0.003743 -0.013067 -0.030369 -0.302035 0.952723
1783948428.713109255 0.027305 -0.045049 0.003749 -0.013055 -0.030350 -0.302057 0.952717
1783948428.725402594 0.027336 -0.045072 0.003769 -0.013000 -0.030297 -0.302098 0.952707
1783948428.733136892 0.027373 -0.045080 0.003798 -0.012966 -0.030252 -0.302112 0.952704
1783948428.743118286 0.027408 -0.045096 0.003842 -0.012919 -0.030210 -0.302123 0.952703
1783948428.752238750 0.027428 -0.045098 0.003895 -0.012904 -0.030204 -0.302112 0.952707
1783948428.752238750 0.027428 -0.045098 0.003895 -0.012904 -0.030204 -0.302112 0.952707
1783948428.753046751 0.027427 -0.045100 0.003890 -0.012902 -0.030203 -0.302110 0.952707
1783948428.763072014 0.027386 -0.045125 0.003792 -0.012930 -0.030231 -0.302090 0.952712
1783948428.773091555 0.027337 -0.045128 0.003707 -0.012970 -0.030280 -0.302066 0.952718
1783948428.783097267 0.027289 -0.045113 0.003633 -0.013030 -0.030332 -0.302049 0.952721
1783948428.793060541 0.027257 -0.045093 0.003571 -0.013063 -0.030377 -0.302039 0.952722
1783948428.803153753 0.027249 -0.045075 0.003521 -0.013079 -0.030396 -0.302043 0.952720
1783948428.813106537 0.027268 -0.045066 0.003486 -0.013062 -0.030376 -0.302056 0.952717
1783948428.823110580 0.027310 -0.045064 0.003463 -0.013013 -0.030342 -0.302081 0.952710
1783948428.833085537 0.027358 -0.045067 0.003453 -0.012953 -0.030293 -0.302107 0.952705
1783948428.843132973 0.027400 -0.045069 0.003455 -0.012890 -0.030260 -0.302127 0.952700
1783948428.853105545 0.027425 -0.045063 0.003470 -0.012868 -0.030256 -0.302120 0.952703
1783948428.853105545 0.027425 -0.045063 0.003470 -0.012868 -0.030256 -0.302120 0.952703
1783948428.854463339 0.027422 -0.045066 0.003462 -0.012865 -0.030255 -0.302118 0.952704
1783948428.863165140 0.027378 -0.045087 0.003385 -0.012877 -0.030265 -0.302097 0.952710
1783948428.873105049 0.027316 -0.045094 0.003302 -0.012919 -0.030323 -0.302073 0.952715
1783948428.883066893 0.027257 -0.045083 0.003233 -0.012976 -0.030369 -0.302056 0.952718
1783948428.893080235 0.027212 -0.045063 0.003175 -0.013010 -0.030413 -0.302050 0.952718
1783948428.903097630 0.027193 -0.045045 0.003129 -0.013023 -0.030427 -0.302053 0.952717
1783948428.913076401 0.027203 -0.045035 0.003095 -0.013006 -0.030400 -0.302073 0.952711
1783948428.923080444 0.027233 -0.045035 0.003073 -0.012948 -0.030361 -0.302102 0.952704
1783948428.933113098 0.027270 -0.045039 0.003064 -0.012879 -0.030303 -0.302130 0.952698
1783948428.943111897 0.027300 -0.045043 0.003068 -0.012816 -0.030262 -0.302139 0.952697
1783948428.953045845 0.027315 -0.045035 0.003086 -0.012793 -0.030251 -0.302133 0.952700
1783948428.954002142 0.027317 -0.045032 0.003092 -0.012796 -0.030251 -0.302131 0.952700
1783948428.954002142 0.027317 -0.045032 0.003092 -0.012796 -0.030251 -0.302131 0.952700
1783948428.963113308 0.027261 -0.045054 0.003042 -0.012825 -0.030257 -0.302112 0.952706
1783948428.973080873 0.027189 -0.045058 0.002999 -0.012873 -0.030298 -0.302092 0.952710
1783948428.983092070 0.027120 -0.045045 0.002967 -0.012926 -0.030343 -0.302066 0.952716
1783948428.993075609 0.027066 -0.045025 0.002949 -0.012975 -0.030378 -0.302061 0.952716
1783948429.003075838 0.027040 -0.045007 0.002943 -0.013000 -0.030382 -0.302067 0.952714
1783948429.013477325 0.027042 -0.044998 0.002949 -0.012983 -0.030353 -0.302088 0.952708
1783948429.023141861 0.027068 -0.044998 0.002966 -0.012937 -0.030308 -0.302112 0.952703
1783948429.033108950 0.027100 -0.045003 0.002995 -0.012887 -0.030252 -0.302139 0.952696
1783948429.044780731 0.027123 -0.045014 0.003040 -0.012832 -0.030206 -0.302149 0.952695
1783948429.053067684 0.027132 -0.045008 0.003088 -0.012823 -0.030190 -0.302140 0.952699
1783948429.054836273 0.027136 -0.045003 0.003101 -0.012826 -0.030191 -0.302134 0.952701
1783948429.054836273 0.027136 -0.045003 0.003101 -0.012826 -0.030191 -0.302134 0.952701
1783948429.063141823 0.027091 -0.045019 0.003027 -0.012839 -0.030200 -0.302113 0.952707
1783948429.073119164 0.027025 -0.045021 0.002939 -0.012888 -0.030244 -0.302089 0.952713
1783948429.083106518 0.026962 -0.045006 0.002864 -0.012947 -0.030292 -0.302078 0.952714
1783948429.093117952 0.026914 -0.044984 0.002800 -0.012980 -0.030329 -0.302074 0.952714
1783948429.103113890 0.026892 -0.044962 0.002748 -0.012992 -0.030346 -0.302087 0.952709
1783948429.113072634 0.026898 -0.044950 0.002709 -0.012970 -0.030317 -0.302106 0.952704
1783948429.123080015 0.026926 -0.044945 0.002684 -0.012910 -0.030284 -0.302132 0.952697
1783948429.133116245 0.026962 -0.044945 0.002671 -0.012846 -0.030223 -0.302159 0.952692
1783948429.143056870 0.026991 -0.044945 0.002672 -0.012790 -0.030183 -0.302177 0.952688
1783948429.153093576 0.027003 -0.044935 0.002685 -0.012778 -0.030176 -0.302175 0.952689
1783948429.155731916 0.027007 -0.044926 0.002701 -0.012782 -0.030181 -0.302166 0.952692
1783948429.155731916 0.027007 -0.044926 0.002701 -0.012782 -0.030181 -0.302166 0.952692
1783948429.163096905 0.026961 -0.044940 0.002636 -0.012792 -0.030199 -0.302145 0.952698
1783948429.173075438 0.026884 -0.044945 0.002544 -0.012830 -0.030248 -0.302126 0.952702
1783948429.183056593 0.026809 -0.044933 0.002466 -0.012890 -0.030296 -0.302110 0.952704
1783948429.193111181 0.026750 -0.044913 0.002400 -0.012935 -0.030326 -0.302104 0.952705
1783948429.203125715 0.026719 -0.044894 0.002348 -0.012957 -0.030344 -0.302113 0.952701
1783948429.213064909 0.026717 -0.044885 0.002309 -0.012935 -0.030332 -0.302129 0.952696
1783948429.223092079 0.026737 -0.044885 0.002282 -0.012876 -0.030283 -0.302156 0.952690
1783948429.233127356 0.026766 -0.044889 0.002269 -0.012812 -0.030228 -0.302187 0.952683
1783948429.243413210 0.026787 -0.044894 0.002268 -0.012752 -0.030178 -0.302199 0.952682
1783948429.253137350 0.026793 -0.044889 0.002282 -0.012735 -0.030169 -0.302192 0.952684
1783948429.256568909 0.026796 -0.044879 0.002301 -0.012743 -0.030176 -0.302180 0.952688
1783948429.256568909 0.026796 -0.044879 0.002301 -0.012743 -0.030176 -0.302180 0.952688
1783948429.263066769 0.026760 -0.044888 0.002276 -0.012763 -0.030186 -0.302158 0.952694
1783948429.273068428 0.026692 -0.044888 0.002248 -0.012810 -0.030228 -0.302134 0.952700
1783948429.283093929 0.026629 -0.044872 0.002231 -0.012874 -0.030280 -0.302115 0.952704
1783948429.293083429 0.026582 -0.044848 0.002227 -0.012926 -0.030323 -0.302103 0.952705
1783948429.303702116 0.026560 -0.044827 0.002236 -0.012956 -0.030328 -0.302111 0.952702
1783948429.313102245 0.026570 -0.044815 0.002256 -0.012944 -0.030294 -0.302124 0.952699
1783948429.323090315 0.026599 -0.044811 0.002290 -0.012897 -0.030249 -0.302157 0.952691
1783948429.333065033 0.026636 -0.044813 0.002338 -0.012847 -0.030186 -0.302181 0.952686
1783948429.343092918 0.026664 -0.044815 0.002400 -0.012803 -0.030140 -0.302195 0.952684
1783948429.353092194 0.026677 -0.044809 0.002474 -0.012795 -0.030134 -0.302180 0.952688
1783948429.357439041 0.026680 -0.044798 0.002511 -0.012808 -0.030141 -0.302165 0.952693
1783948429.357439041 0.026680 -0.044798 0.002511 -0.012808 -0.030141 -0.302165 0.952693
1783948429.365415096 0.026629 -0.044811 0.002447 -0.012828 -0.030159 -0.302139 0.952700
1783948429.373126984 0.026575 -0.044810 0.002393 -0.012857 -0.030195 -0.302125 0.952703
1783948429.383119106 0.026502 -0.044799 0.002321 -0.012905 -0.030246 -0.302105 0.952707
1783948429.394962549 0.026433 -0.044782 0.002242 -0.012953 -0.030297 -0.302099 0.952707
1783948429.403145790 0.026412 -0.044764 0.002215 -0.012967 -0.030305 -0.302106 0.952704
1783948429.413127899 0.026407 -0.044753 0.002185 -0.012953 -0.030283 -0.302130 0.952698
1783948429.423078775 0.026423 -0.044750 0.002167 -0.012902 -0.030240 -0.302156 0.952692
1783948429.433079004 0.026448 -0.044753 0.002161 -0.012839 -0.030186 -0.302184 0.952685
1783948429.443135023 0.026466 -0.044756 0.002167 -0.012784 -0.030138 -0.302199 0.952682
1783948429.453132629 0.026469 -0.044749 0.002187 -0.012766 -0.030126 -0.302190 0.952686
1783948429.458445311 0.026469 -0.044734 0.002216 -0.012775 -0.030138 -0.302171 0.952691
1783948429.458445311 0.026469 -0.044734 0.002216 -0.012775 -0.030138 -0.302171 0.952691
1783948429.463296890 0.026437 -0.044739 0.002186 -0.012784 -0.030150 -0.302154 0.952696
1783948429.473101854 0.026356 -0.044743 0.002109 -0.012824 -0.030194 -0.302132 0.952701
1783948429.483120918 0.026278 -0.044729 0.002041 -0.012876 -0.030253 -0.302112 0.952705
1783948429.493416786 0.026214 -0.044708 0.001982 -0.012912 -0.030299 -0.302110 0.952704
1783948429.503144264 0.026182 -0.044688 0.001941 -0.012924 -0.030316 -0.302117 0.952701
1783948429.513080120 0.026176 -0.044678 0.001910 -0.012912 -0.030302 -0.302135 0.952696
1783948429.527355909 0.026188 -0.044691 0.001855 -0.012845 -0.030245 -0.302176 0.952686
1783948429.533090591 0.026212 -0.044690 0.001865 -0.012814 -0.030212 -0.302190 0.952683
1783948429.543188810 0.026237 -0.044695 0.001870 -0.012766 -0.030174 -0.302195 0.952683
1783948429.553087950 0.026245 -0.044689 0.001888 -0.012747 -0.030160 -0.302185 0.952687
1783948429.559155703 0.026247 -0.044673 0.001916 -0.012761 -0.030171 -0.302167 0.952692
1783948429.559155703 0.026247 -0.044673 0.001916 -0.012761 -0.030171 -0.302167 0.952692
1783948429.563074827 0.026217 -0.044684 0.001920 -0.012776 -0.030174 -0.302155 0.952695
1783948429.573102474 0.026101 -0.044720 0.001984 -0.012852 -0.030199 -0.302134 0.952700
1783948429.583092690 0.025988 -0.044739 0.002061 -0.012931 -0.030239 -0.302126 0.952701
1783948429.593090534 0.025892 -0.044749 0.002150 -0.012996 -0.030267 -0.302117 0.952702
1783948429.603104591 0.025823 -0.044761 0.002253 -0.013043 -0.030265 -0.302121 0.952700
1783948429.613123417 0.025780 -0.044782 0.002369 -0.013048 -0.030228 -0.302135 0.952696
1783948429.623088121 0.025759 -0.044811 0.002496 -0.013029 -0.030174 -0.302162 0.952690
1783948429.633137703 0.025744 -0.044846 0.002638 -0.012988 -0.030099 -0.302188 0.952684
1783948429.643139124 0.025721 -0.044881 0.002791 -0.012965 -0.030046 -0.302202 0.952682
1783948429.653128862 0.025682 -0.044908 0.002956 -0.012978 -0.030016 -0.302188 0.952687
1783948429.660019875 0.025656 -0.044907 0.003063 -0.013008 -0.030018 -0.302167 0.952694
1783948429.660019875 0.025656 -0.044907 0.003063 -0.013008 -0.030018 -0.302167 0.952694
1783948429.663140774 0.025640 -0.044906 0.003055 -0.013016 -0.030021 -0.302157 0.952697
1783948429.673069715 0.025573 -0.044903 0.003003 -0.013069 -0.030059 -0.302133 0.952702
1783948429.685415506 0.025488 -0.044883 0.002941 -0.013145 -0.030115 -0.302113 0.952706
1783948429.693083763 0.025453 -0.044856 0.002932 -0.013169 -0.030141 -0.302109 0.952706
1783948429.703145742 0.025427 -0.044827 0.002918 -0.013189 -0.030155 -0.302121 0.952701
1783948429.715108871 0.025428 -0.044812 0.002906 -0.013179 -0.030129 -0.302143 0.952695
1783948429.723078728 0.025454 -0.044801 0.002925 -0.013128 -0.030089 -0.302165 0.952690
1783948429.733088493 0.025489 -0.044798 0.002951 -0.013071 -0.030029 -0.302194 0.952684
1783948429.743152142 0.025515 -0.044793 0.002988 -0.013021 -0.029974 -0.302203 0.952683
1783948429.753129959 0.025527 -0.044778 0.003039 -0.013009 -0.029956 -0.302197 0.952686
1783948429.760905743 0.025527 -0.044751 0.003097 -0.013024 -0.029965 -0.302175 0.952692
1783948429.760905743 0.025527 -0.044751 0.003097 -0.013024 -0.029965 -0.302175 0.952692
1783948429.763155222 0.025514 -0.044750 0.003094 -0.013029 -0.029968 -0.302167 0.952695
1783948429.773083210 0.025439 -0.044744 0.003050 -0.013077 -0.030012 -0.302143 0.952700
1783948429.783079863 0.025365 -0.044720 0.003016 -0.013141 -0.030057 -0.302125 0.952704
1783948429.793112516 0.025307 -0.044690 0.002994 -0.013180 -0.030091 -0.302116 0.952705
1783948429.803372383 0.025274 -0.044660 0.002983 -0.013202 -0.030102 -0.302124 0.952702
1783948429.814473629 0.025270 -0.044641 0.002981 -0.013185 -0.030079 -0.302140 0.952698
1783948429.823089361 0.025290 -0.044628 0.003001 -0.013142 -0.030042 -0.302156 0.952694
1783948429.833093643 0.025317 -0.044620 0.003029 -0.013081 -0.029982 -0.302187 0.952687
1783948429.843110085 0.025336 -0.044611 0.003071 -0.013030 -0.029943 -0.302193 0.952687
1783948429.853214979 0.025340 -0.044592 0.003126 -0.013014 -0.029933 -0.302187 0.952690
1783948429.861746550 0.025332 -0.044559 0.003189 -0.013037 -0.029949 -0.302161 0.952697
1783948429.861746550 0.025332 -0.044559 0.003189 -0.013037 -0.029949 -0.302161 0.952697
1783948429.863083363 0.025325 -0.044557 0.003188 -0.013040 -0.029951 -0.302157 0.952698
1783948429.873391867 0.025247 -0.044550 0.003138 -0.013088 -0.029989 -0.302124 0.952707
1783948429.883098364 0.025177 -0.044525 0.003106 -0.013155 -0.030031 -0.302106 0.952710
1783948429.893150091 0.025122 -0.044494 0.003083 -0.013201 -0.030071 -0.302100 0.952710
1783948429.903100729 0.025095 -0.044464 0.003071 -0.013226 -0.030081 -0.302103 0.952709
1783948429.913409710 0.025095 -0.044445 0.003071 -0.013212 -0.030050 -0.302121 0.952704
1783948429.923153639 0.025117 -0.044433 0.003086 -0.013162 -0.030002 -0.302146 0.952698
1783948429.933125973 0.025146 -0.044426 0.003112 -0.013100 -0.029942 -0.302177 0.952691
1783948429.943182945 0.025168 -0.044421 0.003152 -0.013051 -0.029897 -0.302188 0.952690
1783948429.953128338 0.025175 -0.044406 0.003204 -0.013035 -0.029886 -0.302189 0.952690
1783948429.962641478 0.025167 -0.044375 0.003267 -0.013058 -0.029899 -0.302163 0.952698
1783948429.962641478 0.025167 -0.044375 0.003267 -0.013058 -0.029899 -0.302163 0.952698
1783948429.963092089 0.025164 -0.044375 0.003266 -0.013059 -0.029899 -0.302162 0.952698
1783948429.973406076 0.025087 -0.044371 0.003214 -0.013110 -0.029940 -0.302137 0.952704
1783948429.983158350 0.025019 -0.044350 0.003178 -0.013172 -0.029990 -0.302121 0.952707
1783948429.993158102 0.024966 -0.044321 0.003152 -0.013210 -0.030025 -0.302118 0.952706
1783948430.003152370 0.024941 -0.044293 0.003138 -0.013225 -0.030042 -0.302124 0.952703
1783948430.013114691 0.024942 -0.044274 0.003136 -0.013213 -0.030017 -0.302143 0.952698
1783948430.023135900 0.024966 -0.044263 0.003147 -0.013170 -0.029966 -0.302177 0.952690
1783948430.033177614 0.024998 -0.044256 0.003171 -0.013104 -0.029905 -0.302203 0.952684
1783948430.043103933 0.025024 -0.044248 0.003209 -0.013048 -0.029866 -0.302217 0.952682
1783948430.053187370 0.025035 -0.044231 0.003259 -0.013029 -0.029852 -0.302215 0.952683
1783948430.063101292 0.025029 -0.044197 0.003322 -0.013050 -0.029864 -0.302191 0.952690
1783948430.063472271 0.025029 -0.044195 0.003326 -0.013051 -0.029865 -0.302190 0.952690
1783948430.063472271 0.025029 -0.044195 0.003326 -0.013051 -0.029865 -0.302190 0.952690
1783948430.073208332 0.024959 -0.044188 0.003282 -0.013105 -0.029904 -0.302163 0.952697
1783948430.083150625 0.024890 -0.044166 0.003249 -0.013165 -0.029948 -0.302147 0.952700
1783948430.093193531 0.024838 -0.044136 0.003228 -0.013212 -0.029992 -0.302145 0.952698
1783948430.103207350 0.024814 -0.044108 0.003220 -0.013225 -0.029993 -0.302148 0.952697
1783948430.113141537 0.024819 -0.044089 0.003224 -0.013210 -0.029972 -0.302174 0.952690
1783948430.123159409 0.024846 -0.044079 0.003240 -0.013155 -0.029928 -0.302205 0.952682
1783948430.133116245 0.024881 -0.044073 0.003269 -0.013094 -0.029866 -0.302233 0.952676
1783948430.143140316 0.024909 -0.044068 0.003313 -0.013045 -0.029831 -0.302246 0.952674
1783948430.153183937 0.024921 -0.044054 0.003369 -0.013032 -0.029821 -0.302244 0.952675
1783948430.163947105 0.024913 -0.044020 0.003439 -0.013061 -0.029845 -0.302221 0.952681
1783948430.165840149 0.024914 -0.044008 0.003461 -0.013068 -0.029851 -0.302213 0.952683
1783948430.165840149 0.024914 -0.044008 0.003461 -0.013068 -0.029851 -0.302213 0.952683
1783948430.173139811 0.024868 -0.043999 0.003435 -0.013099 -0.029878 -0.302187 0.952690
1783948430.183164835 0.024804 -0.043978 0.003397 -0.013165 -0.029927 -0.302173 0.952692
1783948430.195519447 0.024743 -0.043947 0.003351 -0.013217 -0.029978 -0.302168 0.952692
1783948430.203118563 0.024734 -0.043921 0.003350 -0.013234 -0.029982 -0.302170 0.952691
1783948430.213107347 0.024740 -0.043901 0.003350 -0.013230 -0.029955 -0.302184 0.952687
1783948430.223099947 0.024769 -0.043888 0.003363 -0.013174 -0.029908 -0.302213 0.952680
1783948430.233251810 0.024806 -0.043881 0.003389 -0.013120 -0.029849 -0.302246 0.952672
1783948430.243149042 0.024836 -0.043874 0.003428 -0.013071 -0.029804 -0.302259 0.952670
1783948430.253168344 0.024852 -0.043859 0.003480 -0.013057 -0.029785 -0.302248 0.952674
1783948430.263281822 0.024851 -0.043827 0.003544 -0.013084 -0.029808 -0.302221 0.952682
1783948430.265208006 0.024852 -0.043816 0.003566 -0.013093 -0.029817 -0.302215 0.952683
1783948430.265208006 0.024852 -0.043816 0.003566 -0.013093 -0.029817 -0.302215 0.952683
1783948430.273178339 0.024805 -0.043811 0.003537 -0.013126 -0.029858 -0.302195 0.952688
1783948430.283183813 0.024746 -0.043795 0.003497 -0.013184 -0.029907 -0.302179 0.952691
1783948430.293117285 0.024704 -0.043770 0.003472 -0.013221 -0.029944 -0.302173 0.952691
1783948430.303200483 0.024689 -0.043746 0.003458 -0.013232 -0.029958 -0.302177 0.952689
1783948430.313225746 0.024704 -0.043730 0.003459 -0.013212 -0.029933 -0.302192 0.952686
1783948430.323111773 0.024741 -0.043722 0.003473 -0.013157 -0.029890 -0.302218 0.952679
1783948430.333149672 0.024788 -0.043718 0.003501 -0.013091 -0.029843 -0.302244 0.952673
1783948430.343173981 0.024828 -0.043712 0.003542 -0.013037 -0.029805 -0.302258 0.952671
1783948430.353151321 0.024853 -0.043696 0.003596 -0.013015 -0.029797 -0.302249 0.952674
1783948430.363194227 0.024860 -0.043663 0.003662 -0.013041 -0.029820 -0.302230 0.952679
1783948430.366070747 0.024863 -0.043647 0.003697 -0.013054 -0.029832 -0.302221 0.952681
1783948430.366070747 0.024863 -0.043647 0.003697 -0.013054 -0.029832 -0.302221 0.952681
1783948430.373170137 0.024825 -0.043638 0.003678 -0.013085 -0.029867 -0.302202 0.952686
1783948430.383195877 0.024772 -0.043616 0.003640 -0.013137 -0.029926 -0.302188 0.952688
1783948430.393132210 0.024736 -0.043589 0.003616 -0.013177 -0.029971 -0.302182 0.952688
1783948430.403168440 0.024728 -0.043561 0.003604 -0.013195 -0.030002 -0.302190 0.952684
1783948430.413157701 0.024748 -0.043541 0.003604 -0.013173 -0.029987 -0.302209 0.952679
1783948430.423181772 0.024790 -0.043529 0.003616 -0.013108 -0.029944 -0.302235 0.952673
1783948430.433122158 0.024840 -0.043521 0.003640 -0.013039 -0.029894 -0.302266 0.952666
1783948430.443143845 0.024884 -0.043511 0.003678 -0.012981 -0.029862 -0.302279 0.952663
1783948430.454902172 0.024913 -0.043488 0.003724 -0.012950 -0.029861 -0.302276 0.952665
1783948430.463119507 0.024924 -0.043455 0.003788 -0.012962 -0.029886 -0.302260 0.952669
1783948430.466951609 0.024929 -0.043432 0.003831 -0.012979 -0.029902 -0.302247 0.952672
1783948430.466951609 0.024929 -0.043432 0.003831 -0.012979 -0.029902 -0.302247 0.952672
1783948430.473165989 0.024901 -0.043422 0.003814 -0.013012 -0.029927 -0.302225 0.952678
1783948430.483597517 0.024847 -0.043400 0.003773 -0.013087 -0.029978 -0.302208 0.952681
1783948430.493108034 0.024815 -0.043373 0.003752 -0.013135 -0.030017 -0.302199 0.952682
1783948430.503185034 0.024806 -0.043346 0.003740 -0.013159 -0.030023 -0.302200 0.952681
1783948430.513137341 0.024826 -0.043330 0.003742 -0.013152 -0.029993 -0.302213 0.952678
1783948430.523521423 0.024867 -0.043323 0.003755 -0.013096 -0.029947 -0.302245 0.952670
1783948430.533136129 0.024915 -0.043317 0.003783 -0.013035 -0.029900 -0.302269 0.952664
1783948430.543126345 0.024957 -0.043310 0.003823 -0.012981 -0.029863 -0.302282 0.952662
1783948430.553510427 0.024983 -0.043291 0.003877 -0.012960 -0.029860 -0.302277 0.952664
1783948430.563104153 0.024992 -0.043257 0.003943 -0.012980 -0.029885 -0.302255 0.952670
1783948430.567797184 0.024997 -0.043229 0.003992 -0.013004 -0.029907 -0.302243 0.952673
1783948430.567797184 0.024997 -0.043229 0.003992 -0.013004 -0.029907 -0.302243 0.952673
1783948430.573155880 0.024970 -0.043219 0.003982 -0.013028 -0.029936 -0.302229 0.952676
1783948430.584650755 0.024907 -0.043194 0.003927 -0.013094 -0.030008 -0.302203 0.952681
1783948430.593183756 0.024877 -0.043166 0.003915 -0.013128 -0.030043 -0.302197 0.952682
1783948430.603179455 0.024865 -0.043137 0.003902 -0.013145 -0.030067 -0.302198 0.952680
1783948430.613370895 0.024881 -0.043115 0.003901 -0.013127 -0.030054 -0.302212 0.952676
1783948430.623122692 0.024919 -0.043103 0.003914 -0.013064 -0.030017 -0.302237 0.952671
1783948430.633148193 0.024965 -0.043093 0.003940 -0.012999 -0.029971 -0.302261 0.952665
1783948430.646950960 0.025008 -0.043082 0.003960 -0.012913 -0.029941 -0.302283 0.952661
1783948430.653159380 0.025027 -0.043065 0.004010 -0.012898 -0.029936 -0.302273 0.952664
1783948430.663155317 0.025037 -0.043029 0.004075 -0.012924 -0.029967 -0.302249 0.952670
1783948430.668668032 0.025042 -0.042998 0.004133 -0.012949 -0.029994 -0.302231 0.952675
1783948430.668668032 0.025042 -0.042998 0.004133 -0.012949 -0.029994 -0.302231 0.952675
1783948430.673120022 0.025023 -0.042988 0.004122 -0.012970 -0.030012 -0.302217 0.952678
1783948430.683110237 0.024975 -0.042970 0.004075 -0.013029 -0.030064 -0.302199 0.952681
1783948430.693146706 0.024942 -0.042947 0.004038 -0.013072 -0.030102 -0.302189 0.952683
1783948430.703126192 0.024936 -0.042925 0.004015 -0.013098 -0.030114 -0.302190 0.952682
1783948430.713127613 0.024958 -0.042911 0.004004 -0.013088 -0.030093 -0.302208 0.952677
1783948430.723141193 0.025002 -0.042903 0.004007 -0.013039 -0.030046 -0.302235 0.952670
1783948430.733103275 0.025054 -0.042896 0.004023 -0.012983 -0.029990 -0.302268 0.952663
1783948430.743446589 0.025100 -0.042889 0.004052 -0.012938 -0.029948 -0.302281 0.952660
1783948430.753282785 0.025129 -0.042871 0.004094 -0.012918 -0.029928 -0.302276 0.952663
1783948430.763161659 0.025140 -0.042838 0.004149 -0.012938 -0.029947 -0.302256 0.952668
1783948430.769528866 0.025146 -0.042800 0.004203 -0.012972 -0.029974 -0.302240 0.952672
1783948430.769528866 0.025146 -0.042800 0.004203 -0.012972 -0.029974 -0.302240 0.952672
1783948430.773141146 0.025130 -0.042791 0.004197 -0.012990 -0.029990 -0.302229 0.952675
1783948430.783119202 0.025075 -0.042769 0.004160 -0.013041 -0.030039 -0.302212 0.952678
1783948430.793115616 0.025035 -0.042741 0.004136 -0.013093 -0.030084 -0.302206 0.952678
1783948430.803158283 0.025021 -0.042716 0.004125 -0.013111 -0.030101 -0.302209 0.952676
1783948430.813189268 0.025035 -0.042701 0.004127 -0.013100 -0.030077 -0.302218 0.952674
1783948430.823205709 0.025071 -0.042694 0.004144 -0.013053 -0.030036 -0.302244 0.952668
1783948430.833189487 0.025115 -0.042690 0.004174 -0.012993 -0.029983 -0.302269 0.952662
1783948430.844366789 0.025153 -0.042686 0.004217 -0.012940 -0.029942 -0.302285 0.952659
1783948430.853143692 0.025174 -0.042670 0.004271 -0.012924 -0.029934 -0.302282 0.952661
1783948430.863113403 0.025178 -0.042640 0.004339 -0.012946 -0.029958 -0.302250 0.952670
1783948430.870388269 0.025179 -0.042602 0.004405 -0.012976 -0.029993 -0.302233 0.952674
1783948430.870388269 0.025179 -0.042602 0.004405 -0.012976 -0.029993 -0.302233 0.952674
1783948430.878042698 0.025138 -0.042586 0.004372 -0.013008 -0.030028 -0.302215 0.952678
1783948430.883149624 0.025114 -0.042568 0.004362 -0.013041 -0.030053 -0.302203 0.952681
1783948430.893182755 0.025072 -0.042538 0.004323 -0.013088 -0.030091 -0.302192 0.952682
1783948430.904181719 0.025054 -0.042509 0.004290 -0.013111 -0.030102 -0.302193 0.952681
1783948430.913198233 0.025069 -0.042489 0.004285 -0.013102 -0.030079 -0.302206 0.952678
1783948430.923201799 0.025105 -0.042476 0.004287 -0.013060 -0.030034 -0.302223 0.952674
1783948430.938683987 0.025155 -0.042483 0.004266 -0.012986 -0.029947 -0.302273 0.952663
1783948430.943215132 0.025178 -0.042477 0.004295 -0.012960 -0.029925 -0.302277 0.952662
1783948430.953187943 0.025206 -0.042464 0.004336 -0.012942 -0.029914 -0.302266 0.952666
1783948430.965447903 0.025211 -0.042432 0.004387 -0.012972 -0.029937 -0.302237 0.952674
1783948430.971262932 0.025216 -0.042399 0.004439 -0.012998 -0.029964 -0.302212 0.952681
1783948430.971262932 0.025216 -0.042399 0.004439 -0.012998 -0.029964 -0.302212 0.952681
1783948430.973131657 0.025207 -0.042395 0.004436 -0.013006 -0.029972 -0.302204 0.952683
1783948430.983222246 0.025150 -0.042382 0.004391 -0.013068 -0.030020 -0.302183 0.952688
1783948430.993195057 0.025110 -0.042363 0.004360 -0.013117 -0.030063 -0.302179 0.952687
1783948431.003989458 0.025096 -0.042346 0.004334 -0.013143 -0.030074 -0.302179 0.952686
1783948431.013189077 0.025113 -0.042336 0.004332 -0.013133 -0.030067 -0.302196 0.952681
1783948431.023156166 0.025150 -0.042335 0.004338 -0.013090 -0.030019 -0.302222 0.952675
1783948431.033959627 0.025198 -0.042338 0.004354 -0.013027 -0.029965 -0.302254 0.952667
1783948431.043122053 0.025235 -0.042337 0.004388 -0.012982 -0.029925 -0.302259 0.952668
1783948431.053164482 0.025259 -0.042327 0.004434 -0.012967 -0.029919 -0.302257 0.952668
1783948431.063133478 0.025265 -0.042303 0.004492 -0.012991 -0.029934 -0.302236 0.952674
1783948431.072122097 0.025265 -0.042262 0.004560 -0.013025 -0.029975 -0.302211 0.952681
1783948431.072122097 0.025265 -0.042262 0.004560 -0.013025 -0.029975 -0.302211 0.952681
1783948431.073157072 0.025260 -0.042259 0.004559 -0.013029 -0.029979 -0.302207 0.952682
1783948431.083159924 0.025204 -0.042247 0.004518 -0.013095 -0.030031 -0.302179 0.952688
1783948431.096374512 0.025144 -0.042231 0.004463 -0.013161 -0.030095 -0.302168 0.952688
1783948431.103163481 0.025141 -0.042214 0.004464 -0.013173 -0.030102 -0.302169 0.952688
1783948431.113137007 0.025152 -0.042203 0.004460 -0.013170 -0.030073 -0.302184 0.952684
1783948431.123413324 0.025185 -0.042202 0.004469 -0.013125 -0.030021 -0.302207 0.952679
1783948431.133173704 0.025225 -0.042204 0.004492 -0.013062 -0.029970 -0.302236 0.952672
1783948431.143145800 0.025259 -0.042205 0.004527 -0.013008 -0.029939 -0.302245 0.952671
1783948431.153134823 0.025279 -0.042196 0.004575 -0.012993 -0.029933 -0.302234 0.952675
1783948431.163498402 0.025280 -0.042169 0.004636 -0.013010 -0.029962 -0.302199 0.952685
1783948431.173136950 0.025275 -0.042121 0.004709 -0.013065 -0.030009 -0.302172 0.952691
1783948431.173309565 0.025275 -0.042120 0.004711 -0.013066 -0.030010 -0.302171 0.952692
1783948431.173309565 0.025275 -0.042120 0.004711 -0.013066 -0.030010 -0.302171 0.952692
1783948431.183160305 0.025223 -0.042107 0.004654 -0.013121 -0.030059 -0.302153 0.952695
1783948431.195368290 0.025177 -0.042090 0.004584 -0.013183 -0.030110 -0.302149 0.952694
1783948431.203153133 0.025174 -0.042072 0.004570 -0.013186 -0.030121 -0.302152 0.952692
1783948431.213147402 0.025192 -0.042064 0.004550 -0.013178 -0.030096 -0.302177 0.952685
1783948431.223942757 0.025233 -0.042065 0.004537 -0.013122 -0.030044 -0.302218 0.952675
1783948431.233153343 0.025279 -0.042067 0.004546 -0.013069 -0.029986 -0.302249 0.952668
1783948431.243193626 0.025321 -0.042069 0.004563 -0.013017 -0.029944 -0.302260 0.952666
1783948431.254412651 0.025348 -0.042061 0.004589 -0.013002 -0.029932 -0.302246 0.952671
1783948431.263145924 0.025357 -0.042036 0.004633 -0.013023 -0.029942 -0.302227 0.952677
1783948431.273154259 0.025357 -0.041989 0.004688 -0.013071 -0.029991 -0.302206 0.952681
1783948431.273875713 0.025358 -0.041984 0.004696 -0.013075 -0.029994 -0.302204 0.952682
1783948431.273875713 0.025358 -0.041984 0.004696 -0.013075 -0.029994 -0.302204 0.952682
1783948431.283168316 0.025305 -0.041971 0.004656 -0.013128 -0.030036 -0.302183 0.952686
1783948431.293160200 0.025264 -0.041952 0.004622 -0.013169 -0.030084 -0.302174 0.952687
1783948431.303161621 0.025251 -0.041933 0.004599 -0.013187 -0.030106 -0.302177 0.952685
1783948431.316162348 0.025266 -0.041930 0.004570 -0.013178 -0.030089 -0.302200 0.952678
1783948431.323134899 0.025302 -0.041925 0.004584 -0.013137 -0.030062 -0.302217 0.952675
1783948431.333145618 0.025351 -0.041929 0.004600 -0.013077 -0.030014 -0.302237 0.952670
1783948431.343139648 0.025392 -0.041932 0.004630 -0.013023 -0.029978 -0.302243 0.952671
1783948431.353166819 0.025417 -0.041925 0.004674 -0.013012 -0.029968 -0.302233 0.952674
1783948431.363154650 0.025425 -0.041901 0.004730 -0.013037 -0.029987 -0.302196 0.952685
1783948431.373145819 0.025424 -0.041855 0.004798 -0.013082 -0.030037 -0.302169 0.952691
1783948431.374725580 0.025428 -0.041842 0.004816 -0.013089 -0.030045 -0.302165 0.952692
1783948431.374725580 0.025428 -0.041842 0.004816 -0.013089 -0.030045 -0.302165 0.952692
1783948431.383187771 0.025398 -0.041829 0.004771 -0.013126 -0.030089 -0.302150 0.952695
1783948431.393176079 0.025377 -0.041808 0.004720 -0.013156 -0.030141 -0.302144 0.952695
1783948431.403227329 0.025384 -0.041787 0.004681 -0.013160 -0.030155 -0.302151 0.952692
1783948431.413168192 0.025417 -0.041776 0.004656 -0.013130 -0.030140 -0.302175 0.952685
1783948431.423182011 0.025473 -0.041775 0.004643 -0.013062 -0.030100 -0.302209 0.952677
1783948431.433184147 0.025537 -0.041778 0.004644 -0.012996 -0.030052 -0.302223 0.952675
1783948431.449440718 0.025616 -0.041792 0.004597 -0.012911 -0.029994 -0.302258 0.952667
1783948431.453184605 0.025633 -0.041786 0.004625 -0.012906 -0.029989 -0.302251 0.952669
1783948431.463189602 0.025663 -0.041765 0.004663 -0.012927 -0.030011 -0.302222 0.952677
1783948431.473144531 0.025684 -0.041723 0.004714 -0.012963 -0.030050 -0.302193 0.952685
1783948431.475589752 0.025690 -0.041707 0.004742 -0.012976 -0.030063 -0.302187 0.952686
1783948431.475589752 0.025690 -0.041707 0.004742 -0.012976 -0.030063 -0.302187 0.952686
1783948431.484540939 0.025655 -0.041696 0.004691 -0.013027 -0.030117 -0.302166 0.952690
1783948431.493199110 0.025635 -0.041678 0.004653 -0.013058 -0.030151 -0.302156 0.952692
1783948431.503275633 0.025633 -0.041661 0.004612 -0.013068 -0.030174 -0.302161 0.952690
1783948431.515390158 0.025661 -0.041656 0.004568 -0.013040 -0.030161 -0.302181 0.952684
1783948431.523150206 0.025706 -0.041652 0.004567 -0.013000 -0.030132 -0.302203 0.952679
1783948431.533188105 0.025762 -0.041657 0.004566 -0.012942 -0.030082 -0.302228 0.952673
1783948431.543166399 0.025812 -0.041662 0.004578 -0.012893 -0.030049 -0.302233 0.952673
1783948431.553399801 0.025846 -0.041657 0.004603 -0.012882 -0.030049 -0.302217 0.952678
1783948431.563412428 0.025862 -0.041635 0.004641 -0.012898 -0.030073 -0.302186 0.952687
1783948431.573292732 0.025871 -0.041591 0.004692 -0.012937 -0.030126 -0.302166 0.952691
1783948431.576442957 0.025879 -0.041568 0.004721 -0.012956 -0.030137 -0.302159 0.952693
1783948431.576442957 0.025879 -0.041568 0.004721 -0.012956 -0.030137 -0.302159 0.952693
1783948431.584092379 0.025852 -0.041555 0.004677 -0.013001 -0.030167 -0.302146 0.952696
1783948431.593202114 0.025831 -0.041536 0.004627 -0.013039 -0.030205 -0.302142 0.952695
1783948431.606244326 0.025826 -0.041522 0.004548 -0.013060 -0.030226 -0.302153 0.952691
1783948431.613167524 0.025853 -0.041511 0.004539 -0.013042 -0.030208 -0.302163 0.952688
1783948431.623182297 0.025901 -0.041509 0.004520 -0.012987 -0.030174 -0.302189 0.952682
1783948431.636186838 0.025962 -0.041525 0.004493 -0.012906 -0.030108 -0.302219 0.952675
1783948431.643201828 0.026000 -0.041527 0.004512 -0.012868 -0.030077 -0.302220 0.952677
1783948431.653221846 0.026032 -0.041528 0.004534 -0.012850 -0.030064 -0.302218 0.952678
1783948431.663180828 0.026047 -0.041511 0.004570 -0.012876 -0.030089 -0.302184 0.952688
1783948431.673188686 0.026054 -0.041470 0.004616 -0.012912 -0.030135 -0.302155 0.952695
1783948431.677298307 0.026063 -0.041442 0.004652 -0.012934 -0.030156 -0.302144 0.952697
1783948431.677298307 0.026063 -0.041442 0.004652 -0.012934 -0.030156 -0.302144 0.952697
1783948431.683191538 0.026041 -0.041430 0.004622 -0.012967 -0.030187 -0.302130 0.952700
1783948431.693228722 0.026008 -0.041411 0.004558 -0.013002 -0.030231 -0.302118 0.952702
1783948431.703492880 0.026002 -0.041392 0.004505 -0.013017 -0.030243 -0.302135 0.952697
1783948431.713222027 0.026024 -0.041382 0.004470 -0.012998 -0.030223 -0.302145 0.952694
1783948431.723209858 0.026068 -0.041383 0.004445 -0.012951 -0.030184 -0.302176 0.952686
1783948431.733381748 0.026119 -0.041392 0.004435 -0.012889 -0.030129 -0.302197 0.952682
1783948431.743216753 0.026162 -0.041402 0.004440 -0.012840 -0.030088 -0.302205 0.952681
1783948431.753213167 0.026190 -0.041403 0.004457 -0.012818 -0.030083 -0.302190 0.952687
1783948431.765409470 0.026193 -0.041387 0.004480 -0.012851 -0.030107 -0.302169 0.952692
1783948431.773234844 0.026195 -0.041352 0.004524 -0.012894 -0.030143 -0.302148 0.952697
1783948431.778164625 0.026201 -0.041321 0.004563 -0.012923 -0.030165 -0.302137 0.952699
1783948431.778164625 0.026201 -0.041321 0.004563 -0.012923 -0.030165 -0.302137 0.952699
1783948431.783218622 0.026181 -0.041312 0.004539 -0.012951 -0.030187 -0.302126 0.952702
1783948431.793228149 0.026145 -0.041298 0.004473 -0.012987 -0.030224 -0.302116 0.952703
1783948431.803329229 0.026134 -0.041285 0.004419 -0.013000 -0.030244 -0.302114 0.952703
1783948431.813169956 0.026152 -0.041280 0.004381 -0.012981 -0.030226 -0.302133 0.952698
1783948431.823210239 0.026191 -0.041284 0.004353 -0.012922 -0.030182 -0.302164 0.952691
1783948431.833233118 0.026237 -0.041295 0.004339 -0.012868 -0.030128 -0.302186 0.952686
1783948431.843194246 0.026276 -0.041308 0.004338 -0.012821 -0.030091 -0.302194 0.952685
1783948431.853240252 0.026301 -0.041312 0.004350 -0.012806 -0.030083 -0.302186 0.952688
1783948431.863158464 0.026307 -0.041298 0.004376 -0.012826 -0.030106 -0.302160 0.952695
1783948431.873492241 0.026305 -0.041259 0.004412 -0.012875 -0.030155 -0.302135 0.952701
1783948431.879034758 0.026311 -0.041223 0.004453 -0.012901 -0.030184 -0.302123 0.952704
1783948431.879034758 0.026311 -0.041223 0.004453 -0.012901 -0.030184 -0.302123 0.952704
1783948431.883152246 0.026288 -0.041221 0.004435 -0.012922 -0.030204 -0.302113 0.952706
1783948431.893203259 0.026217 -0.041238 0.004373 -0.012968 -0.030242 -0.302106 0.952706
1783948431.903228045 0.026174 -0.041256 0.004323 -0.012994 -0.030249 -0.302115 0.952703
1783948431.913196087 0.026158 -0.041283 0.004287 -0.012984 -0.030231 -0.302131 0.952698
1783948431.924166918 0.026160 -0.041328 0.004257 -0.012937 -0.030185 -0.302163 0.952690
1783948431.933210135 0.026176 -0.041364 0.004254 -0.012884 -0.030140 -0.302183 0.952686
1783948431.943186283 0.026183 -0.041406 0.004258 -0.012843 -0.030093 -0.302189 0.952686
1783948431.956364632 0.026145 -0.041466 0.004262 -0.012823 -0.030086 -0.302172 0.952692
1783948431.963182688 0.026134 -0.041468 0.004294 -0.012843 -0.030094 -0.302152 0.952698
1783948431.973250628 0.026094 -0.041466 0.004336 -0.012891 -0.030140 -0.302127 0.952704
1783948431.979892731 0.026081 -0.041444 0.004381 -0.012930 -0.030170 -0.302110 0.952708
1783948431.979892731 0.026081 -0.041444 0.004381 -0.012930 -0.030170 -0.302110 0.952708
1783948431.983222485 0.026065 -0.041441 0.004369 -0.012948 -0.030184 -0.302100 0.952710
1783948431.993193150 0.026016 -0.041439 0.004303 -0.012986 -0.030219 -0.302098 0.952709
1783948432.003242970 0.025995 -0.041439 0.004250 -0.013002 -0.030229 -0.302101 0.952708
1783948432.013198137 0.026002 -0.041448 0.004211 -0.012984 -0.030210 -0.302114 0.952704
1783948432.023177624 0.026029 -0.041466 0.004186 -0.012933 -0.030164 -0.302140 0.952698
1783948432.033195257 0.026064 -0.041490 0.004173 -0.012874 -0.030106 -0.302163 0.952694
1783948432.043196440 0.026094 -0.041514 0.004174 -0.012835 -0.030056 -0.302171 0.952693
1783948432.053278446 0.026108 -0.041528 0.004186 -0.012817 -0.030039 -0.302164 0.952696
1783948432.063239336 0.026104 -0.041524 0.004212 -0.012845 -0.030057 -0.302137 0.952704
1783948432.073206902 0.026091 -0.041498 0.004250 -0.012897 -0.030109 -0.302115 0.952709
1783948432.080760479 0.026086 -0.041464 0.004297 -0.012947 -0.030146 -0.302099 0.952712
1783948432.080760479 0.026086 -0.041464 0.004297 -0.012947 -0.030146 -0.302099 0.952712
1783948432.086374521 0.026056 -0.041461 0.004266 -0.012983 -0.030172 -0.302088 0.952714
1783948432.093176365 0.026025 -0.041457 0.004229 -0.013016 -0.030193 -0.302079 0.952716
1783948432.103200912 0.025996 -0.041460 0.004167 -0.013031 -0.030206 -0.302087 0.952713
1783948432.113192320 0.025995 -0.041471 0.004118 -0.013020 -0.030180 -0.302113 0.952705
1783948432.123213291 0.026017 -0.041491 0.004081 -0.012961 -0.030132 -0.302143 0.952698
1783948432.133234262 0.026046 -0.041516 0.004059 -0.012901 -0.030080 -0.302169 0.952692
1783948432.143188953 0.026067 -0.041539 0.004052 -0.012851 -0.030040 -0.302176 0.952692
1783948432.153221369 0.026071 -0.041552 0.004058 -0.012832 -0.030028 -0.302168 0.952695
1783948432.163215637 0.026058 -0.041547 0.004076 -0.012857 -0.030043 -0.302143 0.952702
1783948432.173243999 0.026036 -0.041519 0.004104 -0.012902 -0.030079 -0.302119 0.952708
1783948432.181622982 0.026025 -0.041479 0.004147 -0.012945 -0.030122 -0.302103 0.952711
1783948432.181622982 0.026025 -0.041479 0.004147 -0.012945 -0.030122 -0.302103 0.952711
1783948432.183198452 0.026017 -0.041476 0.004141 -0.012954 -0.030129 -0.302099 0.952712
1783948432.193223953 0.025961 -0.041474 0.004068 -0.012987 -0.030176 -0.302095 0.952711
1783948432.203224182 0.025931 -0.041473 0.004008 -0.013002 -0.030185 -0.302097 0.952710
1783948432.213205338 0.025929 -0.041484 0.003962 -0.012988 -0.030163 -0.302115 0.952706
1783948432.223201752 0.025949 -0.041501 0.003929 -0.012939 -0.030111 -0.302147 0.952698
1783948432.233220816 0.025977 -0.041522 0.003909 -0.012881 -0.030053 -0.302176 0.952691
1783948432.245399714 0.025994 -0.041549 0.003888 -0.012813 -0.030004 -0.302196 0.952687
1783948432.253228426 0.025999 -0.041553 0.003903 -0.012799 -0.029996 -0.302190 0.952690
1783948432.263243914 0.025985 -0.041546 0.003923 -0.012818 -0.030014 -0.302169 0.952696
1783948432.276369333 0.025946 -0.041514 0.003947 -0.012880 -0.030084 -0.302141 0.952701
1783948432.282489300 0.025939 -0.041480 0.003989 -0.012914 -0.030111 -0.302122 0.952706
1783948432.282489300 0.025939 -0.041480 0.003989 -0.012914 -0.030111 -0.302122 0.952706
1783948432.283184767 0.025935 -0.041479 0.003986 -0.012917 -0.030113 -0.302120 0.952707
1783948432.293228865 0.025876 -0.041478 0.003910 -0.012959 -0.030154 -0.302113 0.952707
1783948432.303207874 0.025845 -0.041478 0.003847 -0.012974 -0.030168 -0.302115 0.952706
1783948432.313242674 0.025840 -0.041487 0.003796 -0.012964 -0.030146 -0.302134 0.952700
1783948432.323228836 0.025857 -0.041504 0.003760 -0.012912 -0.030099 -0.302158 0.952695
1783948432.333241224 0.025882 -0.041524 0.003739 -0.012848 -0.030052 -0.302187 0.952688
1783948432.343187571 0.025901 -0.041543 0.003732 -0.012800 -0.030015 -0.302208 0.952683
1783948432.353179216 0.025905 -0.041551 0.003738 -0.012785 -0.030011 -0.302196 0.952687
1783948432.363265038 0.025890 -0.041543 0.003756 -0.012810 -0.030034 -0.302169 0.952695
1783948432.373400927 0.025865 -0.041514 0.003787 -0.012857 -0.030079 -0.302143 0.952701
1783948432.383179188 0.025845 -0.041469 0.003831 -0.012914 -0.030137 -0.302124 0.952705
1783948432.383350372 0.025845 -0.041468 0.003832 -0.012915 -0.030137 -0.302124 0.952705
1783948432.383350372 0.025845 -0.041468 0.003832 -0.012915 -0.030137 -0.302124 0.952705
1783948432.393281460 0.025783 -0.041472 0.003768 -0.012965 -0.030166 -0.302114 0.952706
1783948432.403438091 0.025748 -0.041478 0.003713 -0.012988 -0.030167 -0.302115 0.952706
1783948432.413218737 0.025742 -0.041492 0.003676 -0.012981 -0.030149 -0.302132 0.952701
1783948432.423186779 0.025757 -0.041515 0.003649 -0.012926 -0.030103 -0.302157 0.952695
1783948432.435858250 0.025780 -0.041557 0.003616 -0.012858 -0.030041 -0.302200 0.952684
1783948432.443206787 0.025799 -0.041572 0.003625 -0.012821 -0.030006 -0.302212 0.952682
1783948432.453240633 0.025804 -0.041589 0.003637 -0.012808 -0.029999 -0.302196 0.952688
1783948432.463208199 0.025792 -0.041589 0.003664 -0.012832 -0.030013 -0.302171 0.952695
1783948432.473518610 0.025769 -0.041567 0.003703 -0.012884 -0.030065 -0.302139 0.952702
1783948432.483195543 0.025753 -0.041529 0.003754 -0.012945 -0.030121 -0.302119 0.952706
1783948432.484212399 0.025754 -0.041522 0.003764 -0.012950 -0.030125 -0.302118 0.952707
1783948432.484212399 0.025754 -0.041522 0.003764 -0.012950 -0.030125 -0.302118 0.952707
1783948432.493196726 0.025708 -0.041524 0.003704 -0.012988 -0.030169 -0.302107 0.952708
1783948432.503230572 0.025680 -0.041529 0.003640 -0.013000 -0.030188 -0.302109 0.952707
1783948432.513229609 0.025679 -0.041543 0.003589 -0.012977 -0.030159 -0.302121 0.952704
1783948432.523244619 0.025700 -0.041564 0.003552 -0.012917 -0.030122 -0.302151 0.952697
1783948432.534273863 0.025731 -0.041592 0.003519 -0.012843 -0.030079 -0.302183 0.952689
1783948432.543252230 0.025753 -0.041609 0.003517 -0.012784 -0.030052 -0.302197 0.952686
1783948432.553230286 0.025761 -0.041619 0.003520 -0.012760 -0.030051 -0.302188 0.952689
1783948432.564364910 0.025745 -0.041612 0.003528 -0.012776 -0.030081 -0.302157 0.952698
1783948432.573230028 0.025728 -0.041586 0.003560 -0.012808 -0.030127 -0.302133 0.952703
1783948432.583217859 0.025710 -0.041544 0.003599 -0.012861 -0.030186 -0.302115 0.952707
1783948432.585083008 0.025710 -0.041534 0.003618 -0.012870 -0.030193 -0.302112 0.952707
1783948432.585083008 0.025710 -0.041534 0.003618 -0.012870 -0.030193 -0.302112 0.952707
1783948432.593257189 0.025666 -0.041536 0.003560 -0.012911 -0.030228 -0.302103 0.952708
1783948432.603231192 0.025634 -0.041545 0.003492 -0.012923 -0.030238 -0.302103 0.952708
1783948432.613229275 0.025629 -0.041562 0.003435 -0.012904 -0.030222 -0.302121 0.952703
1783948432.623247862 0.025647 -0.041588 0.003391 -0.012851 -0.030172 -0.302146 0.952697
1783948432.633202553 0.025673 -0.041616 0.003359 -0.012796 -0.030123 -0.302177 0.952690
1783948432.643201351 0.025692 -0.041641 0.003340 -0.012741 -0.030082 -0.302192 0.952687
1783948432.653236866 0.025696 -0.041656 0.003335 -0.012719 -0.030066 -0.302182 0.952691
1783948432.663962364 0.025678 -0.041655 0.003340 -0.012752 -0.030099 -0.302155 0.952698
1783948432.673293829 0.025656 -0.041633 0.003363 -0.012790 -0.030141 -0.302131 0.952704
1783948432.683265686 0.025634 -0.041598 0.003397 -0.012849 -0.030202 -0.302114 0.952707
1783948432.685944796 0.025635 -0.041583 0.003419 -0.012863 -0.030212 -0.302110 0.952707
1783948432.685944796 0.025635 -0.041583 0.003419 -0.012863 -0.030212 -0.302110 0.952707
1783948432.694158554 0.025569 -0.041609 0.003360 -0.012909 -0.030241 -0.302103 0.952708
1783948432.703238964 0.025512 -0.041643 0.003300 -0.012932 -0.030248 -0.302109 0.952706
1783948432.713227034 0.025471 -0.041693 0.003240 -0.012922 -0.030220 -0.302124 0.952702
1783948432.724398613 0.025445 -0.041763 0.003182 -0.012863 -0.030173 -0.302155 0.952694
1783948432.733192921 0.025442 -0.041809 0.003160 -0.012813 -0.030119 -0.302185 0.952687
1783948432.743222237 0.025425 -0.041865 0.003142 -0.012763 -0.030076 -0.302199 0.952685
1783948432.753195524 0.025390 -0.041910 0.003137 -0.012748 -0.030063 -0.302196 0.952686
1783948432.763228178 0.025335 -0.041938 0.003146 -0.012774 -0.030079 -0.302176 0.952692
1783948432.773262024 0.025270 -0.041946 0.003166 -0.012826 -0.030123 -0.302142 0.952700
1783948432.783251286 0.025209 -0.041939 0.003199 -0.012878 -0.030170 -0.302124 0.952704
1783948432.786810398 0.025202 -0.041925 0.003227 -0.012897 -0.030183 -0.302120 0.952705
1783948432.786810398 0.025202 -0.041925 0.003227 -0.012897 -0.030183 -0.302120 0.952705
1783948432.793306112 0.025160 -0.041931 0.003192 -0.012934 -0.030206 -0.302116 0.952705
1783948432.803262472 0.025110 -0.041952 0.003131 -0.012950 -0.030216 -0.302116 0.952704
1783948432.813177109 0.025087 -0.041981 0.003083 -0.012936 -0.030192 -0.302126 0.952702
1783948432.823318005 0.025084 -0.042019 0.003046 -0.012891 -0.030143 -0.302150 0.952697
1783948432.833233356 0.025091 -0.042058 0.003024 -0.012830 -0.030089 -0.302187 0.952687
1783948432.843208551 0.025092 -0.042095 0.003013 -0.012782 -0.030039 -0.302203 0.952685
1783948432.853817940 0.025076 -0.042122 0.003013 -0.012759 -0.030022 -0.302200 0.952686
1783948432.863243818 0.025048 -0.042128 0.003030 -0.012784 -0.030036 -0.302176 0.952693
1783948432.873308182 0.025007 -0.042116 0.003058 -0.012835 -0.030081 -0.302157 0.952697
1783948432.885847330 0.024954 -0.042087 0.003092 -0.012917 -0.030135 -0.302141 0.952699
1783948432.888494968 0.024952 -0.042073 0.003115 -0.012929 -0.030141 -0.302137 0.952700
1783948432.888494968 0.024952 -0.042073 0.003115 -0.012929 -0.030141 -0.302137 0.952700
1783948432.893245697 0.024922 -0.042075 0.003091 -0.012951 -0.030152 -0.302131 0.952701
1783948432.903241396 0.024869 -0.042092 0.003021 -0.012966 -0.030166 -0.302133 0.952700
1783948432.913238049 0.024844 -0.042118 0.002966 -0.012957 -0.030134 -0.302158 0.952693
1783948432.923242092 0.024841 -0.042152 0.002924 -0.012911 -0.030080 -0.302185 0.952687
1783948432.933221579 0.024845 -0.042188 0.002897 -0.012856 -0.030026 -0.302215 0.952680
1783948432.943239450 0.024842 -0.042222 0.002882 -0.012816 -0.029993 -0.302229 0.952677
1783948432.953200340 0.024823 -0.042245 0.002881 -0.012799 -0.029983 -0.302225 0.952679
1783948432.963274002 0.024785 -0.042251 0.002891 -0.012827 -0.030006 -0.302204 0.952685
1783948432.973253965 0.024739 -0.042238 0.002914 -0.012882 -0.030040 -0.302181 0.952690
1783948432.983444929 0.024694 -0.042208 0.002950 -0.012953 -0.030082 -0.302163 0.952693
1783948432.988547087 0.024682 -0.042186 0.002988 -0.012976 -0.030099 -0.302159 0.952694
1783948432.988547087 0.024682 -0.042186 0.002988 -0.012976 -0.030099 -0.302159 0.952694
1783948432.993245602 0.024653 -0.042188 0.002966 -0.012997 -0.030116 -0.302155 0.952694
1783948433.003242493 0.024599 -0.042207 0.002903 -0.013021 -0.030126 -0.302158 0.952693
1783948433.013221264 0.024573 -0.042234 0.002853 -0.013019 -0.030099 -0.302177 0.952688
1783948433.023220301 0.024569 -0.042269 0.002817 -0.012968 -0.030050 -0.302202 0.952682
1783948433.033220530 0.024572 -0.042307 0.002796 -0.012910 -0.029991 -0.302233 0.952675
1783948433.043902159 0.024566 -0.042347 0.002783 -0.012856 -0.029938 -0.302253 0.952671
1783948433.054363489 0.024541 -0.042375 0.002787 -0.012841 -0.029911 -0.302251 0.952672
1783948433.063200951 0.024507 -0.042382 0.002811 -0.012869 -0.029918 -0.302231 0.952678
1783948433.073204994 0.024458 -0.042374 0.002843 -0.012919 -0.029961 -0.302199 0.952686
1783948433.083214521 0.024413 -0.042350 0.002888 -0.012987 -0.030010 -0.302177 0.952691
1783948433.089436531 0.024398 -0.042327 0.002934 -0.013014 -0.030029 -0.302172 0.952691
1783948433.089436531 0.024398 -0.042327 0.002934 -0.013014 -0.030029 -0.302172 0.952691
1783948433.093198538 0.024376 -0.042330 0.002919 -0.013029 -0.030040 -0.302169 0.952692
1783948433.103204727 0.024320 -0.042355 0.002853 -0.013061 -0.030045 -0.302178 0.952688
1783948433.114715338 0.024286 -0.042400 0.002780 -0.013052 -0.030016 -0.302196 0.952684
1783948433.123198748 0.024286 -0.042433 0.002752 -0.013009 -0.029970 -0.302222 0.952678
1783948433.133293629 0.024289 -0.042479 0.002723 -0.012951 -0.029907 -0.302251 0.952671
1783948433.145407200 0.024277 -0.042536 0.002693 -0.012901 -0.029864 -0.302273 0.952666
1783948433.153207541 0.024266 -0.042558 0.002702 -0.012893 -0.029850 -0.302265 0.952669
1783948433.163198471 0.024230 -0.042577 0.002713 -0.012931 -0.029864 -0.302251 0.952673
1783948433.173390150 0.024185 -0.042575 0.002736 -0.012992 -0.029893 -0.302230 0.952678
1783948433.183264494 0.024145 -0.042557 0.002772 -0.013065 -0.029939 -0.302220 0.952678
1783948433.190262318 0.024131 -0.042535 0.002816 -0.013099 -0.029959 -0.302214 0.952679
1783948433.190262318 0.024131 -0.042535 0.002816 -0.013099 -0.029959 -0.302214 0.952679
1783948433.193227768 0.024116 -0.042538 0.002805 -0.013112 -0.029968 -0.302210 0.952680
1783948433.205292940 0.024058 -0.042573 0.002714 -0.013138 -0.029979 -0.302224 0.952675
1783948433.213196039 0.024049 -0.042595 0.002683 -0.013133 -0.029961 -0.302234 0.952672
1783948433.223214865 0.024053 -0.042633 0.002644 -0.013091 -0.029916 -0.302260 0.952666
1783948433.235428572 0.024061 -0.042690 0.002599 -0.013015 -0.029838 -0.302314 0.952652
1783948433.243248940 0.024070 -0.042719 0.002599 -0.012977 -0.029802 -0.302329 0.952649
1783948433.253270626 0.024061 -0.042751 0.002599 -0.012966 -0.029784 -0.302326 0.952651
1783948433.263232231 0.024035 -0.042764 0.002613 -0.012988 -0.029805 -0.302299 0.952659
1783948433.273235798 0.024000 -0.042756 0.002640 -0.013043 -0.029850 -0.302283 0.952661
1783948433.283313990 0.023970 -0.042730 0.002679 -0.013112 -0.029897 -0.302267 0.952664
1783948433.291129112 0.023961 -0.042702 0.002727 -0.013143 -0.029926 -0.302264 0.952664
1783948433.291129112 0.023961 -0.042702 0.002727 -0.013143 -0.029926 -0.302264 0.952664
1783948433.293194294 0.023953 -0.042702 0.002721 -0.013150 -0.029933 -0.302262 0.952664
1783948433.303944588 0.023909 -0.042729 0.002651 -0.013177 -0.029942 -0.302271 0.952661
1783948433.313257217 0.023901 -0.042758 0.002610 -0.013162 -0.029907 -0.302285 0.952657
1783948433.323239803 0.023913 -0.042798 0.002575 -0.013121 -0.029852 -0.302314 0.952651
1783948433.333204985 0.023932 -0.042842 0.002554 -0.013063 -0.029789 -0.302344 0.952644
1783948433.343232155 0.023944 -0.042886 0.002545 -0.013024 -0.029747 -0.302355 0.952642
1783948433.353239059 0.023940 -0.042919 0.002549 -0.013017 -0.029734 -0.302345 0.952646
1783948433.363207817 0.023919 -0.042936 0.002566 -0.013047 -0.029749 -0.302317 0.952654
1783948433.373235464 0.023890 -0.042930 0.002594 -0.013106 -0.029801 -0.302282 0.952662
1783948433.383253098 0.023866 -0.042907 0.002634 -0.013175 -0.029849 -0.302265 0.952665
1783948433.391995430 0.023861 -0.042878 0.002684 -0.013206 -0.029874 -0.302261 0.952666
1783948433.391995430 0.023861 -0.042878 0.002684 -0.013206 -0.029874 -0.302261 0.952666
1783948433.393198252 0.023857 -0.042878 0.002681 -0.013209 -0.029877 -0.302259 0.952666
1783948433.403269053 0.023830 -0.042897 0.002609 -0.013217 -0.029890 -0.302266 0.952663
1783948433.413288116 0.023831 -0.042924 0.002550 -0.013202 -0.029869 -0.302285 0.952658
1783948433.423270702 0.023854 -0.042958 0.002504 -0.013154 -0.029824 -0.302309 0.952652
1783948433.433205605 0.023886 -0.042997 0.002472 -0.013086 -0.029777 -0.302335 0.952647
1783948433.443267345 0.023911 -0.043035 0.002453 -0.013035 -0.029739 -0.302346 0.952645
1783948433.453237772 0.023921 -0.043062 0.002447 -0.013018 -0.029734 -0.302329 0.952651
1783948433.464435101 0.023910 -0.043074 0.002445 -0.013047 -0.029752 -0.302304 0.952658
1783948433.473298073 0.023896 -0.043061 0.002468 -0.013089 -0.029799 -0.302279 0.952664
1783948433.483373642 0.023883 -0.043032 0.002497 -0.013145 -0.029847 -0.302263 0.952666
1783948433.494379282 0.023885 -0.042993 0.002536 -0.013178 -0.029900 -0.302260 0.952665
1783948433.494379282 0.023885 -0.042993 0.002536 -0.013178 -0.029900 -0.302260 0.952665
1783948433.494405031 0.023885 -0.042993 0.002535 -0.013178 -0.029900 -0.302260 0.952665
1783948433.503306150 0.023866 -0.043005 0.002474 -0.013196 -0.029909 -0.302260 0.952665
1783948433.513271809 0.023870 -0.043028 0.002411 -0.013182 -0.029884 -0.302279 0.952660
1783948433.525248766 0.023899 -0.043069 0.002335 -0.013118 -0.029837 -0.302315 0.952651
1783948433.533262730 0.023930 -0.043097 0.002316 -0.013075 -0.029800 -0.302330 0.952648
1783948433.543270588 0.023962 -0.043133 0.002291 -0.013026 -0.029769 -0.302333 0.952648
1783948433.553220987 0.023978 -0.043160 0.002279 -0.013014 -0.029763 -0.302314 0.952655
1783948433.563223124 0.023976 -0.043170 0.002280 -0.013040 -0.029780 -0.302287 0.952662
1783948433.573337555 0.023967 -0.043157 0.002291 -0.013087 -0.029828 -0.302265 0.952667
1783948433.583256483 0.023963 -0.043126 0.002316 -0.013148 -0.029878 -0.302244 0.952671
1783948433.593238115 0.023977 -0.043087 0.002355 -0.013188 -0.029922 -0.302237 0.952672
1783948433.593723059 0.023979 -0.043084 0.002360 -0.013188 -0.029923 -0.302237 0.952672
1783948433.593723059 0.023979 -0.043084 0.002360 -0.013188 -0.029923 -0.302237 0.952672
1783948433.603281260 0.023971 -0.043098 0.002282 -0.013204 -0.029935 -0.302244 0.952669
1783948433.613287926 0.023988 -0.043122 0.002210 -0.013185 -0.029918 -0.302269 0.952662
1783948433.623239279 0.024029 -0.043154 0.002152 -0.013133 -0.029868 -0.302307 0.952652
1783948433.633228064 0.024078 -0.043193 0.002106 -0.013079 -0.029812 -0.302332 0.952647
1783948433.643283606 0.024121 -0.043233 0.002072 -0.013021 -0.029776 -0.302336 0.952647
1783948433.653880835 0.024147 -0.043267 0.002047 -0.013002 -0.029767 -0.302320 0.952653
1783948433.663261890 0.024156 -0.043279 0.002046 -0.013027 -0.029789 -0.302295 0.952660
1783948433.673247337 0.024156 -0.043269 0.002052 -0.013076 -0.029832 -0.302273 0.952665
1783948433.684512854 0.024159 -0.043240 0.002064 -0.013140 -0.029897 -0.302245 0.952671
1783948433.693557024 0.024180 -0.043206 0.002100 -0.013170 -0.029941 -0.302239 0.952671
1783948433.694593906 0.024184 -0.043201 0.002110 -0.013172 -0.029942 -0.302239 0.952671
1783948433.694593906 0.024184 -0.043201 0.002110 -0.013172 -0.029942 -0.302239 0.952671
1783948433.703278303 0.024182 -0.043212 0.002047 -0.013181 -0.029958 -0.302244 0.952668
1783948433.713259459 0.024204 -0.043234 0.001977 -0.013153 -0.029943 -0.302274 0.952660
1783948433.723228931 0.024247 -0.043264 0.001920 -0.013102 -0.029901 -0.302301 0.952653
1783948433.733272791 0.024297 -0.043301 0.001874 -0.013043 -0.029842 -0.302320 0.952650
1783948433.743228912 0.024338 -0.043339 0.001844 -0.013001 -0.029809 -0.302327 0.952649
1783948433.753493786 0.024362 -0.043368 0.001822 -0.012992 -0.029807 -0.302321 0.952651
1783948433.763238192 0.024368 -0.043379 0.001817 -0.013011 -0.029834 -0.302298 0.952658
1783948433.773257017 0.024365 -0.043367 0.001820 -0.013056 -0.029876 -0.302277 0.952662
1783948433.784547329 0.024366 -0.043335 0.001830 -0.013120 -0.029940 -0.302260 0.952665
1783948433.793275356 0.024383 -0.043300 0.001863 -0.013156 -0.029974 -0.302257 0.952664
1783948433.795448065 0.024392 -0.043289 0.001882 -0.013159 -0.029977 -0.302258 0.952664
1783948433.795448065 0.024392 -0.043289 0.001882 -0.013159 -0.029977 -0.302258 0.952664
1783948433.803288698 0.024385 -0.043298 0.001822 -0.013170 -0.029995 -0.302266 0.952661
1783948433.813225031 0.024397 -0.043320 0.001743 -0.013144 -0.029979 -0.302276 0.952658
1783948433.823261499 0.024430 -0.043351 0.001675 -0.013085 -0.029944 -0.302305 0.952651
1783948433.833251238 0.024470 -0.043388 0.001620 -0.013030 -0.029893 -0.302331 0.952645
1783948433.844354391 0.024504 -0.043430 0.001565 -0.012967 -0.029857 -0.302344 0.952643
1783948433.853231192 0.024521 -0.043453 0.001547 -0.012947 -0.029853 -0.302330 0.952648
1783948433.863242626 0.024521 -0.043464 0.001530 -0.012969 -0.029879 -0.302311 0.952653
1783948433.873980522 0.024511 -0.043450 0.001522 -0.013017 -0.029938 -0.302285 0.952658
1783948433.883255482 0.024508 -0.043420 0.001537 -0.013068 -0.029995 -0.302267 0.952662
1783948433.893343925 0.024520 -0.043380 0.001560 -0.013105 -0.030038 -0.302260 0.952662
1783948433.896308661 0.024532 -0.043365 0.001583 -0.013110 -0.030040 -0.302260 0.952662
1783948433.896308661 0.024532 -0.043365 0.001583 -0.013110 -0.030040 -0.302260 0.952662
1783948433.903295279 0.024529 -0.043372 0.001530 -0.013122 -0.030047 -0.302262 0.952661
1783948433.913266182 0.024545 -0.043395 0.001444 -0.013101 -0.030030 -0.302287 0.952654
1783948433.923254967 0.024583 -0.043426 0.001370 -0.013041 -0.029989 -0.302314 0.952647
1783948433.933262110 0.024629 -0.043464 0.001309 -0.012984 -0.029950 -0.302334 0.952643
1783948433.943237066 0.024667 -0.043502 0.001262 -0.012937 -0.029919 -0.302349 0.952640
1783948433.953271151 0.024690 -0.043530 0.001227 -0.012919 -0.029910 -0.302339 0.952644
1783948433.963273525 0.024695 -0.043541 0.001206 -0.012946 -0.029934 -0.302316 0.952650
1783948433.973295212 0.024691 -0.043529 0.001197 -0.012993 -0.029987 -0.302293 0.952655
1783948433.983335733 0.024691 -0.043500 0.001198 -0.013054 -0.030048 -0.302271 0.952659
1783948433.993308783 0.024707 -0.043463 0.001212 -0.013090 -0.030094 -0.302265 0.952659
1783948433.997181177 0.024724 -0.043445 0.001237 -0.013095 -0.030097 -0.302267 0.952658
1783948433.997181177 0.024724 -0.043445 0.001237 -0.013095 -0.030097 -0.302267 0.952658
1783948434.006061316 0.024706 -0.043469 0.001142 -0.013113 -0.030109 -0.302275 0.952655
1783948434.013299942 0.024713 -0.043490 0.001080 -0.013097 -0.030094 -0.302291 0.952650
1783948434.023255348 0.024731 -0.043533 0.000988 -0.013050 -0.030052 -0.302318 0.952644
1783948434.035406351 0.024750 -0.043602 0.000874 -0.012974 -0.029985 -0.302347 0.952638
1783948434.043295622 0.024771 -0.043637 0.000832 -0.012939 -0.029951 -0.302351 0.952638
1783948434.053299665 0.024775 -0.043680 0.000777 -0.012930 -0.029932 -0.302342 0.952642
1783948434.063306808 0.024760 -0.043707 0.000734 -0.012957 -0.029950 -0.302311 0.952650
1783948434.073253632 0.024738 -0.043710 0.000704 -0.013002 -0.029992 -0.302280 0.952658
1783948434.083315134 0.024719 -0.043698 0.000686 -0.013066 -0.030040 -0.302268 0.952660
1783948434.093259811 0.024717 -0.043678 0.000680 -0.013110 -0.030083 -0.302264 0.952659
1783948434.100350142 0.024739 -0.043657 0.000697 -0.013124 -0.030092 -0.302264 0.952659
1783948434.100350142 0.024739 -0.043657 0.000697 -0.013124 -0.030092 -0.302264 0.952659
1783948434.103921413 0.024740 -0.043662 0.000673 -0.013131 -0.030096 -0.302263 0.952659
1783948434.113278389 0.024748 -0.043689 0.000592 -0.013122 -0.030075 -0.302282 0.952654
1783948434.123284340 0.024776 -0.043728 0.000515 -0.013080 -0.030028 -0.302317 0.952645
1783948434.133273602 0.024812 -0.043771 0.000452 -0.013022 -0.029969 -0.302347 0.952638
1783948434.143249989 0.024842 -0.043814 0.000401 -0.012974 -0.029926 -0.302356 0.952637
1783948434.153291464 0.024855 -0.043846 0.000363 -0.012964 -0.029916 -0.302351 0.952639
1783948434.166073561 0.024840 -0.043870 0.000315 -0.013000 -0.029948 -0.302318 0.952648
1783948434.173257589 0.024833 -0.043860 0.000317 -0.013036 -0.029983 -0.302298 0.952653
1783948434.183254480 0.024821 -0.043839 0.000317 -0.013096 -0.030034 -0.302270 0.952659
1783948434.193260908 0.024826 -0.043811 0.000330 -0.013142 -0.030076 -0.302265 0.952659
1783948434.199432850 0.024848 -0.043788 0.000357 -0.013152 -0.030075 -0.302265 0.952659
1783948434.199432850 0.024848 -0.043788 0.000357 -0.013152 -0.030075 -0.302265 0.952659
1783948434.203283310 0.024847 -0.043792 0.000333 -0.013157 -0.030074 -0.302264 0.952659
1783948434.213309765 0.024848 -0.043823 0.000247 -0.013148 -0.030061 -0.302275 0.952656
1783948434.223287582 0.024871 -0.043861 0.000175 -0.013104 -0.030020 -0.302306 0.952648
1783948434.233248949 0.024903 -0.043903 0.000117 -0.013054 -0.029975 -0.302329 0.952643
1783948434.243281126 0.024927 -0.043945 0.000072 -0.013008 -0.029934 -0.302337 0.952642
1783948434.253261805 0.024935 -0.043978 0.000040 -0.012993 -0.029917 -0.302325 0.952647
1783948434.264379978 0.024920 -0.043996 0.000013 -0.013024 -0.029940 -0.302305 0.952652
1783948434.273317814 0.024905 -0.043987 0.000015 -0.013064 -0.029982 -0.302284 0.952657
1783948434.283310175 0.024889 -0.043964 0.000023 -0.013128 -0.030029 -0.302268 0.952659
1783948434.293410063 0.024890 -0.043934 0.000043 -0.013166 -0.030074 -0.302263 0.952659
1783948434.299767017 0.024910 -0.043911 0.000076 -0.013176 -0.030079 -0.302262 0.952659
1783948434.299767017 0.024910 -0.043911 0.000076 -0.013176 -0.030079 -0.302262 0.952659
1783948434.303244829 0.024908 -0.043915 0.000058 -0.013180 -0.030081 -0.302260 0.952660
1783948434.313278675 0.024906 -0.043946 -0.000017 -0.013162 -0.030055 -0.302276 0.952656
1783948434.324238300 0.024927 -0.043989 -0.000088 -0.013102 -0.030004 -0.302302 0.952650
1783948434.333780050 0.024955 -0.044029 -0.000131 -0.013047 -0.029954 -0.302332 0.952643
1783948434.343350172 0.024977 -0.044068 -0.000161 -0.013002 -0.029919 -0.302347 0.952640
1783948434.354290485 0.024980 -0.044103 -0.000189 -0.012987 -0.029908 -0.302329 0.952646
1783948434.363280296 0.024970 -0.044114 -0.000191 -0.013007 -0.029925 -0.302299 0.952654
1783948434.373259783 0.024950 -0.044109 -0.000185 -0.013061 -0.029971 -0.302272 0.952661
1783948434.383267164 0.024934 -0.044089 -0.000167 -0.013118 -0.030027 -0.302261 0.952662
1783948434.393388510 0.024935 -0.044062 -0.000135 -0.013171 -0.030063 -0.302257 0.952661
1783948434.400634527 0.024958 -0.044039 -0.000094 -0.013181 -0.030065 -0.302257 0.952661
1783948434.400634527 0.024958 -0.044039 -0.000094 -0.013181 -0.030065 -0.302257 0.952661
1783948434.403299809 0.024959 -0.044043 -0.000105 -0.013184 -0.030066 -0.302256 0.952661
1783948434.413305521 0.024962 -0.044076 -0.000181 -0.013183 -0.030049 -0.302277 0.952655
1783948434.423337698 0.024988 -0.044115 -0.000244 -0.013127 -0.030009 -0.302310 0.952647
1783948434.433318138 0.025023 -0.044158 -0.000293 -0.013068 -0.029958 -0.302341 0.952639
1783948434.443303823 0.025052 -0.044199 -0.000330 -0.013017 -0.029916 -0.302361 0.952635
1783948434.454101324 0.025063 -0.044233 -0.000360 -0.012999 -0.029916 -0.302356 0.952637
1783948434.463298321 0.025057 -0.044243 -0.000364 -0.013023 -0.029934 -0.302333 0.952643
1783948434.473304749 0.025041 -0.044236 -0.000362 -0.013070 -0.029983 -0.302313 0.952647
1783948434.483386278 0.025027 -0.044211 -0.000347 -0.013135 -0.030033 -0.302281 0.952655
1783948434.493271828 0.025031 -0.044179 -0.000319 -0.013182 -0.030076 -0.302277 0.952654
1783948434.501501322 0.025058 -0.044150 -0.000279 -0.013194 -0.030080 -0.302276 0.952654
1783948434.501501322 0.025058 -0.044150 -0.000279 -0.013194 -0.030080 -0.302276 0.952654
1783948434.503266811 0.025058 -0.044150 -0.000285 -0.013197 -0.030080 -0.302275 0.952655
1783948434.513339281 0.025055 -0.044177 -0.000349 -0.013182 -0.030067 -0.302285 0.952652
1783948434.523240089 0.025074 -0.044210 -0.000398 -0.013142 -0.030025 -0.302315 0.952644
1783948434.533271074 0.025102 -0.044246 -0.000435 -0.013088 -0.029977 -0.302335 0.952640
1783948434.543281317 0.025123 -0.044280 -0.000458 -0.013041 -0.029940 -0.302345 0.952639
1783948434.553261995 0.025128 -0.044303 -0.000468 -0.013015 -0.029938 -0.302334 0.952643
1783948434.563270092 0.025114 -0.044310 -0.000465 -0.013041 -0.029976 -0.302306 0.952650
1783948434.573273182 0.025091 -0.044295 -0.000450 -0.013099 -0.030037 -0.302274 0.952658
1783948434.583272934 0.025072 -0.044266 -0.000423 -0.013160 -0.030097 -0.302253 0.952661
1783948434.593300343 0.025070 -0.044232 -0.000383 -0.013204 -0.030143 -0.302241 0.952663
1783948434.602362156 0.025093 -0.044201 -0.000331 -0.013215 -0.030155 -0.302248 0.952661
1783948434.602362156 0.025093 -0.044201 -0.000331 -0.013215 -0.030155 -0.302248 0.952661
1783948434.603264570 0.025093 -0.044202 -0.000333 -0.013215 -0.030155 -0.302248 0.952661
1783948434.614393473 0.025094 -0.044237 -0.000413 -0.013192 -0.030141 -0.302264 0.952656
1783948434.623297453 0.025118 -0.044270 -0.000451 -0.013142 -0.030114 -0.302289 0.952650
1783948434.633276939 0.025150 -0.044310 -0.000488 -0.013078 -0.030069 -0.302318 0.952643
1783948434.644361734 0.025175 -0.044354 -0.000523 -0.013019 -0.030038 -0.302331 0.952641
1783948434.653293133 0.025185 -0.044376 -0.000526 -0.012995 -0.030033 -0.302316 0.952646
1783948434.663294554 0.025177 -0.044387 -0.000526 -0.013017 -0.030060 -0.302290 0.952653
1783948434.673341990 0.025161 -0.044376 -0.000513 -0.013057 -0.030119 -0.302260 0.952660
1783948434.683286905 0.025148 -0.044348 -0.000487 -0.013110 -0.030172 -0.302242 0.952663
1783948434.693365812 0.025150 -0.044313 -0.000448 -0.013143 -0.030219 -0.302231 0.952665
1783948434.703226566 0.025179 -0.044281 -0.000396 -0.013143 -0.030240 -0.302237 0.952662
1783948434.703226566 0.025179 -0.044281 -0.000396 -0.013143 -0.030240 -0.302237 0.952662
1783948434.703257799 0.025179 -0.044281 -0.000397 -0.013143 -0.030240 -0.302237 0.952662
1783948434.713248968 0.025177 -0.044305 -0.000456 -0.013125 -0.030223 -0.302247 0.952660
1783948434.723286390 0.025198 -0.044338 -0.000502 -0.013069 -0.030178 -0.302276 0.952653
1783948434.733333111 0.025227 -0.044374 -0.000535 -0.013006 -0.030119 -0.302301 0.952648
1783948434.743291616 0.025248 -0.044407 -0.000555 -0.012958 -0.030081 -0.302311 0.952647
1783948434.753316641 0.025253 -0.044430 -0.000561 -0.012943 -0.030068 -0.302295 0.952652
1783948434.763286829 0.025239 -0.044437 -0.000554 -0.012958 -0.030082 -0.302262 0.952662
1783948434.773313999 0.025217 -0.044425 -0.000534 -0.013007 -0.030130 -0.302229 0.952670
1783948434.783306360 0.025197 -0.044396 -0.000500 -0.013062 -0.030182 -0.302201 0.952677
1783948434.793331623 0.025192 -0.044361 -0.000454 -0.013106 -0.030226 -0.302188 0.952679
1783948434.803279161 0.025216 -0.044327 -0.000395 -0.013122 -0.030239 -0.302190 0.952678
1783948434.804099083 0.025220 -0.044323 -0.000386 -0.013122 -0.030238 -0.302191 0.952677
1783948434.804099083 0.025220 -0.044323 -0.000386 -0.013122 -0.030238 -0.302191 0.952677
1783948434.813297749 0.025213 -0.044345 -0.000436 -0.013116 -0.030225 -0.302202 0.952674
1783948434.823252916 0.025225 -0.044377 -0.000482 -0.013068 -0.030187 -0.302227 0.952668
1783948434.833320618 0.025245 -0.044411 -0.000517 -0.013005 -0.030139 -0.302250 0.952663
1783948434.843343019 0.025258 -0.044442 -0.000538 -0.012962 -0.030104 -0.302257 0.952663
1783948434.853315353 0.025254 -0.044462 -0.000546 -0.012943 -0.030092 -0.302252 0.952665
1783948434.863264799 0.025233 -0.044464 -0.000540 -0.012968 -0.030120 -0.302224 0.952673
1783948434.873351574 0.025201 -0.044447 -0.000522 -0.013023 -0.030172 -0.302198 0.952678
1783948434.883723021 0.025171 -0.044413 -0.000492 -0.013085 -0.030233 -0.302175 0.952683
1783948434.893329859 0.025160 -0.044375 -0.000449 -0.013116 -0.030281 -0.302155 0.952687
1783948434.903352976 0.025174 -0.044339 -0.000394 -0.013129 -0.030301 -0.302150 0.952688
1783948434.905111074 0.025183 -0.044330 -0.000376 -0.013126 -0.030297 -0.302151 0.952688
1783948434.905111074 0.025183 -0.044330 -0.000376 -0.013126 -0.030297 -0.302151 0.952688
1783948434.913280010 0.025173 -0.044349 -0.000419 -0.013115 -0.030280 -0.302160 0.952686
1783948434.923339605 0.025176 -0.044382 -0.000471 -0.013061 -0.030231 -0.302181 0.952681
1783948434.933465004 0.025186 -0.044418 -0.000512 -0.012997 -0.030180 -0.302203 0.952677
1783948434.943341017 0.025188 -0.044452 -0.000536 -0.012944 -0.030148 -0.302214 0.952675
1783948434.953315020 0.025175 -0.044476 -0.000548 -0.012933 -0.030145 -0.302200 0.952680
1783948434.964555264 0.025136 -0.044486 -0.000553 -0.012964 -0.030172 -0.302168 0.952689
1783948434.973268509 0.025101 -0.044471 -0.000534 -0.013006 -0.030208 -0.302138 0.952697
1783948434.983294964 0.025063 -0.044442 -0.000508 -0.013063 -0.030267 -0.302119 0.952700
1783948434.993316174 0.025039 -0.044407 -0.000469 -0.013103 -0.030306 -0.302110 0.952701
1783948435.003275871 0.025042 -0.044374 -0.000417 -0.013119 -0.030319 -0.302114 0.952699
1783948435.005839348 0.025052 -0.044363 -0.000391 -0.013115 -0.030312 -0.302116 0.952699
1783948435.005839348 0.025052 -0.044363 -0.000391 -0.013115 -0.030312 -0.302116 0.952699
1783948435.013303995 0.025036 -0.044379 -0.000424 -0.013105 -0.030297 -0.302124 0.952697
1783948435.023299217 0.025026 -0.044411 -0.000470 -0.013056 -0.030254 -0.302154 0.952689
1783948435.033273935 0.025025 -0.044444 -0.000502 -0.012995 -0.030206 -0.302176 0.952685
1783948435.043311596 0.025016 -0.044476 -0.000522 -0.012940 -0.030170 -0.302191 0.952682
1783948435.053281307 0.024992 -0.044497 -0.000530 -0.012920 -0.030153 -0.302190 0.952683
1783948435.063293934 0.024947 -0.044500 -0.000526 -0.012953 -0.030170 -0.302162 0.952691
1783948435.073304653 0.024893 -0.044482 -0.000509 -0.012999 -0.030219 -0.302134 0.952698
1783948435.083302736 0.024842 -0.044449 -0.000480 -0.013065 -0.030268 -0.302117 0.952701
1783948435.093379259 0.024807 -0.044409 -0.000438 -0.013113 -0.030308 -0.302112 0.952700
1783948435.103278875 0.024800 -0.044371 -0.000384 -0.013123 -0.030316 -0.302111 0.952700
1783948435.106682301 0.024810 -0.044356 -0.000350 -0.013118 -0.030306 -0.302116 0.952699
1783948435.106682301 0.024810 -0.044356 -0.000350 -0.013118 -0.030306 -0.302116 0.952699
1783948435.113265276 0.024792 -0.044369 -0.000376 -0.013108 -0.030287 -0.302126 0.952697
1783948435.124407768 0.024770 -0.044405 -0.000433 -0.013044 -0.030241 -0.302147 0.952692
1783948435.133292913 0.024765 -0.044432 -0.000458 -0.012999 -0.030194 -0.302171 0.952687
1783948435.143265247 0.024749 -0.044463 -0.000478 -0.012948 -0.030158 -0.302182 0.952685
1783948435.153317928 0.024716 -0.044483 -0.000485 -0.012925 -0.030152 -0.302172 0.952689
1783948435.163288116 0.024664 -0.044486 -0.000479 -0.012954 -0.030175 -0.302149 0.952695
1783948435.173302412 0.024603 -0.044468 -0.000461 -0.013002 -0.030224 -0.302122 0.952701
1783948435.183333635 0.024543 -0.044434 -0.000431 -0.013070 -0.030276 -0.302106 0.952704
1783948435.193373203 0.024500 -0.044394 -0.000390 -0.013113 -0.030311 -0.302100 0.952704
1783948435.203370571 0.024483 -0.044357 -0.000337 -0.013131 -0.030315 -0.302105 0.952702
1783948435.207582235 0.024490 -0.044339 -0.000298 -0.013126 -0.030302 -0.302113 0.952700
1783948435.207582235 0.024490 -0.044339 -0.000298 -0.013126 -0.030302 -0.302113 0.952700
1783948435.213317156 0.024473 -0.044349 -0.000321 -0.013119 -0.030281 -0.302125 0.952697
1783948435.223278522 0.024451 -0.044382 -0.000374 -0.013065 -0.030226 -0.302150 0.952692
1783948435.233312130 0.024436 -0.044419 -0.000414 -0.013002 -0.030159 -0.302170 0.952688
1783948435.243362427 0.024413 -0.044456 -0.000442 -0.012959 -0.030103 -0.302175 0.952689
1783948435.253399134 0.024374 -0.044481 -0.000457 -0.012947 -0.030089 -0.302165 0.952693
1783948435.263306141 0.024319 -0.044490 -0.000459 -0.012978 -0.030096 -0.302138 0.952701
1783948435.273342133 0.024253 -0.044478 -0.000449 -0.013029 -0.030130 -0.302116 0.952706
1783948435.283618927 0.024189 -0.044449 -0.000427 -0.013100 -0.030170 -0.302107 0.952706
1783948435.293305635 0.024146 -0.044413 -0.000390 -0.013148 -0.030193 -0.302100 0.952707
1783948435.303351879 0.024126 -0.044379 -0.000342 -0.013162 -0.030191 -0.302103 0.952706
1783948435.308411598 0.024132 -0.044359 -0.000299 -0.013157 -0.030174 -0.302111 0.952704
1783948435.308411598 0.024132 -0.044359 -0.000299 -0.013157 -0.030174 -0.302111 0.952704
1783948435.313297272 0.024116 -0.044366 -0.000315 -0.013152 -0.030158 -0.302118 0.952703
1783948435.323332548 0.024086 -0.044396 -0.000367 -0.013106 -0.030102 -0.302148 0.952695
1783948435.333329201 0.024064 -0.044431 -0.000405 -0.013054 -0.030041 -0.302175 0.952690
1783948435.343343735 0.024034 -0.044464 -0.000431 -0.013003 -0.029994 -0.302184 0.952689
1783948435.353275061 0.023987 -0.044488 -0.000444 -0.012981 -0.029970 -0.302173 0.952694
1783948435.363354683 0.023921 -0.044497 -0.000445 -0.013012 -0.029989 -0.302149 0.952700
1783948435.373343229 0.023847 -0.044485 -0.000433 -0.013064 -0.030026 -0.302121 0.952707
1783948435.383294582 0.023777 -0.044456 -0.000409 -0.013126 -0.030065 -0.302103 0.952711
1783948435.393305540 0.023723 -0.044421 -0.000372 -0.013175 -0.030091 -0.302095 0.952712
1783948435.403351784 0.023697 -0.044387 -0.000322 -0.013197 -0.030093 -0.302099 0.952710
1783948435.410228252 0.023701 -0.044364 -0.000269 -0.013189 -0.030078 -0.302113 0.952706
1783948435.410228252 0.023701 -0.044364 -0.000269 -0.013189 -0.030078 -0.302113 0.952706
1783948435.413281202 0.023694 -0.044369 -0.000276 -0.013185 -0.030071 -0.302118 0.952705
1783948435.423310280 0.023667 -0.044403 -0.000327 -0.013138 -0.030010 -0.302149 0.952698
1783948435.433306217 0.023649 -0.044442 -0.000365 -0.013081 -0.029944 -0.302175 0.952692
1783948435.444012165 0.023621 -0.044483 -0.000396 -0.013019 -0.029891 -0.302190 0.952690
1783948435.453319073 0.023585 -0.044506 -0.000404 -0.013015 -0.029866 -0.302181 0.952694
1783948435.463341951 0.023527 -0.044514 -0.000405 -0.013041 -0.029871 -0.302151 0.952703
1783948435.477129459 0.023425 -0.044500 -0.000413 -0.013119 -0.029913 -0.302126 0.952708
1783948435.483371258 0.023390 -0.044471 -0.000385 -0.013159 -0.029944 -0.302113 0.952711
1783948435.493317127 0.023341 -0.044428 -0.000348 -0.013208 -0.029972 -0.302107 0.952711
1783948435.503303766 0.023318 -0.044387 -0.000299 -0.013223 -0.029970 -0.302118 0.952708
1783948435.510141134 0.023324 -0.044360 -0.000247 -0.013218 -0.029945 -0.302129 0.952705
1783948435.510141134 0.023324 -0.044360 -0.000247 -0.013218 -0.029945 -0.302129 0.952705
1783948435.513537169 0.023316 -0.044363 -0.000255 -0.013215 -0.029933 -0.302133 0.952704
1783948435.523363352 0.023292 -0.044387 -0.000303 -0.013173 -0.029871 -0.302153 0.952700
1783948435.533351183 0.023275 -0.044416 -0.000338 -0.013116 -0.029805 -0.302173 0.952697
1783948435.543304443 0.023251 -0.044444 -0.000360 -0.013071 -0.029752 -0.302181 0.952697
1783948435.553313494 0.023210 -0.044461 -0.000368 -0.013052 -0.029732 -0.302170 0.952701
1783948435.563291788 0.023153 -0.044462 -0.000364 -0.013083 -0.029744 -0.302145 0.952708
1783948435.573301792 0.023087 -0.044442 -0.000348 -0.013132 -0.029780 -0.302128 0.952712
1783948435.583295584 0.023026 -0.044405 -0.000319 -0.013197 -0.029823 -0.302111 0.952715
1783948435.593348026 0.022981 -0.044362 -0.000276 -0.013232 -0.029853 -0.302103 0.952716
1783948435.605591297 0.022957 -0.044317 -0.000220 -0.013257 -0.029848 -0.302115 0.952712
1783948435.611454964 0.022969 -0.044292 -0.000167 -0.013245 -0.029835 -0.302127 0.952709
1783948435.611454964 0.022969 -0.044292 -0.000167 -0.013245 -0.029835 -0.302127 0.952709
1783948435.613316536 0.022966 -0.044294 -0.000168 -0.013240 -0.029831 -0.302130 0.952708
1783948435.623334408 0.022949 -0.044320 -0.000216 -0.013191 -0.029786 -0.302161 0.952700
1783948435.633292675 0.022941 -0.044350 -0.000251 -0.013129 -0.029734 -0.302185 0.952695
1783948435.644277096 0.022923 -0.044384 -0.000282 -0.013076 -0.029693 -0.302195 0.952694
1783948435.653306484 0.022897 -0.044400 -0.000283 -0.013067 -0.029681 -0.302180 0.952699
1783948435.663335800 0.022850 -0.044403 -0.000280 -0.013090 -0.029705 -0.302153 0.952707
1783948435.673306942 0.022795 -0.044384 -0.000264 -0.013138 -0.029756 -0.302129 0.952712
1783948435.683346510 0.022744 -0.044347 -0.000237 -0.013204 -0.029795 -0.302113 0.952715
1783948435.693356991 0.022713 -0.044304 -0.000198 -0.013235 -0.029830 -0.302105 0.952716
1783948435.703341007 0.022709 -0.044261 -0.000146 -0.013247 -0.029843 -0.302111 0.952713
1783948435.711891174 0.022731 -0.044231 -0.000082 -0.013229 -0.029817 -0.302131 0.952708
1783948435.711891174 0.022731 -0.044231 -0.000082 -0.013229 -0.029817 -0.302131 0.952708
1783948435.713293076 0.022731 -0.044232 -0.000082 -0.013226 -0.029813 -0.302133 0.952708
1783948435.723323345 0.022734 -0.044261 -0.000130 -0.013168 -0.029761 -0.302153 0.952704
1783948435.733310461 0.022746 -0.044294 -0.000164 -0.013109 -0.029691 -0.302180 0.952698
1783948435.743320942 0.022751 -0.044327 -0.000185 -0.013049 -0.029643 -0.302181 0.952700
1783948435.753331423 0.022742 -0.044349 -0.000193 -0.013026 -0.029631 -0.302170 0.952704
1783948435.764557362 0.022710 -0.044353 -0.000196 -0.013044 -0.029651 -0.302139 0.952713
1783948435.773360491 0.022680 -0.044333 -0.000175 -0.013084 -0.029687 -0.302111 0.952721
1783948435.783343077 0.022650 -0.044297 -0.000146 -0.013147 -0.029742 -0.302085 0.952726
1783948435.793311834 0.022637 -0.044254 -0.000106 -0.013184 -0.029778 -0.302082 0.952725
1783948435.803344011 0.022652 -0.044212 -0.000053 -0.013201 -0.029786 -0.302084 0.952724
1783948435.812731981 0.022694 -0.044181 0.000013 -0.013186 -0.029762 -0.302098 0.952721
1783948435.812731981 0.022694 -0.044181 0.000013 -0.013186 -0.029762 -0.302098 0.952721
1783948435.813307524 0.022695 -0.044182 0.000012 -0.013185 -0.029761 -0.302098 0.952721
1783948435.823342800 0.022710 -0.044208 -0.000034 -0.013125 -0.029720 -0.302125 0.952715
1783948435.833356142 0.022734 -0.044239 -0.000066 -0.013067 -0.029672 -0.302148 0.952709
1783948435.843344688 0.022751 -0.044269 -0.000087 -0.013004 -0.029635 -0.302154 0.952710
1783948435.853375435 0.022752 -0.044288 -0.000096 -0.012987 -0.029625 -0.302137 0.952715
1783948435.863305807 0.022737 -0.044290 -0.000092 -0.013000 -0.029647 -0.302116 0.952721
1783948435.873342276 0.022714 -0.044271 -0.000077 -0.013038 -0.029698 -0.302092 0.952727
1783948435.883634090 0.022694 -0.044234 -0.000050 -0.013096 -0.029753 -0.302067 0.952732
1783948435.893481016 0.022692 -0.044190 -0.000007 -0.013138 -0.029807 -0.302056 0.952733
1783948435.903365374 0.022717 -0.044146 0.000048 -0.013149 -0.029819 -0.302060 0.952732
1783948435.913359880 0.022772 -0.044112 0.000116 -0.013130 -0.029804 -0.302071 0.952729
1783948435.913593292 0.022773 -0.044111 0.000119 -0.013129 -0.029803 -0.302072 0.952729
1783948435.913593292 0.022773 -0.044111 0.000119 -0.013129 -0.029803 -0.302072 0.952729
1783948435.923313856 0.022794 -0.044137 0.000077 -0.013079 -0.029764 -0.302097 0.952723
1783948435.933358669 0.022822 -0.044169 0.000046 -0.013016 -0.029717 -0.302117 0.952719
1783948435.943375111 0.022843 -0.044202 0.000028 -0.012960 -0.029687 -0.302120 0.952719
1783948435.955432177 0.022843 -0.044230 0.000007 -0.012942 -0.029700 -0.302096 0.952727
1783948435.963381290 0.022836 -0.044230 0.000024 -0.012958 -0.029717 -0.302074 0.952733
1783948435.973373890 0.022818 -0.044215 0.000043 -0.013001 -0.029776 -0.302037 0.952742
1783948435.983356237 0.022803 -0.044182 0.000075 -0.013062 -0.029829 -0.302012 0.952748
1783948435.993369579 0.022806 -0.044142 0.000120 -0.013101 -0.029884 -0.301998 0.952750
1783948436.003436327 0.022838 -0.044103 0.000178 -0.013115 -0.029899 -0.301996 0.952750
1783948436.013321877 0.022898 -0.044074 0.000248 -0.013088 -0.029891 -0.302006 0.952747
1783948436.014465570 0.022909 -0.044070 0.000263 -0.013082 -0.029886 -0.302008 0.952747
1783948436.014465570 0.022909 -0.044070 0.000263 -0.013082 -0.029886 -0.302008 0.952747
1783948436.023368359 0.022944 -0.044095 0.000225 -0.013028 -0.029855 -0.302031 0.952741
1783948436.033308029 0.022990 -0.044128 0.000188 -0.012962 -0.029813 -0.302054 0.952736
1783948436.043383121 0.023029 -0.044159 0.000163 -0.012910 -0.029779 -0.302058 0.952737
1783948436.053360224 0.023052 -0.044179 0.000153 -0.012891 -0.029783 -0.302043 0.952742
1783948436.063355207 0.023059 -0.044183 0.000156 -0.012908 -0.029814 -0.302016 0.952749
1783948436.073398352 0.023056 -0.044164 0.000171 -0.012955 -0.029873 -0.301982 0.952757
1783948436.086025476 0.023054 -0.044121 0.000183 -0.013028 -0.029951 -0.301960 0.952761
1783948436.093373537 0.023068 -0.044086 0.000227 -0.013055 -0.029983 -0.301951 0.952762
1783948436.103354931 0.023109 -0.044043 0.000279 -0.013068 -0.030002 -0.301954 0.952761
1783948436.113368511 0.023177 -0.044009 0.000344 -0.013048 -0.029990 -0.301973 0.952755
1783948436.115362406 0.023196 -0.044001 0.000370 -0.013039 -0.029979 -0.301979 0.952754
1783948436.115362406 0.023196 -0.044001 0.000370 -0.013039 -0.029979 -0.301979 0.952754
1783948436.123346567 0.023225 -0.044019 0.000340 -0.013007 -0.029940 -0.302003 0.952748
1783948436.133351326 0.023263 -0.044050 0.000305 -0.012945 -0.029890 -0.302023 0.952744
1783948436.143347979 0.023293 -0.044080 0.000281 -0.012897 -0.029855 -0.302020 0.952747
1783948436.153345585 0.023308 -0.044099 0.000269 -0.012886 -0.029853 -0.302005 0.952752
1783948436.163393259 0.023304 -0.044102 0.000269 -0.012912 -0.029883 -0.301983 0.952757
1783948436.173382521 0.023292 -0.044085 0.000281 -0.012964 -0.029939 -0.301950 0.952765
1783948436.183890343 0.023283 -0.044051 0.000304 -0.013034 -0.029990 -0.301927 0.952770
1783948436.193398714 0.023293 -0.044011 0.000342 -0.013084 -0.030024 -0.301913 0.952773
1783948436.203358650 0.023328 -0.043973 0.000391 -0.013093 -0.030038 -0.301916 0.952771
1783948436.213360310 0.023392 -0.043945 0.000455 -0.013082 -0.030022 -0.301934 0.952766
1783948436.216190577 0.023420 -0.043934 0.000486 -0.013064 -0.030010 -0.301942 0.952764
1783948436.216190577 0.023420 -0.043934 0.000486 -0.013064 -0.030010 -0.301942 0.952764
1783948436.223364353 0.023448 -0.043950 0.000460 -0.013019 -0.029983 -0.301963 0.952759
1783948436.233390331 0.023487 -0.043983 0.000420 -0.012968 -0.029929 -0.301986 0.952754
1783948436.245518923 0.023519 -0.044026 0.000377 -0.012902 -0.029891 -0.301998 0.952753
1783948436.253391743 0.023535 -0.044038 0.000377 -0.012885 -0.029879 -0.301994 0.952754
1783948436.263320446 0.023535 -0.044043 0.000378 -0.012915 -0.029899 -0.301974 0.952760
1783948436.273330688 0.023526 -0.044026 0.000393 -0.012961 -0.029951 -0.301945 0.952767
1783948436.284065962 0.023519 -0.043991 0.000418 -0.013023 -0.030013 -0.301923 0.952771
1783948436.293342590 0.023531 -0.043951 0.000459 -0.013061 -0.030056 -0.301910 0.952773
1783948436.303404093 0.023570 -0.043912 0.000511 -0.013073 -0.030066 -0.301915 0.952771
1783948436.313352346 0.023638 -0.043882 0.000575 -0.013050 -0.030048 -0.301932 0.952766
1783948436.317170143 0.023676 -0.043868 0.000615 -0.013031 -0.030027 -0.301940 0.952765
1783948436.317170143 0.023676 -0.043868 0.000615 -0.013031 -0.030027 -0.301940 0.952765
1783948436.323383570 0.023703 -0.043882 0.000594 -0.013000 -0.029994 -0.301954 0.952762
1783948436.333378077 0.023743 -0.043918 0.000551 -0.012936 -0.029947 -0.301973 0.952758
1783948436.343357563 0.023776 -0.043953 0.000521 -0.012881 -0.029910 -0.301974 0.952760
1783948436.353408098 0.023794 -0.043980 0.000505 -0.012866 -0.029902 -0.301963 0.952764
1783948436.363376379 0.023795 -0.043989 0.000501 -0.012889 -0.029921 -0.301933 0.952772
1783948436.373420000 0.023789 -0.043976 0.000510 -0.012944 -0.029972 -0.301907 0.952778
1783948436.383368731 0.023786 -0.043946 0.000533 -0.013003 -0.030022 -0.301881 0.952784
1783948436.393431425 0.023801 -0.043909 0.000568 -0.013035 -0.030064 -0.301878 0.952783
1783948436.403410435 0.023844 -0.043873 0.000617 -0.013051 -0.030074 -0.301885 0.952780
1783948436.413345814 0.023915 -0.043848 0.000678 -0.013034 -0.030053 -0.301897 0.952777
1783948436.417912960 0.023961 -0.043835 0.000724 -0.013011 -0.030028 -0.301907 0.952775
1783948436.417912960 0.023961 -0.043835 0.000724 -0.013011 -0.030028 -0.301907 0.952775
1783948436.423335791 0.023989 -0.043848 0.000707 -0.012984 -0.029999 -0.301920 0.952773
1783948436.433442354 0.024035 -0.043886 0.000661 -0.012932 -0.029950 -0.301937 0.952770
1783948436.443336010 0.024073 -0.043922 0.000630 -0.012868 -0.029917 -0.301943 0.952770
1783948436.453366518 0.024097 -0.043950 0.000610 -0.012854 -0.029904 -0.301934 0.952773
1783948436.463356972 0.024104 -0.043963 0.000604 -0.012880 -0.029923 -0.301911 0.952779
1783948436.475101709 0.024096 -0.043953 0.000601 -0.012941 -0.029977 -0.301882 0.952786
1783948436.483390570 0.024098 -0.043926 0.000625 -0.012987 -0.030016 -0.301864 0.952790
1783948436.493357182 0.024111 -0.043890 0.000656 -0.013026 -0.030059 -0.301861 0.952789
1783948436.503365517 0.024150 -0.043856 0.000700 -0.013039 -0.030073 -0.301870 0.952785
1783948436.513386965 0.024218 -0.043831 0.000758 -0.013015 -0.030061 -0.301887 0.952781
1783948436.518823624 0.024271 -0.043815 0.000808 -0.012985 -0.030030 -0.301905 0.952776
1783948436.518823624 0.024271 -0.043815 0.000808 -0.012985 -0.030030 -0.301905 0.952776
1783948436.523366213 0.024293 -0.043826 0.000797 -0.012960 -0.030004 -0.301919 0.952773
1783948436.533377171 0.024331 -0.043865 0.000757 -0.012907 -0.029956 -0.301947 0.952766
1783948436.543370247 0.024362 -0.043902 0.000729 -0.012852 -0.029926 -0.301957 0.952765
1783948436.553364754 0.024376 -0.043930 0.000712 -0.012832 -0.029915 -0.301947 0.952769
1783948436.563354015 0.024372 -0.043941 0.000708 -0.012863 -0.029941 -0.301924 0.952775
1783948436.573375225 0.024359 -0.043929 0.000715 -0.012910 -0.030001 -0.301899 0.952780
1783948436.583359241 0.024350 -0.043902 0.000734 -0.012964 -0.030064 -0.301874 0.952786
1783948436.593368292 0.024357 -0.043868 0.000765 -0.013005 -0.030112 -0.301866 0.952786
1783948436.604429483 0.024395 -0.043834 0.000809 -0.013022 -0.030129 -0.301876 0.952782
1783948436.613373280 0.024456 -0.043812 0.000865 -0.013008 -0.030120 -0.301884 0.952780
1783948436.619669914 0.024515 -0.043796 0.000921 -0.012976 -0.030092 -0.301900 0.952776
1783948436.619669914 0.024515 -0.043796 0.000921 -0.012976 -0.030092 -0.301900 0.952776
1783948436.623380184 0.024529 -0.043812 0.000914 -0.012958 -0.030073 -0.301909 0.952774
1783948436.633507252 0.024543 -0.043888 0.000878 -0.012907 -0.030018 -0.301932 0.952769
1783948436.643346786 0.024550 -0.043960 0.000858 -0.012867 -0.029972 -0.301941 0.952768
1783948436.653403997 0.024540 -0.044025 0.000849 -0.012866 -0.029955 -0.301928 0.952773
1783948436.664452076 0.024503 -0.044083 0.000849 -0.012907 -0.029973 -0.301901 0.952781
1783948436.673596144 0.024472 -0.044101 0.000868 -0.012960 -0.030009 -0.301877 0.952786
1783948436.683371782 0.024441 -0.044108 0.000896 -0.013022 -0.030056 -0.301862 0.952789
1783948436.693462610 0.024424 -0.044108 0.000937 -0.013065 -0.030090 -0.301854 0.952790
1783948436.703408480 0.024435 -0.044108 0.000989 -0.013083 -0.030104 -0.301861 0.952787
1783948436.713386059 0.024473 -0.044119 0.001055 -0.013074 -0.030075 -0.301884 0.952781
1783948436.720528841 0.024523 -0.044122 0.001119 -0.013043 -0.030041 -0.301898 0.952778
1783948436.720528841 0.024523 -0.044122 0.001119 -0.013043 -0.030041 -0.301898 0.952778
1783948436.723421097 0.024538 -0.044131 0.001115 -0.013029 -0.030028 -0.301903 0.952777
1783948436.733356714 0.024572 -0.044176 0.001075 -0.012973 -0.029987 -0.301923 0.952772
1783948436.743386984 0.024599 -0.044222 0.001046 -0.012918 -0.029947 -0.301930 0.952772
1783948436.756376743 0.024603 -0.044275 0.001008 -0.012911 -0.029947 -0.301914 0.952777
1783948436.763370037 0.024602 -0.044284 0.001019 -0.012922 -0.029959 -0.301898 0.952782
1783948436.773410320 0.024587 -0.044284 0.001029 -0.012971 -0.030015 -0.301883 0.952784
1783948436.783362865 0.024575 -0.044268 0.001051 -0.013034 -0.030072 -0.301866 0.952787
1783948436.793391705 0.024579 -0.044246 0.001086 -0.013077 -0.030111 -0.301859 0.952787
1783948436.803345919 0.024611 -0.044224 0.001134 -0.013098 -0.030126 -0.301867 0.952784
1783948436.813399792 0.024672 -0.044212 0.001194 -0.013081 -0.030113 -0.301893 0.952776
1783948436.823402643 0.024755 -0.044208 0.001266 -0.013032 -0.030075 -0.301918 0.952770
1783948436.823534250 0.024757 -0.044208 0.001267 -0.013031 -0.030074 -0.301918 0.952770
1783948436.823534250 0.024757 -0.044208 0.001267 -0.013031 -0.030074 -0.301918 0.952770
1783948436.833368063 0.024797 -0.044261 0.001223 -0.012974 -0.030022 -0.301943 0.952765
1783948436.843368292 0.024831 -0.044316 0.001189 -0.012924 -0.029983 -0.301948 0.952765
1783948436.857111931 0.024842 -0.044385 0.001138 -0.012912 -0.029966 -0.301928 0.952772
1783948436.863353491 0.024844 -0.044398 0.001146 -0.012933 -0.029973 -0.301912 0.952777
1783948436.873382092 0.024834 -0.044406 0.001151 -0.012986 -0.030016 -0.301882 0.952784
1783948436.885106087 0.024825 -0.044400 0.001162 -0.013057 -0.030082 -0.301855 0.952790
1783948436.893363714 0.024837 -0.044385 0.001195 -0.013092 -0.030114 -0.301848 0.952790
1783948436.903354168 0.024873 -0.044372 0.001237 -0.013110 -0.030129 -0.301846 0.952790
1783948436.913360596 0.024937 -0.044369 0.001292 -0.013098 -0.030106 -0.301861 0.952786
1783948436.922242880 0.025014 -0.044371 0.001357 -0.013046 -0.030063 -0.301881 0.952782
1783948436.922242880 0.025014 -0.044371 0.001357 -0.013046 -0.030063 -0.301881 0.952782
1783948436.923465014 0.025020 -0.044376 0.001355 -0.013038 -0.030057 -0.301883 0.952782
1783948436.933378935 0.025056 -0.044437 0.001310 -0.012980 -0.030005 -0.301906 0.952777
1783948436.943370342 0.025083 -0.044498 0.001277 -0.012936 -0.029971 -0.301907 0.952778
1783948436.953366995 0.025095 -0.044549 0.001258 -0.012920 -0.029961 -0.301898 0.952782
1783948436.963340044 0.025089 -0.044583 0.001250 -0.012950 -0.029989 -0.301866 0.952791
1783948436.973383665 0.025074 -0.044595 0.001254 -0.012997 -0.030038 -0.301846 0.952795
1783948436.983514786 0.025062 -0.044590 0.001270 -0.013062 -0.030093 -0.301827 0.952798
1783948436.993397474 0.025068 -0.044577 0.001300 -0.013103 -0.030134 -0.301823 0.952797
1783948437.003345728 0.025101 -0.044566 0.001342 -0.013118 -0.030145 -0.301824 0.952797
1783948437.013353586 0.025162 -0.044566 0.001397 -0.013107 -0.030128 -0.301843 0.952791
1783948437.023102522 0.025242 -0.044571 0.001465 -0.013057 -0.030083 -0.301871 0.952785
1783948437.023102522 0.025242 -0.044571 0.001465 -0.013057 -0.030083 -0.301871 0.952785
1783948437.023341894 0.025243 -0.044573 0.001464 -0.013055 -0.030082 -0.301872 0.952784
1783948437.033407450 0.025281 -0.044636 0.001408 -0.012990 -0.030038 -0.301891 0.952781
1783948437.044356823 0.025311 -0.044704 0.001355 -0.012941 -0.030001 -0.301902 0.952779
1783948437.053330898 0.025325 -0.044747 0.001335 -0.012920 -0.029994 -0.301894 0.952782
1783948437.063397408 0.025322 -0.044781 0.001317 -0.012949 -0.030022 -0.301873 0.952787
1783948437.077062368 0.025297 -0.044798 0.001277 -0.013009 -0.030098 -0.301846 0.952793
1783948437.083402872 0.025293 -0.044788 0.001298 -0.013044 -0.030130 -0.301831 0.952796
1783948437.093448877 0.025297 -0.044772 0.001316 -0.013079 -0.030179 -0.301825 0.952796
1783948437.103368044 0.025329 -0.044756 0.001349 -0.013091 -0.030198 -0.301822 0.952796
1783948437.113366365 0.025390 -0.044749 0.001394 -0.013071 -0.030180 -0.301845 0.952790
1783948437.123352766 0.025473 -0.044749 0.001452 -0.013010 -0.030133 -0.301874 0.952783
1783948437.123963594 0.025480 -0.044749 0.001459 -0.013007 -0.030129 -0.301875 0.952782
1783948437.123963594 0.025480 -0.044749 0.001459 -0.013007 -0.030129 -0.301875 0.952782
1783948437.133399248 0.025514 -0.044799 0.001402 -0.012955 -0.030083 -0.301899 0.952777
1783948437.144404888 0.025543 -0.044860 0.001340 -0.012899 -0.030043 -0.301916 0.952774
1783948437.153388262 0.025556 -0.044896 0.001310 -0.012876 -0.030045 -0.301901 0.952779
1783948437.163388729 0.025552 -0.044922 0.001282 -0.012898 -0.030076 -0.301883 0.952783
1783948437.173343658 0.025539 -0.044926 0.001267 -0.012949 -0.030131 -0.301863 0.952787
1783948437.183376551 0.025529 -0.044912 0.001265 -0.013008 -0.030187 -0.301846 0.952790
1783948437.193403006 0.025535 -0.044892 0.001275 -0.013047 -0.030238 -0.301836 0.952791
1783948437.203398228 0.025568 -0.044874 0.001298 -0.013065 -0.030250 -0.301838 0.952789
1783948437.213380337 0.025630 -0.044864 0.001334 -0.013062 -0.030231 -0.301859 0.952784
1783948437.223503113 0.025714 -0.044862 0.001384 -0.013013 -0.030186 -0.301895 0.952774
1783948437.224829435 0.025728 -0.044860 0.001397 -0.013004 -0.030178 -0.301897 0.952774
1783948437.224829435 0.025728 -0.044860 0.001397 -0.013004 -0.030178 -0.301897 0.952774
1783948437.233398676 0.025764 -0.044904 0.001343 -0.012948 -0.030129 -0.301919 0.952769
1783948437.243418455 0.025796 -0.044958 0.001283 -0.012898 -0.030084 -0.301938 0.952766
1783948437.253376484 0.025811 -0.045000 0.001238 -0.012879 -0.030074 -0.301926 0.952770
1783948437.266371727 0.025795 -0.045036 0.001176 -0.012914 -0.030110 -0.301905 0.952775
1783948437.273380995 0.025788 -0.045031 0.001173 -0.012947 -0.030140 -0.301889 0.952779
1783948437.283343315 0.025775 -0.045018 0.001165 -0.013006 -0.030191 -0.301873 0.952781
1783948437.293360233 0.025779 -0.044999 0.001168 -0.013046 -0.030233 -0.301869 0.952781
1783948437.303437710 0.025811 -0.044980 0.001185 -0.013059 -0.030246 -0.301881 0.952776
1783948437.313361883 0.025869 -0.044971 0.001214 -0.013041 -0.030223 -0.301902 0.952770
1783948437.323408365 0.025950 -0.044968 0.001256 -0.012998 -0.030178 -0.301937 0.952762
1783948437.325717926 0.025974 -0.044964 0.001278 -0.012983 -0.030164 -0.301941 0.952761
1783948437.325717926 0.025974 -0.044964 0.001278 -0.012983 -0.030164 -0.301941 0.952761
1783948437.333372116 0.026000 -0.044999 0.001232 -0.012931 -0.030125 -0.301959 0.952757
1783948437.343451977 0.026021 -0.045049 0.001172 -0.012883 -0.030093 -0.301969 0.952756
1783948437.353451967 0.026027 -0.045088 0.001125 -0.012859 -0.030087 -0.301961 0.952759
1783948437.363356590 0.026016 -0.045109 0.001091 -0.012888 -0.030108 -0.301931 0.952767
1783948437.373433352 0.025995 -0.045111 0.001068 -0.012935 -0.030157 -0.301908 0.952772
1783948437.383429766 0.025977 -0.045096 0.001059 -0.012996 -0.030210 -0.301886 0.952777
1783948437.396373034 0.025969 -0.045077 0.001047 -0.013062 -0.030274 -0.301874 0.952778
1783948437.403442860 0.025992 -0.045059 0.001071 -0.013071 -0.030282 -0.301874 0.952777
1783948437.413433313 0.026043 -0.045046 0.001100 -0.013053 -0.030266 -0.301897 0.952771
1783948437.423380613 0.026117 -0.045041 0.001141 -0.013007 -0.030220 -0.301924 0.952764
1783948437.426586151 0.026149 -0.045035 0.001168 -0.012987 -0.030201 -0.301930 0.952763
1783948437.426586151 0.026149 -0.045035 0.001168 -0.012987 -0.030201 -0.301930 0.952763
1783948437.433383465 0.026172 -0.045066 0.001127 -0.012942 -0.030166 -0.301944 0.952760
1783948437.443467379 0.026194 -0.045116 0.001053 -0.012883 -0.030131 -0.301954 0.952759
1783948437.453446865 0.026200 -0.045155 0.000995 -0.012862 -0.030129 -0.301940 0.952764
1783948437.463451862 0.026188 -0.045178 0.000950 -0.012885 -0.030163 -0.301918 0.952770
1783948437.473392725 0.026166 -0.045180 0.000917 -0.012917 -0.030224 -0.301896 0.952774
1783948437.483358383 0.026148 -0.045164 0.000896 -0.012970 -0.030282 -0.301877 0.952778
1783948437.494207859 0.026146 -0.045141 0.000882 -0.013008 -0.030344 -0.301873 0.952776
1783948437.503409863 0.026173 -0.045120 0.000892 -0.013009 -0.030368 -0.301873 0.952776
1783948437.513401031 0.026226 -0.045107 0.000909 -0.012989 -0.030357 -0.301889 0.952771
1783948437.526367664 0.026321 -0.045105 0.000924 -0.012915 -0.030320 -0.301932 0.952760
1783948437.527429342 0.026331 -0.045104 0.000935 -0.012908 -0.030313 -0.301936 0.952759
1783948437.527429342 0.026331 -0.045104 0.000935 -0.012908 -0.030313 -0.301936 0.952759
1783948437.533381701 0.026353 -0.045129 0.000900 -0.012869 -0.030279 -0.301957 0.952754
1783948437.543386698 0.026371 -0.045179 0.000830 -0.012815 -0.030255 -0.301968 0.952752
1783948437.553372145 0.026372 -0.045218 0.000773 -0.012792 -0.030246 -0.301955 0.952756
1783948437.563363075 0.026354 -0.045240 0.000729 -0.012820 -0.030271 -0.301926 0.952764
1783948437.573381424 0.026328 -0.045241 0.000698 -0.012864 -0.030322 -0.301908 0.952768
1783948437.583381414 0.026305 -0.045225 0.000680 -0.012922 -0.030391 -0.301887 0.952772
1783948437.593371153 0.026299 -0.045204 0.000673 -0.012952 -0.030434 -0.301875 0.952773
1783948437.603365660 0.026320 -0.045185 0.000679 -0.012963 -0.030448 -0.301885 0.952770
1783948437.613436937 0.026370 -0.045176 0.000697 -0.012938 -0.030434 -0.301902 0.952765
1783948437.623908043 0.026444 -0.045175 0.000729 -0.012886 -0.030397 -0.301925 0.952760
1783948437.628288984 0.026485 -0.045171 0.000761 -0.012858 -0.030374 -0.301936 0.952758
1783948437.628288984 0.026485 -0.045171 0.000761 -0.012858 -0.030374 -0.301936 0.952758
1783948437.633385658 0.026503 -0.045195 0.000728 -0.012826 -0.030345 -0.301949 0.952755
1783948437.643398762 0.026523 -0.045249 0.000644 -0.012770 -0.030306 -0.301960 0.952753
1783948437.653375864 0.026526 -0.045293 0.000573 -0.012747 -0.030292 -0.301959 0.952754
1783948437.663491488 0.026510 -0.045321 0.000514 -0.012768 -0.030310 -0.301940 0.952759
1783948437.673409224 0.026484 -0.045327 0.000470 -0.012814 -0.030363 -0.301919 0.952764
1783948437.683430672 0.026459 -0.045319 0.000438 -0.012875 -0.030418 -0.301900 0.952767
1783948437.693439484 0.026450 -0.045304 0.000420 -0.012911 -0.030456 -0.301891 0.952768
1783948437.703393221 0.026466 -0.045291 0.000414 -0.012927 -0.030469 -0.301895 0.952766
1783948437.713428974 0.026510 -0.045286 0.000420 -0.012909 -0.030449 -0.301920 0.952760
1783948437.723418713 0.026575 -0.045288 0.000439 -0.012855 -0.030401 -0.301949 0.952753
1783948437.729148865 0.026622 -0.045285 0.000471 -0.012821 -0.030364 -0.301963 0.952750
1783948437.729148865 0.026622 -0.045285 0.000471 -0.012821 -0.030364 -0.301963 0.952750
1783948437.733395576 0.026630 -0.045305 0.000445 -0.012796 -0.030338 -0.301973 0.952748
1783948437.743448019 0.026625 -0.045360 0.000363 -0.012743 -0.030306 -0.301990 0.952744
1783948437.753456831 0.026604 -0.045404 0.000295 -0.012726 -0.030298 -0.301981 0.952747
1783948437.763431072 0.026565 -0.045430 0.000239 -0.012752 -0.030324 -0.301965 0.952751
1783948437.773456812 0.026516 -0.045435 0.000194 -0.012796 -0.030373 -0.301947 0.952755
1783948437.783630848 0.026467 -0.045424 0.000160 -0.012858 -0.030434 -0.301934 0.952756
1783948437.793365717 0.026437 -0.045407 0.000143 -0.012900 -0.030479 -0.301928 0.952756
1783948437.803450108 0.026433 -0.045392 0.000137 -0.012915 -0.030503 -0.301940 0.952751
1783948437.813406467 0.026456 -0.045386 0.000144 -0.012896 -0.030488 -0.301954 0.952747
1783948437.823406458 0.026502 -0.045389 0.000164 -0.012845 -0.030458 -0.301994 0.952737
1783948437.830011368 0.026543 -0.045387 0.000196 -0.012802 -0.030420 -0.302013 0.952732
1783948437.830011368 0.026543 -0.045387 0.000196 -0.012802 -0.030420 -0.302013 0.952732
1783948437.833398819 0.026547 -0.045403 0.000175 -0.012779 -0.030399 -0.302021 0.952731
1783948437.844403505 0.026534 -0.045467 0.000069 -0.012718 -0.030349 -0.302041 0.952727
1783948437.853448391 0.026512 -0.045508 0.000004 -0.012701 -0.030339 -0.302040 0.952728
1783948437.863404989 0.026468 -0.045538 -0.000059 -0.012723 -0.030365 -0.302024 0.952732
1783948437.873399734 0.026415 -0.045547 -0.000111 -0.012768 -0.030421 -0.302001 0.952737
1783948437.883444786 0.026364 -0.045542 -0.000152 -0.012826 -0.030473 -0.301986 0.952739
1783948437.893435717 0.026330 -0.045530 -0.000179 -0.012859 -0.030510 -0.301981 0.952739
1783948437.903422594 0.026322 -0.045520 -0.000193 -0.012871 -0.030518 -0.301991 0.952735
1783948437.913394690 0.026341 -0.045520 -0.000194 -0.012854 -0.030504 -0.302003 0.952732
1783948437.923500776 0.026382 -0.045527 -0.000182 -0.012803 -0.030464 -0.302036 0.952724
1783948437.930896044 0.026422 -0.045531 -0.000154 -0.012753 -0.030425 -0.302057 0.952719
1783948437.930896044 0.026422 -0.045531 -0.000154 -0.012753 -0.030425 -0.302057 0.952719
1783948437.933396339 0.026425 -0.045541 -0.000164 -0.012737 -0.030411 -0.302064 0.952717
1783948437.944231987 0.026430 -0.045582 -0.000206 -0.012678 -0.030371 -0.302087 0.952712
1783948437.953464508 0.026419 -0.045607 -0.000228 -0.012660 -0.030361 -0.302080 0.952715
1783948437.963411093 0.026390 -0.045617 -0.000241 -0.012692 -0.030380 -0.302053 0.952722
1783948437.974086761 0.026348 -0.045605 -0.000243 -0.012737 -0.030427 -0.302028 0.952728
1783948437.983458519 0.026312 -0.045580 -0.000231 -0.012793 -0.030477 -0.302017 0.952729
1783948437.993462324 0.026290 -0.045547 -0.000206 -0.012833 -0.030522 -0.302010 0.952730
1783948438.004492283 0.026296 -0.045515 -0.000165 -0.012855 -0.030535 -0.302018 0.952726
1783948438.013478994 0.026325 -0.045495 -0.000118 -0.012844 -0.030517 -0.302038 0.952721
1783948438.023436546 0.026377 -0.045480 -0.000055 -0.012793 -0.030475 -0.302074 0.952711
1783948438.031738758 0.026427 -0.045471 0.000009 -0.012743 -0.030428 -0.302094 0.952707
1783948438.031738758 0.026427 -0.045471 0.000009 -0.012743 -0.030428 -0.302094 0.952707
1783948438.033375263 0.026427 -0.045477 0.000014 -0.012734 -0.030417 -0.302097 0.952707
1783948438.043373585 0.026407 -0.045525 0.000156 -0.012714 -0.030358 -0.302109 0.952705
1783948438.053486347 0.026370 -0.045564 0.000316 -0.012734 -0.030328 -0.302095 0.952710
1783948438.063386440 0.026316 -0.045586 0.000482 -0.012795 -0.030329 -0.302063 0.952720
1783948438.073473930 0.026250 -0.045587 0.000667 -0.012873 -0.030353 -0.302043 0.952724
1783948438.083443165 0.026188 -0.045571 0.000861 -0.012952 -0.030380 -0.302021 0.952729
1783948438.093389034 0.026141 -0.045547 0.001067 -0.013024 -0.030408 -0.302013 0.952730
1783948438.103530407 0.026119 -0.045523 0.001292 -0.013064 -0.030397 -0.302019 0.952728
1783948438.113411188 0.026125 -0.045509 0.001521 -0.013072 -0.030349 -0.302037 0.952723
1783948438.123447180 0.026151 -0.045502 0.001769 -0.013048 -0.030282 -0.302068 0.952716
1783948438.132605791 0.026184 -0.045499 0.001996 -0.013020 -0.030218 -0.302095 0.952710
1783948438.132605791 0.026184 -0.045499 0.001996 -0.013020 -0.030218 -0.302095 0.952710
1783948438.134429932 0.026186 -0.045503 0.001995 -0.013009 -0.030208 -0.302100 0.952709
1783948438.143465996 0.026179 -0.045531 0.001965 -0.012965 -0.030171 -0.302109 0.952708
1783948438.153443575 0.026153 -0.045552 0.001940 -0.012949 -0.030161 -0.302103 0.952710
1783948438.163395405 0.026110 -0.045557 0.001928 -0.012975 -0.030184 -0.302076 0.952717
1783948438.173424006 0.026058 -0.045540 0.001927 -0.013035 -0.030233 -0.302050 0.952723
1783948438.183399200 0.026009 -0.045507 0.001939 -0.013098 -0.030277 -0.302029 0.952728
1783948438.193429232 0.025976 -0.045468 0.001964 -0.013146 -0.030319 -0.302028 0.952726
1783948438.203424931 0.025970 -0.045430 0.002001 -0.013159 -0.030321 -0.302033 0.952724
1783948438.213426352 0.025992 -0.045401 0.002051 -0.013137 -0.030296 -0.302060 0.952717
1783948438.223433018 0.026035 -0.045381 0.002115 -0.013085 -0.030246 -0.302084 0.952712
1783948438.233477831 0.026085 -0.045365 0.002191 -0.013032 -0.030191 -0.302105 0.952707
1783948438.233477831 0.026085 -0.045365 0.002191 -0.013032 -0.030191 -0.302105 0.952707
1783948438.234715462 0.026086 -0.045367 0.002191 -0.013025 -0.030183 -0.302107 0.952707
1783948438.243504047 0.026077 -0.045394 0.002162 -0.012977 -0.030151 -0.302111 0.952707
1783948438.253416538 0.026049 -0.045417 0.002136 -0.012958 -0.030142 -0.302095 0.952713
1783948438.263945341 0.026000 -0.045424 0.002118 -0.012980 -0.030163 -0.302075 0.952718
1783948438.273395777 0.025950 -0.045405 0.002120 -0.013024 -0.030211 -0.302057 0.952722
1783948438.283423901 0.025898 -0.045370 0.002132 -0.013085 -0.030261 -0.302046 0.952723
1783948438.294410706 0.025861 -0.045325 0.002153 -0.013123 -0.030304 -0.302043 0.952722
1783948438.303402424 0.025859 -0.045285 0.002191 -0.013137 -0.030310 -0.302053 0.952719
1783948438.313419580 0.025880 -0.045250 0.002241 -0.013116 -0.030291 -0.302069 0.952714
1783948438.323411703 0.025922 -0.045223 0.002303 -0.013066 -0.030236 -0.302099 0.952707
1783948438.333447456 0.025970 -0.045201 0.002379 -0.013011 -0.030171 -0.302128 0.952701
1783948438.334344387 0.025976 -0.045198 0.002390 -0.013006 -0.030168 -0.302129 0.952701
1783948438.334344387 0.025976 -0.045198 0.002390 -0.013006 -0.030168 -0.302129 0.952701
1783948438.343462706 0.025959 -0.045219 0.002359 -0.012958 -0.030132 -0.302143 0.952698
1783948438.353383064 0.025925 -0.045234 0.002335 -0.012944 -0.030113 -0.302134 0.952702
1783948438.363437414 0.025871 -0.045233 0.002323 -0.012971 -0.030124 -0.302108 0.952709
1783948438.373493195 0.025808 -0.045209 0.002322 -0.013021 -0.030165 -0.302094 0.952712
1783948438.383419991 0.025750 -0.045169 0.002334 -0.013076 -0.030217 -0.302075 0.952715
1783948438.393414974 0.025706 -0.045122 0.002357 -0.013113 -0.030254 -0.302067 0.952716
1783948438.403434277 0.025691 -0.045077 0.002394 -0.013127 -0.030264 -0.302081 0.952711
1783948438.413404465 0.025703 -0.045042 0.002444 -0.013104 -0.030239 -0.302107 0.952704
1783948438.423504353 0.025736 -0.045014 0.002507 -0.013045 -0.030191 -0.302131 0.952699
1783948438.433396101 0.025774 -0.044992 0.002582 -0.012983 -0.030145 -0.302155 0.952694
1783948438.435205936 0.025784 -0.044986 0.002604 -0.012975 -0.030136 -0.302154 0.952694
1783948438.435205936 0.025784 -0.044986 0.002604 -0.012975 -0.030136 -0.302154 0.952694
1783948438.443454742 0.025763 -0.045006 0.002577 -0.012942 -0.030100 -0.302158 0.952695
1783948438.453551054 0.025718 -0.045025 0.002545 -0.012936 -0.030085 -0.302160 0.952695
1783948438.463516474 0.025656 -0.045026 0.002526 -0.012962 -0.030099 -0.302142 0.952700
1783948438.473501921 0.025586 -0.045006 0.002518 -0.013007 -0.030152 -0.302120 0.952704
1783948438.483611822 0.025519 -0.044970 0.002522 -0.013065 -0.030205 -0.302104 0.952707
1783948438.493404150 0.025471 -0.044927 0.002537 -0.013106 -0.030235 -0.302101 0.952706
1783948438.503425360 0.025448 -0.044885 0.002564 -0.013116 -0.030252 -0.302107 0.952704
1783948438.514322758 0.025452 -0.044852 0.002602 -0.013091 -0.030230 -0.302134 0.952696
1783948438.523431778 0.025480 -0.044828 0.002653 -0.013047 -0.030193 -0.302160 0.952690
1783948438.533462763 0.025516 -0.044808 0.002717 -0.012987 -0.030134 -0.302187 0.952684
1783948438.536059141 0.025529 -0.044799 0.002745 -0.012973 -0.030122 -0.302187 0.952684
1783948438.536059141 0.025529 -0.044799 0.002745 -0.012973 -0.030122 -0.302187 0.952684
1783948438.543481112 0.025511 -0.044818 0.002720 -0.012936 -0.030088 -0.302192 0.952684
1783948438.553952456 0.025463 -0.044841 0.002677 -0.012923 -0.030080 -0.302195 0.952684
1783948438.563474178 0.025405 -0.044844 0.002655 -0.012945 -0.030103 -0.302167 0.952692
1783948438.573500156 0.025334 -0.044827 0.002640 -0.012990 -0.030151 -0.302152 0.952694
1783948438.583444357 0.025267 -0.044792 0.002638 -0.013050 -0.030203 -0.302136 0.952697
1783948438.593457699 0.025215 -0.044751 0.002648 -0.013099 -0.030239 -0.302129 0.952697
1783948438.603435993 0.025189 -0.044711 0.002671 -0.013118 -0.030243 -0.302146 0.952691
1783948438.613458633 0.025190 -0.044681 0.002706 -0.013104 -0.030223 -0.302159 0.952688
1783948438.623486042 0.025211 -0.044659 0.002754 -0.013055 -0.030176 -0.302184 0.952683
1783948438.633440495 0.025239 -0.044642 0.002813 -0.012984 -0.030116 -0.302205 0.952679
1783948438.636928082 0.025253 -0.044632 0.002849 -0.012966 -0.030099 -0.302209 0.952678
1783948438.636928082 0.025253 -0.044632 0.002849 -0.012966 -0.030099 -0.302209 0.952678
1783948438.646372080 0.025214 -0.044662 0.002802 -0.012918 -0.030055 -0.302226 0.952675
1783948438.653441668 0.025180 -0.044675 0.002783 -0.012903 -0.030044 -0.302219 0.952678
1783948438.663448811 0.025110 -0.044684 0.002752 -0.012921 -0.030048 -0.302195 0.952685
1783948438.674154997 0.025025 -0.044672 0.002726 -0.012978 -0.030100 -0.302170 0.952690
1783948438.683469057 0.024957 -0.044642 0.002722 -0.013038 -0.030137 -0.302157 0.952692
1783948438.693416357 0.024900 -0.044602 0.002727 -0.013079 -0.030173 -0.302161 0.952690
1783948438.703420401 0.024870 -0.044564 0.002743 -0.013092 -0.030178 -0.302170 0.952686
1783948438.713448524 0.024869 -0.044535 0.002771 -0.013073 -0.030160 -0.302194 0.952680
1783948438.723549366 0.024890 -0.044514 0.002811 -0.013024 -0.030112 -0.302223 0.952672
1783948438.733414650 0.024919 -0.044498 0.002863 -0.012966 -0.030050 -0.302252 0.952666
1783948438.737797022 0.024935 -0.044487 0.002903 -0.012944 -0.030029 -0.302257 0.952665
1783948438.737797022 0.024935 -0.044487 0.002903 -0.012944 -0.030029 -0.302257 0.952665
1783948438.743439436 0.024919 -0.044502 0.002886 -0.012916 -0.030002 -0.302263 0.952665
1783948438.753423214 0.024866 -0.044530 0.002845 -0.012912 -0.029978 -0.302253 0.952669
1783948438.763409138 0.024795 -0.044541 0.002816 -0.012945 -0.029984 -0.302233 0.952674
1783948438.773693085 0.024713 -0.044529 0.002797 -0.012994 -0.030018 -0.302207 0.952681
1783948438.783445358 0.024638 -0.044500 0.002793 -0.013058 -0.030055 -0.302190 0.952684
1783948438.793448448 0.024578 -0.044464 0.002798 -0.013104 -0.030085 -0.302177 0.952687
1783948438.805455208 0.024536 -0.044431 0.002809 -0.013134 -0.030089 -0.302192 0.952682
1783948438.813438654 0.024538 -0.044409 0.002842 -0.013121 -0.030062 -0.302206 0.952678
1783948438.823447466 0.024556 -0.044391 0.002885 -0.013072 -0.030008 -0.302234 0.952672
1783948438.836391687 0.024581 -0.044384 0.002941 -0.013002 -0.029923 -0.302276 0.952662
1783948438.839550018 0.024593 -0.044377 0.002973 -0.012987 -0.029909 -0.302276 0.952662
1783948438.839550018 0.024593 -0.044377 0.002973 -0.012987 -0.029909 -0.302276 0.952662
1783948438.843403101 0.024585 -0.044388 0.002960 -0.012969 -0.029892 -0.302278 0.952663
1783948438.853470802 0.024538 -0.044421 0.002901 -0.012957 -0.029867 -0.302272 0.952665
1783948438.863446474 0.024475 -0.044437 0.002855 -0.012986 -0.029890 -0.302244 0.952673
1783948438.873420000 0.024403 -0.044431 0.002820 -0.013040 -0.029927 -0.302218 0.952680
1783948438.883497477 0.024333 -0.044408 0.002798 -0.013105 -0.029973 -0.302202 0.952682
1783948438.893865347 0.024279 -0.044376 0.002787 -0.013153 -0.030012 -0.302207 0.952679
1783948438.903415680 0.024257 -0.044347 0.002793 -0.013165 -0.030012 -0.302216 0.952676
1783948438.913414717 0.024261 -0.044326 0.002808 -0.013148 -0.029983 -0.302240 0.952669
1783948438.923413277 0.024286 -0.044312 0.002836 -0.013099 -0.029923 -0.302267 0.952663
1783948438.933397770 0.024319 -0.044304 0.002877 -0.013042 -0.029856 -0.302299 0.952656
1783948438.939522743 0.024341 -0.044294 0.002922 -0.013014 -0.029828 -0.302304 0.952656
1783948438.939522743 0.024341 -0.044294 0.002922 -0.013014 -0.029828 -0.302304 0.952656
1783948438.943438053 0.024333 -0.044305 0.002911 -0.012996 -0.029810 -0.302304 0.952657
1783948438.953453779 0.024287 -0.044337 0.002866 -0.012983 -0.029789 -0.302298 0.952659
1783948438.963588476 0.024222 -0.044353 0.002833 -0.013007 -0.029803 -0.302275 0.952666
1783948438.973410130 0.024151 -0.044347 0.002813 -0.013057 -0.029849 -0.302249 0.952672
1783948438.983446360 0.024083 -0.044324 0.002805 -0.013115 -0.029892 -0.302236 0.952674
1783948438.995243073 0.024021 -0.044293 0.002802 -0.013170 -0.029931 -0.302234 0.952673
1783948439.003470182 0.024009 -0.044265 0.002824 -0.013179 -0.029938 -0.302242 0.952670
1783948439.013445854 0.024015 -0.044242 0.002854 -0.013167 -0.029905 -0.302267 0.952663
1783948439.023440599 0.024043 -0.044225 0.002896 -0.013117 -0.029862 -0.302299 0.952655
1783948439.033399820 0.024076 -0.044213 0.002952 -0.013067 -0.029796 -0.302328 0.952648
1783948439.040379047 0.024101 -0.044199 0.003008 -0.013035 -0.029766 -0.302336 0.952647
1783948439.040379047 0.024101 -0.044199 0.003008 -0.013035 -0.029766 -0.302336 0.952647
1783948439.043441534 0.024097 -0.044208 0.003002 -0.013020 -0.029753 -0.302339 0.952647
1783948439.053430557 0.024060 -0.044238 0.002942 -0.013003 -0.029743 -0.302331 0.952650
1783948439.063414097 0.024007 -0.044252 0.002893 -0.013023 -0.029760 -0.302310 0.952656
1783948439.073500156 0.023944 -0.044245 0.002856 -0.013066 -0.029804 -0.302289 0.952661
1783948439.083499670 0.023884 -0.044221 0.002833 -0.013127 -0.029853 -0.302273 0.952663
1783948439.093410730 0.023841 -0.044190 0.002824 -0.013165 -0.029894 -0.302265 0.952664
1783948439.103443384 0.023826 -0.044161 0.002826 -0.013186 -0.029900 -0.302274 0.952661
1783948439.113494635 0.023840 -0.044140 0.002841 -0.013166 -0.029875 -0.302294 0.952655
1783948439.124708176 0.023879 -0.044128 0.002862 -0.013106 -0.029821 -0.302331 0.952646
1783948439.133461475 0.023919 -0.044119 0.002907 -0.013060 -0.029770 -0.302361 0.952639
1783948439.141248226 0.023952 -0.044109 0.002962 -0.013019 -0.029735 -0.302364 0.952640
1783948439.141248226 0.023952 -0.044109 0.002962 -0.013019 -0.029735 -0.302364 0.952640
1783948439.143398523 0.023950 -0.044115 0.002961 -0.013007 -0.029725 -0.302363 0.952640
1783948439.156372547 0.023893 -0.044159 0.002884 -0.012996 -0.029718 -0.302346 0.952646
1783948439.163401842 0.023857 -0.044164 0.002877 -0.013009 -0.029736 -0.302330 0.952651
1783948439.173431396 0.023794 -0.044157 0.002858 -0.013056 -0.029786 -0.302302 0.952657
1783948439.183443069 0.023735 -0.044134 0.002850 -0.013113 -0.029847 -0.302280 0.952661
1783948439.193451643 0.023695 -0.044105 0.002855 -0.013154 -0.029882 -0.302271 0.952663
1783948439.203470230 0.023683 -0.044077 0.002873 -0.013167 -0.029884 -0.302272 0.952662
1783948439.213464737 0.023699 -0.044059 0.002905 -0.013145 -0.029866 -0.302285 0.952659
1783948439.224116325 0.023739 -0.044050 0.002948 -0.013090 -0.029811 -0.302308 0.952654
1783948439.233490705 0.023785 -0.044043 0.003004 -0.013035 -0.029763 -0.302334 0.952648
1783948439.242109060 0.023823 -0.044034 0.003069 -0.012987 -0.029730 -0.302342 0.952647
1783948439.242109060 0.023823 -0.044034 0.003069 -0.012987 -0.029730 -0.302342 0.952647
1783948439.243439198 0.023823 -0.044037 0.003068 -0.012980 -0.029724 -0.302343 0.952647
1783948439.254120350 0.023799 -0.044071 0.002999 -0.012948 -0.029719 -0.302332 0.952651
1783948439.263469219 0.023764 -0.044085 0.002960 -0.012969 -0.029736 -0.302308 0.952658
1783948439.273505688 0.023717 -0.044080 0.002926 -0.013022 -0.029797 -0.302282 0.952664
1783948439.283598900 0.023675 -0.044058 0.002905 -0.013080 -0.029845 -0.302257 0.952669
1783948439.293462038 0.023651 -0.044032 0.002899 -0.013116 -0.029888 -0.302246 0.952671
1783948439.303445578 0.023655 -0.044008 0.002904 -0.013126 -0.029895 -0.302246 0.952671
1783948439.313467026 0.023686 -0.043992 0.002921 -0.013109 -0.029874 -0.302266 0.952665
1783948439.323453903 0.023739 -0.043984 0.002951 -0.013053 -0.029832 -0.302283 0.952662
1783948439.333479643 0.023798 -0.043980 0.002994 -0.013001 -0.029778 -0.302301 0.952659
1783948439.342998505 0.023850 -0.043975 0.003052 -0.012951 -0.029747 -0.302307 0.952658
1783948439.342998505 0.023850 -0.043975 0.003052 -0.012951 -0.029747 -0.302307 0.952658
1783948439.343431473 0.023850 -0.043976 0.003051 -0.012948 -0.029746 -0.302307 0.952658
1783948439.353455305 0.023830 -0.044011 0.002999 -0.012927 -0.029745 -0.302295 0.952663
1783948439.363449335 0.023793 -0.044030 0.002960 -0.012956 -0.029759 -0.302269 0.952670
1783948439.373499155 0.023748 -0.044026 0.002933 -0.012997 -0.029812 -0.302237 0.952678
1783948439.383416891 0.023708 -0.044007 0.002919 -0.013047 -0.029867 -0.302211 0.952684
1783948439.393492937 0.023683 -0.043981 0.002916 -0.013090 -0.029910 -0.302202 0.952684
1783948439.403433561 0.023687 -0.043957 0.002926 -0.013103 -0.029921 -0.302201 0.952684
1783948439.413439035 0.023718 -0.043940 0.002948 -0.013087 -0.029905 -0.302221 0.952679
1783948439.423429966 0.023770 -0.043929 0.002982 -0.013031 -0.029860 -0.302239 0.952675
1783948439.433459997 0.023830 -0.043922 0.003029 -0.012968 -0.029806 -0.302269 0.952668
1783948439.443851471 0.023884 -0.043913 0.003090 -0.012913 -0.029775 -0.302272 0.952669
1783948439.443851471 0.023884 -0.043913 0.003090 -0.012913 -0.029775 -0.302272 0.952669
1783948439.445076466 0.023885 -0.043917 0.003089 -0.012907 -0.029771 -0.302272 0.952669
1783948439.453437090 0.023873 -0.043941 0.003050 -0.012895 -0.029769 -0.302266 0.952671
1783948439.463471889 0.023841 -0.043958 0.003003 -0.012922 -0.029791 -0.302230 0.952682
1783948439.473500490 0.023802 -0.043952 0.002968 -0.012959 -0.029843 -0.302203 0.952688
1783948439.483645916 0.023766 -0.043932 0.002946 -0.013013 -0.029895 -0.302177 0.952694
1783948439.493448019 0.023750 -0.043906 0.002940 -0.013047 -0.029935 -0.302169 0.952695
1783948439.504498720 0.023761 -0.043881 0.002938 -0.013059 -0.029955 -0.302177 0.952692
1783948439.513440609 0.023799 -0.043866 0.002960 -0.013038 -0.029938 -0.302191 0.952688
1783948439.523460865 0.023860 -0.043858 0.002990 -0.012986 -0.029893 -0.302221 0.952681
1783948439.533505201 0.023930 -0.043854 0.003033 -0.012917 -0.029840 -0.302242 0.952676
1783948439.544711113 0.023999 -0.043849 0.003089 -0.012856 -0.029801 -0.302259 0.952673
1783948439.544711113 0.023999 -0.043849 0.003089 -0.012856 -0.029801 -0.302259 0.952673
1783948439.545528173 0.024000 -0.043851 0.003087 -0.012852 -0.029797 -0.302259 0.952673
1783948439.553481817 0.023994 -0.043877 0.003050 -0.012834 -0.029786 -0.302250 0.952677
1783948439.563467026 0.023965 -0.043900 0.003003 -0.012875 -0.029821 -0.302219 0.952685
1783948439.574002743 0.023925 -0.043905 0.002962 -0.012930 -0.029875 -0.302190 0.952692
1783948439.583507299 0.023896 -0.043892 0.002944 -0.012991 -0.029922 -0.302166 0.952697
1783948439.593524218 0.023881 -0.043874 0.002936 -0.013034 -0.029956 -0.302163 0.952696
1783948439.603719234 0.023893 -0.043855 0.002938 -0.013044 -0.029976 -0.302163 0.952696
1783948439.613435030 0.023934 -0.043845 0.002954 -0.013034 -0.029942 -0.302183 0.952691
1783948439.623498201 0.023995 -0.043843 0.002981 -0.012980 -0.029903 -0.302208 0.952685
1783948439.633446217 0.024065 -0.043846 0.003023 -0.012934 -0.029854 -0.302232 0.952679
1783948439.643512964 0.024128 -0.043847 0.003077 -0.012875 -0.029817 -0.302239 0.952679
1783948439.645601034 0.024143 -0.043843 0.003099 -0.012872 -0.029816 -0.302235 0.952680
1783948439.645601034 0.024143 -0.043843 0.003099 -0.012872 -0.029816 -0.302235 0.952680
1783948439.653515816 0.024138 -0.043872 0.003060 -0.012864 -0.029818 -0.302221 0.952685
1783948439.663513899 0.024112 -0.043898 0.003009 -0.012884 -0.029835 -0.302197 0.952691
1783948439.673828840 0.024077 -0.043903 0.002968 -0.012939 -0.029888 -0.302172 0.952697
1783948439.683526754 0.024048 -0.043892 0.002945 -0.012999 -0.029937 -0.302159 0.952699
1783948439.693456411 0.024035 -0.043875 0.002930 -0.013040 -0.029969 -0.302143 0.952702
1783948439.703437567 0.024049 -0.043861 0.002927 -0.013056 -0.029976 -0.302155 0.952698
1783948439.713484526 0.024091 -0.043856 0.002938 -0.013044 -0.029959 -0.302164 0.952696
1783948439.723507404 0.024154 -0.043860 0.002962 -0.012998 -0.029916 -0.302190 0.952689
1783948439.733563900 0.024224 -0.043869 0.002998 -0.012936 -0.029863 -0.302207 0.952687
1783948439.743478775 0.024288 -0.043876 0.003047 -0.012891 -0.029826 -0.302220 0.952684
1783948439.746431351 0.024309 -0.043872 0.003075 -0.012887 -0.029825 -0.302215 0.952686
1783948439.746431351 0.024309 -0.043872 0.003075 -0.012887 -0.029825 -0.302215 0.952686
1783948439.753448963 0.024306 -0.043901 0.003040 -0.012880 -0.029823 -0.302203 0.952690
1783948439.763494253 0.024281 -0.043935 0.002985 -0.012908 -0.029844 -0.302176 0.952698
1783948439.773474932 0.024247 -0.043948 0.002945 -0.012953 -0.029896 -0.302148 0.952704
1783948439.783465147 0.024217 -0.043945 0.002917 -0.013013 -0.029946 -0.302131 0.952707
1783948439.795538902 0.024200 -0.043939 0.002885 -0.013071 -0.029993 -0.302115 0.952710
1783948439.803452492 0.024218 -0.043926 0.002892 -0.013082 -0.029998 -0.302122 0.952707
1783948439.813444614 0.024262 -0.043923 0.002901 -0.013073 -0.029973 -0.302136 0.952704
1783948439.823462248 0.024328 -0.043927 0.002923 -0.013024 -0.029923 -0.302156 0.952700
1783948439.833443165 0.024401 -0.043936 0.002960 -0.012973 -0.029863 -0.302172 0.952697
1783948439.843525648 0.024467 -0.043944 0.003010 -0.012922 -0.029823 -0.302174 0.952698
1783948439.847300053 0.024494 -0.043940 0.003045 -0.012918 -0.029818 -0.302171 0.952700
1783948439.847300053 0.024494 -0.043940 0.003045 -0.012918 -0.029818 -0.302171 0.952700
1783948439.853558540 0.024495 -0.043961 0.003013 -0.012911 -0.029814 -0.302165 0.952702
1783948439.864291430 0.024471 -0.043992 0.002944 -0.012942 -0.029839 -0.302141 0.952708
1783948439.873444319 0.024446 -0.043995 0.002905 -0.012987 -0.029885 -0.302114 0.952715
1783948439.883470535 0.024422 -0.043985 0.002869 -0.013043 -0.029947 -0.302090 0.952720
1783948439.893966675 0.024415 -0.043968 0.002842 -0.013091 -0.029984 -0.302082 0.952720
1783948439.903506994 0.024437 -0.043950 0.002832 -0.013100 -0.030001 -0.302088 0.952718
1783948439.913495779 0.024489 -0.043942 0.002831 -0.013085 -0.029985 -0.302110 0.952712
1783948439.923460722 0.024561 -0.043940 0.002841 -0.013039 -0.029943 -0.302132 0.952707
1783948439.933521748 0.024638 -0.043944 0.002863 -0.012980 -0.029896 -0.302158 0.952700
1783948439.943519115 0.024708 -0.043948 0.002899 -0.012930 -0.029860 -0.302165 0.952700
1783948439.948168039 0.024741 -0.043942 0.002934 -0.012925 -0.029856 -0.302159 0.952702
1783948439.948168039 0.024741 -0.043942 0.002934 -0.012925 -0.029856 -0.302159 0.952702
1783948439.953505039 0.024740 -0.043962 0.002907 -0.012919 -0.029852 -0.302153 0.952704
1783948439.963499308 0.024715 -0.043996 0.002839 -0.012951 -0.029871 -0.302125 0.952712
1783948439.973520279 0.024681 -0.044008 0.002783 -0.012998 -0.029922 -0.302102 0.952717
1783948439.983484268 0.024653 -0.044003 0.002741 -0.013059 -0.029971 -0.302073 0.952724
1783948439.993523598 0.024641 -0.043992 0.002710 -0.013112 -0.030015 -0.302060 0.952726
1783948440.003481150 0.024657 -0.043982 0.002691 -0.013135 -0.030029 -0.302062 0.952725
1783948440.013450623 0.024699 -0.043980 0.002687 -0.013118 -0.030006 -0.302082 0.952719
1783948440.023486614 0.024765 -0.043986 0.002695 -0.013069 -0.029961 -0.302107 0.952714
1783948440.033530712 0.024838 -0.043998 0.002715 -0.013009 -0.029915 -0.302129 0.952709
1783948440.043499947 0.024903 -0.044009 0.002747 -0.012956 -0.029875 -0.302140 0.952707
1783948440.049020767 0.024939 -0.044006 0.002783 -0.012947 -0.029866 -0.302137 0.952709
1783948440.049020767 0.024939 -0.044006 0.002783 -0.012947 -0.029866 -0.302137 0.952709
1783948440.053469181 0.024941 -0.044020 0.002761 -0.012938 -0.029858 -0.302134 0.952710
1783948440.063472509 0.024923 -0.044049 0.002692 -0.012969 -0.029886 -0.302106 0.952717
1783948440.073462725 0.024895 -0.044055 0.002637 -0.013013 -0.029936 -0.302084 0.952722
1783948440.083498716 0.024871 -0.044046 0.002597 -0.013067 -0.029985 -0.302070 0.952724
1783948440.093493223 0.024866 -0.044029 0.002570 -0.013105 -0.030031 -0.302068 0.952723
1783948440.103487730 0.024889 -0.044014 0.002555 -0.013116 -0.030052 -0.302069 0.952722
1783948440.113469839 0.024940 -0.044007 0.002552 -0.013109 -0.030042 -0.302085 0.952717
1783948440.124164581 0.025016 -0.044010 0.002559 -0.013054 -0.030000 -0.302113 0.952711
1783948440.133472443 0.025092 -0.044014 0.002584 -0.013001 -0.029960 -0.302127 0.952708
1783948440.143532753 0.025166 -0.044018 0.002621 -0.012953 -0.029927 -0.302135 0.952707
1783948440.151893139 0.025218 -0.044010 0.002667 -0.012936 -0.029921 -0.302128 0.952710
1783948440.151893139 0.025218 -0.044010 0.002667 -0.012936 -0.029921 -0.302128 0.952710
1783948440.153472424 0.025220 -0.044013 0.002661 -0.012933 -0.029918 -0.302126 0.952711
1783948440.163521051 0.025203 -0.044042 0.002582 -0.012969 -0.029943 -0.302101 0.952717
1783948440.173535109 0.025178 -0.044048 0.002515 -0.013009 -0.029992 -0.302080 0.952722
1783948440.183558226 0.025158 -0.044036 0.002460 -0.013073 -0.030051 -0.302050 0.952729
1783948440.193557739 0.025154 -0.044019 0.002417 -0.013108 -0.030094 -0.302042 0.952729
1783948440.203523636 0.025178 -0.044002 0.002387 -0.013121 -0.030112 -0.302045 0.952728
1783948440.213480234 0.025229 -0.043995 0.002369 -0.013107 -0.030092 -0.302065 0.952722
1783948440.223559856 0.025303 -0.043996 0.002363 -0.013052 -0.030057 -0.302087 0.952717
1783948440.233498335 0.025381 -0.044002 0.002371 -0.012998 -0.030008 -0.302112 0.952711
1783948440.245518923 0.025461 -0.044014 0.002383 -0.012933 -0.029978 -0.302124 0.952709
1783948440.250752926 0.025498 -0.044008 0.002414 -0.012925 -0.029971 -0.302116 0.952712
1783948440.250752926 0.025498 -0.044008 0.002414 -0.012925 -0.029971 -0.302116 0.952712
1783948440.253536940 0.025502 -0.044016 0.002401 -0.012920 -0.029966 -0.302112 0.952714
1783948440.263457298 0.025489 -0.044045 0.002326 -0.012944 -0.029983 -0.302083 0.952722
1783948440.273439646 0.025467 -0.044054 0.002262 -0.012984 -0.030027 -0.302056 0.952729
1783948440.283506393 0.025449 -0.044047 0.002209 -0.013039 -0.030094 -0.302037 0.952732
1783948440.293530703 0.025448 -0.044033 0.002169 -0.013079 -0.030149 -0.302035 0.952730
1783948440.303519964 0.025474 -0.044020 0.002142 -0.013091 -0.030168 -0.302039 0.952728
1783948440.313505888 0.025528 -0.044016 0.002128 -0.013068 -0.030150 -0.302052 0.952725
1783948440.323562860 0.025606 -0.044019 0.002127 -0.013012 -0.030110 -0.302086 0.952716
1783948440.333503962 0.025691 -0.044025 0.002141 -0.012946 -0.030062 -0.302104 0.952713
1783948440.344301462 0.025772 -0.044034 0.002166 -0.012895 -0.030025 -0.302111 0.952713
1783948440.351619005 0.025823 -0.044029 0.002205 -0.012888 -0.030017 -0.302107 0.952714
1783948440.351619005 0.025823 -0.044029 0.002205 -0.012888 -0.030017 -0.302107 0.952714
1783948440.353457689 0.025823 -0.044036 0.002197 -0.012886 -0.030014 -0.302105 0.952715
1783948440.363495111 0.025777 -0.044093 0.002127 -0.012922 -0.030038 -0.302080 0.952722
1783948440.376361847 0.025689 -0.044149 0.002038 -0.012989 -0.030109 -0.302052 0.952727
1783948440.383498669 0.025662 -0.044149 0.002016 -0.013034 -0.030143 -0.302038 0.952730
1783948440.393506765 0.025625 -0.044156 0.001983 -0.013077 -0.030193 -0.302032 0.952730
1783948440.406718016 0.025599 -0.044186 0.001939 -0.013097 -0.030208 -0.302037 0.952727
1783948440.413472652 0.025626 -0.044188 0.001946 -0.013091 -0.030191 -0.302049 0.952724
1783948440.423529148 0.025668 -0.044211 0.001952 -0.013040 -0.030133 -0.302072 0.952720
1783948440.437078714 0.025710 -0.044270 0.001959 -0.012957 -0.030065 -0.302118 0.952708
1783948440.443518162 0.025750 -0.044280 0.001991 -0.012922 -0.030033 -0.302124 0.952708
1783948440.452481508 0.025783 -0.044296 0.002035 -0.012918 -0.030028 -0.302114 0.952711
1783948440.452481508 0.025783 -0.044296 0.002035 -0.012918 -0.030028 -0.302114 0.952711
1783948440.453472853 0.025784 -0.044298 0.002032 -0.012917 -0.030027 -0.302112 0.952712
1783948440.463557959 0.025770 -0.044328 0.001964 -0.012941 -0.030056 -0.302083 0.952720
1783948440.473515272 0.025747 -0.044331 0.001907 -0.012982 -0.030110 -0.302054 0.952727
1783948440.483556986 0.025732 -0.044317 0.001864 -0.013027 -0.030163 -0.302037 0.952730
1783948440.493521452 0.025732 -0.044300 0.001833 -0.013076 -0.030203 -0.302029 0.952730
1783948440.503485680 0.025755 -0.044286 0.001811 -0.013095 -0.030228 -0.302033 0.952728
1783948440.513525724 0.025808 -0.044281 0.001801 -0.013092 -0.030176 -0.302056 0.952723
1783948440.523483038 0.025880 -0.044282 0.001803 -0.013033 -0.030159 -0.302069 0.952720
1783948440.534438372 0.025967 -0.044287 0.001822 -0.012968 -0.030092 -0.302107 0.952711
1783948440.543515921 0.026038 -0.044287 0.001861 -0.012920 -0.030061 -0.302109 0.952712
1783948440.553362370 0.026099 -0.044278 0.001910 -0.012914 -0.030068 -0.302100 0.952714
1783948440.553362370 0.026099 -0.044278 0.001910 -0.012914 -0.030068 -0.302100 0.952714
1783948440.553511381 0.026099 -0.044278 0.001909 -0.012914 -0.030068 -0.302100 0.952714
1783948440.563494921 0.026087 -0.044304 0.001840 -0.012926 -0.030077 -0.302065 0.952725
1783948440.573453665 0.026066 -0.044310 0.001784 -0.012985 -0.030138 -0.302040 0.952730
1783948440.583537340 0.026047 -0.044302 0.001741 -0.013045 -0.030185 -0.302022 0.952733
1783948440.593502760 0.026045 -0.044288 0.001711 -0.013095 -0.030229 -0.302008 0.952736
1783948440.603489637 0.026069 -0.044274 0.001694 -0.013106 -0.030258 -0.302028 0.952729
1783948440.613515139 0.026121 -0.044267 0.001687 -0.013085 -0.030230 -0.302043 0.952725
1783948440.623553753 0.026193 -0.044267 0.001694 -0.013034 -0.030189 -0.302078 0.952716
1783948440.635248899 0.026283 -0.044276 0.001710 -0.012958 -0.030139 -0.302100 0.952712
1783948440.643550396 0.026348 -0.044275 0.001746 -0.012917 -0.030106 -0.302109 0.952710
1783948440.653503180 0.026406 -0.044269 0.001792 -0.012901 -0.030107 -0.302091 0.952716
1783948440.654234648 0.026411 -0.044267 0.001799 -0.012902 -0.030109 -0.302089 0.952717
1783948440.654234648 0.026411 -0.044267 0.001799 -0.012902 -0.030109 -0.302089 0.952717
1783948440.663482904 0.026396 -0.044289 0.001742 -0.012927 -0.030136 -0.302072 0.952721
1783948440.673460484 0.026370 -0.044294 0.001690 -0.012971 -0.030185 -0.302045 0.952727
1783948440.683524370 0.026345 -0.044282 0.001649 -0.013032 -0.030241 -0.302024 0.952731
1783948440.694591522 0.026336 -0.044264 0.001614 -0.013080 -0.030275 -0.302012 0.952734
1783948440.703539371 0.026356 -0.044246 0.001607 -0.013090 -0.030286 -0.302018 0.952731
1783948440.713511705 0.026401 -0.044238 0.001604 -0.013065 -0.030262 -0.302033 0.952727
1783948440.724033594 0.026471 -0.044238 0.001612 -0.013019 -0.030212 -0.302060 0.952721
1783948440.733470678 0.026544 -0.044238 0.001638 -0.012968 -0.030164 -0.302083 0.952716
1783948440.743528128 0.026614 -0.044239 0.001676 -0.012910 -0.030123 -0.302093 0.952715
1783948440.753516197 0.026667 -0.044227 0.001727 -0.012888 -0.030116 -0.302085 0.952718
1783948440.755078077 0.026677 -0.044222 0.001742 -0.012890 -0.030118 -0.302079 0.952720
1783948440.755078077 0.026677 -0.044222 0.001742 -0.012890 -0.030118 -0.302079 0.952720
1783948440.764313221 0.026658 -0.044237 0.001684 -0.012905 -0.030140 -0.302049 0.952728
1783948440.773471117 0.026632 -0.044235 0.001636 -0.012953 -0.030184 -0.302022 0.952735
1783948440.783510208 0.026606 -0.044218 0.001591 -0.013009 -0.030235 -0.302001 0.952739
1783948440.794993877 0.026594 -0.044196 0.001545 -0.013050 -0.030280 -0.302001 0.952737
1783948440.803528786 0.026612 -0.044176 0.001535 -0.013054 -0.030286 -0.302003 0.952736
1783948440.813574314 0.026656 -0.044165 0.001527 -0.013042 -0.030260 -0.302018 0.952733
1783948440.824450731 0.026727 -0.044164 0.001529 -0.012982 -0.030212 -0.302045 0.952727
1783948440.833480358 0.026795 -0.044163 0.001552 -0.012928 -0.030166 -0.302063 0.952723
1783948440.843475580 0.026862 -0.044163 0.001585 -0.012875 -0.030134 -0.302069 0.952723
1783948440.854959726 0.026915 -0.044154 0.001631 -0.012860 -0.030130 -0.302057 0.952727
1783948440.856889963 0.026925 -0.044147 0.001650 -0.012866 -0.030132 -0.302050 0.952729
1783948440.856889963 0.026925 -0.044147 0.001650 -0.012866 -0.030132 -0.302050 0.952729
1783948440.863517523 0.026911 -0.044158 0.001615 -0.012885 -0.030143 -0.302030 0.952735
1783948440.873467922 0.026877 -0.044162 0.001556 -0.012924 -0.030188 -0.302005 0.952741
1783948440.887408733 0.026824 -0.044156 0.001464 -0.012993 -0.030263 -0.301984 0.952744
1783948440.893500805 0.026820 -0.044139 0.001458 -0.013015 -0.030285 -0.301982 0.952744
1783948440.903488398 0.026825 -0.044122 0.001438 -0.013029 -0.030297 -0.301990 0.952741
1783948440.913523436 0.026858 -0.044113 0.001431 -0.013008 -0.030289 -0.302012 0.952734
1783948440.923501015 0.026912 -0.044111 0.001438 -0.012960 -0.030246 -0.302034 0.952729
1783948440.933500528 0.026974 -0.044112 0.001460 -0.012890 -0.030192 -0.302062 0.952723
1783948440.943535805 0.027028 -0.044111 0.001494 -0.012842 -0.030149 -0.302076 0.952720
1783948440.953551292 0.027067 -0.044099 0.001540 -0.012826 -0.030136 -0.302066 0.952724
1783948440.956844568 0.027080 -0.044088 0.001570 -0.012835 -0.030141 -0.302054 0.952728
1783948440.956844568 0.027080 -0.044088 0.001570 -0.012835 -0.030141 -0.302054 0.952728
1783948440.963567495 0.027057 -0.044097 0.001539 -0.012854 -0.030152 -0.302033 0.952734
1783948440.973541498 0.027010 -0.044099 0.001484 -0.012898 -0.030212 -0.302008 0.952739
1783948440.984070778 0.026963 -0.044084 0.001440 -0.012961 -0.030258 -0.301995 0.952741
1783948440.993580341 0.026937 -0.044062 0.001412 -0.013004 -0.030314 -0.301983 0.952742
1783948441.003514051 0.026936 -0.044043 0.001391 -0.013016 -0.030309 -0.301997 0.952738
1783948441.013522148 0.026960 -0.044034 0.001390 -0.013001 -0.030284 -0.302014 0.952734
1783948441.023501396 0.027003 -0.044033 0.001400 -0.012948 -0.030269 -0.302050 0.952723
1783948441.033523083 0.027055 -0.044036 0.001420 -0.012903 -0.030170 -0.302068 0.952722
1783948441.043473005 0.027097 -0.044037 0.001459 -0.012841 -0.030157 -0.302083 0.952718
1783948441.053566456 0.027123 -0.044026 0.001511 -0.012827 -0.030143 -0.302076 0.952721
1783948441.057700157 0.027135 -0.044011 0.001548 -0.012831 -0.030145 -0.302068 0.952723
1783948441.057700157 0.027135 -0.044011 0.001548 -0.012831 -0.030145 -0.302068 0.952723
1783948441.063509226 0.027111 -0.044015 0.001521 -0.012837 -0.030148 -0.302057 0.952726
1783948441.073498011 0.027053 -0.044015 0.001461 -0.012892 -0.030219 -0.302034 0.952731
1783948441.083493233 0.027000 -0.043999 0.001415 -0.012944 -0.030266 -0.302022 0.952732
1783948441.093528509 0.026965 -0.043977 0.001381 -0.012988 -0.030313 -0.302017 0.952732
1783948441.103503704 0.026958 -0.043957 0.001360 -0.013000 -0.030334 -0.302029 0.952727
1783948441.113496780 0.026981 -0.043944 0.001351 -0.012984 -0.030299 -0.302040 0.952725
1783948441.123493910 0.027025 -0.043936 0.001356 -0.012925 -0.030258 -0.302072 0.952717
1783948441.133485079 0.027076 -0.043933 0.001372 -0.012864 -0.030204 -0.302087 0.952715
1783948441.145499945 0.027119 -0.043932 0.001396 -0.012808 -0.030146 -0.302107 0.952711
1783948441.153537989 0.027141 -0.043918 0.001440 -0.012796 -0.030146 -0.302101 0.952713
1783948441.158549547 0.027153 -0.043902 0.001479 -0.012810 -0.030151 -0.302092 0.952716
1783948441.158549547 0.027153 -0.043902 0.001479 -0.012810 -0.030151 -0.302092 0.952716
1783948441.163483143 0.027134 -0.043906 0.001455 -0.012824 -0.030155 -0.302083 0.952718
1783948441.175529003 0.027063 -0.043910 0.001359 -0.012874 -0.030220 -0.302046 0.952727
1783948441.183507681 0.027024 -0.043892 0.001325 -0.012919 -0.030257 -0.302029 0.952731
1783948441.193550825 0.026989 -0.043868 0.001282 -0.012956 -0.030291 -0.302020 0.952732
1783948441.206381559 0.026975 -0.043847 0.001224 -0.012974 -0.030303 -0.302040 0.952725
1783948441.213577032 0.026996 -0.043833 0.001223 -0.012960 -0.030273 -0.302056 0.952721
1783948441.223565817 0.027038 -0.043825 0.001218 -0.012906 -0.030225 -0.302084 0.952715
1783948441.233558893 0.027087 -0.043822 0.001225 -0.012844 -0.030170 -0.302117 0.952707
1783948441.243474722 0.027131 -0.043817 0.001244 -0.012785 -0.030132 -0.302132 0.952704
1783948441.253584862 0.027155 -0.043803 0.001277 -0.012774 -0.030117 -0.302126 0.952707
1783948441.259454966 0.027165 -0.043782 0.001316 -0.012785 -0.030129 -0.302110 0.952711
1783948441.259454966 0.027165 -0.043782 0.001316 -0.012785 -0.030129 -0.302110 0.952711
1783948441.263578892 0.027145 -0.043783 0.001296 -0.012792 -0.030137 -0.302099 0.952714
1783948441.278446674 0.027027 -0.043792 0.001157 -0.012859 -0.030213 -0.302073 0.952719
1783948441.283539534 0.026998 -0.043774 0.001143 -0.012888 -0.030239 -0.302059 0.952722
1783948441.293501377 0.026946 -0.043744 0.001100 -0.012928 -0.030275 -0.302064 0.952719
1783948441.303524256 0.026920 -0.043716 0.001070 -0.012936 -0.030290 -0.302077 0.952715
1783948441.313591719 0.026923 -0.043696 0.001052 -0.012911 -0.030262 -0.302097 0.952709
1783948441.323496819 0.026947 -0.043683 0.001049 -0.012856 -0.030217 -0.302129 0.952701
1783948441.334807158 0.026979 -0.043676 0.001053 -0.012786 -0.030155 -0.302162 0.952694
1783948441.343533754 0.027002 -0.043666 0.001081 -0.012732 -0.030119 -0.302166 0.952694
1783948441.353551626 0.027010 -0.043649 0.001117 -0.012708 -0.030110 -0.302161 0.952697
1783948441.360287666 0.027010 -0.043623 0.001160 -0.012723 -0.030120 -0.302148 0.952700
1783948441.360287666 0.027010 -0.043623 0.001160 -0.012723 -0.030120 -0.302148 0.952700
1783948441.363523960 0.026992 -0.043621 0.001147 -0.012730 -0.030124 -0.302141 0.952702
1783948441.373500109 0.026920 -0.043611 0.001085 -0.012771 -0.030176 -0.302118 0.952707
1783948441.383522987 0.026850 -0.043584 0.001034 -0.012818 -0.030226 -0.302098 0.952711
1783948441.393501043 0.026798 -0.043549 0.000996 -0.012852 -0.030266 -0.302093 0.952711
1783948441.405807495 0.026765 -0.043515 0.000955 -0.012852 -0.030272 -0.302108 0.952706
1783948441.414928913 0.026775 -0.043493 0.000951 -0.012833 -0.030248 -0.302121 0.952703
1783948441.423533678 0.026800 -0.043478 0.000960 -0.012791 -0.030203 -0.302146 0.952697
1783948441.444182396 0.026815 -0.043500 0.000910 -0.012655 -0.030095 -0.302216 0.952680
1783948441.444357157 0.026815 -0.043500 0.000911 -0.012654 -0.030094 -0.302217 0.952680
1783948441.454108477 0.026829 -0.043490 0.000956 -0.012638 -0.030080 -0.302206 0.952684
1783948441.461123705 0.026831 -0.043471 0.001005 -0.012657 -0.030093 -0.302182 0.952691
1783948441.461123705 0.026831 -0.043471 0.001005 -0.012657 -0.030093 -0.302182 0.952691
1783948441.463498354 0.026819 -0.043473 0.000994 -0.012663 -0.030097 -0.302173 0.952694
1783948441.473552227 0.026746 -0.043487 0.000908 -0.012705 -0.030137 -0.302158 0.952696
1783948441.483531952 0.026677 -0.043485 0.000836 -0.012759 -0.030180 -0.302139 0.952700
1783948441.493517876 0.026626 -0.043476 0.000776 -0.012802 -0.030208 -0.302143 0.952698
1783948441.503595829 0.026602 -0.043469 0.000728 -0.012818 -0.030215 -0.302160 0.952692
1783948441.514448881 0.026606 -0.043475 0.000685 -0.012788 -0.030190 -0.302186 0.952685
1783948441.523558378 0.026632 -0.043483 0.000669 -0.012741 -0.030139 -0.302205 0.952681
1783948441.533688068 0.026666 -0.043501 0.000658 -0.012680 -0.030083 -0.302234 0.952675
1783948441.543545961 0.026692 -0.043517 0.000663 -0.012631 -0.030041 -0.302242 0.952674
1783948441.553522110 0.026702 -0.043525 0.000679 -0.012616 -0.030024 -0.302232 0.952678
1783948441.561988115 0.026699 -0.043516 0.000710 -0.012634 -0.030042 -0.302214 0.952683
1783948441.561988115 0.026699 -0.043516 0.000710 -0.012634 -0.030042 -0.302214 0.952683
1783948441.563498497 0.026691 -0.043519 0.000706 -0.012638 -0.030044 -0.302210 0.952684
1783948441.573515654 0.026622 -0.043535 0.000679 -0.012690 -0.030082 -0.302192 0.952688
1783948441.583508253 0.026558 -0.043535 0.000664 -0.012749 -0.030123 -0.302176 0.952691
1783948441.594416857 0.026508 -0.043528 0.000661 -0.012802 -0.030152 -0.302169 0.952691
1783948441.603537321 0.026492 -0.043519 0.000672 -0.012814 -0.030144 -0.302182 0.952687
1783948441.613562346 0.026501 -0.043519 0.000695 -0.012801 -0.030113 -0.302199 0.952683
1783948441.626599073 0.026536 -0.043537 0.000740 -0.012751 -0.030039 -0.302239 0.952674
1783948441.633502960 0.026568 -0.043544 0.000776 -0.012713 -0.029992 -0.302254 0.952671
1783948441.643516302 0.026601 -0.043558 0.000838 -0.012673 -0.029947 -0.302266 0.952669
1783948441.654392481 0.026618 -0.043565 0.000919 -0.012668 -0.029928 -0.302260 0.952671
1783948441.662853956 0.026620 -0.043555 0.000994 -0.012696 -0.029938 -0.302235 0.952679
1783948441.662853956 0.026620 -0.043555 0.000994 -0.012696 -0.029938 -0.302235 0.952679
1783948441.663501978 0.026617 -0.043556 0.000991 -0.012697 -0.029940 -0.302233 0.952679
1783948441.673548698 0.026550 -0.043574 0.000906 -0.012746 -0.029988 -0.302213 0.952683
1783948441.683523178 0.026489 -0.043574 0.000835 -0.012792 -0.030040 -0.302203 0.952684
1783948441.693560600 0.026446 -0.043567 0.000775 -0.012824 -0.030091 -0.302202 0.952682
1783948441.703543901 0.026431 -0.043561 0.000727 -0.012831 -0.030112 -0.302217 0.952677
1783948441.716372013 0.026442 -0.043573 0.000666 -0.012803 -0.030103 -0.302250 0.952667
1783948441.723544121 0.026477 -0.043578 0.000663 -0.012766 -0.030070 -0.302269 0.952663
1783948441.733549833 0.026522 -0.043595 0.000656 -0.012710 -0.030015 -0.302292 0.952658
1783948441.743546724 0.026560 -0.043612 0.000663 -0.012663 -0.029979 -0.302307 0.952655
1783948441.754272699 0.026581 -0.043623 0.000680 -0.012648 -0.029963 -0.302300 0.952658
1783948441.763521433 0.026587 -0.043616 0.000715 -0.012675 -0.029984 -0.302280 0.952663
1783948441.763715506 0.026587 -0.043616 0.000716 -0.012676 -0.029985 -0.302280 0.952663
1783948441.763715506 0.026587 -0.043616 0.000716 -0.012676 -0.029985 -0.302280 0.952663
1783948441.773548365 0.026531 -0.043643 0.000635 -0.012723 -0.030037 -0.302248 0.952671
1783948441.783510447 0.026477 -0.043655 0.000565 -0.012776 -0.030090 -0.302226 0.952676
1783948441.793511629 0.026440 -0.043661 0.000509 -0.012811 -0.030138 -0.302221 0.952675
1783948441.803502560 0.026430 -0.043668 0.000465 -0.012832 -0.030147 -0.302227 0.952673
1783948441.813584805 0.026448 -0.043684 0.000434 -0.012820 -0.030120 -0.302243 0.952669
1783948441.823553324 0.026488 -0.043708 0.000417 -0.012770 -0.030076 -0.302271 0.952662
1783948441.833561420 0.026535 -0.043736 0.000413 -0.012716 -0.030024 -0.302297 0.952656
1783948441.844173431 0.026575 -0.043767 0.000420 -0.012664 -0.029974 -0.302303 0.952656
1783948441.853525639 0.026596 -0.043782 0.000444 -0.012653 -0.029957 -0.302289 0.952661
1783948441.863558769 0.026600 -0.043785 0.000478 -0.012669 -0.029972 -0.302272 0.952666
1783948441.864605188 0.026602 -0.043782 0.000487 -0.012674 -0.029977 -0.302269 0.952667
1783948441.864605188 0.026602 -0.043782 0.000487 -0.012674 -0.029977 -0.302269 0.952667
1783948441.873530865 0.026561 -0.043797 0.000467 -0.012718 -0.030023 -0.302249 0.952671
1783948441.883516550 0.026518 -0.043801 0.000456 -0.012773 -0.030074 -0.302233 0.952674
1783948441.893525600 0.026494 -0.043797 0.000457 -0.012818 -0.030115 -0.302235 0.952671
1783948441.903560162 0.026497 -0.043796 0.000470 -0.012834 -0.030126 -0.302242 0.952669
1783948441.913523436 0.026529 -0.043804 0.000496 -0.012822 -0.030103 -0.302259 0.952664
1783948441.923535585 0.026582 -0.043820 0.000534 -0.012778 -0.030061 -0.302292 0.952656
1783948441.933587790 0.026641 -0.043842 0.000585 -0.012714 -0.030007 -0.302313 0.952651
1783948441.943543434 0.026692 -0.043863 0.000650 -0.012657 -0.029966 -0.302322 0.952651
1783948441.953531742 0.026727 -0.043873 0.000728 -0.012652 -0.029961 -0.302319 0.952652
1783948441.963569880 0.026745 -0.043868 0.000818 -0.012671 -0.029987 -0.302298 0.952658
1783948441.965479612 0.026747 -0.043864 0.000839 -0.012680 -0.029995 -0.302292 0.952659
1783948441.965479612 0.026747 -0.043864 0.000839 -0.012680 -0.029995 -0.302292 0.952659
1783948441.975421906 0.026691 -0.043890 0.000753 -0.012729 -0.030042 -0.302266 0.952665
1783948441.983545065 0.026652 -0.043896 0.000700 -0.012776 -0.030086 -0.302253 0.952667
1783948441.993564367 0.026615 -0.043902 0.000636 -0.012817 -0.030128 -0.302250 0.952666
1783948442.003533840 0.026605 -0.043909 0.000584 -0.012840 -0.030139 -0.302255 0.952664
1783948442.013585329 0.026622 -0.043927 0.000543 -0.012821 -0.030122 -0.302278 0.952658
1783948442.023548126 0.026662 -0.043952 0.000517 -0.012768 -0.030082 -0.302307 0.952650
1783948442.033565760 0.026707 -0.043983 0.000503 -0.012724 -0.030025 -0.302338 0.952643
1783948442.043543100 0.026745 -0.044015 0.000500 -0.012681 -0.029987 -0.302352 0.952640
1783948442.053592920 0.026767 -0.044037 0.000511 -0.012667 -0.029983 -0.302344 0.952643
1783948442.063589811 0.026771 -0.044042 0.000535 -0.012694 -0.030004 -0.302316 0.952651
1783948442.066314459 0.026774 -0.044036 0.000555 -0.012705 -0.030016 -0.302307 0.952653
1783948442.066314459 0.026774 -0.044036 0.000555 -0.012705 -0.030016 -0.302307 0.952653
1783948442.073525906 0.026713 -0.044070 0.000581 -0.012751 -0.030043 -0.302285 0.952659
1783948442.083559513 0.026615 -0.044118 0.000648 -0.012842 -0.030078 -0.302267 0.952662
1783948442.093575716 0.026535 -0.044158 0.000725 -0.012906 -0.030121 -0.302267 0.952660
1783948442.103708267 0.026482 -0.044202 0.000818 -0.012952 -0.030106 -0.302264 0.952661
1783948442.113582134 0.026459 -0.044254 0.000918 -0.012964 -0.030084 -0.302281 0.952656
1783948442.123537302 0.026457 -0.044315 0.001030 -0.012951 -0.030029 -0.302311 0.952648
1783948442.134413719 0.026459 -0.044392 0.001176 -0.012912 -0.029956 -0.302330 0.952645
1783948442.143553019 0.026467 -0.044449 0.001306 -0.012897 -0.029919 -0.302338 0.952644
1783948442.153564692 0.026453 -0.044506 0.001471 -0.012913 -0.029876 -0.302315 0.952652
1783948442.163561106 0.026420 -0.044544 0.001646 -0.012972 -0.029901 -0.302291 0.952658
1783948442.167176485 0.026418 -0.044542 0.001698 -0.012993 -0.029906 -0.302284 0.952660
1783948442.167176485 0.026418 -0.044542 0.001698 -0.012993 -0.029906 -0.302284 0.952660
1783948442.174452305 0.026386 -0.044553 0.001672 -0.013026 -0.029926 -0.302272 0.952663
1783948442.183572054 0.026343 -0.044559 0.001638 -0.013087 -0.029998 -0.302254 0.952665
1783948442.193534851 0.026308 -0.044561 0.001603 -0.013137 -0.030031 -0.302256 0.952663
1783948442.203537941 0.026300 -0.044566 0.001579 -0.013151 -0.030045 -0.302252 0.952664
1783948442.213600397 0.026320 -0.044580 0.001568 -0.013147 -0.030040 -0.302279 0.952655
1783948442.224410057 0.026365 -0.044608 0.001564 -0.013093 -0.029994 -0.302314 0.952647
1783948442.234107733 0.026417 -0.044635 0.001580 -0.013041 -0.029950 -0.302346 0.952638
1783948442.243573189 0.026462 -0.044662 0.001607 -0.012987 -0.029926 -0.302356 0.952637
1783948442.253583431 0.026493 -0.044680 0.001644 -0.012987 -0.029914 -0.302357 0.952637
1783948442.264575481 0.026503 -0.044684 0.001696 -0.013019 -0.029950 -0.302320 0.952647
1783948442.268230200 0.026509 -0.044674 0.001730 -0.013038 -0.029969 -0.302309 0.952649
1783948442.268230200 0.026509 -0.044674 0.001730 -0.013038 -0.029969 -0.302309 0.952649
1783948442.273565054 0.026486 -0.044682 0.001713 -0.013067 -0.029998 -0.302293 0.952653
1783948442.283558846 0.026435 -0.044695 0.001668 -0.013140 -0.030051 -0.302274 0.952657
1783948442.293598890 0.026399 -0.044701 0.001635 -0.013185 -0.030102 -0.302266 0.952657
1783948442.303615093 0.026392 -0.044709 0.001616 -0.013206 -0.030125 -0.302277 0.952652
1783948442.313588619 0.026411 -0.044726 0.001610 -0.013193 -0.030111 -0.302287 0.952650
1783948442.324435949 0.026456 -0.044756 0.001615 -0.013145 -0.030065 -0.302324 0.952640
1783948442.333537340 0.026505 -0.044781 0.001640 -0.013097 -0.030014 -0.302344 0.952636
1783948442.343598843 0.026552 -0.044811 0.001677 -0.013050 -0.029988 -0.302352 0.952635
1783948442.353579998 0.026582 -0.044831 0.001726 -0.013045 -0.029977 -0.302334 0.952641
1783948442.363547564 0.026595 -0.044834 0.001788 -0.013077 -0.030004 -0.302309 0.952648
1783948442.368907213 0.026604 -0.044822 0.001838 -0.013101 -0.030028 -0.302294 0.952651
1783948442.368907213 0.026604 -0.044822 0.001838 -0.013101 -0.030028 -0.302294 0.952651
1783948442.373560429 0.026584 -0.044826 0.001824 -0.013121 -0.030049 -0.302281 0.952655
1783948442.383608818 0.026532 -0.044836 0.001773 -0.013188 -0.030102 -0.302257 0.952660
1783948442.395470142 0.026489 -0.044843 0.001718 -0.013244 -0.030155 -0.302254 0.952658
1783948442.403576374 0.026489 -0.044842 0.001707 -0.013259 -0.030172 -0.302254 0.952657
1783948442.413601875 0.026511 -0.044853 0.001695 -0.013242 -0.030150 -0.302271 0.952653
1783948442.423737049 0.026554 -0.044872 0.001696 -0.013193 -0.030111 -0.302298 0.952647
1783948442.433553457 0.026605 -0.044893 0.001711 -0.013141 -0.030057 -0.302326 0.952640
1783948442.443541765 0.026650 -0.044912 0.001739 -0.013087 -0.030023 -0.302334 0.952639
1783948442.458309412 0.026669 -0.044932 0.001766 -0.013075 -0.030037 -0.302313 0.952646
1783948442.463586569 0.026678 -0.044921 0.001811 -0.013089 -0.030051 -0.302297 0.952650
1783948442.470125198 0.026684 -0.044901 0.001867 -0.013116 -0.030079 -0.302275 0.952656
1783948442.470125198 0.026684 -0.044901 0.001867 -0.013116 -0.030079 -0.302275 0.952656
1783948442.473567963 0.026669 -0.044901 0.001861 -0.013129 -0.030092 -0.302263 0.952659
1783948442.483638287 0.026612 -0.044904 0.001821 -0.013190 -0.030149 -0.302249 0.952661
1783948442.494261265 0.026568 -0.044902 0.001788 -0.013244 -0.030195 -0.302239 0.952662
1783948442.503583193 0.026557 -0.044899 0.001778 -0.013256 -0.030217 -0.302246 0.952659
1783948442.513590574 0.026572 -0.044905 0.001776 -0.013244 -0.030199 -0.302264 0.952654
1783948442.523566723 0.026609 -0.044917 0.001788 -0.013187 -0.030161 -0.302284 0.952649
1783948442.533556938 0.026653 -0.044933 0.001812 -0.013134 -0.030112 -0.302306 0.952645
1783948442.543546438 0.026690 -0.044946 0.001849 -0.013084 -0.030080 -0.302321 0.952641
1783948442.553557873 0.026711 -0.044949 0.001899 -0.013065 -0.030081 -0.302316 0.952643
1783948442.563614845 0.026715 -0.044935 0.001961 -0.013093 -0.030103 -0.302286 0.952652
1783948442.570665836 0.026716 -0.044909 0.002023 -0.013127 -0.030141 -0.302270 0.952655
1783948442.570665836 0.026716 -0.044909 0.002023 -0.013127 -0.030141 -0.302270 0.952655
1783948442.573559046 0.026702 -0.044905 0.002017 -0.013140 -0.030155 -0.302262 0.952657
1783948442.583562613 0.026637 -0.044895 0.001962 -0.013193 -0.030204 -0.302236 0.952663
1783948442.593591690 0.026591 -0.044879 0.001920 -0.013236 -0.030248 -0.302231 0.952663
1783948442.603581429 0.026572 -0.044865 0.001891 -0.013252 -0.030264 -0.302238 0.952660
1783948442.616793633 0.026579 -0.044868 0.001846 -0.013223 -0.030236 -0.302260 0.952654
1783948442.623590469 0.026610 -0.044869 0.001859 -0.013190 -0.030207 -0.302279 0.952650
1783948442.633554459 0.026652 -0.044877 0.001870 -0.013130 -0.030161 -0.302305 0.952643
1783948442.644375324 0.026685 -0.044884 0.001890 -0.013072 -0.030122 -0.302316 0.952642
1783948442.653572083 0.026703 -0.044879 0.001928 -0.013054 -0.030120 -0.302307 0.952645
1783948442.663577557 0.026703 -0.044859 0.001977 -0.013074 -0.030135 -0.302281 0.952653
1783948442.671492577 0.026700 -0.044826 0.002035 -0.013102 -0.030178 -0.302261 0.952657
1783948442.671492577 0.026700 -0.044826 0.002035 -0.013102 -0.030178 -0.302261 0.952657
1783948442.673530102 0.026689 -0.044823 0.002033 -0.013109 -0.030188 -0.302255 0.952659
1783948442.683775187 0.026620 -0.044816 0.001987 -0.013174 -0.030233 -0.302239 0.952661
1783948442.693608999 0.026570 -0.044802 0.001957 -0.013204 -0.030271 -0.302233 0.952662
1783948442.703562260 0.026546 -0.044790 0.001940 -0.013222 -0.030272 -0.302236 0.952661
1783948442.713574886 0.026551 -0.044786 0.001934 -0.013200 -0.030237 -0.302261 0.952654
1783948442.723572016 0.026578 -0.044789 0.001942 -0.013143 -0.030187 -0.302285 0.952649
1783948442.733542919 0.026612 -0.044794 0.001962 -0.013078 -0.030130 -0.302309 0.952644
1783948442.746504545 0.026636 -0.044802 0.001989 -0.013014 -0.030084 -0.302331 0.952639
1783948442.753596783 0.026647 -0.044792 0.002033 -0.013002 -0.030068 -0.302322 0.952643
1783948442.763555527 0.026640 -0.044769 0.002092 -0.013024 -0.030086 -0.302288 0.952653
1783948442.772358179 0.026630 -0.044729 0.002160 -0.013063 -0.030131 -0.302264 0.952658
1783948442.772358179 0.026630 -0.044729 0.002160 -0.013063 -0.030131 -0.302264 0.952658
1783948442.773681879 0.026623 -0.044726 0.002158 -0.013068 -0.030137 -0.302260 0.952659
1783948442.783541679 0.026556 -0.044707 0.002114 -0.013126 -0.030173 -0.302247 0.952662
1783948442.793583155 0.026505 -0.044682 0.002080 -0.013164 -0.030207 -0.302243 0.952661
1783948442.803552628 0.026480 -0.044659 0.002059 -0.013173 -0.030212 -0.302254 0.952657
1783948442.816008091 0.026481 -0.044650 0.002037 -0.013156 -0.030175 -0.302269 0.952654
1783948442.823565960 0.026508 -0.044644 0.002052 -0.013115 -0.030138 -0.302294 0.952648
1783948442.833560944 0.026542 -0.044643 0.002071 -0.013053 -0.030081 -0.302326 0.952641
1783948442.844892025 0.026568 -0.044641 0.002101 -0.012988 -0.030041 -0.302336 0.952639
1783948442.853573561 0.026580 -0.044627 0.002147 -0.012969 -0.030029 -0.302331 0.952641
1783948442.865185022 0.026567 -0.044594 0.002207 -0.012996 -0.030052 -0.302302 0.952650
1783948442.873381853 0.026555 -0.044549 0.002274 -0.013035 -0.030088 -0.302279 0.952655
1783948442.873381853 0.026555 -0.044549 0.002274 -0.013035 -0.030088 -0.302279 0.952655
1783948442.873626471 0.026553 -0.044548 0.002274 -0.013036 -0.030089 -0.302278 0.952656
1783948442.883621931 0.026479 -0.044532 0.002226 -0.013096 -0.030139 -0.302261 0.952659
1783948442.897425175 0.026394 -0.044513 0.002152 -0.013149 -0.030182 -0.302256 0.952658
1783948442.903559923 0.026383 -0.044496 0.002152 -0.013160 -0.030183 -0.302256 0.952658
1783948442.913553715 0.026378 -0.044481 0.002144 -0.013128 -0.030150 -0.302277 0.952653
1783948442.923654795 0.026395 -0.044474 0.002149 -0.013071 -0.030105 -0.302311 0.952644
1783948442.934413671 0.026420 -0.044471 0.002164 -0.013003 -0.030044 -0.302347 0.952636
1783948442.943643570 0.026437 -0.044463 0.002197 -0.012961 -0.029997 -0.302356 0.952635
1783948442.953590870 0.026440 -0.044445 0.002244 -0.012938 -0.029983 -0.302346 0.952639
1783948442.964048862 0.026422 -0.044411 0.002303 -0.012960 -0.030009 -0.302326 0.952644
1783948442.973622799 0.026399 -0.044359 0.002371 -0.013007 -0.030036 -0.302312 0.952647
1783948442.974089146 0.026398 -0.044355 0.002377 -0.013010 -0.030038 -0.302311 0.952647
1783948442.974089146 0.026398 -0.044355 0.002377 -0.013010 -0.030038 -0.302311 0.952647
1783948442.983572960 0.026322 -0.044338 0.002329 -0.013063 -0.030087 -0.302296 0.952650
1783948442.993829489 0.026256 -0.044315 0.002288 -0.013103 -0.030127 -0.302296 0.952648
1783948443.003548861 0.026220 -0.044294 0.002264 -0.013114 -0.030131 -0.302303 0.952645
1783948443.013664007 0.026211 -0.044280 0.002249 -0.013095 -0.030113 -0.302327 0.952639
1783948443.023656368 0.026226 -0.044273 0.002249 -0.013046 -0.030059 -0.302352 0.952633
1783948443.033691406 0.026248 -0.044270 0.002261 -0.012987 -0.030003 -0.302382 0.952626
1783948443.043542385 0.026262 -0.044265 0.002288 -0.012937 -0.029961 -0.302394 0.952624
1783948443.053604841 0.026258 -0.044250 0.002327 -0.012916 -0.029951 -0.302394 0.952625
1783948443.063956261 0.026235 -0.044216 0.002379 -0.012940 -0.029973 -0.302368 0.952632
1783948443.073608875 0.026207 -0.044163 0.002444 -0.012984 -0.030016 -0.302346 0.952637
1783948443.074946165 0.026206 -0.044152 0.002460 -0.012992 -0.030020 -0.302344 0.952638
1783948443.074946165 0.026206 -0.044152 0.002460 -0.012992 -0.030020 -0.302344 0.952638
1783948443.083607912 0.026135 -0.044135 0.002436 -0.013047 -0.030051 -0.302332 0.952639
1783948443.093608856 0.026066 -0.044113 0.002413 -0.013084 -0.030083 -0.302319 0.952642
1783948443.103560209 0.026025 -0.044092 0.002403 -0.013095 -0.030090 -0.302324 0.952640
1783948443.113571882 0.026010 -0.044080 0.002405 -0.013076 -0.030056 -0.302344 0.952635
1783948443.125450134 0.026014 -0.044080 0.002416 -0.013014 -0.030007 -0.302377 0.952627
1783948443.133587360 0.026033 -0.044076 0.002450 -0.012968 -0.029954 -0.302397 0.952623
1783948443.143599749 0.026043 -0.044073 0.002494 -0.012926 -0.029919 -0.302409 0.952621
1783948443.153554916 0.026036 -0.044059 0.002550 -0.012909 -0.029912 -0.302398 0.952625
1783948443.163612843 0.026011 -0.044028 0.002621 -0.012934 -0.029940 -0.302362 0.952635
1783948443.173605442 0.025979 -0.043977 0.002703 -0.012985 -0.029989 -0.302336 0.952641
1783948443.175835848 0.025977 -0.043959 0.002731 -0.012998 -0.029997 -0.302329 0.952643
1783948443.175835848 0.025977 -0.043959 0.002731 -0.012998 -0.029997 -0.302329 0.952643
1783948443.183552027 0.025923 -0.043942 0.002702 -0.013044 -0.030025 -0.302308 0.952648
1783948443.193565845 0.025867 -0.043919 0.002663 -0.013088 -0.030069 -0.302314 0.952644
1783948443.203615904 0.025839 -0.043897 0.002637 -0.013099 -0.030080 -0.302320 0.952642
1783948443.213626385 0.025840 -0.043883 0.002626 -0.013081 -0.030048 -0.302349 0.952634
1783948443.223805189 0.025862 -0.043875 0.002626 -0.013029 -0.029998 -0.302384 0.952625
1783948443.233582020 0.025890 -0.043870 0.002643 -0.012974 -0.029942 -0.302414 0.952618
1783948443.243556023 0.025911 -0.043865 0.002671 -0.012924 -0.029909 -0.302426 0.952616
1783948443.253658056 0.025916 -0.043850 0.002713 -0.012903 -0.029889 -0.302422 0.952618
1783948443.263590813 0.025902 -0.043818 0.002768 -0.012924 -0.029903 -0.302400 0.952624
1783948443.273611307 0.025878 -0.043765 0.002835 -0.012971 -0.029953 -0.302375 0.952630
1783948443.276721954 0.025875 -0.043739 0.002872 -0.012987 -0.029971 -0.302368 0.952632
1783948443.276721954 0.025875 -0.043739 0.002872 -0.012987 -0.029971 -0.302368 0.952632
1783948443.283585787 0.025824 -0.043722 0.002861 -0.013023 -0.030012 -0.302351 0.952635
1783948443.293566465 0.025759 -0.043698 0.002840 -0.013069 -0.030055 -0.302343 0.952636
1783948443.303607464 0.025721 -0.043674 0.002831 -0.013084 -0.030069 -0.302349 0.952633
1783948443.317758560 0.025703 -0.043668 0.002812 -0.013067 -0.030034 -0.302382 0.952624
1783948443.323563337 0.025722 -0.043660 0.002835 -0.013034 -0.030010 -0.302398 0.952620
1783948443.333591461 0.025747 -0.043660 0.002865 -0.012984 -0.029946 -0.302418 0.952616
1783948443.343601942 0.025765 -0.043658 0.002907 -0.012939 -0.029903 -0.302421 0.952617
1783948443.353601456 0.025766 -0.043648 0.002962 -0.012931 -0.029896 -0.302411 0.952621
1783948443.363621950 0.025750 -0.043622 0.003030 -0.012961 -0.029922 -0.302386 0.952628
1783948443.373616457 0.025726 -0.043575 0.003111 -0.013006 -0.029973 -0.302355 0.952635
1783948443.377548456 0.025723 -0.043547 0.003158 -0.013025 -0.029992 -0.302347 0.952637
1783948443.377548456 0.025723 -0.043547 0.003158 -0.013025 -0.029992 -0.302347 0.952637
1783948443.383603096 0.025686 -0.043533 0.003145 -0.013055 -0.030021 -0.302335 0.952639
1783948443.393655539 0.025631 -0.043514 0.003110 -0.013097 -0.030061 -0.302326 0.952641
1783948443.403605461 0.025605 -0.043497 0.003086 -0.013115 -0.030071 -0.302337 0.952636
1783948443.413623095 0.025606 -0.043489 0.003076 -0.013092 -0.030050 -0.302352 0.952632
1783948443.423662186 0.025630 -0.043489 0.003079 -0.013042 -0.030010 -0.302386 0.952624
1783948443.433622360 0.025659 -0.043493 0.003095 -0.012994 -0.029947 -0.302404 0.952621
1783948443.444734097 0.025679 -0.043500 0.003122 -0.012945 -0.029898 -0.302417 0.952619
1783948443.453616619 0.025686 -0.043494 0.003166 -0.012936 -0.029887 -0.302405 0.952623
1783948443.463579416 0.025676 -0.043474 0.003222 -0.012958 -0.029908 -0.302381 0.952630
1783948443.473611355 0.025657 -0.043433 0.003289 -0.013010 -0.029952 -0.302356 0.952635
1783948443.478717804 0.025654 -0.043400 0.003343 -0.013041 -0.029979 -0.302343 0.952638
1783948443.478717804 0.025654 -0.043400 0.003343 -0.013041 -0.029979 -0.302343 0.952638
1783948443.483593464 0.025628 -0.043389 0.003334 -0.013070 -0.030004 -0.302331 0.952641
1783948443.493576527 0.025579 -0.043372 0.003300 -0.013110 -0.030044 -0.302325 0.952641
1783948443.503639698 0.025557 -0.043356 0.003277 -0.013131 -0.030045 -0.302332 0.952639
1783948443.513606310 0.025564 -0.043349 0.003268 -0.013117 -0.030030 -0.302353 0.952633
1783948443.523638487 0.025593 -0.043351 0.003273 -0.013069 -0.029975 -0.302387 0.952624
1783948443.533632040 0.025630 -0.043357 0.003290 -0.013019 -0.029910 -0.302416 0.952618
1783948443.543581009 0.025660 -0.043362 0.003321 -0.012976 -0.029868 -0.302425 0.952617
1783948443.553686380 0.025674 -0.043357 0.003365 -0.012964 -0.029849 -0.302411 0.952622
1783948443.563621998 0.025670 -0.043335 0.003421 -0.012994 -0.029873 -0.302387 0.952628
1783948443.575527191 0.025652 -0.043283 0.003493 -0.013050 -0.029932 -0.302354 0.952636
1783948443.581098318 0.025651 -0.043243 0.003553 -0.013080 -0.029960 -0.302343 0.952639
1783948443.581098318 0.025651 -0.043243 0.003553 -0.013080 -0.029960 -0.302343 0.952639
1783948443.583614111 0.025639 -0.043235 0.003552 -0.013094 -0.029973 -0.302337 0.952640
1783948443.593590021 0.025585 -0.043218 0.003520 -0.013132 -0.030011 -0.302324 0.952642
1783948443.603634357 0.025559 -0.043203 0.003499 -0.013149 -0.030032 -0.302331 0.952639
1783948443.613627672 0.025561 -0.043198 0.003491 -0.013132 -0.030013 -0.302352 0.952633
1783948443.623623133 0.025588 -0.043199 0.003498 -0.013081 -0.029966 -0.302374 0.952628
1783948443.633634567 0.025621 -0.043206 0.003519 -0.013020 -0.029914 -0.302394 0.952625
1783948443.644486666 0.025647 -0.043215 0.003550 -0.012969 -0.029865 -0.302396 0.952626
1783948443.653609753 0.025657 -0.043212 0.003598 -0.012966 -0.029850 -0.302384 0.952630
1783948443.663586140 0.025650 -0.043196 0.003658 -0.012994 -0.029870 -0.302359 0.952637
1783948443.673897505 0.025634 -0.043157 0.003732 -0.013051 -0.029916 -0.302333 0.952643
1783948443.680149078 0.025632 -0.043118 0.003796 -0.013093 -0.029947 -0.302316 0.952647
1783948443.680149078 0.025632 -0.043118 0.003796 -0.013093 -0.029947 -0.302316 0.952647
1783948443.683586836 0.025616 -0.043110 0.003793 -0.013116 -0.029963 -0.302306 0.952650
1783948443.693578482 0.025570 -0.043097 0.003754 -0.013149 -0.030013 -0.302298 0.952650
1783948443.705434799 0.025545 -0.043091 0.003709 -0.013174 -0.030029 -0.302303 0.952648
1783948443.713592529 0.025558 -0.043088 0.003705 -0.013162 -0.030008 -0.302319 0.952643
1783948443.723612309 0.025592 -0.043092 0.003702 -0.013110 -0.029971 -0.302341 0.952638
1783948443.733590126 0.025635 -0.043098 0.003713 -0.013041 -0.029917 -0.302371 0.952631
1783948443.743599892 0.025671 -0.043103 0.003735 -0.012989 -0.029885 -0.302379 0.952631
1783948443.753650427 0.025686 -0.043101 0.003767 -0.012974 -0.029880 -0.302371 0.952634
1783948443.763612032 0.025685 -0.043086 0.003808 -0.013008 -0.029896 -0.302338 0.952643
1783948443.773609161 0.025675 -0.043050 0.003866 -0.013062 -0.029942 -0.302319 0.952647
1783948443.781024456 0.025674 -0.043006 0.003931 -0.013103 -0.029991 -0.302300 0.952651
1783948443.781024456 0.025674 -0.043006 0.003931 -0.013103 -0.029991 -0.302300 0.952651
1783948443.783593416 0.025664 -0.042999 0.003928 -0.013116 -0.030007 -0.302293 0.952652
1783948443.793585539 0.025623 -0.042981 0.003886 -0.013156 -0.030040 -0.302294 0.952650
1783948443.803589821 0.025608 -0.042962 0.003858 -0.013158 -0.030066 -0.302307 0.952646
1783948443.813646078 0.025621 -0.042950 0.003844 -0.013137 -0.030051 -0.302330 0.952639
1783948443.823632240 0.025655 -0.042946 0.003845 -0.013079 -0.030001 -0.302355 0.952633
1783948443.833588362 0.025695 -0.042947 0.003860 -0.013030 -0.029962 -0.302375 0.952629
1783948443.843620539 0.025728 -0.042947 0.003888 -0.012986 -0.029919 -0.302386 0.952627
1783948443.853625298 0.025746 -0.042936 0.003928 -0.012973 -0.029918 -0.302376 0.952631
1783948443.863594532 0.025747 -0.042908 0.003981 -0.012991 -0.029944 -0.302353 0.952637
1783948443.873588562 0.025741 -0.042858 0.004044 -0.013034 -0.029984 -0.302326 0.952644
1783948443.881855488 0.025740 -0.042802 0.004114 -0.013079 -0.030022 -0.302311 0.952647
1783948443.881855488 0.025740 -0.042802 0.004114 -0.013079 -0.030022 -0.302311 0.952647
1783948443.883576393 0.025733 -0.042796 0.004112 -0.013089 -0.030029 -0.302307 0.952648
1783948443.893587112 0.025689 -0.042776 0.004065 -0.013123 -0.030068 -0.302293 0.952650
1783948443.903677225 0.025670 -0.042759 0.004031 -0.013137 -0.030080 -0.302299 0.952648
1783948443.913681507 0.025680 -0.042750 0.004011 -0.013117 -0.030058 -0.302306 0.952647
1783948443.927443027 0.025718 -0.042758 0.003973 -0.013049 -0.030010 -0.302348 0.952636
1783948443.933628082 0.025751 -0.042755 0.003990 -0.013014 -0.029981 -0.302360 0.952633
1783948443.943637848 0.025791 -0.042756 0.004008 -0.012965 -0.029943 -0.302369 0.952632
1783948443.953594923 0.025814 -0.042748 0.004039 -0.012951 -0.029938 -0.302354 0.952637
1783948443.963597298 0.025821 -0.042724 0.004083 -0.012974 -0.029966 -0.302320 0.952647
1783948443.973647118 0.025820 -0.042678 0.004140 -0.013020 -0.030024 -0.302298 0.952651
1783948443.982728481 0.025826 -0.042618 0.004207 -0.013069 -0.030073 -0.302274 0.952657
1783948443.982728481 0.025826 -0.042618 0.004207 -0.013069 -0.030073 -0.302274 0.952657
1783948443.983587265 0.025823 -0.042615 0.004206 -0.013073 -0.030077 -0.302271 0.952658
1783948443.993594885 0.025788 -0.042593 0.004159 -0.013111 -0.030120 -0.302267 0.952657
1783948444.003592968 0.025781 -0.042573 0.004126 -0.013134 -0.030132 -0.302265 0.952657
1783948444.013629198 0.025800 -0.042561 0.004107 -0.013109 -0.030111 -0.302278 0.952654
1783948444.024358749 0.025843 -0.042557 0.004097 -0.013060 -0.030058 -0.302303 0.952648
1783948444.033675671 0.025889 -0.042556 0.004107 -0.013010 -0.030012 -0.302322 0.952644
1783948444.043601513 0.025930 -0.042555 0.004128 -0.012958 -0.029981 -0.302327 0.952645
1783948444.056152105 0.025951 -0.042545 0.004156 -0.012931 -0.029978 -0.302315 0.952649
1783948444.063644886 0.025959 -0.042519 0.004200 -0.012951 -0.029994 -0.302298 0.952654
1783948444.073649406 0.025957 -0.042470 0.004259 -0.012999 -0.030039 -0.302273 0.952659
1783948444.084053993 0.025958 -0.042404 0.004331 -0.013065 -0.030099 -0.302242 0.952666
1783948444.084053993 0.025958 -0.042404 0.004331 -0.013065 -0.030099 -0.302242 0.952666
1783948444.085094213 0.025954 -0.042400 0.004329 -0.013071 -0.030105 -0.302239 0.952667
1783948444.093616962 0.025924 -0.042379 0.004288 -0.013103 -0.030140 -0.302227 0.952669
1783948444.103617907 0.025910 -0.042358 0.004244 -0.013121 -0.030151 -0.302234 0.952666
1783948444.116651058 0.025923 -0.042350 0.004183 -0.013089 -0.030128 -0.302259 0.952660
1783948444.123623133 0.025956 -0.042344 0.004183 -0.013056 -0.030095 -0.302279 0.952655
1783948444.133661509 0.026000 -0.042344 0.004176 -0.013001 -0.030037 -0.302301 0.952650
1783948444.143602133 0.026036 -0.042344 0.004185 -0.012951 -0.029991 -0.302311 0.952649
1783948444.153803110 0.026055 -0.042333 0.004206 -0.012940 -0.029977 -0.302298 0.952654
1783948444.163600683 0.026056 -0.042306 0.004242 -0.012965 -0.029995 -0.302273 0.952661
1783948444.173692703 0.026047 -0.042257 0.004289 -0.013009 -0.030046 -0.302242 0.952669
1783948444.184408903 0.026041 -0.042188 0.004351 -0.013068 -0.030093 -0.302226 0.952672
1783948444.184459925 0.026041 -0.042188 0.004351 -0.013068 -0.030093 -0.302226 0.952672
1783948444.184459925 0.026041 -0.042188 0.004351 -0.013068 -0.030093 -0.302226 0.952672
1783948444.193610430 0.026002 -0.042164 0.004305 -0.013102 -0.030128 -0.302219 0.952672
1783948444.203606367 0.025983 -0.042142 0.004262 -0.013112 -0.030141 -0.302224 0.952670
1783948444.215070963 0.025993 -0.042132 0.004221 -0.013093 -0.030113 -0.302240 0.952666
1783948444.223610163 0.026025 -0.042126 0.004215 -0.013047 -0.030074 -0.302261 0.952661
1783948444.233664751 0.026065 -0.042127 0.004213 -0.012987 -0.030012 -0.302282 0.952657
1783948444.246871948 0.026096 -0.042133 0.004209 -0.012917 -0.029957 -0.302294 0.952656
1783948444.254861355 0.026112 -0.042121 0.004240 -0.012906 -0.029948 -0.302279 0.952661
1783948444.263601542 0.026114 -0.042097 0.004279 -0.012923 -0.029968 -0.302253 0.952669
1783948444.273639917 0.026106 -0.042052 0.004328 -0.012975 -0.030013 -0.302223 0.952676
1783948444.283635855 0.026100 -0.041990 0.004391 -0.013033 -0.030067 -0.302203 0.952680
1783948444.285316944 0.026103 -0.041976 0.004410 -0.013038 -0.030073 -0.302202 0.952680
1783948444.285316944 0.026103 -0.041976 0.004410 -0.013038 -0.030073 -0.302202 0.952680
1783948444.293664455 0.026068 -0.041958 0.004364 -0.013062 -0.030108 -0.302197 0.952680
1783948444.303654671 0.026046 -0.041943 0.004311 -0.013077 -0.030122 -0.302203 0.952678
1783948444.314737797 0.026052 -0.041939 0.004259 -0.013063 -0.030102 -0.302221 0.952673
1783948444.323643208 0.026080 -0.041939 0.004240 -0.013010 -0.030058 -0.302245 0.952667
1783948444.333614826 0.026116 -0.041943 0.004228 -0.012953 -0.030003 -0.302263 0.952664
1783948444.343659878 0.026143 -0.041945 0.004228 -0.012904 -0.029970 -0.302276 0.952662
1783948444.353611946 0.026154 -0.041935 0.004240 -0.012891 -0.029963 -0.302263 0.952666
1783948444.363644123 0.026148 -0.041908 0.004266 -0.012906 -0.029985 -0.302233 0.952675
1783948444.374419212 0.026131 -0.041856 0.004303 -0.012961 -0.030034 -0.302207 0.952681
1783948444.383608580 0.026122 -0.041793 0.004353 -0.013011 -0.030094 -0.302183 0.952686
1783948444.386188745 0.026125 -0.041771 0.004378 -0.013020 -0.030100 -0.302180 0.952687
1783948444.386188745 0.026125 -0.041771 0.004378 -0.013020 -0.030100 -0.302180 0.952687
1783948444.393637419 0.026081 -0.041763 0.004341 -0.013050 -0.030116 -0.302174 0.952688
1783948444.407504082 0.026000 -0.041789 0.004255 -0.013060 -0.030130 -0.302169 0.952689
1783948444.413633823 0.026001 -0.041788 0.004248 -0.013053 -0.030112 -0.302178 0.952686
1783948444.423622847 0.026003 -0.041804 0.004229 -0.013011 -0.030053 -0.302204 0.952680
1783948444.433636427 0.026011 -0.041825 0.004223 -0.012966 -0.029991 -0.302229 0.952675
1783948444.445432425 0.026002 -0.041855 0.004222 -0.012898 -0.029934 -0.302237 0.952675
1783948444.453684568 0.025994 -0.041855 0.004246 -0.012886 -0.029923 -0.302226 0.952679
1783948444.463621378 0.025962 -0.041847 0.004278 -0.012918 -0.029943 -0.302195 0.952688
1783948444.473628283 0.025921 -0.041819 0.004323 -0.012968 -0.029994 -0.302166 0.952695
1783948444.483622789 0.025885 -0.041775 0.004381 -0.013031 -0.030040 -0.302152 0.952697
1783948444.487089634 0.025885 -0.041750 0.004416 -0.013046 -0.030053 -0.302149 0.952698
1783948444.487089634 0.025885 -0.041750 0.004416 -0.013046 -0.030053 -0.302149 0.952698
1783948444.493654490 0.025855 -0.041731 0.004388 -0.013074 -0.030082 -0.302141 0.952699
1783948444.503778219 0.025822 -0.041714 0.004336 -0.013084 -0.030098 -0.302144 0.952697
1783948444.513649225 0.025819 -0.041704 0.004301 -0.013063 -0.030076 -0.302157 0.952694
1783948444.523648500 0.025838 -0.041701 0.004278 -0.013011 -0.030033 -0.302183 0.952688
1783948444.533716679 0.025863 -0.041703 0.004268 -0.012963 -0.029982 -0.302204 0.952684
1783948444.543615580 0.025880 -0.041704 0.004273 -0.012916 -0.029941 -0.302209 0.952684
1783948444.553592205 0.025880 -0.041695 0.004291 -0.012897 -0.029940 -0.302191 0.952690
1783948444.565517187 0.025849 -0.041667 0.004318 -0.012929 -0.029977 -0.302153 0.952700
1783948444.573661327 0.025827 -0.041626 0.004364 -0.012967 -0.030015 -0.302126 0.952707
1783948444.583674908 0.025799 -0.041564 0.004423 -0.013031 -0.030069 -0.302104 0.952711
1783948444.587908268 0.025798 -0.041531 0.004465 -0.013049 -0.030083 -0.302097 0.952713
1783948444.587908268 0.025798 -0.041531 0.004465 -0.013049 -0.030083 -0.302097 0.952713
1783948444.593685150 0.025773 -0.041515 0.004439 -0.013074 -0.030102 -0.302088 0.952715
1783948444.603758097 0.025742 -0.041500 0.004379 -0.013093 -0.030109 -0.302093 0.952713
1783948444.613631010 0.025740 -0.041491 0.004334 -0.013070 -0.030083 -0.302110 0.952709
1783948444.623599529 0.025760 -0.041490 0.004302 -0.013020 -0.030032 -0.302132 0.952704
1783948444.633601904 0.025787 -0.041493 0.004283 -0.012956 -0.029977 -0.302161 0.952697
1783948444.643668890 0.025807 -0.041493 0.004278 -0.012889 -0.029936 -0.302170 0.952697
1783948444.653652430 0.025811 -0.041482 0.004286 -0.012869 -0.029923 -0.302162 0.952700
1783948444.664580345 0.025794 -0.041453 0.004303 -0.012891 -0.029943 -0.302134 0.952708
1783948444.673631668 0.025776 -0.041407 0.004339 -0.012941 -0.029977 -0.302111 0.952714
1783948444.683642626 0.025757 -0.041342 0.004385 -0.013002 -0.030027 -0.302087 0.952718
1783948444.688771009 0.025758 -0.041301 0.004429 -0.013023 -0.030045 -0.302081 0.952720
1783948444.688771009 0.025758 -0.041301 0.004429 -0.013023 -0.030045 -0.302081 0.952720
1783948444.693614721 0.025737 -0.041286 0.004409 -0.013042 -0.030063 -0.302074 0.952721
1783948444.703670025 0.025703 -0.041266 0.004349 -0.013058 -0.030068 -0.302074 0.952721
1783948444.713657618 0.025697 -0.041256 0.004303 -0.013035 -0.030047 -0.302096 0.952715
1783948444.725689173 0.025713 -0.041259 0.004250 -0.012959 -0.029992 -0.302126 0.952708
1783948444.733659744 0.025739 -0.041257 0.004244 -0.012906 -0.029951 -0.302143 0.952705
1783948444.743655682 0.025761 -0.041257 0.004237 -0.012859 -0.029915 -0.302147 0.952705
1783948444.753685713 0.025767 -0.041247 0.004244 -0.012845 -0.029905 -0.302138 0.952708
1783948444.763618946 0.025756 -0.041219 0.004264 -0.012868 -0.029919 -0.302115 0.952715
1783948444.773680449 0.025737 -0.041171 0.004297 -0.012918 -0.029967 -0.302087 0.952722
1783948444.783608675 0.025721 -0.041107 0.004342 -0.012971 -0.030024 -0.302061 0.952727
1783948444.789635658 0.025725 -0.041061 0.004389 -0.012992 -0.030051 -0.302054 0.952728
1783948444.789635658 0.025725 -0.041061 0.004389 -0.012992 -0.030051 -0.302054 0.952728
1783948444.793643236 0.025713 -0.041048 0.004373 -0.013007 -0.030068 -0.302049 0.952729
1783948444.803643703 0.025686 -0.041032 0.004311 -0.013022 -0.030079 -0.302052 0.952728
1783948444.813643694 0.025688 -0.041024 0.004261 -0.013006 -0.030050 -0.302067 0.952724
1783948444.823608637 0.025714 -0.041022 0.004226 -0.012952 -0.030006 -0.302095 0.952717
1783948444.833610773 0.025747 -0.041024 0.004203 -0.012893 -0.029955 -0.302115 0.952714
1783948444.843674183 0.025773 -0.041024 0.004194 -0.012843 -0.029920 -0.302122 0.952713
1783948444.855750322 0.025776 -0.041015 0.004188 -0.012823 -0.029914 -0.302110 0.952717
1783948444.863797903 0.025770 -0.040990 0.004211 -0.012838 -0.029928 -0.302085 0.952724
1783948444.873681068 0.025750 -0.040945 0.004241 -0.012881 -0.029971 -0.302053 0.952733
1783948444.883678675 0.025732 -0.040885 0.004284 -0.012939 -0.030028 -0.302028 0.952738
1783948444.890506983 0.025734 -0.040834 0.004332 -0.012967 -0.030052 -0.302022 0.952739
1783948444.890506983 0.025734 -0.040834 0.004332 -0.012967 -0.030052 -0.302022 0.952739
1783948444.893642902 0.025724 -0.040823 0.004319 -0.012979 -0.030061 -0.302019 0.952740
1783948444.903616905 0.025696 -0.040808 0.004243 -0.012995 -0.030064 -0.302020 0.952739
1783948444.913656950 0.025696 -0.040801 0.004180 -0.012982 -0.030034 -0.302042 0.952733
1783948444.924015284 0.025718 -0.040803 0.004126 -0.012927 -0.029985 -0.302073 0.952726
1783948444.933636427 0.025747 -0.040806 0.004094 -0.012870 -0.029932 -0.302098 0.952720
1783948444.943667889 0.025769 -0.040810 0.004071 -0.012814 -0.029879 -0.302104 0.952720
1783948444.954951763 0.025770 -0.040804 0.004053 -0.012793 -0.029871 -0.302095 0.952724
1783948444.963644028 0.025760 -0.040780 0.004064 -0.012810 -0.029881 -0.302073 0.952730
1783948444.973644972 0.025739 -0.040737 0.004081 -0.012857 -0.029938 -0.302044 0.952737
1783948444.983644009 0.025720 -0.040679 0.004109 -0.012905 -0.029989 -0.302015 0.952744
1783948444.994886160 0.025717 -0.040610 0.004147 -0.012950 -0.030031 -0.302001 0.952747
1783948444.994886160 0.025717 -0.040610 0.004147 -0.012950 -0.030031 -0.302001 0.952747
1783948444.995432615 0.025715 -0.040609 0.004144 -0.012953 -0.030033 -0.302000 0.952747
1783948445.003640413 0.025667 -0.040618 0.004090 -0.012958 -0.030042 -0.302002 0.952746
1783948445.013628244 0.025625 -0.040644 0.004029 -0.012935 -0.030016 -0.302022 0.952740
1783948445.023656368 0.025605 -0.040677 0.003981 -0.012887 -0.029979 -0.302039 0.952737
1783948445.033640385 0.025594 -0.040716 0.003947 -0.012833 -0.029918 -0.302063 0.952732
1783948445.043687820 0.025575 -0.040755 0.003927 -0.012789 -0.029868 -0.302068 0.952733
1783948445.057378531 0.025495 -0.040816 0.003896 -0.012770 -0.029840 -0.302060 0.952736
1783948445.063656092 0.025472 -0.040811 0.003913 -0.012783 -0.029852 -0.302039 0.952742
1783948445.073620319 0.025410 -0.040802 0.003931 -0.012831 -0.029895 -0.302021 0.952746
1783948445.083674669 0.025351 -0.040776 0.003963 -0.012894 -0.029940 -0.301993 0.952753
1783948445.092239857 0.025320 -0.040743 0.004008 -0.012935 -0.029972 -0.301994 0.952751
1783948445.092239857 0.025320 -0.040743 0.004008 -0.012935 -0.029972 -0.301994 0.952751
1783948445.093655586 0.025315 -0.040739 0.004003 -0.012942 -0.029977 -0.301993 0.952751
1783948445.103662252 0.025276 -0.040732 0.003929 -0.012952 -0.029984 -0.301994 0.952750
1783948445.116419315 0.025257 -0.040745 0.003835 -0.012925 -0.029964 -0.302038 0.952737
1783948445.123699188 0.025270 -0.040749 0.003814 -0.012877 -0.029905 -0.302053 0.952735
1783948445.133633137 0.025288 -0.040769 0.003780 -0.012819 -0.029847 -0.302083 0.952728
1783948445.144497395 0.025300 -0.040796 0.003750 -0.012778 -0.029817 -0.302092 0.952727
1783948445.153632879 0.025297 -0.040805 0.003747 -0.012769 -0.029790 -0.302087 0.952729
1783948445.163645029 0.025275 -0.040801 0.003752 -0.012796 -0.029811 -0.302057 0.952738
1783948445.173758030 0.025245 -0.040776 0.003768 -0.012844 -0.029854 -0.302034 0.952743
1783948445.183718204 0.025220 -0.040736 0.003797 -0.012907 -0.029903 -0.302007 0.952749
1783948445.193109751 0.025214 -0.040691 0.003839 -0.012934 -0.029938 -0.301994 0.952752
1783948445.193109751 0.025214 -0.040691 0.003839 -0.012934 -0.029938 -0.301994 0.952752
1783948445.193657875 0.025212 -0.040690 0.003837 -0.012935 -0.029939 -0.301993 0.952752
1783948445.203701258 0.025174 -0.040698 0.003761 -0.012946 -0.029943 -0.302000 0.952750
1783948445.213644743 0.025165 -0.040714 0.003696 -0.012921 -0.029903 -0.302020 0.952745
1783948445.223688841 0.025180 -0.040741 0.003642 -0.012873 -0.029863 -0.302047 0.952738
1783948445.233669043 0.025203 -0.040774 0.003603 -0.012812 -0.029809 -0.302058 0.952737
1783948445.243663311 0.025219 -0.040806 0.003578 -0.012765 -0.029781 -0.302070 0.952735
1783948445.253682852 0.025221 -0.040834 0.003565 -0.012727 -0.029769 -0.302058 0.952740
1783948445.263666391 0.025204 -0.040849 0.003565 -0.012762 -0.029773 -0.302023 0.952750
1783948445.278439283 0.025140 -0.040845 0.003548 -0.012808 -0.029852 -0.301965 0.952765
1783948445.285028934 0.025128 -0.040816 0.003578 -0.012863 -0.029898 -0.301960 0.952765
1783948445.293700933 0.025122 -0.040775 0.003617 -0.012882 -0.029951 -0.301941 0.952769
1783948445.294368505 0.025123 -0.040770 0.003623 -0.012882 -0.029950 -0.301942 0.952769
1783948445.294368505 0.025123 -0.040770 0.003623 -0.012882 -0.029950 -0.301942 0.952769
1783948445.303682089 0.025089 -0.040776 0.003546 -0.012890 -0.029946 -0.301964 0.952762
1783948445.314153194 0.025076 -0.040797 0.003467 -0.012867 -0.029949 -0.301973 0.952759
1783948445.323650599 0.025091 -0.040825 0.003413 -0.012812 -0.029904 -0.302002 0.952752
1783948445.333945274 0.025112 -0.040865 0.003363 -0.012761 -0.029845 -0.302027 0.952747
1783948445.343657970 0.025125 -0.040903 0.003332 -0.012708 -0.029800 -0.302025 0.952749
1783948445.353707552 0.025121 -0.040933 0.003312 -0.012715 -0.029780 -0.302037 0.952746
1783948445.363661051 0.025098 -0.040945 0.003307 -0.012729 -0.029793 -0.301992 0.952760
1783948445.374672174 0.025062 -0.040935 0.003308 -0.012795 -0.029836 -0.301992 0.952758
1783948445.383734703 0.025039 -0.040906 0.003330 -0.012839 -0.029884 -0.301949 0.952769
1783948445.393707514 0.025027 -0.040871 0.003362 -0.012893 -0.029932 -0.301965 0.952762
1783948445.394836426 0.025030 -0.040865 0.003371 -0.012893 -0.029933 -0.301962 0.952763
1783948445.394836426 0.025030 -0.040865 0.003371 -0.012893 -0.029933 -0.301962 0.952763
1783948445.404167652 0.024993 -0.040885 0.003296 -0.012894 -0.029950 -0.301947 0.952767
1783948445.413707733 0.024979 -0.040915 0.003229 -0.012890 -0.029937 -0.301980 0.952757
1783948445.423659563 0.024986 -0.040957 0.003170 -0.012824 -0.029898 -0.302015 0.952748
1783948445.433654785 0.025001 -0.041008 0.003125 -0.012767 -0.029813 -0.302035 0.952745
1783948445.443675041 0.025008 -0.041059 0.003094 -0.012723 -0.029789 -0.302044 0.952743
1783948445.453710794 0.025000 -0.041101 0.003077 -0.012708 -0.029771 -0.302033 0.952748
1783948445.464488506 0.024970 -0.041126 0.003067 -0.012735 -0.029795 -0.302017 0.952752
1783948445.473666430 0.024940 -0.041124 0.003079 -0.012782 -0.029856 -0.301984 0.952760
1783948445.483668089 0.024910 -0.041110 0.003099 -0.012845 -0.029908 -0.301971 0.952761
1783948445.493675232 0.024898 -0.041088 0.003133 -0.012870 -0.029957 -0.301950 0.952766
1783948445.495692968 0.024902 -0.041080 0.003150 -0.012875 -0.029960 -0.301953 0.952765
1783948445.495692968 0.024902 -0.041080 0.003150 -0.012875 -0.029960 -0.301953 0.952765
1783948445.503717899 0.024878 -0.041104 0.003093 -0.012896 -0.029973 -0.301966 0.952760
1783948445.513701916 0.024870 -0.041147 0.003022 -0.012877 -0.029955 -0.301966 0.952761
1783948445.523704767 0.024883 -0.041199 0.002962 -0.012829 -0.029912 -0.302006 0.952750
1783948445.533668518 0.024903 -0.041259 0.002916 -0.012767 -0.029858 -0.302013 0.952751
1783948445.543714046 0.024916 -0.041318 0.002883 -0.012721 -0.029820 -0.302028 0.952748
1783948445.553689003 0.024913 -0.041365 0.002865 -0.012707 -0.029809 -0.302015 0.952752
1783948445.564235926 0.024889 -0.041396 0.002858 -0.012740 -0.029832 -0.301994 0.952758
1783948445.575032949 0.024856 -0.041399 0.002863 -0.012801 -0.029908 -0.301966 0.952763
1783948445.583677292 0.024838 -0.041384 0.002886 -0.012845 -0.029937 -0.301950 0.952767
1783948445.596453428 0.024828 -0.041366 0.002911 -0.012908 -0.029985 -0.301959 0.952762
1783948445.597640514 0.024832 -0.041362 0.002921 -0.012910 -0.029986 -0.301959 0.952762
1783948445.597640514 0.024832 -0.041362 0.002921 -0.012910 -0.029986 -0.301959 0.952762
1783948445.603705883 0.024818 -0.041377 0.002877 -0.012922 -0.029993 -0.301957 0.952762
1783948445.613715172 0.024809 -0.041421 0.002793 -0.012912 -0.029962 -0.301983 0.952755
1783948445.623695374 0.024822 -0.041473 0.002721 -0.012858 -0.029917 -0.302010 0.952748
1783948445.633778572 0.024842 -0.041530 0.002661 -0.012807 -0.029853 -0.302028 0.952745
1783948445.643704176 0.024854 -0.041584 0.002614 -0.012775 -0.029802 -0.302029 0.952747
1783948445.653681278 0.024850 -0.041628 0.002581 -0.012771 -0.029786 -0.302019 0.952751
1783948445.665513754 0.024818 -0.041662 0.002546 -0.012812 -0.029814 -0.301988 0.952759
1783948445.673659325 0.024796 -0.041660 0.002550 -0.012852 -0.029864 -0.301964 0.952765
1783948445.683684349 0.024768 -0.041646 0.002556 -0.012918 -0.029927 -0.301952 0.952766
1783948445.693702459 0.024759 -0.041625 0.002575 -0.012962 -0.029976 -0.301947 0.952765
1783948445.702065468 0.024777 -0.041606 0.002609 -0.012984 -0.029988 -0.301952 0.952763
1783948445.702065468 0.024777 -0.041606 0.002609 -0.012984 -0.029988 -0.301952 0.952763
1783948445.703673601 0.024775 -0.041610 0.002602 -0.012988 -0.029989 -0.301953 0.952763
1783948445.713711739 0.024763 -0.041654 0.002522 -0.012970 -0.029962 -0.301979 0.952755
1783948445.723734617 0.024773 -0.041705 0.002455 -0.012931 -0.029913 -0.302011 0.952747
1783948445.735056877 0.024789 -0.041775 0.002389 -0.012872 -0.029829 -0.302030 0.952745
1783948445.743694544 0.024800 -0.041824 0.002363 -0.012838 -0.029791 -0.302039 0.952744
1783948445.753719568 0.024795 -0.041875 0.002339 -0.012819 -0.029783 -0.302019 0.952750
1783948445.763665199 0.024773 -0.041908 0.002329 -0.012853 -0.029800 -0.301990 0.952759
1783948445.773680210 0.024744 -0.041917 0.002332 -0.012901 -0.029852 -0.301968 0.952763
1783948445.783668518 0.024718 -0.041910 0.002346 -0.012971 -0.029897 -0.301949 0.952767
1783948445.793942690 0.024710 -0.041897 0.002373 -0.013011 -0.029942 -0.301950 0.952764
1783948445.799870253 0.024725 -0.041884 0.002407 -0.013021 -0.029946 -0.301954 0.952763
1783948445.799870253 0.024725 -0.041884 0.002407 -0.013021 -0.029946 -0.301954 0.952763
1783948445.803723097 0.024721 -0.041894 0.002385 -0.013027 -0.029949 -0.301956 0.952762
1783948445.813720226 0.024716 -0.041938 0.002307 -0.013019 -0.029925 -0.301974 0.952757
1783948445.825055599 0.024734 -0.042003 0.002224 -0.012965 -0.029873 -0.302013 0.952748
1783948445.833696127 0.024759 -0.042054 0.002184 -0.012922 -0.029829 -0.302027 0.952745
1783948445.843734741 0.024777 -0.042116 0.002143 -0.012877 -0.029775 -0.302037 0.952744
1783948445.854208469 0.024777 -0.042171 0.002113 -0.012873 -0.029765 -0.302025 0.952748
1783948445.863706112 0.024762 -0.042202 0.002101 -0.012906 -0.029782 -0.302003 0.952754
1783948445.873718023 0.024736 -0.042213 0.002098 -0.012959 -0.029828 -0.301978 0.952760
1783948445.886090755 0.024702 -0.042209 0.002098 -0.013030 -0.029890 -0.301959 0.952763
1783948445.893668890 0.024700 -0.042193 0.002128 -0.013061 -0.029922 -0.301952 0.952764
1783948445.899146318 0.024711 -0.042180 0.002159 -0.013076 -0.029929 -0.301960 0.952761
1783948445.899146318 0.024711 -0.042180 0.002159 -0.013076 -0.029929 -0.301960 0.952761
1783948445.904149532 0.024697 -0.042195 0.002130 -0.013090 -0.029936 -0.301967 0.952758
1783948445.914976120 0.024675 -0.042249 0.002046 -0.013080 -0.029913 -0.301988 0.952753
1783948445.923740149 0.024682 -0.042294 0.001998 -0.013046 -0.029876 -0.302012 0.952747
1783948445.933722973 0.024695 -0.042353 0.001949 -0.012990 -0.029822 -0.302040 0.952740
1783948445.945450068 0.024696 -0.042425 0.001896 -0.012942 -0.029782 -0.302057 0.952737
1783948445.953680277 0.024691 -0.042462 0.001885 -0.012930 -0.029772 -0.302047 0.952740
1783948445.963681698 0.024664 -0.042496 0.001874 -0.012957 -0.029789 -0.302022 0.952747
1783948445.973669052 0.024628 -0.042509 0.001876 -0.013014 -0.029841 -0.302000 0.952752
1783948445.983729362 0.024595 -0.042505 0.001890 -0.013074 -0.029898 -0.301973 0.952758
1783948445.993757963 0.024580 -0.042493 0.001917 -0.013120 -0.029946 -0.301976 0.952755
1783948446.000027418 0.024591 -0.042479 0.001952 -0.013134 -0.029954 -0.301979 0.952753
1783948446.000027418 0.024591 -0.042479 0.001952 -0.013134 -0.029954 -0.301979 0.952753
1783948446.007380962 0.024575 -0.042506 0.001900 -0.013150 -0.029964 -0.301984 0.952751
1783948446.013720512 0.024575 -0.042531 0.001864 -0.013137 -0.029949 -0.301997 0.952748
1783948446.023744822 0.024584 -0.042585 0.001799 -0.013091 -0.029905 -0.302018 0.952743
1783948446.033662796 0.024601 -0.042643 0.001748 -0.013039 -0.029848 -0.302047 0.952736
1783948446.043706894 0.024610 -0.042703 0.001711 -0.012987 -0.029803 -0.302063 0.952733
1783948446.053748846 0.024603 -0.042755 0.001687 -0.012976 -0.029794 -0.302051 0.952738
1783948446.063699484 0.024579 -0.042789 0.001675 -0.013001 -0.029811 -0.302032 0.952743
1783948446.074168921 0.024543 -0.042802 0.001672 -0.013051 -0.029867 -0.302005 0.952749
1783948446.083668947 0.024516 -0.042797 0.001686 -0.013112 -0.029914 -0.301989 0.952752
1783948446.093732119 0.024504 -0.042787 0.001711 -0.013155 -0.029954 -0.301983 0.952752
1783948446.100870848 0.024517 -0.042776 0.001748 -0.013173 -0.029957 -0.301985 0.952751
1783948446.100870848 0.024517 -0.042776 0.001748 -0.013173 -0.029957 -0.301985 0.952751
1783948446.103953600 0.024510 -0.042785 0.001733 -0.013180 -0.029957 -0.301986 0.952751
1783948446.113680840 0.024493 -0.042834 0.001659 -0.013170 -0.029941 -0.302006 0.952745
1783948446.123709202 0.024496 -0.042893 0.001593 -0.013121 -0.029899 -0.302035 0.952737
1783948446.133683443 0.024507 -0.042956 0.001542 -0.013063 -0.029839 -0.302067 0.952730
1783948446.143705606 0.024510 -0.043018 0.001504 -0.013021 -0.029807 -0.302070 0.952731
1783948446.153730869 0.024497 -0.043070 0.001481 -0.013005 -0.029795 -0.302061 0.952734
1783948446.165356159 0.024456 -0.043112 0.001461 -0.013040 -0.029834 -0.302038 0.952740
1783948446.173725128 0.024426 -0.043120 0.001471 -0.013080 -0.029875 -0.302019 0.952744
1783948446.183677435 0.024391 -0.043116 0.001486 -0.013154 -0.029925 -0.301996 0.952749
1783948446.196415186 0.024363 -0.043105 0.001506 -0.013209 -0.029986 -0.301984 0.952750
1783948446.201735020 0.024374 -0.043092 0.001541 -0.013215 -0.029988 -0.301988 0.952748
1783948446.201735020 0.024374 -0.043092 0.001541 -0.013215 -0.029988 -0.301988 0.952748
1783948446.203687429 0.024370 -0.043097 0.001533 -0.013218 -0.029988 -0.301989 0.952748
1783948446.213727474 0.024348 -0.043139 0.001463 -0.013209 -0.029963 -0.302016 0.952740
1783948446.223748446 0.024347 -0.043190 0.001407 -0.013166 -0.029917 -0.302036 0.952736
1783948446.233672142 0.024354 -0.043245 0.001366 -0.013116 -0.029867 -0.302067 0.952728
1783948446.243748188 0.024352 -0.043300 0.001336 -0.013071 -0.029832 -0.302076 0.952727
1783948446.253705978 0.024336 -0.043344 0.001320 -0.013063 -0.029821 -0.302070 0.952729
1783948446.265514374 0.024290 -0.043376 0.001306 -0.013095 -0.029854 -0.302038 0.952738
1783948446.273689508 0.024257 -0.043375 0.001323 -0.013137 -0.029890 -0.302014 0.952744
1783948446.283684731 0.024216 -0.043363 0.001345 -0.013207 -0.029939 -0.301993 0.952748
1783948446.293702126 0.024191 -0.043346 0.001381 -0.013252 -0.029981 -0.301979 0.952751
1783948446.302602291 0.024196 -0.043330 0.001428 -0.013271 -0.029988 -0.301980 0.952750
1783948446.302602291 0.024196 -0.043330 0.001428 -0.013271 -0.029988 -0.301980 0.952750
1783948446.303687096 0.024194 -0.043333 0.001424 -0.013273 -0.029988 -0.301980 0.952750
1783948446.313721895 0.024172 -0.043372 0.001341 -0.013256 -0.029972 -0.301997 0.952745
1783948446.323761463 0.024174 -0.043417 0.001271 -0.013202 -0.029928 -0.302029 0.952737
1783948446.334470034 0.024182 -0.043473 0.001207 -0.013142 -0.029868 -0.302059 0.952731
1783948446.343671799 0.024187 -0.043518 0.001174 -0.013092 -0.029832 -0.302064 0.952731
1783948446.353718996 0.024176 -0.043561 0.001144 -0.013081 -0.029823 -0.302055 0.952734
1783948446.365386963 0.024137 -0.043592 0.001112 -0.013114 -0.029854 -0.302039 0.952738
1783948446.373687744 0.024108 -0.043593 0.001117 -0.013155 -0.029888 -0.302022 0.952741
1783948446.383685589 0.024074 -0.043583 0.001124 -0.013211 -0.029947 -0.302004 0.952745
1783948446.393673658 0.024056 -0.043567 0.001144 -0.013248 -0.029986 -0.301998 0.952745
1783948446.403471708 0.024066 -0.043552 0.001177 -0.013260 -0.029991 -0.302007 0.952742
1783948446.403471708 0.024066 -0.043552 0.001177 -0.013260 -0.029991 -0.302007 0.952742
1783948446.403690815 0.024066 -0.043552 0.001176 -0.013260 -0.029991 -0.302007 0.952742
1783948446.413699627 0.024039 -0.043600 0.001115 -0.013236 -0.029968 -0.302026 0.952737
1783948446.425228834 0.024031 -0.043663 0.001053 -0.013175 -0.029912 -0.302064 0.952727
1783948446.433727264 0.024038 -0.043707 0.001031 -0.013124 -0.029861 -0.302085 0.952723
1783948446.443732262 0.024038 -0.043760 0.001011 -0.013074 -0.029819 -0.302089 0.952724
1783948446.453660250 0.024023 -0.043803 0.001005 -0.013065 -0.029805 -0.302085 0.952725
1783948446.463693619 0.023991 -0.043832 0.001010 -0.013096 -0.029832 -0.302056 0.952733
1783948446.473666906 0.023951 -0.043839 0.001028 -0.013161 -0.029876 -0.302028 0.952740
1783948446.489367723 0.023879 -0.043833 0.001038 -0.013251 -0.029953 -0.302009 0.952742
1783948446.493802071 0.023876 -0.043818 0.001070 -0.013264 -0.029968 -0.301999 0.952745
1783948446.503684044 0.023877 -0.043796 0.001126 -0.013278 -0.029972 -0.302013 0.952740
1783948446.504351854 0.023880 -0.043794 0.001133 -0.013277 -0.029969 -0.302014 0.952740
1783948446.504351854 0.023880 -0.043794 0.001133 -0.013277 -0.029969 -0.302014 0.952740
1783948446.513667107 0.023855 -0.043827 0.001079 -0.013263 -0.029939 -0.302029 0.952736
1783948446.524492502 0.023846 -0.043877 0.001022 -0.013214 -0.029888 -0.302056 0.952730
1783948446.533732891 0.023850 -0.043922 0.000994 -0.013160 -0.029832 -0.302078 0.952726
1783948446.543701649 0.023847 -0.043969 0.000973 -0.013112 -0.029791 -0.302089 0.952724
1783948446.553668976 0.023828 -0.044007 0.000966 -0.013104 -0.029771 -0.302075 0.952729
1783948446.563733101 0.023792 -0.044030 0.000972 -0.013137 -0.029788 -0.302049 0.952736
1783948446.573695421 0.023747 -0.044031 0.000992 -0.013185 -0.029836 -0.302020 0.952743
1783948446.585463524 0.023696 -0.044015 0.001020 -0.013262 -0.029891 -0.301994 0.952749
1783948446.593700647 0.023679 -0.043991 0.001065 -0.013297 -0.029922 -0.301994 0.952747
1783948446.603715658 0.023681 -0.043967 0.001121 -0.013307 -0.029933 -0.302003 0.952744
1783948446.605199099 0.023686 -0.043962 0.001137 -0.013304 -0.029928 -0.302006 0.952743
1783948446.605199099 0.023686 -0.043962 0.001137 -0.013304 -0.029928 -0.302006 0.952743
1783948446.614411354 0.023664 -0.043993 0.001083 -0.013283 -0.029904 -0.302030 0.952737
1783948446.623662233 0.023660 -0.044028 0.001039 -0.013232 -0.029862 -0.302059 0.952729
1783948446.633714914 0.023662 -0.044071 0.001001 -0.013179 -0.029810 -0.302081 0.952725
1783948446.644653320 0.023656 -0.044118 0.000970 -0.013134 -0.029772 -0.302089 0.952724
1783948446.653743505 0.023641 -0.044146 0.000965 -0.013129 -0.029761 -0.302076 0.952729
1783948446.663666487 0.023608 -0.044162 0.000967 -0.013164 -0.029779 -0.302053 0.952735
1783948446.673715591 0.023568 -0.044158 0.000980 -0.013213 -0.029833 -0.302032 0.952739
1783948446.683680773 0.023532 -0.044136 0.001007 -0.013264 -0.029885 -0.302011 0.952744
1783948446.693724632 0.023515 -0.044108 0.001046 -0.013311 -0.029924 -0.302003 0.952744
1783948446.703728914 0.023525 -0.044083 0.001099 -0.013329 -0.029937 -0.302015 0.952740
1783948446.706055403 0.023536 -0.044074 0.001122 -0.013325 -0.029931 -0.302018 0.952739
1783948446.706055403 0.023536 -0.044074 0.001122 -0.013325 -0.029931 -0.302018 0.952739
1783948446.713808775 0.023528 -0.044098 0.001085 -0.013315 -0.029913 -0.302032 0.952735
1783948446.723668098 0.023532 -0.044137 0.001038 -0.013269 -0.029875 -0.302060 0.952728
1783948446.733703375 0.023543 -0.044181 0.001001 -0.013218 -0.029829 -0.302085 0.952723
1783948446.743690014 0.023548 -0.044225 0.000978 -0.013178 -0.029789 -0.302091 0.952722
1783948446.753726006 0.023538 -0.044261 0.000968 -0.013162 -0.029782 -0.302079 0.952726
1783948446.763683796 0.023509 -0.044280 0.000971 -0.013192 -0.029802 -0.302066 0.952730
1783948446.775315285 0.023461 -0.044280 0.000981 -0.013253 -0.029865 -0.302040 0.952735
1783948446.783677101 0.023436 -0.044259 0.001013 -0.013301 -0.029902 -0.302017 0.952741
1783948446.793719053 0.023420 -0.044231 0.001055 -0.013339 -0.029949 -0.302008 0.952741
1783948446.805413485 0.023433 -0.044205 0.001109 -0.013354 -0.029954 -0.302020 0.952737
1783948446.806923389 0.023441 -0.044199 0.001125 -0.013352 -0.029950 -0.302022 0.952737
1783948446.806923389 0.023441 -0.044199 0.001125 -0.013352 -0.029950 -0.302022 0.952737
1783948446.813674688 0.023439 -0.044216 0.001099 -0.013341 -0.029930 -0.302034 0.952734
1783948446.823741674 0.023448 -0.044251 0.001052 -0.013287 -0.029882 -0.302064 0.952726
1783948446.833680630 0.023464 -0.044289 0.001020 -0.013230 -0.029825 -0.302084 0.952723
1783948446.843720198 0.023474 -0.044326 0.001000 -0.013182 -0.029789 -0.302096 0.952721
1783948446.853688717 0.023467 -0.044352 0.000994 -0.013173 -0.029782 -0.302080 0.952726
1783948446.863677740 0.023444 -0.044361 0.001001 -0.013189 -0.029802 -0.302051 0.952734
1783948446.873732090 0.023411 -0.044348 0.001020 -0.013244 -0.029854 -0.302031 0.952739
1783948446.883711100 0.023384 -0.044318 0.001051 -0.013302 -0.029910 -0.302013 0.952742
1783948446.893703938 0.023374 -0.044280 0.001095 -0.013336 -0.029951 -0.302007 0.952742
1783948446.904189825 0.023392 -0.044242 0.001153 -0.013354 -0.029962 -0.302015 0.952739
1783948446.907782078 0.023411 -0.044226 0.001189 -0.013347 -0.029951 -0.302019 0.952738
1783948446.907782078 0.023411 -0.044226 0.001189 -0.013347 -0.029951 -0.302019 0.952738
1783948446.913687468 0.023412 -0.044234 0.001170 -0.013334 -0.029934 -0.302025 0.952737
1783948446.924023628 0.023420 -0.044263 0.001122 -0.013277 -0.029899 -0.302054 0.952729
1783948446.937914371 0.023428 -0.044320 0.001055 -0.013208 -0.029822 -0.302091 0.952721
1783948446.943688393 0.023440 -0.044335 0.001059 -0.013180 -0.029797 -0.302097 0.952720
1783948446.953768492 0.023438 -0.044363 0.001054 -0.013172 -0.029790 -0.302087 0.952724
1783948446.963689089 0.023419 -0.044374 0.001062 -0.013202 -0.029815 -0.302061 0.952731
1783948446.973744154 0.023391 -0.044362 0.001082 -0.013253 -0.029861 -0.302039 0.952736
1783948446.983718157 0.023368 -0.044333 0.001115 -0.013313 -0.029910 -0.302020 0.952739
1783948446.993730783 0.023362 -0.044298 0.001160 -0.013352 -0.029944 -0.302015 0.952739
1783948447.003725290 0.023384 -0.044264 0.001218 -0.013372 -0.029958 -0.302016 0.952738
1783948447.008663893 0.023412 -0.044245 0.001264 -0.013360 -0.029944 -0.302026 0.952736
1783948447.008663893 0.023412 -0.044245 0.001264 -0.013360 -0.029944 -0.302026 0.952736
1783948447.013750315 0.023420 -0.044252 0.001247 -0.013347 -0.029929 -0.302037 0.952733
1783948447.023701906 0.023439 -0.044281 0.001198 -0.013294 -0.029887 -0.302060 0.952728
1783948447.033693790 0.023466 -0.044315 0.001163 -0.013228 -0.029833 -0.302086 0.952722
1783948447.043701410 0.023486 -0.044347 0.001140 -0.013181 -0.029789 -0.302092 0.952722
1783948447.053712130 0.023490 -0.044371 0.001131 -0.013180 -0.029783 -0.302080 0.952726
1783948447.063712358 0.023477 -0.044379 0.001134 -0.013201 -0.029810 -0.302053 0.952734
1783948447.073684931 0.023457 -0.044364 0.001148 -0.013250 -0.029858 -0.302031 0.952738
1783948447.083725452 0.023439 -0.044332 0.001173 -0.013305 -0.029902 -0.302012 0.952742
1783948447.094596148 0.023438 -0.044291 0.001209 -0.013338 -0.029949 -0.302008 0.952741
1783948447.103762865 0.023467 -0.044253 0.001259 -0.013356 -0.029958 -0.302018 0.952738
1783948447.109512568 0.023501 -0.044230 0.001307 -0.013342 -0.029943 -0.302028 0.952735
1783948447.109512568 0.023501 -0.044230 0.001307 -0.013342 -0.029943 -0.302028 0.952735
1783948447.113724470 0.023510 -0.044234 0.001294 -0.013331 -0.029932 -0.302036 0.952733
1783948447.123790979 0.023532 -0.044262 0.001240 -0.013280 -0.029892 -0.302069 0.952725
1783948447.133724451 0.023561 -0.044295 0.001199 -0.013215 -0.029843 -0.302089 0.952721
1783948447.143708467 0.023584 -0.044327 0.001172 -0.013167 -0.029803 -0.302097 0.952720
1783948447.153737307 0.023591 -0.044349 0.001156 -0.013151 -0.029791 -0.302087 0.952724
1783948447.163710594 0.023582 -0.044354 0.001152 -0.013181 -0.029807 -0.302064 0.952730
1783948447.173698425 0.023565 -0.044338 0.001160 -0.013216 -0.029857 -0.302039 0.952736
1783948447.183711767 0.023552 -0.044304 0.001181 -0.013275 -0.029912 -0.302017 0.952741
1783948447.194542408 0.023556 -0.044262 0.001214 -0.013320 -0.029953 -0.302012 0.952740
1783948447.203795671 0.023588 -0.044224 0.001262 -0.013332 -0.029956 -0.302024 0.952736
1783948447.210423231 0.023631 -0.044197 0.001313 -0.013319 -0.029940 -0.302034 0.952734
1783948447.210423231 0.023631 -0.044197 0.001313 -0.013319 -0.029940 -0.302034 0.952734
1783948447.213691473 0.023639 -0.044199 0.001304 -0.013313 -0.029932 -0.302038 0.952733
1783948447.223707438 0.023662 -0.044225 0.001251 -0.013257 -0.029886 -0.302063 0.952727
1783948447.233719110 0.023690 -0.044255 0.001211 -0.013202 -0.029825 -0.302086 0.952723
1783948447.243724346 0.023711 -0.044285 0.001184 -0.013150 -0.029795 -0.302093 0.952722
1783948447.254428864 0.023714 -0.044308 0.001167 -0.013137 -0.029788 -0.302085 0.952725
1783948447.263713360 0.023703 -0.044312 0.001169 -0.013160 -0.029812 -0.302061 0.952731
1783948447.273743629 0.023684 -0.044295 0.001178 -0.013204 -0.029863 -0.302038 0.952737
1783948447.285412550 0.023663 -0.044259 0.001194 -0.013264 -0.029921 -0.302019 0.952740
1783948447.293775558 0.023669 -0.044220 0.001231 -0.013295 -0.029960 -0.302011 0.952741
1783948447.303803444 0.023699 -0.044179 0.001279 -0.013303 -0.029980 -0.302019 0.952738
1783948447.311239958 0.023745 -0.044150 0.001332 -0.013290 -0.029969 -0.302029 0.952735
1783948447.311239958 0.023745 -0.044150 0.001332 -0.013290 -0.029969 -0.302029 0.952735
1783948447.313695908 0.023752 -0.044152 0.001326 -0.013286 -0.029964 -0.302032 0.952734
1783948447.323722839 0.023779 -0.044175 0.001266 -0.013232 -0.029928 -0.302058 0.952728
1783948447.333789349 0.023813 -0.044204 0.001220 -0.013166 -0.029875 -0.302082 0.952723
1783948447.343706131 0.023839 -0.044231 0.001188 -0.013116 -0.029838 -0.302089 0.952722
1783948447.353721380 0.023850 -0.044250 0.001168 -0.013102 -0.029823 -0.302077 0.952727
1783948447.363762617 0.023842 -0.044252 0.001161 -0.013124 -0.029844 -0.302051 0.952734
1783948447.373708248 0.023826 -0.044232 0.001167 -0.013171 -0.029895 -0.302020 0.952742
1783948447.385364056 0.023809 -0.044191 0.001178 -0.013232 -0.029961 -0.301994 0.952747
1783948447.393743753 0.023817 -0.044149 0.001213 -0.013258 -0.029994 -0.301988 0.952748
1783948447.403776884 0.023849 -0.044104 0.001258 -0.013268 -0.030002 -0.301994 0.952745
1783948447.412104845 0.023901 -0.044071 0.001313 -0.013250 -0.029981 -0.302014 0.952740
1783948447.412104845 0.023901 -0.044071 0.001313 -0.013250 -0.029981 -0.302014 0.952740
1783948447.414398193 0.023907 -0.044072 0.001308 -0.013245 -0.029974 -0.302018 0.952739
1783948447.423737764 0.023932 -0.044094 0.001260 -0.013192 -0.029931 -0.302044 0.952733
1783948447.433729172 0.023963 -0.044124 0.001218 -0.013127 -0.029880 -0.302064 0.952729
1783948447.446673870 0.023985 -0.044170 0.001163 -0.013068 -0.029837 -0.302084 0.952725
1783948447.453708649 0.023997 -0.044180 0.001163 -0.013063 -0.029825 -0.302070 0.952729
1783948447.463749647 0.023992 -0.044187 0.001159 -0.013080 -0.029859 -0.302048 0.952735
1783948447.473746777 0.023979 -0.044171 0.001168 -0.013126 -0.029904 -0.302018 0.952743
1783948447.483733892 0.023970 -0.044139 0.001188 -0.013186 -0.029962 -0.302011 0.952742
1783948447.493750334 0.023977 -0.044101 0.001221 -0.013222 -0.030004 -0.302004 0.952743
1783948447.503750324 0.024013 -0.044065 0.001267 -0.013236 -0.030015 -0.302010 0.952740
1783948447.512979507 0.024072 -0.044039 0.001326 -0.013218 -0.029985 -0.302028 0.952736
1783948447.512979507 0.024072 -0.044039 0.001326 -0.013218 -0.029985 -0.302028 0.952736
1783948447.513754845 0.024074 -0.044040 0.001324 -0.013217 -0.029982 -0.302029 0.952735
1783948447.523736000 0.024098 -0.044074 0.001272 -0.013154 -0.029939 -0.302044 0.952733
1783948447.533710480 0.024130 -0.044113 0.001233 -0.013093 -0.029894 -0.302072 0.952726
1783948447.544200659 0.024154 -0.044155 0.001203 -0.013033 -0.029859 -0.302072 0.952728
1783948447.553720236 0.024163 -0.044180 0.001193 -0.013021 -0.029849 -0.302068 0.952730
1783948447.563816309 0.024155 -0.044190 0.001190 -0.013039 -0.029878 -0.302032 0.952740
1783948447.574500561 0.024137 -0.044177 0.001197 -0.013096 -0.029930 -0.302017 0.952743
1783948447.583734035 0.024128 -0.044147 0.001219 -0.013154 -0.029983 -0.301996 0.952747
1783948447.593749046 0.024134 -0.044109 0.001251 -0.013189 -0.030028 -0.301991 0.952746
1783948447.605417252 0.024171 -0.044071 0.001296 -0.013201 -0.030040 -0.301996 0.952744
1783948447.614039898 0.024230 -0.044044 0.001354 -0.013186 -0.030030 -0.302015 0.952739
1783948447.614140511 0.024231 -0.044044 0.001355 -0.013186 -0.030029 -0.302016 0.952739
1783948447.614140511 0.024231 -0.044044 0.001355 -0.013186 -0.030029 -0.302016 0.952739
1783948447.623761892 0.024256 -0.044073 0.001295 -0.013139 -0.029993 -0.302038 0.952733
1783948447.633725166 0.024290 -0.044108 0.001246 -0.013080 -0.029947 -0.302058 0.952729
1783948447.643728971 0.024316 -0.044142 0.001208 -0.013029 -0.029916 -0.302064 0.952729
1783948447.653733015 0.024327 -0.044167 0.001185 -0.013009 -0.029905 -0.302052 0.952733
1783948447.663720846 0.024321 -0.044174 0.001175 -0.013034 -0.029944 -0.302027 0.952740
1783948447.674411535 0.024304 -0.044160 0.001174 -0.013074 -0.029998 -0.301999 0.952747
1783948447.683768034 0.024295 -0.044127 0.001193 -0.013129 -0.030053 -0.301983 0.952749
1783948447.693763494 0.024300 -0.044085 0.001222 -0.013172 -0.030098 -0.301974 0.952750
1783948447.703785896 0.024333 -0.044044 0.001265 -0.013189 -0.030115 -0.301985 0.952746
1783948447.713734150 0.024395 -0.044011 0.001321 -0.013178 -0.030107 -0.302003 0.952740
1783948447.714697361 0.024404 -0.044007 0.001332 -0.013173 -0.030102 -0.302005 0.952740
1783948447.714697361 0.024404 -0.044007 0.001332 -0.013173 -0.030102 -0.302005 0.952740
1783948447.723759413 0.024429 -0.044029 0.001287 -0.013129 -0.030064 -0.302028 0.952735
1783948447.733754635 0.024462 -0.044060 0.001245 -0.013079 -0.030023 -0.302050 0.952729
1783948447.743763924 0.024488 -0.044094 0.001217 -0.013025 -0.029995 -0.302053 0.952730
1783948447.753766775 0.024499 -0.044119 0.001201 -0.013008 -0.029994 -0.302042 0.952734
1783948447.764511347 0.024490 -0.044131 0.001192 -0.013038 -0.030029 -0.302008 0.952743
1783948447.773760080 0.024477 -0.044118 0.001204 -0.013087 -0.030085 -0.301989 0.952747
1783948447.783750296 0.024465 -0.044090 0.001225 -0.013142 -0.030136 -0.301974 0.952749
1783948447.793791771 0.024471 -0.044055 0.001259 -0.013181 -0.030187 -0.301959 0.952752
1783948447.803770304 0.024505 -0.044022 0.001305 -0.013193 -0.030202 -0.301974 0.952746
1783948447.813787937 0.024567 -0.043997 0.001363 -0.013175 -0.030182 -0.301997 0.952740
1783948447.815602779 0.024584 -0.043990 0.001382 -0.013166 -0.030175 -0.302002 0.952739
1783948447.815602779 0.024584 -0.043990 0.001382 -0.013166 -0.030175 -0.302002 0.952739
1783948447.823785067 0.024604 -0.044014 0.001339 -0.013126 -0.030145 -0.302023 0.952733
1783948447.834377050 0.024630 -0.044056 0.001283 -0.013055 -0.030080 -0.302050 0.952728
1783948447.843756676 0.024648 -0.044091 0.001252 -0.013005 -0.030046 -0.302059 0.952727
1783948447.853747845 0.024651 -0.044121 0.001228 -0.013001 -0.030040 -0.302047 0.952731
1783948447.863817692 0.024636 -0.044135 0.001217 -0.013026 -0.030060 -0.302014 0.952740
1783948447.873761654 0.024614 -0.044128 0.001219 -0.013078 -0.030105 -0.301987 0.952747
1783948447.883742809 0.024595 -0.044103 0.001233 -0.013140 -0.030155 -0.301962 0.952752
1783948447.894642115 0.024592 -0.044068 0.001259 -0.013186 -0.030203 -0.301955 0.952752
1783948447.904135227 0.024618 -0.044035 0.001302 -0.013201 -0.030209 -0.301960 0.952750
1783948447.913761377 0.024670 -0.044009 0.001356 -0.013184 -0.030182 -0.301984 0.952744
1783948447.916431665 0.024693 -0.043999 0.001383 -0.013172 -0.030169 -0.301990 0.952743
1783948447.916431665 0.024693 -0.043999 0.001383 -0.013172 -0.030169 -0.301990 0.952743
1783948447.928196669 0.024712 -0.044042 0.001307 -0.013122 -0.030121 -0.302023 0.952734
1783948447.933761835 0.024734 -0.044058 0.001296 -0.013096 -0.030091 -0.302034 0.952732
1783948447.943746567 0.024757 -0.044092 0.001264 -0.013045 -0.030050 -0.302043 0.952731
1783948447.955377102 0.024761 -0.044123 0.001234 -0.013035 -0.030051 -0.302028 0.952736
1783948447.963846445 0.024754 -0.044127 0.001237 -0.013067 -0.030077 -0.302003 0.952743
1783948447.973721981 0.024735 -0.044113 0.001245 -0.013120 -0.030131 -0.301979 0.952748
1783948447.983782053 0.024719 -0.044083 0.001264 -0.013184 -0.030177 -0.301960 0.952752
1783948447.993723869 0.024722 -0.044046 0.001296 -0.013218 -0.030215 -0.301964 0.952749
1783948448.003748894 0.024753 -0.044012 0.001341 -0.013239 -0.030233 -0.301973 0.952745
1783948448.013756752 0.024813 -0.043985 0.001398 -0.013229 -0.030208 -0.301995 0.952739
1783948448.017288208 0.024846 -0.043973 0.001434 -0.013207 -0.030191 -0.302003 0.952737
1783948448.017288208 0.024846 -0.043973 0.001434 -0.013207 -0.030191 -0.302003 0.952737
1783948448.024415255 0.024868 -0.043992 0.001406 -0.013165 -0.030160 -0.302021 0.952733
1783948448.033720016 0.024897 -0.044023 0.001369 -0.013107 -0.030110 -0.302041 0.952729
1783948448.043737173 0.024919 -0.044057 0.001337 -0.013058 -0.030079 -0.302047 0.952729
1783948448.055490971 0.024917 -0.044091 0.001304 -0.013048 -0.030076 -0.302036 0.952733
1783948448.063743114 0.024907 -0.044097 0.001306 -0.013065 -0.030093 -0.302012 0.952740
1783948448.073749065 0.024883 -0.044088 0.001311 -0.013119 -0.030145 -0.301989 0.952744
1783948448.083743572 0.024864 -0.044064 0.001329 -0.013176 -0.030198 -0.301971 0.952748
1783948448.093724012 0.024862 -0.044032 0.001360 -0.013207 -0.030243 -0.301970 0.952746
1783948448.103723764 0.024887 -0.044003 0.001402 -0.013214 -0.030256 -0.301982 0.952742
1783948448.113803625 0.024941 -0.043981 0.001458 -0.013201 -0.030236 -0.301997 0.952738
1783948448.121268272 0.024999 -0.043966 0.001517 -0.013159 -0.030204 -0.302022 0.952732
1783948448.121268272 0.024999 -0.043966 0.001517 -0.013159 -0.030204 -0.302022 0.952732
1783948448.123829603 0.025009 -0.043972 0.001511 -0.013144 -0.030191 -0.302029 0.952730
1783948448.133752584 0.025030 -0.044014 0.001454 -0.013090 -0.030131 -0.302050 0.952726
1783948448.143719912 0.025043 -0.044055 0.001410 -0.013052 -0.030094 -0.302057 0.952725
1783948448.153719187 0.025040 -0.044087 0.001379 -0.013059 -0.030075 -0.302046 0.952729
1783948448.163738012 0.025021 -0.044103 0.001360 -0.013084 -0.030107 -0.302010 0.952739
1783948448.173765898 0.024993 -0.044099 0.001353 -0.013136 -0.030147 -0.301991 0.952743
1783948448.183758497 0.024970 -0.044079 0.001359 -0.013193 -0.030188 -0.301976 0.952746
1783948448.193799019 0.024963 -0.044052 0.001379 -0.013236 -0.030229 -0.301977 0.952744
1783948448.203773260 0.024984 -0.044027 0.001411 -0.013250 -0.030233 -0.301990 0.952739
1783948448.214176655 0.025034 -0.044011 0.001454 -0.013224 -0.030205 -0.302017 0.952732
1783948448.219023228 0.025072 -0.044001 0.001493 -0.013200 -0.030179 -0.302029 0.952730
1783948448.219023228 0.025072 -0.044001 0.001493 -0.013200 -0.030179 -0.302029 0.952730
1783948448.223732233 0.025085 -0.044015 0.001475 -0.013175 -0.030155 -0.302041 0.952727
1783948448.233780384 0.025105 -0.044060 0.001419 -0.013120 -0.030108 -0.302063 0.952722
1783948448.243766069 0.025116 -0.044102 0.001376 -0.013080 -0.030062 -0.302070 0.952722
1783948448.253770590 0.025112 -0.044134 0.001344 -0.013070 -0.030063 -0.302051 0.952728
1783948448.263775349 0.025090 -0.044149 0.001326 -0.013090 -0.030099 -0.302036 0.952731
1783948448.273781538 0.025061 -0.044144 0.001320 -0.013132 -0.030141 -0.302012 0.952737
1783948448.285389900 0.025027 -0.044121 0.001320 -0.013202 -0.030208 -0.301996 0.952739
1783948448.293751955 0.025021 -0.044093 0.001347 -0.013232 -0.030237 -0.301988 0.952740
1783948448.303810120 0.025036 -0.044062 0.001382 -0.013254 -0.030245 -0.301996 0.952737
1783948448.313742638 0.025079 -0.044039 0.001430 -0.013231 -0.030227 -0.302023 0.952729
1783948448.319884539 0.025123 -0.044022 0.001480 -0.013198 -0.030198 -0.302037 0.952726
1783948448.319884539 0.025123 -0.044022 0.001480 -0.013198 -0.030198 -0.302037 0.952726
1783948448.323744535 0.025134 -0.044030 0.001470 -0.013178 -0.030180 -0.302045 0.952725
1783948448.333773613 0.025150 -0.044066 0.001424 -0.013122 -0.030127 -0.302063 0.952721
1783948448.346297741 0.025155 -0.044115 0.001371 -0.013061 -0.030092 -0.302072 0.952721
1783948448.353769064 0.025155 -0.044131 0.001367 -0.013051 -0.030082 -0.302062 0.952724
1783948448.363752842 0.025133 -0.044142 0.001362 -0.013071 -0.030103 -0.302029 0.952734
1783948448.377645493 0.025080 -0.044129 0.001348 -0.013131 -0.030173 -0.302003 0.952739
1783948448.383730650 0.025068 -0.044102 0.001373 -0.013162 -0.030201 -0.301992 0.952741
1783948448.393764257 0.025054 -0.044058 0.001403 -0.013196 -0.030240 -0.301983 0.952742
1783948448.407257080 0.025068 -0.044010 0.001441 -0.013218 -0.030259 -0.301994 0.952738
1783948448.413796902 0.025103 -0.043985 0.001488 -0.013205 -0.030242 -0.302005 0.952735
1783948448.420748711 0.025148 -0.043962 0.001544 -0.013170 -0.030206 -0.302023 0.952731
1783948448.420748711 0.025148 -0.043962 0.001544 -0.013170 -0.030206 -0.302023 0.952731
1783948448.423756599 0.025156 -0.043966 0.001535 -0.013155 -0.030189 -0.302030 0.952729
1783948448.433771133 0.025166 -0.043998 0.001477 -0.013101 -0.030134 -0.302054 0.952724
1783948448.444669008 0.025165 -0.044034 0.001423 -0.013055 -0.030083 -0.302058 0.952725
1783948448.453780413 0.025153 -0.044053 0.001401 -0.013042 -0.030073 -0.302051 0.952728
1783948448.463760614 0.025121 -0.044059 0.001384 -0.013070 -0.030095 -0.302032 0.952733
1783948448.474595070 0.025075 -0.044043 0.001374 -0.013122 -0.030152 -0.302000 0.952740
1783948448.483765602 0.025044 -0.044011 0.001387 -0.013178 -0.030195 -0.301985 0.952743
1783948448.493820906 0.025025 -0.043970 0.001408 -0.013217 -0.030237 -0.301980 0.952743
1783948448.503755808 0.025033 -0.043930 0.001442 -0.013222 -0.030252 -0.301988 0.952740
1783948448.513789177 0.025068 -0.043897 0.001489 -0.013201 -0.030231 -0.302007 0.952735
1783948448.521620989 0.025116 -0.043874 0.001543 -0.013161 -0.030190 -0.302032 0.952729
1783948448.521620989 0.025116 -0.043874 0.001543 -0.013161 -0.030190 -0.302032 0.952729
1783948448.523774624 0.025122 -0.043876 0.001537 -0.013150 -0.030177 -0.302038 0.952727
1783948448.537370205 0.025128 -0.043927 0.001432 -0.013072 -0.030098 -0.302075 0.952719
1783948448.543740273 0.025137 -0.043943 0.001417 -0.013045 -0.030069 -0.302081 0.952719
1783948448.553758860 0.025130 -0.043967 0.001384 -0.013027 -0.030060 -0.302060 0.952726
1783948448.563790560 0.025105 -0.043974 0.001365 -0.013054 -0.030071 -0.302036 0.952733
1783948448.573768616 0.025073 -0.043958 0.001358 -0.013101 -0.030114 -0.302008 0.952740
1783948448.583812475 0.025044 -0.043926 0.001362 -0.013152 -0.030156 -0.301992 0.952743
1783948448.593775034 0.025033 -0.043887 0.001379 -0.013189 -0.030191 -0.301986 0.952743
1783948448.604677916 0.025048 -0.043847 0.001405 -0.013212 -0.030193 -0.301995 0.952740
1783948448.613790035 0.025090 -0.043817 0.001449 -0.013196 -0.030174 -0.302017 0.952734
1783948448.622478724 0.025147 -0.043794 0.001502 -0.013143 -0.030132 -0.302050 0.952725
1783948448.622478724 0.025147 -0.043794 0.001502 -0.013143 -0.030132 -0.302050 0.952725
1783948448.623752832 0.025150 -0.043797 0.001500 -0.013135 -0.030125 -0.302054 0.952724
1783948448.635705233 0.025114 -0.043878 0.001439 -0.013070 -0.030061 -0.302073 0.952721
1783948448.643756151 0.025101 -0.043919 0.001421 -0.013034 -0.030029 -0.302077 0.952721
1783948448.653784037 0.025060 -0.043970 0.001404 -0.013026 -0.030018 -0.302058 0.952728
1783948448.665474892 0.024982 -0.044017 0.001392 -0.013066 -0.030033 -0.302030 0.952736
1783948448.673767805 0.024932 -0.044022 0.001405 -0.013110 -0.030067 -0.302012 0.952740
1783948448.683812380 0.024867 -0.044021 0.001425 -0.013174 -0.030116 -0.301993 0.952743
1783948448.694862604 0.024811 -0.044018 0.001458 -0.013235 -0.030157 -0.301988 0.952743
1783948448.703766823 0.024799 -0.044009 0.001503 -0.013253 -0.030160 -0.301992 0.952741
1783948448.713787079 0.024806 -0.044012 0.001563 -0.013243 -0.030136 -0.302012 0.952736
1783948448.723341942 0.024836 -0.044020 0.001633 -0.013202 -0.030093 -0.302040 0.952729
1783948448.723341942 0.024836 -0.044020 0.001633 -0.013202 -0.030093 -0.302040 0.952729
1783948448.723763227 0.024837 -0.044021 0.001632 -0.013200 -0.030091 -0.302041 0.952729
1783948448.733762980 0.024844 -0.044063 0.001574 -0.013137 -0.030039 -0.302066 0.952723
1783948448.743781567 0.024844 -0.044104 0.001529 -0.013089 -0.030003 -0.302070 0.952723
1783948448.753772259 0.024829 -0.044135 0.001499 -0.013084 -0.029988 -0.302055 0.952729
1783948448.763757944 0.024796 -0.044149 0.001481 -0.013105 -0.030010 -0.302030 0.952736
1783948448.773784876 0.024754 -0.044143 0.001476 -0.013157 -0.030057 -0.302002 0.952742
1783948448.783748388 0.024717 -0.044121 0.001483 -0.013215 -0.030100 -0.301985 0.952746
1783948448.793793440 0.024696 -0.044092 0.001503 -0.013255 -0.030136 -0.301975 0.952747
1783948448.803779125 0.024703 -0.044062 0.001536 -0.013274 -0.030140 -0.301993 0.952741
1783948448.813813686 0.024738 -0.044040 0.001583 -0.013260 -0.030115 -0.302001 0.952740
1783948448.823775768 0.024795 -0.044025 0.001644 -0.013213 -0.030075 -0.302023 0.952734
1783948448.824205160 0.024798 -0.044024 0.001648 -0.013211 -0.030073 -0.302024 0.952734
1783948448.824205160 0.024798 -0.044024 0.001648 -0.013211 -0.030073 -0.302024 0.952734
1783948448.833805561 0.024802 -0.044060 0.001599 -0.013162 -0.030023 -0.302050 0.952728
1783948448.843752384 0.024799 -0.044097 0.001559 -0.013118 -0.029994 -0.302067 0.952724
1783948448.854492188 0.024776 -0.044127 0.001524 -0.013104 -0.029975 -0.302048 0.952731
1783948448.863843918 0.024741 -0.044136 0.001512 -0.013127 -0.030000 -0.302026 0.952737
1783948448.873807907 0.024694 -0.044125 0.001508 -0.013174 -0.030046 -0.302001 0.952743
1783948448.884208202 0.024649 -0.044099 0.001517 -0.013241 -0.030108 -0.301982 0.952746
1783948448.895348310 0.024619 -0.044063 0.001536 -0.013281 -0.030149 -0.301980 0.952745
1783948448.904068708 0.024624 -0.044031 0.001573 -0.013298 -0.030156 -0.301984 0.952743
1783948448.913747549 0.024653 -0.044005 0.001621 -0.013285 -0.030141 -0.301998 0.952739
1783948448.924624681 0.024705 -0.043985 0.001684 -0.013226 -0.030090 -0.302028 0.952732
1783948448.925288200 0.024710 -0.043983 0.001692 -0.013223 -0.030085 -0.302029 0.952732
1783948448.925288200 0.024710 -0.043983 0.001692 -0.013223 -0.030085 -0.302029 0.952732
1783948448.933779001 0.024715 -0.044012 0.001646 -0.013181 -0.030032 -0.302047 0.952729
1783948448.943791866 0.024710 -0.044049 0.001595 -0.013134 -0.029991 -0.302056 0.952728
1783948448.953766108 0.024690 -0.044078 0.001558 -0.013120 -0.029976 -0.302047 0.952731
1783948448.963820457 0.024651 -0.044091 0.001533 -0.013144 -0.029997 -0.302029 0.952736
1783948448.973778963 0.024604 -0.044084 0.001520 -0.013191 -0.030038 -0.301992 0.952746
1783948448.983762264 0.024561 -0.044060 0.001518 -0.013251 -0.030086 -0.301974 0.952749
1783948448.993767023 0.024536 -0.044028 0.001528 -0.013287 -0.030120 -0.301958 0.952753
1783948449.003804922 0.024538 -0.043996 0.001550 -0.013289 -0.030130 -0.301967 0.952749
1783948449.015819073 0.024572 -0.043975 0.001579 -0.013271 -0.030098 -0.301993 0.952743
1783948449.023819208 0.024620 -0.043959 0.001627 -0.013230 -0.030058 -0.302011 0.952739
1783948449.025932789 0.024637 -0.043952 0.001648 -0.013216 -0.030047 -0.302013 0.952738
1783948449.025932789 0.024637 -0.043952 0.001648 -0.013216 -0.030047 -0.302013 0.952738
1783948449.033790588 0.024643 -0.043975 0.001605 -0.013165 -0.030011 -0.302024 0.952737
1783948449.047458887 0.024624 -0.044027 0.001507 -0.013102 -0.029969 -0.302044 0.952733
1783948449.053818464 0.024617 -0.044038 0.001494 -0.013092 -0.029961 -0.302036 0.952735
1783948449.063800335 0.024584 -0.044048 0.001466 -0.013118 -0.029987 -0.302009 0.952743
1783948449.073807716 0.024543 -0.044037 0.001451 -0.013171 -0.030036 -0.301974 0.952752
1783948449.083790779 0.024507 -0.044009 0.001450 -0.013226 -0.030093 -0.301957 0.952755
1783948449.093824148 0.024487 -0.043975 0.001461 -0.013268 -0.030127 -0.301950 0.952755
1783948449.103828192 0.024495 -0.043942 0.001486 -0.013288 -0.030136 -0.301955 0.952753
1783948449.113941431 0.024530 -0.043917 0.001521 -0.013276 -0.030110 -0.301966 0.952750
1783948449.123800039 0.024585 -0.043897 0.001569 -0.013220 -0.030067 -0.301994 0.952744
1783948449.126817703 0.024609 -0.043888 0.001598 -0.013204 -0.030048 -0.301999 0.952743
1783948449.126817703 0.024609 -0.043888 0.001598 -0.013204 -0.030048 -0.301999 0.952743
1783948449.133833170 0.024604 -0.043923 0.001557 -0.013167 -0.030005 -0.302015 0.952740
1783948449.143768549 0.024578 -0.043983 0.001495 -0.013111 -0.029969 -0.302031 0.952737
1783948449.153849363 0.024536 -0.044034 0.001445 -0.013094 -0.029952 -0.302018 0.952742
1783948449.163815260 0.024475 -0.044068 0.001409 -0.013122 -0.029970 -0.301997 0.952747
1783948449.174430132 0.024400 -0.044084 0.001382 -0.013178 -0.030021 -0.301967 0.952754
1783948449.183826923 0.024342 -0.044078 0.001376 -0.013229 -0.030066 -0.301952 0.952757
1783948449.193765879 0.024297 -0.044067 0.001378 -0.013273 -0.030108 -0.301947 0.952757
1783948449.203839779 0.024278 -0.044058 0.001390 -0.013289 -0.030116 -0.301954 0.952754
1783948449.213817358 0.024289 -0.044055 0.001417 -0.013276 -0.030095 -0.301971 0.952749
1783948449.223828793 0.024320 -0.044059 0.001457 -0.013224 -0.030044 -0.301998 0.952743
1783948449.227652311 0.024345 -0.044052 0.001490 -0.013203 -0.030019 -0.302007 0.952742
1783948449.227652311 0.024345 -0.044052 0.001490 -0.013203 -0.030019 -0.302007 0.952742
1783948449.233863592 0.024351 -0.044071 0.001462 -0.013167 -0.029981 -0.302021 0.952739
1783948449.244557619 0.024340 -0.044112 0.001403 -0.013112 -0.029945 -0.302029 0.952738
1783948449.253857136 0.024320 -0.044137 0.001370 -0.013101 -0.029945 -0.302024 0.952740
1783948449.263807297 0.024279 -0.044149 0.001343 -0.013125 -0.029975 -0.301991 0.952749
1783948449.273825169 0.024231 -0.044139 0.001327 -0.013171 -0.030022 -0.301971 0.952753
1783948449.283807993 0.024188 -0.044113 0.001324 -0.013233 -0.030077 -0.301954 0.952756
1783948449.293786049 0.024163 -0.044080 0.001332 -0.013268 -0.030113 -0.301946 0.952757
1783948449.303772449 0.024166 -0.044049 0.001353 -0.013280 -0.030120 -0.301964 0.952751
1783948449.313819647 0.024196 -0.044026 0.001387 -0.013260 -0.030098 -0.301985 0.952745
1783948449.323866844 0.024248 -0.044011 0.001434 -0.013216 -0.030053 -0.302013 0.952738
1783948449.328522205 0.024281 -0.044000 0.001474 -0.013190 -0.030027 -0.302021 0.952737
1783948449.328522205 0.024281 -0.044000 0.001474 -0.013190 -0.030027 -0.302021 0.952737
1783948449.333796024 0.024290 -0.044015 0.001451 -0.013161 -0.029999 -0.302030 0.952736
1783948449.343802452 0.024290 -0.044049 0.001394 -0.013114 -0.029963 -0.302036 0.952735
1783948449.353798389 0.024274 -0.044075 0.001350 -0.013105 -0.029955 -0.302022 0.952740
1783948449.364125729 0.024240 -0.044084 0.001316 -0.013127 -0.029982 -0.301992 0.952749
1783948449.373833656 0.024200 -0.044071 0.001299 -0.013173 -0.030035 -0.301958 0.952757
1783948449.383798122 0.024161 -0.044043 0.001292 -0.013229 -0.030090 -0.301939 0.952760
1783948449.398616791 0.024122 -0.044004 0.001267 -0.013286 -0.030161 -0.301926 0.952761
1783948449.403831482 0.024134 -0.043980 0.001291 -0.013295 -0.030168 -0.301923 0.952762
1783948449.413837194 0.024166 -0.043949 0.001322 -0.013271 -0.030144 -0.301942 0.952757
1783948449.423813820 0.024220 -0.043924 0.001366 -0.013216 -0.030095 -0.301966 0.952752
1783948449.429422379 0.024261 -0.043908 0.001410 -0.013183 -0.030067 -0.301978 0.952750
1783948449.429422379 0.024261 -0.043908 0.001410 -0.013183 -0.030067 -0.301978 0.952750
1783948449.433790207 0.024269 -0.043917 0.001391 -0.013156 -0.030044 -0.301987 0.952748
1783948449.443793058 0.024269 -0.043946 0.001327 -0.013102 -0.030003 -0.301997 0.952747
1783948449.453814507 0.024253 -0.043966 0.001277 -0.013086 -0.029991 -0.301987 0.952750
1783948449.463786602 0.024220 -0.043969 0.001240 -0.013112 -0.030008 -0.301967 0.952756
1783948449.473820210 0.024180 -0.043951 0.001215 -0.013159 -0.030052 -0.301937 0.952763
1783948449.483851910 0.024144 -0.043917 0.001205 -0.013219 -0.030104 -0.301920 0.952766
1783948449.495305300 0.024122 -0.043872 0.001200 -0.013255 -0.030141 -0.301915 0.952766
1783948449.503860235 0.024135 -0.043833 0.001221 -0.013259 -0.030152 -0.301917 0.952765
1783948449.513800144 0.024173 -0.043798 0.001249 -0.013248 -0.030125 -0.301932 0.952761
1783948449.525895596 0.024241 -0.043768 0.001285 -0.013184 -0.030073 -0.301961 0.952755
1783948449.530254364 0.024276 -0.043751 0.001322 -0.013161 -0.030046 -0.301971 0.952753
1783948449.530254364 0.024276 -0.043751 0.001322 -0.013161 -0.030046 -0.301971 0.952753
1783948449.533834219 0.024284 -0.043756 0.001310 -0.013142 -0.030024 -0.301979 0.952751
1783948449.543831348 0.024283 -0.043781 0.001251 -0.013091 -0.029989 -0.301986 0.952751
1783948449.553809643 0.024266 -0.043796 0.001207 -0.013076 -0.029980 -0.301983 0.952752
1783948449.563787222 0.024231 -0.043796 0.001176 -0.013105 -0.030002 -0.301960 0.952758
1783948449.573790550 0.024190 -0.043775 0.001157 -0.013152 -0.030055 -0.301937 0.952763
1783948449.583839655 0.024153 -0.043738 0.001150 -0.013211 -0.030108 -0.301917 0.952767
1783948449.593894005 0.024134 -0.043693 0.001157 -0.013248 -0.030148 -0.301917 0.952765
1783948449.603796005 0.024144 -0.043649 0.001176 -0.013260 -0.030164 -0.301917 0.952765
1783948449.613856316 0.024181 -0.043613 0.001207 -0.013233 -0.030137 -0.301937 0.952759
1783948449.623800516 0.024239 -0.043584 0.001253 -0.013179 -0.030094 -0.301962 0.952754
1783948449.631349802 0.024294 -0.043561 0.001307 -0.013134 -0.030055 -0.301977 0.952751
1783948449.631349802 0.024294 -0.043561 0.001307 -0.013134 -0.030055 -0.301977 0.952751
1783948449.633795261 0.024301 -0.043563 0.001302 -0.013119 -0.030042 -0.301981 0.952750
1783948449.643817663 0.024307 -0.043585 0.001252 -0.013068 -0.030009 -0.301991 0.952749
1783948449.656134129 0.024285 -0.043604 0.001195 -0.013055 -0.029996 -0.301978 0.952753
1783948449.663853884 0.024265 -0.043597 0.001187 -0.013074 -0.030011 -0.301954 0.952760
1783948449.673862696 0.024228 -0.043573 0.001176 -0.013122 -0.030059 -0.301925 0.952767
1783948449.688518286 0.024170 -0.043524 0.001148 -0.013205 -0.030135 -0.301901 0.952771
1783948449.694857121 0.024166 -0.043488 0.001171 -0.013232 -0.030158 -0.301898 0.952771
1783948449.703792572 0.024174 -0.043442 0.001201 -0.013244 -0.030168 -0.301905 0.952768
1783948449.713888407 0.024207 -0.043401 0.001240 -0.013228 -0.030143 -0.301924 0.952764
1783948449.723799944 0.024261 -0.043367 0.001292 -0.013173 -0.030106 -0.301942 0.952760
1783948449.732012510 0.024315 -0.043341 0.001352 -0.013130 -0.030060 -0.301962 0.952755
1783948449.732012510 0.024315 -0.043341 0.001352 -0.013130 -0.030060 -0.301962 0.952755
1783948449.733807564 0.024319 -0.043342 0.001348 -0.013120 -0.030049 -0.301966 0.952755
1783948449.743825197 0.024318 -0.043367 0.001290 -0.013068 -0.030010 -0.301969 0.952756
1783948449.753794432 0.024301 -0.043383 0.001246 -0.013053 -0.030004 -0.301958 0.952760
1783948449.763816833 0.024266 -0.043382 0.001214 -0.013072 -0.030025 -0.301932 0.952767
1783948449.773850679 0.024224 -0.043359 0.001195 -0.013106 -0.030070 -0.301910 0.952772
1783948449.783805609 0.024187 -0.043319 0.001189 -0.013160 -0.030123 -0.301889 0.952776
1783948449.793798923 0.024169 -0.043272 0.001195 -0.013186 -0.030162 -0.301888 0.952775
1783948449.803825855 0.024179 -0.043225 0.001214 -0.013203 -0.030171 -0.301895 0.952772
1783948449.814132452 0.024219 -0.043187 0.001246 -0.013175 -0.030151 -0.301920 0.952765
1783948449.823843956 0.024278 -0.043157 0.001291 -0.013125 -0.030107 -0.301946 0.952759
1783948449.832874537 0.024340 -0.043131 0.001349 -0.013078 -0.030056 -0.301965 0.952755
1783948449.832874537 0.024340 -0.043131 0.001349 -0.013078 -0.030056 -0.301965 0.952755
1783948449.833791018 0.024343 -0.043132 0.001347 -0.013073 -0.030051 -0.301966 0.952755
1783948449.843811512 0.024342 -0.043157 0.001292 -0.013018 -0.030025 -0.301977 0.952753
1783948449.853834867 0.024324 -0.043174 0.001250 -0.012996 -0.030015 -0.301960 0.952759
1783948449.863825798 0.024289 -0.043174 0.001223 -0.013018 -0.030045 -0.301941 0.952764
1783948449.876373291 0.024228 -0.043150 0.001188 -0.013074 -0.030108 -0.301921 0.952768
1783948449.883894920 0.024202 -0.043115 0.001197 -0.013119 -0.030147 -0.301905 0.952771
1783948449.893807411 0.024178 -0.043067 0.001207 -0.013157 -0.030202 -0.301906 0.952768
1783948449.904193640 0.024184 -0.043019 0.001228 -0.013159 -0.030217 -0.301918 0.952764
1783948449.913838387 0.024218 -0.042980 0.001263 -0.013136 -0.030195 -0.301944 0.952757
1783948449.923848152 0.024272 -0.042947 0.001308 -0.013085 -0.030153 -0.301978 0.952748
1783948449.933701515 0.024334 -0.042918 0.001366 -0.013019 -0.030100 -0.302001 0.952743
1783948449.933701515 0.024334 -0.042918 0.001366 -0.013019 -0.030100 -0.302001 0.952743
1783948449.933789730 0.024334 -0.042918 0.001366 -0.013018 -0.030099 -0.302001 0.952743
1783948449.943911076 0.024304 -0.042971 0.001311 -0.012967 -0.030052 -0.301999 0.952746
1783948449.953834057 0.024260 -0.043014 0.001271 -0.012952 -0.030038 -0.301981 0.952753
1783948449.963881016 0.024197 -0.043041 0.001244 -0.012982 -0.030051 -0.301956 0.952760
1783948449.973860741 0.024126 -0.043046 0.001231 -0.013029 -0.030090 -0.301931 0.952766
1783948449.983865023 0.024060 -0.043035 0.001230 -0.013083 -0.030135 -0.301909 0.952771
1783948449.993909836 0.024010 -0.043018 0.001242 -0.013124 -0.030165 -0.301909 0.952769
1783948450.006404400 0.023972 -0.043014 0.001258 -0.013153 -0.030168 -0.301912 0.952768
1783948450.013829708 0.023988 -0.043000 0.001297 -0.013136 -0.030143 -0.301932 0.952762
1783948450.023819208 0.024014 -0.043000 0.001347 -0.013087 -0.030089 -0.301962 0.952755
1783948450.033799887 0.024046 -0.043006 0.001409 -0.013031 -0.030030 -0.301988 0.952750
1783948450.034578562 0.024051 -0.043004 0.001418 -0.013027 -0.030026 -0.301988 0.952750
1783948450.034578562 0.024051 -0.043004 0.001418 -0.013027 -0.030026 -0.301988 0.952750
1783948450.044039726 0.024043 -0.043036 0.001368 -0.012972 -0.029996 -0.301994 0.952750
1783948450.053826571 0.024020 -0.043061 0.001328 -0.012952 -0.029994 -0.301983 0.952753
1783948450.063896418 0.023978 -0.043071 0.001298 -0.012975 -0.030028 -0.301957 0.952760
1783948450.073856115 0.023929 -0.043059 0.001280 -0.013012 -0.030080 -0.301929 0.952767
1783948450.083869219 0.023884 -0.043031 0.001276 -0.013065 -0.030142 -0.301916 0.952768
1783948450.093832731 0.023858 -0.042996 0.001284 -0.013101 -0.030188 -0.301916 0.952766
1783948450.104413509 0.023860 -0.042961 0.001302 -0.013104 -0.030199 -0.301924 0.952763
1783948450.113846302 0.023889 -0.042937 0.001337 -0.013080 -0.030183 -0.301945 0.952758
1783948450.123848438 0.023939 -0.042920 0.001383 -0.013021 -0.030143 -0.301975 0.952750
1783948450.133823872 0.023997 -0.042908 0.001442 -0.012955 -0.030097 -0.301997 0.952746
1783948450.137100935 0.024018 -0.042901 0.001480 -0.012938 -0.030083 -0.301999 0.952745
1783948450.137100935 0.024018 -0.042901 0.001480 -0.012938 -0.030083 -0.301999 0.952745
1783948450.143878460 0.024014 -0.042921 0.001455 -0.012905 -0.030056 -0.302005 0.952745
1783948450.153841496 0.023988 -0.042950 0.001411 -0.012898 -0.030046 -0.301994 0.952749
1783948450.163821459 0.023944 -0.042964 0.001380 -0.012928 -0.030075 -0.301967 0.952756
1783948450.173860312 0.023891 -0.042957 0.001362 -0.012975 -0.030126 -0.301946 0.952761
1783948450.183846474 0.023844 -0.042934 0.001358 -0.013034 -0.030177 -0.301927 0.952764
1783948450.197317839 0.023801 -0.042901 0.001346 -0.013087 -0.030234 -0.301922 0.952763
1783948450.203811646 0.023808 -0.042875 0.001374 -0.013092 -0.030235 -0.301926 0.952762
1783948450.213864565 0.023833 -0.042848 0.001408 -0.013073 -0.030201 -0.301943 0.952758
1783948450.223859549 0.023877 -0.042829 0.001456 -0.013019 -0.030154 -0.301969 0.952752
1783948450.233811140 0.023928 -0.042815 0.001518 -0.012959 -0.030097 -0.301988 0.952748
1783948450.236320019 0.023945 -0.042808 0.001545 -0.012947 -0.030085 -0.301988 0.952749
1783948450.236320019 0.023945 -0.042808 0.001545 -0.012947 -0.030085 -0.301988 0.952749
1783948450.243879080 0.023935 -0.042833 0.001519 -0.012912 -0.030050 -0.301995 0.952748
1783948450.253829479 0.023902 -0.042865 0.001482 -0.012904 -0.030045 -0.301983 0.952752
1783948450.263834953 0.023851 -0.042880 0.001458 -0.012934 -0.030068 -0.301961 0.952758
1783948450.273822546 0.023793 -0.042874 0.001447 -0.012978 -0.030112 -0.301937 0.952764
1783948450.283826351 0.023740 -0.042852 0.001447 -0.013026 -0.030157 -0.301920 0.952767
1783948450.293838739 0.023705 -0.042823 0.001459 -0.013066 -0.030191 -0.301918 0.952766
1783948450.303791523 0.023696 -0.042794 0.001484 -0.013083 -0.030196 -0.301927 0.952763
1783948450.313798428 0.023715 -0.042773 0.001520 -0.013068 -0.030163 -0.301948 0.952757
1783948450.323870182 0.023756 -0.042758 0.001569 -0.013026 -0.030127 -0.301975 0.952751
1783948450.333807468 0.023804 -0.042747 0.001631 -0.012966 -0.030065 -0.301993 0.952748
1783948450.337159157 0.023824 -0.042739 0.001667 -0.012949 -0.030050 -0.301994 0.952748
1783948450.337159157 0.023824 -0.042739 0.001667 -0.012949 -0.030050 -0.301994 0.952748
1783948450.343863010 0.023817 -0.042760 0.001641 -0.012915 -0.030021 -0.301999 0.952748
1783948450.353817463 0.023787 -0.042790 0.001597 -0.012904 -0.030007 -0.301985 0.952753
1783948450.363804102 0.023737 -0.042803 0.001565 -0.012933 -0.030028 -0.301954 0.952762
1783948450.373846292 0.023680 -0.042795 0.001544 -0.012980 -0.030077 -0.301925 0.952769
1783948450.383844614 0.023627 -0.042769 0.001538 -0.013036 -0.030123 -0.301909 0.952772
1783948450.394630432 0.023587 -0.042736 0.001541 -0.013074 -0.030162 -0.301906 0.952771
1783948450.403823853 0.023582 -0.042705 0.001562 -0.013090 -0.030174 -0.301912 0.952768
1783948450.413826704 0.023600 -0.042681 0.001593 -0.013071 -0.030146 -0.301934 0.952763
1783948450.423814774 0.023639 -0.042662 0.001639 -0.013015 -0.030101 -0.301965 0.952755
1783948450.433886290 0.023685 -0.042647 0.001698 -0.012962 -0.030053 -0.301987 0.952750
1783948450.438024282 0.023709 -0.042637 0.001740 -0.012939 -0.030038 -0.301989 0.952750
1783948450.438024282 0.023709 -0.042637 0.001740 -0.012939 -0.030038 -0.301989 0.952750
1783948450.443817377 0.023702 -0.042653 0.001719 -0.012908 -0.030017 -0.301993 0.952750
1783948450.453991652 0.023666 -0.042682 0.001664 -0.012884 -0.030005 -0.301986 0.952753
1783948450.463849783 0.023615 -0.042695 0.001625 -0.012918 -0.030030 -0.301967 0.952758
1783948450.473789930 0.023557 -0.042687 0.001597 -0.012961 -0.030069 -0.301942 0.952764
1783948450.485551357 0.023489 -0.042664 0.001567 -0.013021 -0.030130 -0.301921 0.952768
1783948450.493849039 0.023460 -0.042635 0.001575 -0.013058 -0.030157 -0.301917 0.952768
1783948450.503848553 0.023448 -0.042604 0.001585 -0.013069 -0.030168 -0.301918 0.952767
1783948450.513818264 0.023462 -0.042581 0.001608 -0.013052 -0.030143 -0.301937 0.952762
1783948450.523904800 0.023498 -0.042566 0.001645 -0.013004 -0.030102 -0.301968 0.952754
1783948450.533829212 0.023541 -0.042555 0.001697 -0.012943 -0.030052 -0.301998 0.952747
1783948450.538887501 0.023566 -0.042545 0.001743 -0.012918 -0.030033 -0.302003 0.952746
1783948450.538887501 0.023566 -0.042545 0.001743 -0.012918 -0.030033 -0.302003 0.952746
1783948450.543844938 0.023558 -0.042560 0.001730 -0.012894 -0.030013 -0.302007 0.952746
1783948450.554268122 0.023514 -0.042597 0.001684 -0.012882 -0.030004 -0.302003 0.952748
1783948450.563830376 0.023459 -0.042614 0.001659 -0.012910 -0.030022 -0.301978 0.952755
1783948450.573819637 0.023392 -0.042611 0.001642 -0.012956 -0.030062 -0.301962 0.952758
1783948450.584274530 0.023326 -0.042592 0.001636 -0.013015 -0.030111 -0.301948 0.952760
1783948450.593871117 0.023283 -0.042565 0.001646 -0.013049 -0.030142 -0.301944 0.952760
1783948450.603841066 0.023264 -0.042538 0.001667 -0.013063 -0.030138 -0.301954 0.952757
1783948450.616043806 0.023272 -0.042523 0.001696 -0.013048 -0.030105 -0.301980 0.952750
1783948450.623919249 0.023304 -0.042512 0.001743 -0.013010 -0.030064 -0.302001 0.952744
1783948450.633872271 0.023344 -0.042507 0.001804 -0.012950 -0.030004 -0.302030 0.952738
1783948450.639750004 0.023371 -0.042500 0.001858 -0.012921 -0.029979 -0.302031 0.952739
1783948450.639750004 0.023371 -0.042500 0.001858 -0.012921 -0.029979 -0.302031 0.952739
1783948450.646415710 0.023358 -0.042524 0.001830 -0.012890 -0.029951 -0.302032 0.952740
1783948450.653814316 0.023333 -0.042548 0.001803 -0.012883 -0.029937 -0.302019 0.952744
1783948450.663856506 0.023279 -0.042572 0.001763 -0.012906 -0.029961 -0.301986 0.952754
1783948450.675352812 0.023204 -0.042576 0.001723 -0.012956 -0.030015 -0.301962 0.952759
1783948450.683809042 0.023159 -0.042559 0.001718 -0.013006 -0.030051 -0.301944 0.952763
1783948450.693854094 0.023119 -0.042536 0.001715 -0.013049 -0.030092 -0.301937 0.952764
1783948450.703838110 0.023106 -0.042516 0.001725 -0.013067 -0.030096 -0.301945 0.952761
1783948450.715177774 0.023121 -0.042508 0.001741 -0.013058 -0.030069 -0.301964 0.952756
1783948450.723839998 0.023158 -0.042503 0.001779 -0.013019 -0.030027 -0.301987 0.952750
1783948450.733871937 0.023204 -0.042505 0.001828 -0.012965 -0.029972 -0.302013 0.952744
1783948450.740618467 0.023236 -0.042501 0.001880 -0.012928 -0.029944 -0.302021 0.952743
1783948450.740618467 0.023236 -0.042501 0.001880 -0.012928 -0.029944 -0.302021 0.952743
1783948450.744250774 0.023233 -0.042514 0.001871 -0.012908 -0.029928 -0.302024 0.952743
1783948450.753834724 0.023199 -0.042554 0.001823 -0.012899 -0.029911 -0.302007 0.952749
1783948450.763810635 0.023145 -0.042581 0.001784 -0.012932 -0.029933 -0.301980 0.952756
1783948450.773816824 0.023083 -0.042587 0.001757 -0.012987 -0.029978 -0.301958 0.952761
1783948450.783878803 0.023026 -0.042579 0.001741 -0.013052 -0.030036 -0.301936 0.952766
1783948450.793831110 0.022986 -0.042563 0.001738 -0.013098 -0.030065 -0.301934 0.952765
1783948450.804025650 0.022973 -0.042548 0.001747 -0.013110 -0.030074 -0.301947 0.952760
1783948450.813876867 0.022988 -0.042541 0.001770 -0.013101 -0.030048 -0.301971 0.952754
1783948450.823895216 0.023024 -0.042541 0.001805 -0.013050 -0.030002 -0.302001 0.952746
1783948450.833852053 0.023068 -0.042544 0.001855 -0.012990 -0.029945 -0.302026 0.952741
1783948450.841485739 0.023102 -0.042544 0.001912 -0.012956 -0.029914 -0.302033 0.952740
1783948450.841485739 0.023102 -0.042544 0.001912 -0.012956 -0.029914 -0.302033 0.952740
1783948450.843810081 0.023101 -0.042552 0.001906 -0.012945 -0.029903 -0.302034 0.952740
1783948450.853843927 0.023070 -0.042598 0.001850 -0.012931 -0.029892 -0.302029 0.952742
1783948450.863848925 0.023021 -0.042628 0.001807 -0.012960 -0.029909 -0.302008 0.952748
1783948450.873932838 0.022963 -0.042636 0.001776 -0.013011 -0.029950 -0.301986 0.952753
1783948450.884047270 0.022909 -0.042629 0.001758 -0.013074 -0.030005 -0.301969 0.952756
1783948450.893849134 0.022875 -0.042614 0.001756 -0.013119 -0.030041 -0.301963 0.952756
1783948450.904210567 0.022866 -0.042601 0.001764 -0.013139 -0.030050 -0.301977 0.952751
1783948450.914346933 0.022887 -0.042596 0.001786 -0.013125 -0.030033 -0.301996 0.952745
1783948450.923859358 0.022929 -0.042595 0.001822 -0.013076 -0.029989 -0.302025 0.952738
1783948450.933858633 0.022979 -0.042599 0.001870 -0.013019 -0.029936 -0.302056 0.952731
1783948450.942364216 0.023018 -0.042598 0.001928 -0.012974 -0.029900 -0.302062 0.952731
1783948450.942364216 0.023018 -0.042598 0.001928 -0.012974 -0.029900 -0.302062 0.952731
1783948450.943833351 0.023018 -0.042603 0.001926 -0.012966 -0.029894 -0.302062 0.952731
1783948450.953869820 0.022987 -0.042648 0.001879 -0.012948 -0.029896 -0.302055 0.952734
1783948450.964011192 0.022938 -0.042677 0.001846 -0.012985 -0.029918 -0.302028 0.952741
1783948450.974635601 0.022878 -0.042686 0.001821 -0.013046 -0.029964 -0.302000 0.952748
1783948450.983875275 0.022832 -0.042676 0.001817 -0.013110 -0.030013 -0.301975 0.952753
1783948450.998044252 0.022779 -0.042666 0.001796 -0.013163 -0.030060 -0.301977 0.952750
1783948451.004703045 0.022785 -0.042650 0.001818 -0.013166 -0.030070 -0.301978 0.952750
1783948451.013852596 0.022808 -0.042640 0.001846 -0.013157 -0.030042 -0.301990 0.952747
1783948451.023860216 0.022851 -0.042636 0.001886 -0.013108 -0.029987 -0.302021 0.952739
1783948451.033860445 0.022903 -0.042636 0.001941 -0.013063 -0.029934 -0.302047 0.952733
1783948451.043215990 0.022946 -0.042633 0.002007 -0.013022 -0.029895 -0.302062 0.952731
1783948451.043215990 0.022946 -0.042633 0.002007 -0.013022 -0.029895 -0.302062 0.952731
1783948451.043824911 0.022946 -0.042635 0.002005 -0.013019 -0.029892 -0.302062 0.952730
1783948451.053878307 0.022922 -0.042673 0.001946 -0.013005 -0.029882 -0.302058 0.952732
1783948451.063997746 0.022880 -0.042695 0.001899 -0.013037 -0.029903 -0.302033 0.952739
1783948451.073854446 0.022832 -0.042697 0.001868 -0.013083 -0.029952 -0.302011 0.952744
1783948451.083892822 0.022788 -0.042684 0.001847 -0.013141 -0.030001 -0.301995 0.952747
1783948451.093903065 0.022761 -0.042665 0.001841 -0.013181 -0.030039 -0.301985 0.952748
1783948451.103831768 0.022762 -0.042647 0.001847 -0.013194 -0.030046 -0.301996 0.952744
1783948451.113831043 0.022792 -0.042637 0.001865 -0.013175 -0.030027 -0.302020 0.952738
1783948451.125402927 0.022850 -0.042636 0.001891 -0.013119 -0.029985 -0.302054 0.952729
1783948451.133867264 0.022906 -0.042632 0.001935 -0.013065 -0.029939 -0.302073 0.952725
1783948451.143820524 0.022962 -0.042629 0.001991 -0.013015 -0.029897 -0.302085 0.952723
1783948451.144093275 0.022963 -0.042629 0.001993 -0.013015 -0.029897 -0.302085 0.952723
1783948451.144093275 0.022963 -0.042629 0.001993 -0.013015 -0.029897 -0.302085 0.952723
1783948451.157403708 0.022923 -0.042686 0.001903 -0.012990 -0.029897 -0.302079 0.952725
1783948451.163865805 0.022903 -0.042695 0.001888 -0.013006 -0.029910 -0.302061 0.952731
1783948451.173861742 0.022858 -0.042701 0.001860 -0.013052 -0.029955 -0.302029 0.952739
1783948451.183831453 0.022818 -0.042691 0.001845 -0.013112 -0.030016 -0.302008 0.952743
1783948451.193874121 0.022796 -0.042674 0.001842 -0.013151 -0.030056 -0.302002 0.952743
1783948451.203877211 0.022802 -0.042659 0.001851 -0.013173 -0.030064 -0.302003 0.952742
1783948451.213891029 0.022836 -0.042652 0.001874 -0.013162 -0.030039 -0.302023 0.952736
1783948451.223853111 0.022891 -0.042652 0.001911 -0.013113 -0.029997 -0.302044 0.952732
1783948451.233924866 0.022954 -0.042656 0.001961 -0.013060 -0.029946 -0.302068 0.952726
1783948451.243886232 0.023009 -0.042659 0.002024 -0.013017 -0.029916 -0.302076 0.952725
1783948451.244947672 0.023016 -0.042657 0.002036 -0.013016 -0.029914 -0.302075 0.952726
1783948451.244947672 0.023016 -0.042657 0.002036 -0.013016 -0.029914 -0.302075 0.952726
1783948451.253852606 0.023004 -0.042694 0.001988 -0.013008 -0.029903 -0.302070 0.952728
1783948451.263890743 0.022972 -0.042723 0.001937 -0.013037 -0.029932 -0.302049 0.952733
1783948451.273897648 0.022932 -0.042731 0.001899 -0.013078 -0.029991 -0.302021 0.952740
1783948451.284051657 0.022897 -0.042723 0.001872 -0.013135 -0.030046 -0.301998 0.952744
1783948451.293898106 0.022881 -0.042708 0.001862 -0.013162 -0.030097 -0.301984 0.952747
1783948451.303871870 0.022892 -0.042695 0.001862 -0.013172 -0.030115 -0.301992 0.952744
1783948451.313895702 0.022930 -0.042690 0.001874 -0.013151 -0.030096 -0.302004 0.952741
1783948451.324061871 0.022991 -0.042692 0.001899 -0.013092 -0.030058 -0.302037 0.952732
1783948451.333904743 0.023058 -0.042697 0.001939 -0.013031 -0.030019 -0.302066 0.952725
1783948451.343879938 0.023117 -0.042701 0.001991 -0.012980 -0.029984 -0.302072 0.952725
1783948451.348352432 0.023143 -0.042696 0.002036 -0.012973 -0.029982 -0.302063 0.952728
1783948451.348352432 0.023143 -0.042696 0.002036 -0.012973 -0.029982 -0.302063 0.952728
1783948451.353840590 0.023139 -0.042716 0.002018 -0.012964 -0.029979 -0.302052 0.952732
1783948451.363947630 0.023111 -0.042746 0.001961 -0.012986 -0.030006 -0.302028 0.952738
1783948451.373931885 0.023076 -0.042754 0.001918 -0.013027 -0.030056 -0.302006 0.952743
1783948451.383856058 0.023046 -0.042747 0.001887 -0.013085 -0.030110 -0.301985 0.952747
1783948451.393901348 0.023033 -0.042734 0.001868 -0.013119 -0.030149 -0.301981 0.952747
1783948451.403843880 0.023047 -0.042722 0.001861 -0.013127 -0.030160 -0.301989 0.952744
1783948451.414124250 0.023090 -0.042719 0.001865 -0.013105 -0.030127 -0.302012 0.952738
1783948451.423881769 0.023152 -0.042722 0.001885 -0.013049 -0.030084 -0.302039 0.952731
1783948451.433878899 0.023222 -0.042731 0.001916 -0.012979 -0.030036 -0.302063 0.952726
1783948451.443841219 0.023286 -0.042739 0.001960 -0.012933 -0.030001 -0.302068 0.952726
1783948451.446666479 0.023304 -0.042737 0.001989 -0.012927 -0.029997 -0.302062 0.952728
1783948451.446666479 0.023304 -0.042737 0.001989 -0.012927 -0.029997 -0.302062 0.952728
1783948451.453908682 0.023296 -0.042767 0.001952 -0.012915 -0.029991 -0.302049 0.952733
1783948451.463872671 0.023264 -0.042799 0.001896 -0.012950 -0.030019 -0.302022 0.952740
1783948451.474658489 0.023219 -0.042812 0.001845 -0.013009 -0.030068 -0.301992 0.952747
1783948451.483949900 0.023188 -0.042805 0.001821 -0.013060 -0.030119 -0.301969 0.952752
1783948451.493878603 0.023171 -0.042791 0.001804 -0.013097 -0.030166 -0.301962 0.952752
1783948451.503910065 0.023182 -0.042780 0.001799 -0.013110 -0.030173 -0.301969 0.952750
1783948451.514077187 0.023220 -0.042779 0.001806 -0.013086 -0.030153 -0.301991 0.952744
1783948451.523882151 0.023280 -0.042783 0.001826 -0.013040 -0.030113 -0.302024 0.952735
1783948451.533883810 0.023348 -0.042794 0.001859 -0.012981 -0.030063 -0.302045 0.952731
1783948451.544370174 0.023409 -0.042805 0.001905 -0.012938 -0.030021 -0.302057 0.952729
1783948451.548316479 0.023434 -0.042802 0.001940 -0.012935 -0.030015 -0.302050 0.952732
1783948451.548316479 0.023434 -0.042802 0.001940 -0.012935 -0.030015 -0.302050 0.952732
1783948451.553874731 0.023432 -0.042824 0.001914 -0.012931 -0.030005 -0.302041 0.952735
1783948451.563888073 0.023404 -0.042861 0.001856 -0.012957 -0.030022 -0.302015 0.952742
1783948451.575415373 0.023357 -0.042880 0.001795 -0.013023 -0.030071 -0.301994 0.952747
1783948451.583896637 0.023332 -0.042873 0.001773 -0.013071 -0.030109 -0.301982 0.952748
1783948451.593970060 0.023315 -0.042862 0.001750 -0.013112 -0.030155 -0.301979 0.952747
1783948451.607836485 0.023327 -0.042862 0.001710 -0.013130 -0.030174 -0.302001 0.952740
1783948451.613921642 0.023360 -0.042857 0.001726 -0.013117 -0.030159 -0.302014 0.952736
1783948451.623892307 0.023422 -0.042862 0.001743 -0.013071 -0.030121 -0.302041 0.952729
1783948451.633880377 0.023489 -0.042873 0.001774 -0.013015 -0.030070 -0.302058 0.952726
1783948451.643877745 0.023549 -0.042884 0.001820 -0.012967 -0.030032 -0.302068 0.952725
1783948451.648392439 0.023576 -0.042881 0.001859 -0.012961 -0.030024 -0.302060 0.952728
1783948451.648392439 0.023576 -0.042881 0.001859 -0.012961 -0.030024 -0.302060 0.952728
1783948451.653856277 0.023570 -0.042903 0.001834 -0.012954 -0.030013 -0.302051 0.952731
1783948451.663927555 0.023535 -0.042939 0.001773 -0.012987 -0.030036 -0.302033 0.952736
1783948451.673867226 0.023495 -0.042953 0.001726 -0.013036 -0.030079 -0.302007 0.952742
1783948451.683916330 0.023459 -0.042952 0.001691 -0.013097 -0.030129 -0.301994 0.952743
1783948451.693939447 0.023441 -0.042942 0.001669 -0.013132 -0.030157 -0.301992 0.952743
1783948451.703938007 0.023449 -0.042934 0.001661 -0.013143 -0.030165 -0.302001 0.952740
1783948451.713883400 0.023484 -0.042935 0.001667 -0.013126 -0.030140 -0.302029 0.952732
1783948451.723907232 0.023540 -0.042942 0.001685 -0.013073 -0.030089 -0.302056 0.952726
1783948451.734699726 0.023604 -0.042958 0.001715 -0.013011 -0.030037 -0.302083 0.952720
1783948451.743892670 0.023657 -0.042970 0.001760 -0.012972 -0.030005 -0.302088 0.952719
1783948451.749254942 0.023686 -0.042969 0.001803 -0.012969 -0.029997 -0.302078 0.952723
1783948451.749254942 0.023686 -0.042969 0.001803 -0.012969 -0.029997 -0.302078 0.952723
1783948451.753916979 0.023682 -0.042988 0.001782 -0.012965 -0.029990 -0.302069 0.952726
1783948451.764376640 0.023647 -0.043027 0.001710 -0.012982 -0.030011 -0.302047 0.952732
1783948451.773920059 0.023610 -0.043039 0.001662 -0.013026 -0.030060 -0.302026 0.952736
1783948451.783891916 0.023576 -0.043036 0.001621 -0.013088 -0.030118 -0.302010 0.952739
1783948451.797110796 0.023551 -0.043027 0.001561 -0.013129 -0.030171 -0.301999 0.952740
1783948451.803910255 0.023566 -0.043013 0.001563 -0.013138 -0.030178 -0.302007 0.952737
1783948451.813866615 0.023604 -0.043005 0.001558 -0.013118 -0.030151 -0.302034 0.952730
1783948451.823918104 0.023665 -0.043005 0.001566 -0.013063 -0.030107 -0.302060 0.952724
1783948451.833933830 0.023733 -0.043011 0.001588 -0.013009 -0.030060 -0.302071 0.952722
1783948451.843936920 0.023793 -0.043017 0.001623 -0.012956 -0.030024 -0.302085 0.952720
1783948451.850123882 0.023826 -0.043012 0.001666 -0.012949 -0.030017 -0.302073 0.952724
1783948451.850123882 0.023826 -0.043012 0.001666 -0.012949 -0.030017 -0.302073 0.952724
1783948451.853918552 0.023822 -0.043025 0.001651 -0.012944 -0.030013 -0.302064 0.952727
1783948451.863888025 0.023783 -0.043060 0.001588 -0.012965 -0.030037 -0.302038 0.952734
1783948451.873883009 0.023736 -0.043073 0.001537 -0.013002 -0.030087 -0.302017 0.952739
1783948451.883897543 0.023693 -0.043068 0.001498 -0.013055 -0.030145 -0.302004 0.952741
1783948451.893877268 0.023666 -0.043055 0.001472 -0.013090 -0.030179 -0.301998 0.952741
1783948451.903943777 0.023668 -0.043042 0.001458 -0.013104 -0.030189 -0.302013 0.952735
1783948451.913901567 0.023696 -0.043036 0.001457 -0.013080 -0.030183 -0.302035 0.952729
1783948451.925372124 0.023749 -0.043043 0.001463 -0.013024 -0.030148 -0.302067 0.952721
1783948451.933872223 0.023800 -0.043049 0.001492 -0.012974 -0.030101 -0.302083 0.952718
1783948451.943964958 0.023848 -0.043060 0.001531 -0.012932 -0.030064 -0.302095 0.952716
1783948451.951009035 0.023878 -0.043059 0.001577 -0.012925 -0.030062 -0.302079 0.952721
1783948451.951009035 0.023878 -0.043059 0.001577 -0.012925 -0.030062 -0.302079 0.952721
1783948451.953898191 0.023874 -0.043069 0.001565 -0.012922 -0.030060 -0.302071 0.952724
1783948451.963876724 0.023833 -0.043105 0.001489 -0.012948 -0.030090 -0.302038 0.952733
1783948451.973927736 0.023786 -0.043118 0.001425 -0.012996 -0.030148 -0.302010 0.952739
1783948451.983905792 0.023744 -0.043115 0.001375 -0.013054 -0.030195 -0.301993 0.952742
1783948451.993920565 0.023719 -0.043103 0.001336 -0.013096 -0.030237 -0.301991 0.952741
1783948452.003915071 0.023720 -0.043092 0.001309 -0.013107 -0.030244 -0.302001 0.952737
1783948452.013873100 0.023749 -0.043088 0.001296 -0.013082 -0.030227 -0.302029 0.952730
1783948452.023908854 0.023797 -0.043092 0.001297 -0.013032 -0.030192 -0.302057 0.952723
1783948452.033950567 0.023852 -0.043103 0.001313 -0.012975 -0.030145 -0.302080 0.952718
1783948452.043936253 0.023899 -0.043114 0.001344 -0.012930 -0.030106 -0.302077 0.952720
1783948452.051853895 0.023928 -0.043113 0.001388 -0.012927 -0.030100 -0.302072 0.952722
1783948452.051853895 0.023928 -0.043113 0.001388 -0.012927 -0.030100 -0.302072 0.952722
1783948452.053874254 0.023924 -0.043119 0.001382 -0.012926 -0.030097 -0.302069 0.952723
1783948452.063912392 0.023878 -0.043156 0.001317 -0.012952 -0.030114 -0.302040 0.952731
1783948452.073940516 0.023826 -0.043169 0.001262 -0.012995 -0.030162 -0.302027 0.952734
1783948452.084366322 0.023777 -0.043165 0.001218 -0.013051 -0.030218 -0.302010 0.952736
1783948452.093865156 0.023752 -0.043151 0.001194 -0.013082 -0.030258 -0.302006 0.952736
1783948452.103880882 0.023750 -0.043139 0.001179 -0.013104 -0.030266 -0.302016 0.952732
1783948452.114724636 0.023777 -0.043138 0.001174 -0.013084 -0.030246 -0.302040 0.952725
1783948452.123866081 0.023823 -0.043142 0.001189 -0.013041 -0.030208 -0.302066 0.952719
1783948452.133880615 0.023878 -0.043154 0.001215 -0.012989 -0.030155 -0.302083 0.952716
1783948452.143970966 0.023924 -0.043168 0.001253 -0.012947 -0.030112 -0.302089 0.952716
1783948452.152922630 0.023952 -0.043170 0.001304 -0.012939 -0.030102 -0.302076 0.952721
1783948452.152922630 0.023952 -0.043170 0.001304 -0.012939 -0.030102 -0.302076 0.952721
1783948452.154546976 0.023949 -0.043175 0.001298 -0.012937 -0.030098 -0.302073 0.952722
1783948452.163952589 0.023909 -0.043209 0.001236 -0.012965 -0.030118 -0.302045 0.952729
1783948452.173998833 0.023857 -0.043224 0.001180 -0.013019 -0.030166 -0.302027 0.952733
1783948452.183896065 0.023810 -0.043222 0.001137 -0.013080 -0.030216 -0.302000 0.952739
1783948452.193864584 0.023780 -0.043212 0.001105 -0.013119 -0.030254 -0.301999 0.952738
1783948452.204406023 0.023777 -0.043204 0.001081 -0.013127 -0.030261 -0.302015 0.952732
1783948452.216962099 0.023809 -0.043213 0.001056 -0.013102 -0.030232 -0.302054 0.952721
1783948452.224078655 0.023852 -0.043215 0.001073 -0.013068 -0.030198 -0.302071 0.952717
1783948452.233880758 0.023909 -0.043229 0.001093 -0.013015 -0.030139 -0.302095 0.952713
1783948452.246405363 0.023964 -0.043253 0.001120 -0.012959 -0.030082 -0.302102 0.952713
1783948452.253899813 0.023993 -0.043254 0.001167 -0.012951 -0.030067 -0.302094 0.952716
1783948452.254472733 0.023996 -0.043253 0.001173 -0.012953 -0.030068 -0.302091 0.952717
1783948452.254472733 0.023996 -0.043253 0.001173 -0.012953 -0.030068 -0.302091 0.952717
1783948452.263931036 0.023955 -0.043291 0.001113 -0.012983 -0.030097 -0.302059 0.952725
1783948452.273863792 0.023905 -0.043311 0.001059 -0.013035 -0.030142 -0.302034 0.952731
1783948452.283875465 0.023857 -0.043316 0.001017 -0.013095 -0.030195 -0.302029 0.952730
1783948452.293904543 0.023827 -0.043312 0.000989 -0.013130 -0.030240 -0.302028 0.952729
1783948452.303966761 0.023823 -0.043310 0.000973 -0.013155 -0.030255 -0.302044 0.952723
1783948452.314554453 0.023848 -0.043318 0.000968 -0.013133 -0.030233 -0.302068 0.952716
1783948452.323889017 0.023893 -0.043330 0.000982 -0.013082 -0.030188 -0.302105 0.952707
1783948452.333870649 0.023945 -0.043350 0.001005 -0.013025 -0.030131 -0.302124 0.952703
1783948452.343896151 0.023991 -0.043371 0.001042 -0.012976 -0.030088 -0.302129 0.952704
1783948452.353888273 0.024021 -0.043382 0.001093 -0.012961 -0.030073 -0.302116 0.952709
1783948452.354443312 0.024023 -0.043382 0.001098 -0.012963 -0.030074 -0.302114 0.952709
1783948452.354443312 0.024023 -0.043382 0.001098 -0.012963 -0.030074 -0.302114 0.952709
1783948452.363895416 0.023984 -0.043423 0.001037 -0.012993 -0.030093 -0.302085 0.952717
1783948452.373862267 0.023935 -0.043446 0.000983 -0.013044 -0.030146 -0.302063 0.952722
1783948452.383958101 0.023889 -0.043451 0.000941 -0.013105 -0.030203 -0.302045 0.952725
1783948452.393863678 0.023862 -0.043447 0.000913 -0.013139 -0.030242 -0.302038 0.952726
1783948452.405700922 0.023861 -0.043449 0.000884 -0.013162 -0.030253 -0.302058 0.952719
1783948452.413865805 0.023890 -0.043451 0.000891 -0.013151 -0.030237 -0.302076 0.952714
1783948452.423881769 0.023941 -0.043463 0.000902 -0.013103 -0.030186 -0.302104 0.952707
1783948452.436395884 0.024007 -0.043492 0.000919 -0.013030 -0.030113 -0.302131 0.952701
1783948452.443941116 0.024051 -0.043503 0.000958 -0.012998 -0.030080 -0.302134 0.952702
1783948452.453901529 0.024088 -0.043514 0.001010 -0.012989 -0.030069 -0.302124 0.952706
1783948452.455303431 0.024094 -0.043513 0.001024 -0.012992 -0.030071 -0.302119 0.952707
1783948452.455303431 0.024094 -0.043513 0.001024 -0.012992 -0.030071 -0.302119 0.952707
