id: 7
T_world_origin: 
-0.309071 -0.924121 -0.224667  0.430798
 0.947947 -0.280313 -0.151069 -0.744732
0.0766293 -0.259663  0.962654  0.257364
        0         0         0         1
T_origin_endpoint_L: 
  0.951181  -0.307729  0.0236162   0.789497
  0.305081   0.949052  0.0789011  -0.344941
-0.0466931 -0.0678444   0.996603   0.281282
         0          0          0          1
T_origin_endpoint_R: 
  0.999642 -0.0231433  0.0134323 -0.0244534
 0.0193259    0.97161   0.235798  -0.128511
-0.0185081  -0.235454   0.971709  0.0471187
         0          0          0          1
T_lidar_imu: 
-2.22045e-16            1            0            0
           1 -2.22045e-16            0            0
           0            0           -1         0.07
           0            0            0            1
imu_bias:   0.0129289   0.0609033   0.0222292   0.0903486  -0.0998109 -0.00620128
frame_id: 2
num_frames: 372
frame_0
id: 1066
stamp: 1783948176.694957495
T_odom_lidar: 
-0.741421 -0.637426   0.20972  0.108697
-0.625424  0.769668  0.128284 0.0821714
-0.243186 -0.036051 -0.969309  0.686857
        0         0         0         1
T_world_lidar: 
-0.741421 -0.637426   0.20972  0.108697
-0.625424  0.769668  0.128284 0.0821714
-0.243186 -0.036051 -0.969309  0.686857
        0         0         0         1
v_world_imu:  -0.234563  0.0239897 -0.0123109
frame_1
id: 1067
stamp: 1783948176.795816660
T_odom_lidar: 
 -0.736814  -0.639597   0.219138  0.0838647
 -0.627321   0.767628   0.131211   0.084407
 -0.252139 -0.0407914  -0.966831   0.685273
         0          0          0          1
T_world_lidar: 
 -0.736814  -0.639597   0.219138  0.0838647
 -0.627321   0.767628   0.131211   0.084407
 -0.252139 -0.0407914  -0.966831   0.685273
         0          0          0          1
v_world_imu:  -0.238157  0.0271479 -0.0139792
frame_2
id: 1068
stamp: 1783948176.897503853
T_odom_lidar: 
 -0.731979  -0.642498   0.226722     0.0604
  -0.62993   0.764985   0.134109  0.0868526
 -0.259603 -0.0446539  -0.964682   0.683549
         0          0          0          1
T_world_lidar: 
 -0.731979  -0.642498   0.226722     0.0604
  -0.62993   0.764985   0.134109  0.0868526
 -0.259603 -0.0446539  -0.964682   0.683549
         0          0          0          1
v_world_imu:  -0.199915  0.0289416 -0.0170877
frame_3
id: 1069
stamp: 1783948176.999427319
T_odom_lidar: 
-0.729025 -0.644791  0.229714 0.0438433
-0.631925  0.762979  0.136138 0.0895182
-0.263047 -0.045914  -0.96369  0.681779
        0         0         0         1
T_world_lidar: 
-0.729025 -0.644791  0.229714 0.0438433
-0.631925  0.762979  0.136138 0.0895182
-0.263047 -0.045914  -0.96369  0.681779
        0         0         0         1
v_world_imu: -0.117739 0.0296368 -0.015419
frame_4
id: 1070
stamp: 1783948177.098430395
T_odom_lidar: 
 -0.728243  -0.646114   0.228471  0.0364948
 -0.632937   0.761935   0.137281  0.0919989
 -0.262779 -0.0446337  -0.963823   0.680359
         0          0          0          1
T_world_lidar: 
 -0.728243  -0.646114   0.228471  0.0364948
 -0.632937   0.761935   0.137281  0.0919989
 -0.262779 -0.0446337  -0.963823   0.680359
         0          0          0          1
v_world_imu: -0.0295211  0.0276229 -0.0155502
frame_5
id: 1071
stamp: 1783948177.199282408
T_odom_lidar: 
 -0.729575  -0.646019   0.224454  0.0381437
 -0.632606    0.76218   0.137443   0.094489
 -0.259865 -0.0417164  -0.964743   0.678936
         0          0          0          1
T_world_lidar: 
 -0.729575  -0.646019   0.224454  0.0381437
 -0.632606    0.76218   0.137443   0.094489
 -0.259865 -0.0417164  -0.964743   0.678936
         0          0          0          1
v_world_imu:  0.0519051  0.0246916 -0.0159472
frame_6
id: 1072
stamp: 1783948177.300157547
T_odom_lidar: 
  -0.73162  -0.645146    0.22027  0.0470779
 -0.631785   0.763045   0.136418  0.0970255
 -0.256085 -0.0393572  -0.965853   0.675575
         0          0          0          1
T_world_lidar: 
  -0.73162  -0.645146    0.22027  0.0470779
 -0.631785   0.763045   0.136418  0.0970255
 -0.256085 -0.0393572  -0.965853   0.675575
         0          0          0          1
v_world_imu:   0.108945  0.0208205 -0.0124588
frame_7
id: 1073
stamp: 1783948177.401019573
T_odom_lidar: 
 -0.734444  -0.643853   0.214583  0.0592944
 -0.630702   0.764276   0.134525  0.0983176
 -0.250615 -0.0365366  -0.967397   0.675361
         0          0          0          1
T_world_lidar: 
 -0.734444  -0.643853   0.214583  0.0592944
 -0.630702   0.764276   0.134525  0.0983176
 -0.250615 -0.0365366  -0.967397   0.675361
         0          0          0          1
v_world_imu:    0.139391   0.0150282 -0.00691673
frame_8
id: 1074
stamp: 1783948177.501895666
T_odom_lidar: 
 -0.739053  -0.640514   0.208669  0.0752144
 -0.627543   0.767235   0.132441  0.0994883
 -0.244929 -0.0330676  -0.968977   0.675008
         0          0          0          1
T_world_lidar: 
 -0.739053  -0.640514   0.208669  0.0752144
 -0.627543   0.767235   0.132441  0.0994883
 -0.244929 -0.0330676  -0.968977   0.675008
         0          0          0          1
v_world_imu:     0.165506   0.00937388 -0.000662473
frame_9
id: 1075
stamp: 1783948177.603193521
T_odom_lidar: 
  -0.74437  -0.637798   0.197804    0.09365
 -0.624916   0.769743   0.130289   0.100396
 -0.235356 -0.0266279  -0.971544   0.674948
         0          0          0          1
T_world_lidar: 
  -0.74437  -0.637798   0.197804    0.09365
 -0.624916   0.769743   0.130289   0.100396
 -0.235356 -0.0266279  -0.971544   0.674948
         0          0          0          1
v_world_imu:   0.178659 0.00470996 0.00767256
frame_10
id: 1076
stamp: 1783948177.705448627
T_odom_lidar: 
 -0.749242  -0.636423   0.183312   0.112751
 -0.623871   0.771105   0.127207   0.100653
 -0.222311 -0.0190542   -0.97479   0.676541
         0          0          0          1
T_world_lidar: 
 -0.749242  -0.636423   0.183312   0.112751
 -0.623871   0.771105   0.127207   0.100653
 -0.222311 -0.0190542   -0.97479   0.676541
         0          0          0          1
v_world_imu:   0.170283 0.00186681  0.0189103
frame_11
id: 1077
stamp: 1783948177.804476976
T_odom_lidar: 
  -0.75344  -0.635496    0.16874   0.128779
 -0.623079   0.772031    0.12546   0.100502
 -0.210002 -0.0106115  -0.977643   0.679336
         0          0          0          1
T_world_lidar: 
  -0.75344  -0.635496    0.16874   0.128779
 -0.623079   0.772031    0.12546   0.100502
 -0.210002 -0.0106115  -0.977643   0.679336
         0          0          0          1
v_world_imu:    0.133393 -0.00180365   0.0316178
frame_12
id: 1078
stamp: 1783948177.905355692
T_odom_lidar: 
  -0.757249   -0.634565      0.1546    0.141077
  -0.622355    0.772866    0.123907    0.100097
  -0.198112 -0.00238815   -0.980176    0.683253
          0           0           0           1
T_world_lidar: 
  -0.757249   -0.634565      0.1546    0.141077
  -0.622355    0.772866    0.123907    0.100097
  -0.198112 -0.00238815   -0.980176    0.683253
          0           0           0           1
v_world_imu:   0.0816926 -0.00671143   0.0498615
frame_13
id: 1079
stamp: 1783948178.006975412
T_odom_lidar: 
 -0.759572  -0.634585   0.142662   0.147837
 -0.622485   0.772837   0.123432   0.098923
 -0.188583 0.00495046  -0.982045   0.689503
         0          0          0          1
T_world_lidar: 
 -0.759572  -0.634585   0.142662   0.147837
 -0.622485   0.772837   0.123432   0.098923
 -0.188583 0.00495046  -0.982045   0.689503
         0          0          0          1
v_world_imu: 0.0317039 -0.014418 0.0699041
frame_14
id: 1080
stamp: 1783948178.109497070
T_odom_lidar: 
 -0.760678  -0.634822   0.135539   0.149633
  -0.62291   0.772607   0.122725  0.0968999
 -0.182627 0.00892542  -0.983142    0.69781
         0          0          0          1
T_world_lidar: 
 -0.760678  -0.634822   0.135539   0.149633
  -0.62291   0.772607   0.122725  0.0968999
 -0.182627 0.00892542  -0.983142    0.69781
         0          0          0          1
v_world_imu: -0.00261747  -0.0237327   0.0896732
frame_15
id: 1081
stamp: 1783948178.207945347
T_odom_lidar: 
-0.761977 -0.634882  0.127732  0.149083
-0.623261  0.772498  0.121621 0.0941255
-0.175888 0.0130614 -0.984324  0.707591
        0         0         0         1
T_world_lidar: 
-0.761977 -0.634882  0.127732  0.149083
-0.623261  0.772498  0.121621 0.0941255
-0.175888 0.0130614 -0.984324  0.707591
        0         0         0         1
v_world_imu:   -0.01885 -0.0308628   0.107117
frame_16
id: 1082
stamp: 1783948178.308840036
T_odom_lidar: 
-0.761949 -0.636032   0.12205  0.144825
-0.624966  0.771528  0.119005 0.0913037
-0.169856  0.014399 -0.985364  0.719256
        0         0         0         1
T_world_lidar: 
-0.761949 -0.636032   0.12205  0.144825
-0.624966  0.771528  0.119005 0.0913037
-0.169856  0.014399 -0.985364  0.719256
        0         0         0         1
v_world_imu: -0.0706144 -0.0259174    0.12321
frame_17
id: 1083
stamp: 1783948178.409672499
T_odom_lidar: 
-0.767369 -0.631256  0.112519  0.139937
-0.620784  0.775336  0.116109  0.087757
-0.160535 0.0192483 -0.986842  0.731947
        0         0         0         1
T_world_lidar: 
-0.767369 -0.631256  0.112519  0.139937
-0.620784  0.775336  0.116109  0.087757
-0.160535 0.0192483 -0.986842  0.731947
        0         0         0         1
v_world_imu: -0.0583787 -0.0680663   0.142189
frame_18
id: 1084
stamp: 1783948178.510548830
T_odom_lidar: 
-0.766271 -0.633195  0.109055  0.129209
 -0.62395  0.773839  0.108896  0.086648
-0.153344 0.0153993 -0.988053  0.747007
        0         0         0         1
T_world_lidar: 
-0.766271 -0.633195  0.109055  0.129209
 -0.62395  0.773839  0.108896  0.086648
-0.153344 0.0153993 -0.988053  0.747007
        0         0         0         1
v_world_imu:  -0.0877289 -0.00944322    0.160008
frame_19
id: 1085
stamp: 1783948178.611417532
T_odom_lidar: 
-0.765192  -0.63554  0.102811  0.117265
-0.627959  0.771992 0.0984653 0.0861183
-0.141948  0.010784 -0.989815  0.763086
        0         0         0         1
T_world_lidar: 
-0.765192  -0.63554  0.102811  0.117265
-0.627959  0.771992 0.0984653 0.0861183
-0.141948  0.010784 -0.989815  0.763086
        0         0         0         1
v_world_imu:  -0.117126 -0.0211362   0.157663
frame_20
id: 1086
stamp: 1783948178.712280750
T_odom_lidar: 
 -0.763429  -0.638604  0.0967479   0.106566
 -0.632572   0.769513  0.0877582   0.085573
 -0.130492 0.00579714  -0.991432   0.779685
         0          0          0          1
T_world_lidar: 
 -0.763429  -0.638604  0.0967479   0.106566
 -0.632572   0.769513  0.0877582   0.085573
 -0.130492 0.00579714  -0.991432   0.779685
         0          0          0          1
v_world_imu: -0.0940153  0.0138804   0.172433
frame_21
id: 1087
stamp: 1783948178.813144684
T_odom_lidar: 
 -0.770262  -0.631969  0.0855056  0.0994387
 -0.628379   0.774991  0.0672908  0.0914113
 -0.108792 -0.0018984  -0.994063    0.79823
         0          0          0          1
T_world_lidar: 
 -0.770262  -0.631969  0.0855056  0.0994387
 -0.628379   0.774991  0.0672908  0.0914113
 -0.108792 -0.0018984  -0.994063    0.79823
         0          0          0          1
v_world_imu: -0.0651046  0.0628686   0.187014
frame_22
id: 1088
stamp: 1783948178.914058685
T_odom_lidar: 
 -0.781224  -0.619916  0.0734325  0.0966147
 -0.618541   0.784578  0.0429435    0.10041
-0.0842349 -0.0118726  -0.996375   0.816968
         0          0          0          1
T_world_lidar: 
 -0.781224  -0.619916  0.0734325  0.0966147
 -0.618541   0.784578  0.0429435    0.10041
-0.0842349 -0.0118726  -0.996375   0.816968
         0          0          0          1
v_world_imu: -0.0117351  0.0609326   0.186728
frame_23
id: 1089
stamp: 1783948179.014882803
T_odom_lidar: 
 -0.780377  -0.621683  0.0672448  0.0975301
 -0.621604   0.782944  0.0246476   0.107757
-0.0679719 -0.0225652  -0.997432   0.835462
         0          0          0          1
T_world_lidar: 
 -0.780377  -0.621683  0.0672448  0.0975301
 -0.621604   0.782944  0.0246476   0.107757
-0.0679719 -0.0225652  -0.997432   0.835462
         0          0          0          1
v_world_imu: 0.0193962 0.0748956  0.183599
frame_24
id: 1090
stamp: 1783948179.115742683
T_odom_lidar: 
 -0.780169  -0.622509  0.0617919   0.102375
 -0.623303   0.781941 0.00782752    0.11769
-0.0531904 -0.0324083  -0.998058    0.85398
         0          0          0          1
T_world_lidar: 
 -0.780169  -0.622509  0.0617919   0.102375
 -0.623303   0.781941 0.00782752    0.11769
-0.0531904 -0.0324083  -0.998058    0.85398
         0          0          0          1
v_world_imu: 0.0662647  0.102154   0.18135
frame_25
id: 1091
stamp: 1783948179.216644049
T_odom_lidar: 
  -0.781243   -0.621646   0.0566986    0.111336
  -0.623057    0.782114 -0.00988315     0.13046
  -0.038201  -0.0430476   -0.998342    0.871791
          0           0           0           1
T_world_lidar: 
  -0.781243   -0.621646   0.0566986    0.111336
  -0.623057    0.782114 -0.00988315     0.13046
  -0.038201  -0.0430476   -0.998342    0.871791
          0           0           0           1
v_world_imu: 0.0977651  0.118114   0.17269
frame_26
id: 1092
stamp: 1783948179.319895983
T_odom_lidar: 
 -0.782269  -0.620568  0.0543234   0.123067
 -0.622385   0.782276 -0.0260847   0.145024
-0.0263086 -0.0542154  -0.998183   0.889004
         0          0          0          1
T_world_lidar: 
 -0.782269  -0.620568  0.0543234   0.123067
 -0.622385   0.782276 -0.0260847   0.145024
-0.0263086 -0.0542154  -0.998183   0.889004
         0          0          0          1
v_world_imu: 0.125152 0.137402 0.158363
frame_27
id: 1093
stamp: 1783948179.418768883
T_odom_lidar: 
 -0.782656  -0.620266  0.0521562   0.136428
  -0.62226   0.781756 -0.0406273   0.159724
-0.0155737 -0.0642519  -0.997812   0.903595
         0          0          0          1
T_world_lidar: 
 -0.782656  -0.620266  0.0521562   0.136428
  -0.62226   0.781756 -0.0406273   0.159724
-0.0155737 -0.0642519  -0.997812   0.903595
         0          0          0          1
v_world_imu: 0.144288 0.143682 0.134706
frame_28
id: 1094
stamp: 1783948179.519227505
T_odom_lidar: 
   -0.78297   -0.619949   0.0512021    0.151166
  -0.622021    0.781181  -0.0533499    0.174871
-0.00692388  -0.0736201   -0.997262    0.915577
          0           0           0           1
T_world_lidar: 
   -0.78297   -0.619949   0.0512021    0.151166
  -0.622021    0.781181  -0.0533499    0.174871
-0.00692388  -0.0736201   -0.997262    0.915577
          0           0           0           1
v_world_imu: 0.148535 0.144052 0.103607
frame_29
id: 1095
stamp: 1783948179.620077610
T_odom_lidar: 
 -0.782977  -0.620051  0.0498369   0.166384
 -0.622049   0.780292 -0.0648043   0.189645
0.00129463 -0.0817412  -0.996653   0.924304
         0          0          0          1
T_world_lidar: 
 -0.782977  -0.620051  0.0498369   0.166384
 -0.622049   0.780292 -0.0648043   0.189645
0.00129463 -0.0817412  -0.996653   0.924304
         0          0          0          1
v_world_imu:  0.145708  0.127406 0.0692457
frame_30
id: 1096
stamp: 1783948179.720944166
T_odom_lidar: 
 -0.782812  -0.620157    0.05109   0.180194
 -0.622244   0.779603 -0.0709333   0.201613
0.00415987 -0.0873179  -0.996172   0.929697
         0          0          0          1
T_world_lidar: 
 -0.782812  -0.620157    0.05109   0.180194
 -0.622244   0.779603 -0.0709333   0.201613
0.00415987 -0.0873179  -0.996172   0.929697
         0          0          0          1
v_world_imu:  0.129954  0.102865 0.0315013
frame_31
id: 1097
stamp: 1783948179.821809769
T_odom_lidar: 
 -0.781868  -0.621171  0.0531866   0.190453
 -0.623441   0.778721 -0.0701091   0.209016
0.00213218 -0.0879747   -0.99612   0.930995
         0          0          0          1
T_world_lidar: 
 -0.781868  -0.621171  0.0531866   0.190453
 -0.623441   0.778721 -0.0701091   0.209016
0.00213218 -0.0879747   -0.99612   0.930995
         0          0          0          1
v_world_imu:  0.0909811  0.0542977 -0.0075917
frame_32
id: 1098
stamp: 1783948179.922676802
T_odom_lidar: 
  -0.780561   -0.622382   0.0580105    0.196927
  -0.625023    0.778369  -0.0590607    0.209961
-0.00839527  -0.0823584   -0.996567    0.928184
          0           0           0           1
T_world_lidar: 
  -0.780561   -0.622382   0.0580105    0.196927
  -0.625023    0.778369  -0.0590607    0.209961
-0.00839527  -0.0823584   -0.996567    0.928184
          0           0           0           1
v_world_imu:  0.0414902 -0.0161977 -0.0503122
frame_33
id: 1099
stamp: 1783948180.026517153
T_odom_lidar: 
  -0.77832  -0.624472  0.0652115   0.198743
 -0.627302   0.777821 -0.0385574   0.203951
-0.0266449 -0.0709173  -0.997126   0.920987
         0          0          0          1
T_world_lidar: 
  -0.77832  -0.624472  0.0652115   0.198743
 -0.627302   0.777821 -0.0385574   0.203951
-0.0266449 -0.0709173  -0.997126   0.920987
         0          0          0          1
v_world_imu: 0.000794707  -0.0627554  -0.0889095
frame_34
id: 1100
stamp: 1783948180.124423981
T_odom_lidar: 
 -0.776005  -0.626363  0.0740596   0.196912
  -0.62878   0.777477 -0.0128741   0.193639
-0.0495157 -0.0565576  -0.997171   0.910497
         0          0          0          1
T_world_lidar: 
 -0.776005  -0.626363  0.0740596   0.196912
  -0.62878   0.777477 -0.0128741   0.193639
-0.0495157 -0.0565576  -0.997171   0.910497
         0          0          0          1
v_world_imu: -0.0267745 -0.0930291  -0.122488
frame_35
id: 1101
stamp: 1783948180.225275278
T_odom_lidar: 
 -0.773772  -0.628089  0.0823483   0.192751
 -0.629202   0.777099  0.0149236   0.180631
-0.0733661 -0.0402663  -0.996492   0.896527
         0          0          0          1
T_world_lidar: 
 -0.773772  -0.628089  0.0823483   0.192751
 -0.629202   0.777099  0.0149236   0.180631
-0.0733661 -0.0402663  -0.996492   0.896527
         0          0          0          1
v_world_imu: -0.0492837  -0.124067  -0.148726
frame_36
id: 1102
stamp: 1783948180.326156855
T_odom_lidar: 
 -0.771641   -0.62942  0.0916561   0.186578
 -0.628452   0.776675  0.0427096   0.165448
-0.0980692  -0.024645  -0.994874   0.880538
         0          0          0          1
T_world_lidar: 
 -0.771641   -0.62942  0.0916561   0.186578
 -0.628452   0.776675  0.0427096   0.165448
-0.0980692  -0.024645  -0.994874   0.880538
         0          0          0          1
v_world_imu: -0.0556349  -0.127876  -0.164523
frame_37
id: 1103
stamp: 1783948180.427011728
T_odom_lidar: 
-0.770184 -0.630146 0.0986546  0.179771
-0.626652   0.77641 0.0670452  0.150299
-0.118845 -0.010185 -0.992861  0.863271
        0         0         0         1
T_world_lidar: 
-0.770184 -0.630146 0.0986546  0.179771
-0.626652   0.77641 0.0670452  0.150299
-0.118845 -0.010185 -0.992861  0.863271
        0         0         0         1
v_world_imu: -0.0667694  -0.142794  -0.172896
frame_38
id: 1104
stamp: 1783948180.527881861
T_odom_lidar: 
  -0.76989  -0.629607   0.104228    0.17145
 -0.623268   0.776905  0.0892016   0.133761
 -0.137137 0.00371355  -0.990545   0.845493
         0          0          0          1
T_world_lidar: 
  -0.76989  -0.629607   0.104228    0.17145
 -0.623268   0.776905  0.0892016   0.133761
 -0.137137 0.00371355  -0.990545   0.845493
         0          0          0          1
v_world_imu: -0.0843085  -0.159229  -0.173969
frame_39
id: 1105
stamp: 1783948180.628745556
T_odom_lidar: 
-0.770431 -0.627854  0.110612  0.161155
-0.618222  0.778144  0.110873  0.114144
-0.155684 0.0170375  -0.98766  0.827694
        0         0         0         1
T_world_lidar: 
-0.770431 -0.627854  0.110612  0.161155
-0.618222  0.778144  0.110873  0.114144
-0.155684 0.0170375  -0.98766  0.827694
        0         0         0         1
v_world_imu: -0.111573 -0.192388 -0.172133
frame_40
id: 1106
stamp: 1783948180.729625940
T_odom_lidar: 
-0.772215 -0.623765  0.120833  0.148079
-0.609941  0.781046  0.133935 0.0904738
 -0.17792 0.0297256 -0.983596  0.810343
        0         0         0         1
T_world_lidar: 
-0.772215 -0.623765  0.120833  0.148079
-0.609941  0.781046  0.133935 0.0904738
 -0.17792 0.0297256 -0.983596  0.810343
        0         0         0         1
v_world_imu: -0.143162 -0.236877 -0.147741
frame_41
id: 1107
stamp: 1783948180.830488920
T_odom_lidar: 
-0.764118 -0.633173   0.12335  0.135896
-0.619872  0.773642  0.131289 0.0820031
-0.178557 0.0238591  -0.98364  0.800017
        0         0         0         1
T_world_lidar: 
-0.764118 -0.633173   0.12335  0.135896
-0.619872  0.773642  0.131289 0.0820031
-0.178557 0.0238591  -0.98364  0.800017
        0         0         0         1
v_world_imu:  -0.166911 -0.0613459 -0.0743353
frame_42
id: 1108
stamp: 1783948180.931378841
T_odom_lidar: 
-0.760845 -0.636905  0.124364  0.122096
-0.621603  0.770325   0.14216 0.0668089
-0.186343 0.0308566    -0.982   0.79228
        0         0         0         1
T_world_lidar: 
-0.760845 -0.636905  0.124364  0.122096
-0.621603  0.770325   0.14216 0.0668089
-0.186343 0.0308566    -0.982   0.79228
        0         0         0         1
v_world_imu:  -0.130661 -0.0932454 -0.0596926
frame_43
id: 1109
stamp: 1783948181.032207727
T_odom_lidar: 
-0.750713 -0.648698  0.124979  0.107988
-0.633596  0.760557  0.141808 0.0547019
-0.187044 0.0272707 -0.981973  0.788902
        0         0         0         1
T_world_lidar: 
-0.750713 -0.648698  0.124979  0.107988
-0.633596  0.760557  0.141808 0.0547019
-0.187044 0.0272707 -0.981973  0.788902
        0         0         0         1
v_world_imu: -0.0896288  -0.211086 -0.0233163
frame_44
id: 1110
stamp: 1783948181.133083582
T_odom_lidar: 
-0.746712 -0.654321  0.119526  0.102382
-0.638024  0.755395  0.149344 0.0329588
-0.188008 0.0352568 -0.981534   0.78864
        0         0         0         1
T_world_lidar: 
-0.746712 -0.654321  0.119526  0.102382
-0.638024  0.755395  0.149344 0.0329588
-0.188008 0.0352568 -0.981534   0.78864
        0         0         0         1
v_world_imu: -0.0568453  -0.241593  0.0126743
frame_45
id: 1111
stamp: 1783948181.233944654
T_odom_lidar: 
 -0.727995  -0.676545   0.110951   0.097563
 -0.657589   0.734838   0.166103 0.00123094
 -0.193907  0.0479624  -0.979847   0.791136
         0          0          0          1
T_world_lidar: 
 -0.727995  -0.676545   0.110951   0.097563
 -0.657589   0.734838   0.166103 0.00123094
 -0.193907  0.0479624  -0.979847   0.791136
         0          0          0          1
v_world_imu: -0.0445599  -0.381708  0.0371215
frame_46
id: 1112
stamp: 1783948181.335044146
T_odom_lidar: 
-0.721538 -0.684183  0.106187 0.0961147
-0.658131  0.725373  0.201736 -0.048454
 -0.21505 0.0756755 -0.973667  0.794322
        0         0         0         1
T_world_lidar: 
-0.721538 -0.684183  0.106187 0.0961147
-0.658131  0.725373  0.201736 -0.048454
 -0.21505 0.0756755 -0.973667  0.794322
        0         0         0         1
v_world_imu: 0.0163076 -0.555899 0.0585975
frame_47
id: 1113
stamp: 1783948181.435687065
T_odom_lidar: 
-0.744924 -0.657804  0.111278 0.0987013
 -0.61946  0.743915   0.25072 -0.116794
-0.247706  0.117835 -0.961643  0.799047
        0         0         0         1
T_world_lidar: 
-0.744924 -0.657804  0.111278 0.0987013
 -0.61946  0.743915   0.25072 -0.116794
-0.247706  0.117835 -0.961643  0.799047
        0         0         0         1
v_world_imu: 0.0197626 -0.736232 0.0422713
frame_48
id: 1114
stamp: 1783948181.536582947
T_odom_lidar: 
-0.785959 -0.604683  0.128946 0.0969021
-0.546761  0.777129  0.311646 -0.202174
-0.288655  0.174438 -0.941408  0.799241
        0         0         0         1
T_world_lidar: 
-0.785959 -0.604683  0.128946 0.0969021
-0.546761  0.777129  0.311646 -0.202174
-0.288655  0.174438 -0.941408  0.799241
        0         0         0         1
v_world_imu: -0.0372559  -0.847012  -0.010552
frame_49
id: 1115
stamp: 1783948181.637410879
T_odom_lidar: 
-0.819114  -0.55403  0.148675 0.0915558
 -0.47422  0.799847  0.367913 -0.287186
-0.322752  0.230858 -0.917897  0.794522
        0         0         0         1
T_world_lidar: 
-0.819114  -0.55403  0.148675 0.0915558
 -0.47422  0.799847  0.367913 -0.287186
-0.322752  0.230858 -0.917897  0.794522
        0         0         0         1
v_world_imu:    -0.0339  -0.729511 -0.0514903
frame_50
id: 1116
stamp: 1783948181.738280535
T_odom_lidar: 
-0.824144 -0.545788  0.151331 0.0883904
-0.451189  0.794172  0.407087 -0.354827
-0.342366  0.267219 -0.900766  0.787458
        0         0         0         1
T_world_lidar: 
-0.824144 -0.545788  0.151331 0.0883904
-0.451189  0.794172  0.407087 -0.354827
-0.342366  0.267219 -0.900766  0.787458
        0         0         0         1
v_world_imu:   -0.03579  -0.576597 -0.0705483
frame_51
id: 1117
stamp: 1783948181.839142799
T_odom_lidar: 
 -0.80214 -0.579065  0.145793 0.0834887
-0.469599  0.762539  0.444985 -0.415102
-0.368848  0.288476 -0.883591  0.777109
        0         0         0         1
T_world_lidar: 
 -0.80214 -0.579065  0.145793 0.0834887
-0.469599  0.762539  0.444985 -0.415102
-0.368848  0.288476 -0.883591  0.777109
        0         0         0         1
v_world_imu: -0.0679048  -0.574155  -0.114422
frame_52
id: 1118
stamp: 1783948181.941456079
T_odom_lidar: 
-0.773521 -0.617831  0.141249 0.0778799
-0.491437  0.725446   0.48189 -0.475053
-0.400195  0.303337 -0.864772  0.761881
        0         0         0         1
T_world_lidar: 
-0.773521 -0.617831  0.141249 0.0778799
-0.491437  0.725446   0.48189 -0.475053
-0.400195  0.303337 -0.864772  0.761881
        0         0         0         1
v_world_imu: -0.0502911   -0.53729  -0.146424
frame_53
id: 1119
stamp: 1783948182.040884018
T_odom_lidar: 
-0.763193 -0.630023   0.14355 0.0740319
 -0.49121  0.710007  0.504582  -0.52729
 -0.41982   0.31458 -0.851346  0.745331
        0         0         0         1
T_world_lidar: 
-0.763193 -0.630023   0.14355 0.0740319
 -0.49121  0.710007  0.504582  -0.52729
 -0.41982   0.31458 -0.851346  0.745331
        0         0         0         1
v_world_imu: -0.027969 -0.475567 -0.167945
frame_54
id: 1120
stamp: 1783948182.141756535
T_odom_lidar: 
-0.778313 -0.607893  0.157144 0.0700628
-0.462988  0.724709  0.510333 -0.574365
-0.424111  0.324443 -0.845498  0.726478
        0         0         0         1
T_world_lidar: 
-0.778313 -0.607893  0.157144 0.0700628
-0.462988  0.724709  0.510333 -0.574365
-0.424111  0.324443 -0.845498  0.726478
        0         0         0         1
v_world_imu: -0.0332375  -0.465241  -0.204452
frame_55
id: 1121
stamp: 1783948182.242655993
T_odom_lidar: 
-0.807955 -0.561395   0.17901 0.0648646
-0.412262  0.755623  0.508993 -0.623187
 -0.42101  0.337444 -0.841951   0.70233
        0         0         0         1
T_world_lidar: 
-0.807955 -0.561395   0.17901 0.0648646
-0.412262  0.755623  0.508993 -0.623187
 -0.42101  0.337444 -0.841951   0.70233
        0         0         0         1
v_world_imu: -0.0514198  -0.512802  -0.255699
frame_56
id: 1122
stamp: 1783948182.343485117
T_odom_lidar: 
-0.831194 -0.519709  0.197531 0.0590052
-0.368772   0.78123  0.503674 -0.675106
-0.416081  0.345807 -0.841008  0.673695
        0         0         0         1
T_world_lidar: 
-0.831194 -0.519709  0.197531 0.0590052
-0.368772   0.78123  0.503674 -0.675106
-0.416081  0.345807 -0.841008  0.673695
        0         0         0         1
v_world_imu: -0.0382427   -0.51079  -0.290703
frame_57
id: 1123
stamp: 1783948182.444431305
T_odom_lidar: 
-0.845971 -0.492023   0.20554   0.05662
-0.347066   0.80071   0.48827 -0.722388
-0.404818  0.341726 -0.848142  0.644325
        0         0         0         1
T_world_lidar: 
-0.845971 -0.492023   0.20554   0.05662
-0.347066   0.80071   0.48827 -0.722388
-0.404818  0.341726 -0.848142  0.644325
        0         0         0         1
v_world_imu: 0.00436333  -0.434191  -0.299813
frame_58
id: 1124
stamp: 1783948182.545213223
T_odom_lidar: 
-0.856061 -0.476459  0.200366 0.0582829
-0.348576  0.818408   0.45684 -0.757614
-0.381646   0.32124 -0.866689  0.615413
        0         0         0         1
T_world_lidar: 
-0.856061 -0.476459  0.200366 0.0582829
-0.348576  0.818408   0.45684 -0.757614
-0.381646   0.32124 -0.866689  0.615413
        0         0         0         1
v_world_imu: 0.0334678 -0.295918 -0.290946
frame_59
id: 1125
stamp: 1783948182.646095991
T_odom_lidar: 
-0.860424 -0.475119  0.184208 0.0627527
-0.373122  0.833614  0.407269 -0.776779
-0.347059  0.281692 -0.894539   0.58774
        0         0         0         1
T_world_lidar: 
-0.860424 -0.475119  0.184208 0.0627527
-0.373122  0.833614  0.407269 -0.776779
-0.347059  0.281692 -0.894539   0.58774
        0         0         0         1
v_world_imu: 0.0294097 -0.153013 -0.299744
frame_60
id: 1126
stamp: 1783948182.746949911
T_odom_lidar: 
-0.860221 -0.483719  0.161356 0.0665711
-0.409571   0.84393  0.346459 -0.782739
-0.303762  0.231945 -0.924083  0.557934
        0         0         0         1
T_world_lidar: 
-0.860221 -0.483719  0.161356 0.0665711
-0.409571   0.84393  0.346459 -0.782739
-0.303762  0.231945 -0.924083  0.557934
        0         0         0         1
v_world_imu: 0.00242253 -0.0507441  -0.327219
frame_61
id: 1127
stamp: 1783948182.847831488
T_odom_lidar: 
-0.858741 -0.493196  0.139006 0.0666975
-0.443379  0.851177  0.280914 -0.779813
-0.256865    0.1796 -0.949613  0.525223
        0         0         0         1
T_world_lidar: 
-0.858741 -0.493196  0.139006 0.0666975
-0.443379  0.851177  0.280914 -0.779813
-0.256865    0.1796 -0.949613  0.525223
        0         0         0         1
v_world_imu: -0.0296625  0.0110601  -0.354233
frame_62
id: 1128
stamp: 1783948182.948678017
T_odom_lidar: 
 -0.85891 -0.497009   0.12351 0.0633214
-0.465333  0.858109  0.217059 -0.770764
-0.213866  0.128961 -0.968313   0.48979
        0         0         0         1
T_world_lidar: 
 -0.85891 -0.497009   0.12351 0.0633214
-0.465333  0.858109  0.217059 -0.770764
-0.213866  0.128961 -0.968313   0.48979
        0         0         0         1
v_world_imu: -0.0515573  0.0753813  -0.361979
frame_63
id: 1129
stamp: 1783948183.049545050
T_odom_lidar: 
-0.859596  -0.49887  0.110555 0.0601865
 -0.48086  0.862955  0.155187 -0.755976
-0.172822 0.0802367  -0.98168  0.454434
        0         0         0         1
T_world_lidar: 
-0.859596  -0.49887  0.110555 0.0601865
 -0.48086  0.862955  0.155187 -0.755976
-0.172822 0.0802367  -0.98168  0.454434
        0         0         0         1
v_world_imu: -0.0303327   0.132056  -0.352736
frame_64
id: 1130
stamp: 1783948183.150411606
T_odom_lidar: 
-0.855156 -0.508229   0.10204 0.0577401
-0.499538  0.860541 0.0996551 -0.737318
-0.138457 0.0342479 -0.989776  0.420497
        0         0         0         1
T_world_lidar: 
-0.855156 -0.508229   0.10204 0.0577401
-0.499538  0.860541 0.0996551 -0.737318
-0.138457 0.0342479 -0.989776  0.420497
        0         0         0         1
v_world_imu: -0.030055  0.146133 -0.326051
frame_65
id: 1131
stamp: 1783948183.251341343
T_odom_lidar: 
-0.864592 -0.492274  0.100728 0.0558622
-0.487274  0.870352 0.0710711 -0.736681
-0.122655 0.0123655 -0.992372  0.391119
        0         0         0         1
T_world_lidar: 
-0.864592 -0.492274  0.100728 0.0558622
-0.487274  0.870352 0.0710711 -0.736681
-0.122655 0.0123655 -0.992372  0.391119
        0         0         0         1
v_world_imu: 0.0654725 -0.285824 -0.335714
frame_66
id: 1132
stamp: 1783948183.352156401
T_odom_lidar: 
-0.885008 -0.452355  0.110164 0.0595492
-0.441108  0.890384  0.112425 -0.777251
-0.148944 0.0509026 -0.987535  0.365009
        0         0         0         1
T_world_lidar: 
-0.885008 -0.452355  0.110164 0.0595492
-0.441108  0.890384  0.112425 -0.777251
-0.148944 0.0509026 -0.987535  0.365009
        0         0         0         1
v_world_imu:  0.104861 -0.285313 -0.219142
frame_67
id: 1133
stamp: 1783948183.453100920
T_odom_lidar: 
-0.902527 -0.414924  0.115256 0.0701028
-0.401299  0.907456  0.124432 -0.795484
-0.156219 0.0660511 -0.985511  0.343897
        0         0         0         1
T_world_lidar: 
-0.902527 -0.414924  0.115256 0.0701028
-0.401299  0.907456  0.124432 -0.795484
-0.156219 0.0660511 -0.985511  0.343897
        0         0         0         1
v_world_imu:   0.103867 -0.0597083  -0.193092
frame_68
id: 1134
stamp: 1783948183.553875685
T_odom_lidar: 
-0.908298 -0.402886  0.112594 0.0814961
-0.390517  0.913124  0.117052 -0.792093
-0.149971 0.0623487 -0.986723  0.326309
        0         0         0         1
T_world_lidar: 
-0.908298 -0.402886  0.112594 0.0814961
-0.390517  0.913124  0.117052 -0.792093
-0.149971 0.0623487 -0.986723  0.326309
        0         0         0         1
v_world_imu:  0.074118  0.102224 -0.156027
frame_69
id: 1135
stamp: 1783948183.654747009
T_odom_lidar: 
-0.907947 -0.400624  0.123012 0.0842418
-0.390108   0.91519  0.101205 -0.777722
-0.153124 0.0439005 -0.987231  0.311354
        0         0         0         1
T_world_lidar: 
-0.907947 -0.400624  0.123012 0.0842418
-0.390108   0.91519  0.101205 -0.777722
-0.153124 0.0439005 -0.987231  0.311354
        0         0         0         1
v_world_imu: 0.0257307  0.177841 -0.122159
frame_70
id: 1136
stamp: 1783948183.755645514
T_odom_lidar: 
-0.910688 -0.392896  0.127597 0.0898825
-0.380432  0.918048   0.11162 -0.779002
-0.160995 0.0531092 -0.985525  0.300168
        0         0         0         1
T_world_lidar: 
-0.910688 -0.392896  0.127597 0.0898825
-0.380432  0.918048   0.11162 -0.779002
-0.160995 0.0531092 -0.985525  0.300168
        0         0         0         1
v_world_imu:  0.0810451  0.0500794 -0.0905897
frame_71
id: 1137
stamp: 1783948183.856519699
T_odom_lidar: 
-0.910881 -0.391436  0.130664 0.0946459
-0.378735  0.918705  0.111984 -0.773596
-0.163876 0.0525167 -0.985082  0.292341
        0         0         0         1
T_world_lidar: 
-0.910881 -0.391436  0.130664 0.0946459
-0.378735  0.918705  0.111984 -0.773596
-0.163876 0.0525167 -0.985082  0.292341
        0         0         0         1
v_world_imu:   0.0693521 -0.00483078  -0.0651622
frame_72
id: 1138
stamp: 1783948183.957357883
T_odom_lidar: 
-0.911744 -0.389626  0.130053  0.102939
-0.376493  0.919293  0.114686 -0.769326
-0.164242 0.0556004 -0.984852  0.287084
        0         0         0         1
T_world_lidar: 
-0.911744 -0.389626  0.130053  0.102939
-0.376493  0.919293  0.114686 -0.769326
-0.164242 0.0556004 -0.984852  0.287084
        0         0         0         1
v_world_imu:   0.049949   0.032064 -0.0466367
frame_73
id: 1139
stamp: 1783948184.058212042
T_odom_lidar: 
-0.911997 -0.388487   0.13168  0.108765
-0.374791  0.919643  0.117422 -0.764629
-0.166716 0.0577364 -0.984313  0.283558
        0         0         0         1
T_world_lidar: 
-0.911997 -0.388487   0.13168  0.108765
-0.374791  0.919643  0.117422 -0.764629
-0.166716 0.0577364 -0.984313  0.283558
        0         0         0         1
v_world_imu:  0.0505788  0.0401571 -0.0272854
frame_74
id: 1140
stamp: 1783948184.159088612
T_odom_lidar: 
-0.912249 -0.387379  0.133185  0.113636
-0.373211  0.920005  0.119604 -0.759915
-0.168863 0.0594022 -0.983848  0.281579
        0         0         0         1
T_world_lidar: 
-0.912249 -0.387379  0.133185  0.113636
-0.373211  0.920005  0.119604 -0.759915
-0.168863 0.0594022 -0.983848  0.281579
        0         0         0         1
v_world_imu:  0.0468505  0.0411246 -0.0122964
frame_75
id: 1141
stamp: 1783948184.259946585
T_odom_lidar: 
-0.912504 -0.386656  0.133539  0.117563
-0.372206  0.920219   0.12108 -0.755385
-0.169702 0.0607816 -0.983619  0.280815
        0         0         0         1
T_world_lidar: 
-0.912504 -0.386656  0.133539  0.117563
-0.372206  0.920219   0.12108 -0.755385
-0.169702 0.0607816 -0.983619  0.280815
        0         0         0         1
v_world_imu: 0.0338896 0.0383391 -0.002785
frame_76
id: 1142
stamp: 1783948184.360851288
T_odom_lidar: 
-0.912727  -0.38605  0.133773  0.120211
-0.371353   0.92039  0.122392 -0.751306
-0.170372 0.0620337 -0.983425  0.280882
        0         0         0         1
T_world_lidar: 
-0.912727  -0.38605  0.133773  0.120211
-0.371353   0.92039  0.122392 -0.751306
-0.170372 0.0620337 -0.983425  0.280882
        0         0         0         1
v_world_imu:  0.0234699  0.0363607 0.00498565
frame_77
id: 1143
stamp: 1783948184.461678982
T_odom_lidar: 
-0.912837 -0.385826  0.133669  0.121741
-0.370941  0.920408  0.123501 -0.747563
 -0.17068 0.0631535 -0.983301  0.281528
        0         0         0         1
T_world_lidar: 
-0.912837 -0.385826  0.133669  0.121741
-0.370941  0.920408  0.123501 -0.747563
 -0.17068 0.0631535 -0.983301  0.281528
        0         0         0         1
v_world_imu:  0.0131561  0.0324773 0.00932292
frame_78
id: 1144
stamp: 1783948184.562586308
T_odom_lidar: 
-0.913047 -0.385398  0.133472  0.122263
-0.370414  0.920536  0.124126 -0.744354
-0.170703 0.0638927 -0.983249   0.28249
        0         0         0         1
T_world_lidar: 
-0.913047 -0.385398  0.133472  0.122263
-0.370414  0.920536  0.124126 -0.744354
-0.170703 0.0638927 -0.983249   0.28249
        0         0         0         1
v_world_imu: 0.00326776  0.0271622  0.0109582
frame_79
id: 1145
stamp: 1783948184.663429976
T_odom_lidar: 
 -0.91334 -0.384917  0.132848  0.121923
-0.369916  0.920694  0.124439 -0.741732
-0.170211 0.0645125 -0.983294  0.283568
        0         0         0         1
T_world_lidar: 
 -0.91334 -0.384917  0.132848  0.121923
-0.369916  0.920694  0.124439 -0.741732
-0.170211 0.0645125 -0.983294  0.283568
        0         0         0         1
v_world_imu: -0.00524126    0.020515   0.0114903
frame_80
id: 1146
stamp: 1783948184.764278173
T_odom_lidar: 
 -0.91354 -0.384591  0.132417  0.120812
-0.369592  0.920805  0.124579 -0.739788
-0.169842 0.0648674 -0.983334  0.284602
        0         0         0         1
T_world_lidar: 
 -0.91354 -0.384591  0.132417  0.120812
-0.369592  0.920805  0.124579 -0.739788
-0.169842 0.0648674 -0.983334  0.284602
        0         0         0         1
v_world_imu: -0.0131262   0.014164  0.0100867
frame_81
id: 1147
stamp: 1783948184.865144730
T_odom_lidar: 
 -0.91382 -0.384362  0.131145  0.119088
-0.369461   0.92087  0.124489 -0.738466
-0.168616 0.0653071 -0.983516  0.285545
        0         0         0         1
T_world_lidar: 
 -0.91382 -0.384362  0.131145  0.119088
-0.369461   0.92087  0.124489 -0.738466
-0.168616 0.0653071 -0.983516  0.285545
        0         0         0         1
v_world_imu: -0.0193611 0.00796785 0.00921049
frame_82
id: 1148
stamp: 1783948184.966017723
T_odom_lidar: 
-0.914111 -0.383821  0.130701  0.115789
 -0.36901  0.921101  0.124114 -0.738019
-0.168027 0.0652244 -0.983622  0.286651
        0         0         0         1
T_world_lidar: 
-0.914111 -0.383821  0.130701  0.115789
 -0.36901  0.921101  0.124114 -0.738019
-0.168027 0.0652244 -0.983622  0.286651
        0         0         0         1
v_world_imu: -0.0256256 0.00205886 0.00871303
frame_83
id: 1149
stamp: 1783948185.066879272
T_odom_lidar: 
 -0.91429 -0.383561  0.130211  0.112954
-0.368852   0.92122  0.123696 -0.737819
-0.167398 0.0650658  -0.98374  0.287378
        0         0         0         1
T_world_lidar: 
 -0.91429 -0.383561  0.130211  0.112954
-0.368852   0.92122  0.123696 -0.737819
-0.167398 0.0650658  -0.98374  0.287378
        0         0         0         1
v_world_imu:  -0.0295976 -0.00248435  0.00613062
frame_84
id: 1150
stamp: 1783948185.167751551
T_odom_lidar: 
-0.914654 -0.383093  0.129026   0.10988
-0.368551  0.921413  0.123156 -0.738105
-0.166067 0.0650924 -0.983964  0.287875
        0         0         0         1
T_world_lidar: 
-0.914654 -0.383093  0.129026   0.10988
-0.368551  0.921413  0.123156 -0.738105
-0.166067 0.0650924 -0.983964  0.287875
        0         0         0         1
v_world_imu:  -0.0325848 -0.00690435  0.00419275
frame_85
id: 1151
stamp: 1783948185.268630505
T_odom_lidar: 
-0.914851 -0.382859  0.128322    0.1065
-0.368482  0.921536  0.122445 -0.738769
-0.165132 0.0647348 -0.984145  0.288275
        0         0         0         1
T_world_lidar: 
-0.914851 -0.382859  0.128322    0.1065
-0.368482  0.921536  0.122445 -0.738769
-0.165132 0.0647348 -0.984145  0.288275
        0         0         0         1
v_world_imu: -0.0341263 -0.0100259 0.00151134
frame_86
id: 1152
stamp: 1783948185.369479656
T_odom_lidar: 
-0.915309  -0.38207  0.127406  0.103144
-0.367821  0.921858  0.122008 -0.739663
-0.164066 0.0648122 -0.984318  0.288297
        0         0         0         1
T_world_lidar: 
-0.915309  -0.38207  0.127406  0.103144
-0.367821  0.921858  0.122008 -0.739663
-0.164066 0.0648122 -0.984318  0.288297
        0         0         0         1
v_world_imu:  -0.0355784  -0.0110923 -0.00138465
frame_87
id: 1153
stamp: 1783948185.470351219
T_odom_lidar: 
-0.915473 -0.382128  0.126041 0.0996623
-0.368057  0.921833  0.121481 -0.740585
 -0.16261 0.0648222 -0.984559  0.288075
        0         0         0         1
T_world_lidar: 
-0.915473 -0.382128  0.126041 0.0996623
-0.368057  0.921833  0.121481 -0.740585
 -0.16261 0.0648222 -0.984559  0.288075
        0         0         0         1
v_world_imu:   -0.036182   -0.012165 -0.00346668
frame_88
id: 1154
stamp: 1783948185.571216106
T_odom_lidar: 
-0.915711   -0.3818   0.12531 0.0963215
-0.367865  0.921981  0.120939 -0.741611
-0.161708 0.0646481 -0.984719  0.287462
        0         0         0         1
T_world_lidar: 
-0.915711   -0.3818   0.12531 0.0963215
-0.367865  0.921981  0.120939 -0.741611
-0.161708 0.0646481 -0.984719  0.287462
        0         0         0         1
v_world_imu:  -0.0343512  -0.0129349 -0.00438391
frame_89
id: 1155
stamp: 1783948185.672080517
T_odom_lidar: 
-0.916015 -0.381578  0.123751  0.093302
-0.367826  0.922062  0.120439 -0.742715
-0.160063 0.0648046 -0.984977  0.287139
        0         0         0         1
T_world_lidar: 
-0.916015 -0.381578  0.123751  0.093302
-0.367826  0.922062  0.120439 -0.742715
-0.160063 0.0648046 -0.984977  0.287139
        0         0         0         1
v_world_imu:  -0.0304823  -0.0124222 -0.00296409
frame_90
id: 1156
stamp: 1783948185.772965670
T_odom_lidar: 
-0.916163  -0.38156  0.122711 0.0908277
-0.367969  0.922079  0.119871 -0.743689
-0.158887 0.0646672 -0.985177  0.287029
        0         0         0         1
T_world_lidar: 
-0.916163  -0.38156  0.122711 0.0908277
-0.367969  0.922079  0.119871 -0.743689
-0.158887 0.0646672 -0.985177  0.287029
        0         0         0         1
v_world_imu:  -0.0231059  -0.0107816 0.000506543
frame_91
id: 1157
stamp: 1783948185.873821974
T_odom_lidar: 
-0.916554 -0.380908  0.121812 0.0891954
-0.367406  0.922331  0.119659 -0.744539
 -0.15793 0.0649195 -0.985314  0.287375
        0         0         0         1
T_world_lidar: 
-0.916554 -0.380908  0.121812 0.0891954
-0.367406  0.922331  0.119659 -0.744539
 -0.15793 0.0649195 -0.985314  0.287375
        0         0         0         1
v_world_imu:   -0.014859 -0.00966897  0.00503904
frame_92
id: 1158
stamp: 1783948185.974692583
T_odom_lidar: 
-0.916751 -0.380656  0.121113 0.0883757
-0.367234  0.922428   0.11944 -0.745331
-0.157184 0.0650202 -0.985427  0.288212
        0         0         0         1
T_world_lidar: 
-0.916751 -0.380656  0.121113 0.0883757
-0.367234  0.922428   0.11944 -0.745331
-0.157184 0.0650202 -0.985427  0.288212
        0         0         0         1
v_world_imu: -0.00640243 -0.00924865    0.011338
frame_93
id: 1159
stamp: 1783948186.075552464
T_odom_lidar: 
-0.916904  -0.38031  0.121046 0.0884382
-0.366887  0.922564  0.119457 -0.746121
-0.157103 0.0651206 -0.985433  0.289791
        0         0         0         1
T_world_lidar: 
-0.916904  -0.38031  0.121046 0.0884382
-0.366887  0.922564  0.119457 -0.746121
-0.157103 0.0651206 -0.985433  0.289791
        0         0         0         1
v_world_imu:  0.00423184 -0.00818066   0.0168947
frame_94
id: 1160
stamp: 1783948186.176421642
T_odom_lidar: 
-0.917177 -0.379665  0.120998  0.089633
-0.366191  0.922799   0.11978 -0.746773
-0.157133 0.0655509   -0.9854  0.291819
        0         0         0         1
T_world_lidar: 
-0.917177 -0.379665  0.120998  0.089633
-0.366191  0.922799   0.11978 -0.746773
-0.157133 0.0655509   -0.9854  0.291819
        0         0         0         1
v_world_imu:   0.0149752 -0.00681326   0.0222954
frame_95
id: 1161
stamp: 1783948186.277282238
T_odom_lidar: 
-0.917312 -0.379161  0.121552 0.0918003
-0.365607  0.922999  0.120022 -0.747283
  -0.1577 0.0656573 -0.985302  0.294362
        0         0         0         1
T_world_lidar: 
-0.917312 -0.379161  0.121552 0.0918003
-0.365607  0.922999  0.120022 -0.747283
  -0.1577 0.0656573 -0.985302  0.294362
        0         0         0         1
v_world_imu:   0.0233699 -0.00573967   0.0277057
frame_96
id: 1162
stamp: 1783948186.378149986
T_odom_lidar: 
-0.917638 -0.378386   0.12151 0.0948064
-0.364803  0.923295   0.12019 -0.747816
-0.157668 0.0659635 -0.985287  0.297676
        0         0         0         1
T_world_lidar: 
-0.917638 -0.378386   0.12151 0.0948064
-0.364803  0.923295   0.12019 -0.747816
-0.157668 0.0659635 -0.985287  0.297676
        0         0         0         1
v_world_imu:    0.031992 -0.00600095   0.0329789
frame_97
id: 1163
stamp: 1783948186.479010582
T_odom_lidar: 
-0.918028 -0.377484  0.121367 0.0973758
-0.363903  0.923647  0.120208  -0.74879
-0.157477 0.0661885 -0.985302  0.302068
        0         0         0         1
T_world_lidar: 
-0.918028 -0.377484  0.121367 0.0973758
-0.363903  0.923647  0.120208  -0.74879
-0.157477 0.0661885 -0.985302  0.302068
        0         0         0         1
v_world_imu:   0.0392073 -0.00668796   0.0392155
frame_98
id: 1164
stamp: 1783948186.579880476
T_odom_lidar: 
-0.918338 -0.376566  0.121872   0.10195
-0.362929  0.924018  0.120305 -0.749435
-0.157915   0.06625 -0.985228  0.306305
        0         0         0         1
T_world_lidar: 
-0.918338 -0.376566  0.121872   0.10195
-0.362929  0.924018  0.120305 -0.749435
-0.157915   0.06625 -0.985228  0.306305
        0         0         0         1
v_world_imu:   0.0471674 -0.00795551   0.0436423
frame_99
id: 1165
stamp: 1783948186.680782795
T_odom_lidar: 
-0.918635 -0.375713  0.122269  0.107426
-0.362094  0.924386  0.119992 -0.750138
-0.158106 0.0659557 -0.985217  0.310741
        0         0         0         1
T_world_lidar: 
-0.918635 -0.375713  0.122269  0.107426
-0.362094  0.924386  0.119992 -0.750138
-0.158106 0.0659557 -0.985217  0.310741
        0         0         0         1
v_world_imu:    0.055029 -0.00954387   0.0478284
frame_100
id: 1166
stamp: 1783948186.781609058
T_odom_lidar: 
 -0.91882 -0.375274  0.122223   0.11369
-0.361781  0.924609  0.119215 -0.751081
-0.157747 0.0653197 -0.985317  0.315879
        0         0         0         1
T_world_lidar: 
 -0.91882 -0.375274  0.122223   0.11369
-0.361781  0.924609  0.119215 -0.751081
-0.157747 0.0653197 -0.985317  0.315879
        0         0         0         1
v_world_imu:  0.0631041 -0.0118048  0.0529922
frame_101
id: 1167
stamp: 1783948186.882487774
T_odom_lidar: 
-0.918976 -0.374759   0.12263  0.120889
-0.361398  0.924889    0.1182 -0.752216
-0.157716 0.0643048 -0.985389  0.321483
        0         0         0         1
T_world_lidar: 
-0.918976 -0.374759   0.12263  0.120889
-0.361398  0.924889    0.1182 -0.752216
-0.157716 0.0643048 -0.985389  0.321483
        0         0         0         1
v_world_imu:   0.073717 -0.0125699  0.0574234
frame_102
id: 1168
stamp: 1783948186.986344099
T_odom_lidar: 
-0.919196 -0.373805  0.123887  0.129439
-0.360568  0.925381  0.116876 -0.753332
-0.158331 0.0627621 -0.985389  0.327777
        0         0         0         1
T_world_lidar: 
-0.919196 -0.373805  0.123887  0.129439
-0.360568  0.925381  0.116876 -0.753332
-0.158331 0.0627621 -0.985389  0.327777
        0         0         0         1
v_world_imu:  0.0851521 -0.0103688  0.0620997
frame_103
id: 1169
stamp: 1783948187.084911108
T_odom_lidar: 
-0.919456 -0.372507  0.125852  0.138474
-0.359275  0.925992  0.116016 -0.754062
-0.159755 0.0614564 -0.985242  0.334078
        0         0         0         1
T_world_lidar: 
-0.919456 -0.372507  0.125852  0.138474
-0.359275  0.925992  0.116016 -0.754062
-0.159755 0.0614564 -0.985242  0.334078
        0         0         0         1
v_world_imu:   0.0924459 -0.00522334   0.0647999
frame_104
id: 1170
stamp: 1783948187.185081720
T_odom_lidar: 
  -0.9194 -0.371952  0.127892  0.148236
-0.358748  0.926318  0.115041 -0.754027
-0.161259 0.0598878 -0.985093  0.340504
        0         0         0         1
T_world_lidar: 
  -0.9194 -0.371952  0.127892  0.148236
-0.358748  0.926318  0.115041 -0.754027
-0.161259 0.0598878 -0.985093  0.340504
        0         0         0         1
v_world_imu:   0.096413 0.00295783  0.0659329
frame_105
id: 1171
stamp: 1783948187.286110878
T_odom_lidar: 
-0.919187 -0.371688  0.130165  0.158239
 -0.35845  0.926512  0.114405 -0.753192
-0.163123  0.058502  -0.98487   0.34722
        0         0         0         1
T_world_lidar: 
-0.919187 -0.371688  0.130165  0.158239
 -0.35845  0.926512  0.114405 -0.753192
-0.163123  0.058502  -0.98487   0.34722
        0         0         0         1
v_world_imu: 0.0971485 0.0122763 0.0643852
frame_106
id: 1172
stamp: 1783948187.386812687
T_odom_lidar: 
-0.918933 -0.371473  0.132555  0.168215
 -0.35813  0.926665  0.114166 -0.751343
-0.165244  0.057439 -0.984579  0.353537
        0         0         0         1
T_world_lidar: 
-0.918933 -0.371473  0.132555  0.168215
 -0.35813  0.926665  0.114166 -0.751343
-0.165244  0.057439 -0.984579  0.353537
        0         0         0         1
v_world_imu: 0.0950896 0.0234079 0.0606209
frame_107
id: 1173
stamp: 1783948187.487702370
T_odom_lidar: 
-0.918638 -0.371475  0.134579  0.177767
 -0.35796  0.926692  0.114484 -0.748392
-0.167241 0.0569954 -0.984267  0.359369
        0         0         0         1
T_world_lidar: 
-0.918638 -0.371475  0.134579  0.177767
 -0.35796  0.926692  0.114484 -0.748392
-0.167241 0.0569954 -0.984267  0.359369
        0         0         0         1
v_world_imu: 0.0881707 0.0350931 0.0536804
frame_108
id: 1174
stamp: 1783948187.588578224
T_odom_lidar: 
-0.918165 -0.372227   0.13572  0.186468
-0.358569  0.926396   0.11497 -0.744318
-0.168526 0.0568964 -0.984054  0.364442
        0         0         0         1
T_world_lidar: 
-0.918165 -0.372227   0.13572  0.186468
-0.358569  0.926396   0.11497 -0.744318
-0.168526 0.0568964 -0.984054  0.364442
        0         0         0         1
v_world_imu: 0.0773835 0.0452027 0.0452313
frame_109
id: 1175
stamp: 1783948187.689450979
T_odom_lidar: 
-0.917561 -0.373263  0.136956   0.19395
-0.359428   0.92598  0.115641 -0.739386
-0.169983 0.0568816 -0.983804  0.368481
        0         0         0         1
T_world_lidar: 
-0.917561 -0.373263  0.136956   0.19395
-0.359428   0.92598  0.115641 -0.739386
-0.169983 0.0568816 -0.983804  0.368481
        0         0         0         1
v_world_imu: 0.0640367 0.0535907 0.0342733
frame_110
id: 1176
stamp: 1783948187.790300131
T_odom_lidar: 
 -0.91676 -0.375061  0.137406  0.200105
-0.361117  0.925252  0.116206 -0.733642
-0.170719 0.0569131 -0.983675  0.371464
        0         0         0         1
T_world_lidar: 
 -0.91676 -0.375061  0.137406  0.200105
-0.361117  0.925252  0.116206 -0.733642
-0.170719 0.0569131 -0.983675  0.371464
        0         0         0         1
v_world_imu: 0.0511811  0.061568 0.0237914
frame_111
id: 1177
stamp: 1783948187.891150951
T_odom_lidar: 
 -0.91598 -0.377125  0.136959  0.204987
-0.363079  0.924376   0.11706 -0.727132
-0.170748 0.0574978 -0.983636  0.373532
        0         0         0         1
T_world_lidar: 
 -0.91598 -0.377125  0.136959  0.204987
-0.363079  0.924376   0.11706 -0.727132
-0.170748 0.0574978 -0.983636  0.373532
        0         0         0         1
v_world_imu: 0.0388272 0.0690375 0.0132594
frame_112
id: 1178
stamp: 1783948187.992013216
T_odom_lidar: 
-0.915561 -0.378538  0.135858   0.20745
-0.364362  0.923718   0.11826 -0.720394
 -0.17026 0.0587732 -0.983645  0.375201
        0         0         0         1
T_world_lidar: 
-0.915561 -0.378538  0.135858   0.20745
-0.364362  0.923718   0.11826 -0.720394
 -0.17026 0.0587732 -0.983645  0.375201
        0         0         0         1
v_world_imu:  0.0267934  0.0755052 0.00546553
frame_113
id: 1179
stamp: 1783948188.092883587
T_odom_lidar: 
-0.914899 -0.380373  0.135188  0.210006
-0.365921  0.922853  0.120181 -0.712658
-0.170472 0.0604852 -0.983504  0.375336
        0         0         0         1
T_world_lidar: 
-0.914899 -0.380373  0.135188  0.210006
-0.365921  0.922853  0.120181 -0.712658
-0.170472 0.0604852 -0.983504  0.375336
        0         0         0         1
v_world_imu:   0.0165894   0.0799053 -0.00240007
frame_114
id: 1180
stamp: 1783948188.193750620
T_odom_lidar: 
-0.914244 -0.382098  0.134757  0.211665
-0.367304  0.922012  0.122394 -0.704777
-0.171015 0.0624014  -0.98329  0.374774
        0         0         0         1
T_world_lidar: 
-0.914244 -0.382098  0.134757  0.211665
-0.367304  0.922012  0.122394 -0.704777
-0.171015 0.0624014  -0.98329  0.374774
        0         0         0         1
v_world_imu: 0.00871453  0.0790743  -0.008015
frame_115
id: 1181
stamp: 1783948188.294614792
T_odom_lidar: 
-0.913713 -0.383616  0.134039  0.212564
-0.368495  0.921239  0.124617 -0.697179
-0.171287 0.0644718 -0.983109  0.373786
        0         0         0         1
T_world_lidar: 
-0.913713 -0.383616  0.134039  0.212564
-0.368495  0.921239  0.124617 -0.697179
-0.171287 0.0644718 -0.983109  0.373786
        0         0         0         1
v_world_imu: 0.00162656  0.0747627 -0.0108095
frame_116
id: 1182
stamp: 1783948188.395481825
T_odom_lidar: 
-0.913162 -0.385235  0.133151  0.212842
-0.369848  0.920432  0.126556 -0.690173
 -0.17131 0.0663209 -0.982982  0.372653
        0         0         0         1
T_world_lidar: 
-0.913162 -0.385235  0.133151  0.212842
-0.369848  0.920432  0.126556 -0.690173
 -0.17131 0.0663209 -0.982982  0.372653
        0         0         0         1
v_world_imu: -0.00307099   0.0670942  -0.0113181
frame_117
id: 1183
stamp: 1783948188.496392012
T_odom_lidar: 
-0.912842 -0.386298  0.132263  0.212812
-0.370725  0.919876  0.128026 -0.684066
-0.171121  0.067834 -0.982912  0.371572
        0         0         0         1
T_world_lidar: 
-0.912842 -0.386298  0.132263  0.212812
-0.370725  0.919876  0.128026 -0.684066
-0.171121  0.067834 -0.982912  0.371572
        0         0         0         1
v_world_imu: -0.00563574   0.0567819 -0.00992517
frame_118
id: 1184
stamp: 1783948188.597708702
T_odom_lidar: 
-0.912525 -0.387405  0.131207  0.212495
-0.371648  0.919289  0.129562 -0.679095
 -0.17081 0.0694657 -0.982852  0.370657
        0         0         0         1
T_world_lidar: 
-0.912525 -0.387405  0.131207  0.212495
-0.371648  0.919289  0.129562 -0.679095
 -0.17081 0.0694657 -0.982852  0.370657
        0         0         0         1
v_world_imu: -0.00832142   0.0441172 -0.00814572
frame_119
id: 1185
stamp: 1783948188.698083878
T_odom_lidar: 
-0.912089 -0.388913  0.129771  0.211947
-0.373087  0.918556  0.130616 -0.675565
    -0.17 0.0707173 -0.982903  0.369922
        0         0         0         1
T_world_lidar: 
-0.912089 -0.388913  0.129771  0.211947
-0.373087  0.918556  0.130616 -0.675565
    -0.17 0.0707173 -0.982903  0.369922
        0         0         0         1
v_world_imu: -0.00993395   0.0287728 -0.00668861
frame_120
id: 1186
stamp: 1783948188.798959494
T_odom_lidar: 
-0.911838 -0.389895  0.128578  0.211361
-0.374039  0.918067  0.131332 -0.673585
-0.169249 0.0716602 -0.982965  0.369298
        0         0         0         1
T_world_lidar: 
-0.911838 -0.389895  0.128578  0.211361
-0.374039  0.918067  0.131332 -0.673585
-0.169249 0.0716602 -0.982965  0.369298
        0         0         0         1
v_world_imu: -0.00964988    0.012784 -0.00585327
frame_121
id: 1187
stamp: 1783948188.899818897
T_odom_lidar: 
-0.911698 -0.390372  0.128131  0.210712
-0.374564  0.917863  0.131259 -0.673282
-0.168846 0.0716753 -0.983033  0.368845
        0         0         0         1
T_world_lidar: 
-0.911698 -0.390372  0.128131  0.210712
-0.374564  0.917863  0.131259 -0.673282
-0.168846 0.0716753 -0.983033  0.368845
        0         0         0         1
v_world_imu: -0.00841012 -0.00371454 -0.00621708
frame_122
id: 1188
stamp: 1783948189.000684023
T_odom_lidar: 
-0.911674 -0.390452  0.128053  0.210215
-0.374761  0.917874  0.130619 -0.674456
-0.168537 0.0710925 -0.983128  0.368044
        0         0         0         1
T_world_lidar: 
-0.911674 -0.390452  0.128053  0.210215
-0.374761  0.917874  0.130619 -0.674456
-0.168537 0.0710925 -0.983128  0.368044
        0         0         0         1
v_world_imu: -0.00776331  -0.0189888  -0.0060507
frame_123
id: 1189
stamp: 1783948189.101551056
T_odom_lidar: 
-0.911857 -0.390135  0.127719  0.209691
-0.374657  0.918075    0.1295 -0.677114
-0.167778 0.0702351  -0.98332  0.367478
        0         0         0         1
T_world_lidar: 
-0.911857 -0.390135  0.127719  0.209691
-0.374657  0.918075    0.1295 -0.677114
-0.167778 0.0702351  -0.98332  0.367478
        0         0         0         1
v_world_imu: -0.00842348  -0.0328148 -0.00578104
frame_124
id: 1190
stamp: 1783948189.207525969
T_odom_lidar: 
-0.911884 -0.389897  0.128252  0.207853
-0.374621  0.918288  0.128085  -0.68159
-0.167712 0.0687525 -0.983436  0.367296
        0         0         0         1
T_world_lidar: 
-0.911884 -0.389897  0.128252  0.207853
-0.374621  0.918288  0.128085  -0.68159
-0.167712 0.0687525 -0.983436  0.367296
        0         0         0         1
v_world_imu: -0.0078785 -0.0435977 -0.0052747
frame_125
id: 1191
stamp: 1783948189.303283453
T_odom_lidar: 
-0.912003 -0.389722  0.127934   0.20726
-0.374721  0.918455  0.126586 -0.686176
-0.166835 0.0675075 -0.983671  0.366781
        0         0         0         1
T_world_lidar: 
-0.912003 -0.389722  0.127934   0.20726
-0.374721  0.918455  0.126586 -0.686176
-0.166835 0.0675075 -0.983671  0.366781
        0         0         0         1
v_world_imu: -0.00839129  -0.0512084 -0.00554111
frame_126
id: 1192
stamp: 1783948189.404153347
T_odom_lidar: 
-0.912137 -0.389434  0.127857   0.20668
-0.374731  0.918689  0.124849 -0.691648
-0.166081 0.0659674 -0.983903  0.366224
        0         0         0         1
T_world_lidar: 
-0.912137 -0.389434  0.127857   0.20668
-0.374731  0.918689  0.124849 -0.691648
-0.166081 0.0659674 -0.983903  0.366224
        0         0         0         1
v_world_imu: -0.00756385  -0.0568418 -0.00520223
frame_127
id: 1193
stamp: 1783948189.505018473
T_odom_lidar: 
-0.912352 -0.388898  0.127952  0.206115
-0.374467  0.919023  0.123173 -0.697531
-0.165492 0.0644637 -0.984102   0.36571
        0         0         0         1
T_world_lidar: 
-0.912352 -0.388898  0.127952  0.206115
-0.374467  0.919023  0.123173 -0.697531
-0.165492 0.0644637 -0.984102   0.36571
        0         0         0         1
v_world_imu: -0.00705264  -0.0587844 -0.00464751
frame_128
id: 1194
stamp: 1783948189.605884552
T_odom_lidar: 
 -0.91243 -0.388604   0.12829  0.205583
-0.374387  0.919244   0.12176 -0.703471
-0.165246 0.0630675 -0.984234  0.365244
        0         0         0         1
T_world_lidar: 
 -0.91243 -0.388604   0.12829  0.205583
-0.374387  0.919244   0.12176 -0.703471
-0.165246 0.0630675 -0.984234  0.365244
        0         0         0         1
v_world_imu: -0.00623655  -0.0587661 -0.00428027
frame_129
id: 1195
stamp: 1783948189.706748247
T_odom_lidar: 
-0.912635 -0.387915  0.128911  0.205094
 -0.37384  0.919613  0.120644 -0.709361
-0.165348 0.0619115  -0.98429  0.364814
        0         0         0         1
T_world_lidar: 
-0.912635 -0.387915  0.128911  0.205094
 -0.37384  0.919613  0.120644 -0.709361
-0.165348 0.0619115  -0.98429  0.364814
        0         0         0         1
v_world_imu: -0.00586819  -0.0562402 -0.00411755
frame_130
id: 1196
stamp: 1783948189.807613134
T_odom_lidar: 
-0.912821 -0.387275  0.129526  0.204571
-0.373326  0.919954   0.11963 -0.714928
-0.165488 0.0608454 -0.984333  0.364339
        0         0         0         1
T_world_lidar: 
-0.912821 -0.387275  0.129526  0.204571
-0.373326  0.919954   0.11963 -0.714928
-0.165488 0.0608454 -0.984333  0.364339
        0         0         0         1
v_world_imu: -0.00656865  -0.0529759 -0.00464453
frame_131
id: 1197
stamp: 1783948189.908478022
T_odom_lidar: 
 -0.91289 -0.386887  0.130194  0.203857
-0.373017  0.920174  0.118904 -0.720143
-0.165803 0.0599819 -0.984333    0.3638
        0         0         0         1
T_world_lidar: 
 -0.91289 -0.386887  0.130194  0.203857
-0.373017  0.920174  0.118904 -0.720143
-0.165803 0.0599819 -0.984333    0.3638
        0         0         0         1
v_world_imu: -0.00961998  -0.0483964 -0.00553688
frame_132
id: 1198
stamp: 1783948190.009351015
T_odom_lidar: 
-0.913069 -0.386434  0.130281  0.202862
-0.372618  0.920385  0.118522 -0.724823
 -0.16571  0.059674 -0.984367  0.363155
        0         0         0         1
T_world_lidar: 
-0.913069 -0.386434  0.130281  0.202862
-0.372618  0.920385  0.118522 -0.724823
 -0.16571  0.059674 -0.984367  0.363155
        0         0         0         1
v_world_imu:  -0.0123552  -0.0428985 -0.00720125
frame_133
id: 1199
stamp: 1783948190.110211134
T_odom_lidar: 
-0.913209 -0.386259  0.129823  0.201561
-0.372538  0.920469  0.118118 -0.729034
-0.165122 0.0595018 -0.984477  0.362339
        0         0         0         1
T_world_lidar: 
-0.913209 -0.386259  0.129823  0.201561
-0.372538  0.920469  0.118118 -0.729034
-0.165122 0.0595018 -0.984477  0.362339
        0         0         0         1
v_world_imu:  -0.0154911   -0.037749 -0.00945897
frame_134
id: 1200
stamp: 1783948190.211078644
T_odom_lidar: 
-0.913319 -0.386186  0.129262  0.199961
-0.372562  0.920508  0.117743 -0.732733
-0.164457 0.0593785 -0.984595  0.361307
        0         0         0         1
T_world_lidar: 
-0.913319 -0.386186  0.129262  0.199961
-0.372562  0.920508  0.117743 -0.732733
-0.164457 0.0593785 -0.984595  0.361307
        0         0         0         1
v_world_imu: -0.0181698 -0.0334083 -0.0108754
frame_135
id: 1201
stamp: 1783948190.311948061
T_odom_lidar: 
-0.913391 -0.386169  0.128803  0.198184
 -0.37258  0.920506  0.117697 -0.735955
-0.164015 0.0595143 -0.984661  0.360076
        0         0         0         1
T_world_lidar: 
-0.913391 -0.386169  0.128803  0.198184
 -0.37258  0.920506  0.117697 -0.735955
-0.164015 0.0595143 -0.984661  0.360076
        0         0         0         1
v_world_imu: -0.0189609 -0.0266996 -0.0127901
frame_136
id: 1202
stamp: 1783948190.412843466
T_odom_lidar: 
 -0.91339 -0.386194  0.128733  0.196291
-0.372579  0.920483  0.117884 -0.738382
-0.164022 0.0597107 -0.984648  0.358621
        0         0         0         1
T_world_lidar: 
 -0.91339 -0.386194  0.128733  0.196291
-0.372579  0.920483  0.117884 -0.738382
-0.164022 0.0597107 -0.984648  0.358621
        0         0         0         1
v_world_imu: -0.0191343 -0.0191886 -0.0148481
frame_137
id: 1203
stamp: 1783948190.513679743
T_odom_lidar: 
-0.913364 -0.386288  0.128636  0.194429
-0.372616  0.920419  0.118265 -0.740141
-0.164083 0.0600869 -0.984615  0.356976
        0         0         0         1
T_world_lidar: 
-0.913364 -0.386288  0.128636  0.194429
-0.372616  0.920419  0.118265 -0.740141
-0.164083 0.0600869 -0.984615  0.356976
        0         0         0         1
v_world_imu: -0.0182868 -0.0131687 -0.0169715
frame_138
id: 1204
stamp: 1783948190.614562988
T_odom_lidar: 
-0.913295 -0.386597  0.128201  0.192691
-0.372929  0.920273  0.118416 -0.741424
-0.163759 0.0603386 -0.984653  0.355547
        0         0         0         1
T_world_lidar: 
-0.913295 -0.386597  0.128201  0.192691
-0.372929  0.920273  0.118416 -0.741424
-0.163759 0.0603386 -0.984653  0.355547
        0         0         0         1
v_world_imu:   -0.015408 -0.00948585  -0.0167422
frame_139
id: 1205
stamp: 1783948190.715441942
T_odom_lidar: 
 -0.91346 -0.386279  0.127986  0.189981
-0.372614  0.920395  0.118455 -0.742783
-0.163554 0.0605145 -0.984677  0.354325
        0         0         0         1
T_world_lidar: 
 -0.91346 -0.386279  0.127986  0.189981
-0.372614  0.920395  0.118455 -0.742783
-0.163554 0.0605145 -0.984677  0.354325
        0         0         0         1
v_world_imu:  -0.0130653 -0.00643578  -0.0160208
frame_140
id: 1206
stamp: 1783948190.816279650
T_odom_lidar: 
-0.913513 -0.386047  0.128301  0.188713
-0.372327  0.920484  0.118665 -0.743408
-0.163909 0.0606326  -0.98461  0.352613
        0         0         0         1
T_world_lidar: 
-0.913513 -0.386047  0.128301  0.188713
-0.372327  0.920484  0.118665 -0.743408
-0.163909 0.0606326  -0.98461  0.352613
        0         0         0         1
v_world_imu:  -0.0115732 -0.00368666  -0.0169211
frame_141
id: 1207
stamp: 1783948190.919364929
T_odom_lidar: 
-0.913451 -0.385968  0.128984  0.187483
-0.372204  0.920534  0.118667 -0.743773
-0.164536 0.0603876 -0.984521  0.350723
        0         0         0         1
T_world_lidar: 
-0.913451 -0.385968  0.128984  0.187483
-0.372204  0.920534  0.118667 -0.743773
-0.164536 0.0603876 -0.984521  0.350723
        0         0         0         1
v_world_imu:   -0.0101174 -0.000604288   -0.0188357
frame_142
id: 1208
stamp: 1783948191.018022537
T_odom_lidar: 
-0.913431 -0.385997  0.129033  0.186376
-0.372243  0.920528  0.118592 -0.743745
-0.164555 0.0602939 -0.984523  0.348741
        0         0         0         1
T_world_lidar: 
-0.913431 -0.385997  0.129033  0.186376
-0.372243  0.920528  0.118592 -0.743745
-0.164555 0.0602939 -0.984523  0.348741
        0         0         0         1
v_world_imu: -0.0105771 0.00297599 -0.0203097
frame_143
id: 1209
stamp: 1783948191.120813608
T_odom_lidar: 
-0.913313 -0.386151  0.129412  0.185189
-0.372357  0.920468  0.118701 -0.743316
-0.164956  0.060224 -0.984461  0.346474
        0         0         0         1
T_world_lidar: 
-0.913313 -0.386151  0.129412  0.185189
-0.372357  0.920468  0.118701 -0.743316
-0.164956  0.060224 -0.984461  0.346474
        0         0         0         1
v_world_imu: -0.0104591 0.00777623  -0.022643
frame_144
id: 1210
stamp: 1783948191.219770193
T_odom_lidar: 
-0.913141 -0.386491  0.129608  0.183972
-0.372666  0.920326  0.118828 -0.742431
-0.165208 0.0602057 -0.984419  0.344094
        0         0         0         1
T_world_lidar: 
-0.913141 -0.386491  0.129608  0.183972
-0.372666  0.920326  0.118828 -0.742431
-0.165208 0.0602057 -0.984419  0.344094
        0         0         0         1
v_world_imu: -0.0109638  0.0119134 -0.0242627
frame_145
id: 1211
stamp: 1783948191.320629120
T_odom_lidar: 
-0.913121  -0.38656  0.129544  0.182708
-0.372698  0.920281  0.119077 -0.741201
-0.165247  0.060451 -0.984398  0.341479
        0         0         0         1
T_world_lidar: 
-0.913121  -0.38656  0.129544  0.182708
-0.372698  0.920281  0.119077 -0.741201
-0.165247  0.060451 -0.984398  0.341479
        0         0         0         1
v_world_imu: -0.0127944  0.0148134   -0.02568
frame_146
id: 1212
stamp: 1783948191.421482563
T_odom_lidar: 
-0.913029 -0.386816  0.129427  0.181157
-0.372901  0.920151  0.119444 -0.739672
-0.165295 0.0607923 -0.984369  0.338736
        0         0         0         1
T_world_lidar: 
-0.913029 -0.386816  0.129427  0.181157
-0.372901  0.920151  0.119444 -0.739672
-0.165295 0.0607923 -0.984369  0.338736
        0         0         0         1
v_world_imu: -0.015391 0.0184768 -0.026871
frame_147
id: 1213
stamp: 1783948191.522388220
T_odom_lidar: 
-0.912891 -0.387144  0.129419  0.179326
-0.373154  0.919987  0.119912 -0.737684
-0.165487 0.0611736 -0.984313  0.335854
        0         0         0         1
T_world_lidar: 
-0.912891 -0.387144  0.129419  0.179326
-0.373154  0.919987  0.119912 -0.737684
-0.165487 0.0611736 -0.984313  0.335854
        0         0         0         1
v_world_imu: -0.0177291  0.0232157 -0.0280562
frame_148
id: 1214
stamp: 1783948191.623223305
T_odom_lidar: 
-0.912552 -0.387936  0.129439  0.177288
-0.373821  0.919616  0.120685 -0.735269
-0.165852 0.0617445 -0.984216  0.332874
        0         0         0         1
T_world_lidar: 
-0.912552 -0.387936  0.129439  0.177288
-0.373821  0.919616  0.120685 -0.735269
-0.165852 0.0617445 -0.984216  0.332874
        0         0         0         1
v_world_imu: -0.0191254  0.0260481 -0.0291325
frame_149
id: 1215
stamp: 1783948191.724082470
T_odom_lidar: 
-0.912446 -0.388353  0.128936  0.175173
-0.374158  0.919389   0.12137 -0.732764
-0.165677 0.0625007 -0.984198  0.329899
        0         0         0         1
T_world_lidar: 
-0.912446 -0.388353  0.128936  0.175173
-0.374158  0.919389   0.12137 -0.732764
-0.165677 0.0625007 -0.984198  0.329899
        0         0         0         1
v_world_imu: -0.0204004  0.0255266 -0.0285457
frame_150
id: 1216
stamp: 1783948191.824949265
T_odom_lidar: 
-0.912253 -0.389168  0.127839  0.172939
-0.374936  0.918982  0.122048 -0.730438
-0.164978 0.0634071 -0.984257   0.32701
        0         0         0         1
T_world_lidar: 
-0.912253 -0.389168  0.127839  0.172939
-0.374936  0.918982  0.122048 -0.730438
-0.164978 0.0634071 -0.984257   0.32701
        0         0         0         1
v_world_imu: -0.0215659  0.0229387 -0.0268491
frame_151
id: 1217
stamp: 1783948191.925815105
T_odom_lidar: 
-0.912178 -0.389572  0.127143  0.170613
-0.375255  0.918746  0.122839 -0.728335
-0.164666 0.0643404 -0.984249  0.324289
        0         0         0         1
T_world_lidar: 
-0.912178 -0.389572  0.127143  0.170613
-0.375255  0.918746  0.122839 -0.728335
-0.164666 0.0643404 -0.984249  0.324289
        0         0         0         1
v_world_imu: -0.0223312  0.0204926 -0.0248867
frame_152
id: 1218
stamp: 1783948192.026706934
T_odom_lidar: 
-0.912042 -0.390006  0.126789   0.16809
-0.375582  0.918505  0.123639 -0.726455
-0.164676 0.0651446 -0.984194  0.321779
        0         0         0         1
T_world_lidar: 
-0.912042 -0.390006  0.126789   0.16809
-0.375582  0.918505  0.123639 -0.726455
-0.164676 0.0651446 -0.984194  0.321779
        0         0         0         1
v_world_imu: -0.0243347  0.0176879 -0.0224666
frame_153
id: 1219
stamp: 1783948192.127546549
T_odom_lidar: 
-0.911807 -0.390737  0.126221  0.165374
-0.376272  0.918154  0.124147  -0.72498
-0.164399 0.0657043 -0.984203  0.319652
        0         0         0         1
T_world_lidar: 
-0.911807 -0.390737  0.126221  0.165374
-0.376272  0.918154  0.124147  -0.72498
-0.164399 0.0657043 -0.984203  0.319652
        0         0         0         1
v_world_imu: -0.0238173  0.0125243  -0.019907
frame_154
id: 1220
stamp: 1783948192.228441000
T_odom_lidar: 
-0.911866 -0.390937  0.125175  0.161581
-0.376527  0.918036  0.124245 -0.724482
-0.163487 0.0661626 -0.984324  0.318522
        0         0         0         1
T_world_lidar: 
-0.911866 -0.390937  0.125175  0.161581
-0.376527  0.918036  0.124245 -0.724482
-0.163487 0.0661626 -0.984324  0.318522
        0         0         0         1
v_world_imu: -0.0225275 0.00622159 -0.0154999
frame_155
id: 1221
stamp: 1783948192.329276800
T_odom_lidar: 
-0.911786 -0.391098  0.125252  0.159148
-0.376714  0.917984  0.124064 -0.724186
-0.163501 0.0659358 -0.984337   0.31696
        0         0         0         1
T_world_lidar: 
-0.911786 -0.391098  0.125252  0.159148
-0.376714  0.917984  0.124064 -0.724186
-0.163501 0.0659358 -0.984337   0.31696
        0         0         0         1
v_world_imu: -0.0204117 3.2434e-05 -0.0134266
frame_156
id: 1222
stamp: 1783948192.430145264
T_odom_lidar: 
-0.911969 -0.390711  0.125126   0.15699
-0.376392  0.918164  0.123707 -0.724429
 -0.16322 0.0657208 -0.984398  0.315626
        0         0         0         1
T_world_lidar: 
-0.911969 -0.390711  0.125126   0.15699
-0.376392  0.918164  0.123707 -0.724429
 -0.16322 0.0657208 -0.984398  0.315626
        0         0         0         1
v_world_imu: -0.0180424 -0.0050234 -0.0114199
frame_157
id: 1223
stamp: 1783948192.531008720
T_odom_lidar: 
-0.912122 -0.390305  0.125283  0.154922
-0.376063  0.918372  0.123162  -0.72512
-0.163128 0.0652247 -0.984447  0.314436
        0         0         0         1
T_world_lidar: 
-0.912122 -0.390305  0.125283  0.154922
-0.376063  0.918372  0.123162  -0.72512
-0.163128 0.0652247 -0.984447  0.314436
        0         0         0         1
v_world_imu:  -0.0179762   -0.009043 -0.00992712
frame_158
id: 1224
stamp: 1783948192.631879330
T_odom_lidar: 
-0.912092 -0.390565  0.124688  0.152862
-0.376479  0.918295  0.122469 -0.726082
-0.162332 0.0647609 -0.984609  0.313372
        0         0         0         1
T_world_lidar: 
-0.912092 -0.390565  0.124688  0.152862
-0.376479  0.918295  0.122469 -0.726082
-0.162332 0.0647609 -0.984609  0.313372
        0         0         0         1
v_world_imu: -0.0177338  -0.010426 -0.0091903
frame_159
id: 1225
stamp: 1783948192.732744694
T_odom_lidar: 
-0.912251 -0.390351  0.124193  0.150924
-0.376412  0.918416  0.121764 -0.727117
-0.161592 0.0643318 -0.984759  0.312458
        0         0         0         1
T_world_lidar: 
-0.912251 -0.390351  0.124193  0.150924
-0.376412  0.918416  0.121764 -0.727117
-0.161592 0.0643318 -0.984759  0.312458
        0         0         0         1
v_world_imu:  -0.0153885  -0.0112617 -0.00703877
frame_160
id: 1226
stamp: 1783948192.833613634
T_odom_lidar: 
  -0.9124 -0.390099  0.123895  0.149209
-0.376238  0.918536  0.121395 -0.728286
-0.161158 0.0641463 -0.984842  0.311836
        0         0         0         1
T_world_lidar: 
  -0.9124 -0.390099  0.123895  0.149209
-0.376238  0.918536  0.121395 -0.728286
-0.161158 0.0641463 -0.984842  0.311836
        0         0         0         1
v_world_imu:  -0.0122979  -0.0115917 -0.00593989
frame_161
id: 1227
stamp: 1783948192.934482336
T_odom_lidar: 
 -0.91237 -0.390128  0.124019  0.147895
-0.376319  0.918551  0.121031 -0.729321
-0.161135 0.0637541 -0.984871  0.311003
        0         0         0         1
T_world_lidar: 
 -0.91237 -0.390128  0.124019  0.147895
-0.376319  0.918551  0.121031 -0.729321
-0.161135 0.0637541 -0.984871  0.311003
        0         0         0         1
v_world_imu: -0.00813462   -0.011224 -0.00392631
frame_162
id: 1228
stamp: 1783948193.035357952
T_odom_lidar: 
-0.912493 -0.389887  0.123873  0.147061
-0.376119  0.918659   0.12083 -0.730421
-0.160907 0.0636652 -0.984914  0.310598
        0         0         0         1
T_world_lidar: 
-0.912493 -0.389887  0.123873  0.147061
-0.376119  0.918659   0.12083 -0.730421
-0.160907 0.0636652 -0.984914  0.310598
        0         0         0         1
v_world_imu: -0.00314225  -0.0113673 -0.00187623
frame_163
id: 1229
stamp: 1783948193.136210442
T_odom_lidar: 
-0.912641 -0.389478  0.124073  0.146711
-0.375727  0.918846  0.120626 -0.731487
-0.160986 0.0634705 -0.984914  0.310436
        0         0         0         1
T_world_lidar: 
-0.912641 -0.389478  0.124073  0.146711
-0.375727  0.918846  0.120626 -0.731487
-0.160986 0.0634705 -0.984914  0.310436
        0         0         0         1
v_world_imu:   0.00165215   -0.0105259 -4.83965e-05
frame_164
id: 1230
stamp: 1783948193.237076759
T_odom_lidar: 
-0.912705 -0.389318  0.124105  0.146778
 -0.37559  0.918923  0.120467 -0.732464
-0.160943 0.0633381 -0.984929  0.310422
        0         0         0         1
T_world_lidar: 
-0.912705 -0.389318  0.124105  0.146778
 -0.37559  0.918923  0.120467 -0.732464
-0.160943 0.0633381 -0.984929  0.310422
        0         0         0         1
v_world_imu:  0.00540413 -0.00970626  0.00130927
frame_165
id: 1231
stamp: 1783948193.338010788
T_odom_lidar: 
-0.912791 -0.388792  0.125115  0.147181
-0.375021  0.919176  0.120314 -0.733314
 -0.16178 0.0629005  -0.98482  0.310446
        0         0         0         1
T_world_lidar: 
-0.912791 -0.388792  0.125115  0.147181
-0.375021  0.919176  0.120314 -0.733314
 -0.16178 0.0629005  -0.98482  0.310446
        0         0         0         1
v_world_imu:  0.00939884 -0.00857148  0.00111196
frame_166
id: 1232
stamp: 1783948193.438835621
T_odom_lidar: 
-0.912961 -0.388262  0.125517  0.147947
-0.374483  0.919412  0.120181 -0.734051
-0.162063 0.0627164 -0.984785  0.310483
        0         0         0         1
T_world_lidar: 
-0.912961 -0.388262  0.125517  0.147947
-0.374483  0.919412  0.120181 -0.734051
-0.162063 0.0627164 -0.984785  0.310483
        0         0         0         1
v_world_imu:   0.0110462 -0.00780426  0.00159183
frame_167
id: 1233
stamp: 1783948193.539677143
T_odom_lidar: 
-0.912988 -0.387919  0.126379  0.148778
-0.374068   0.91957  0.120264 -0.734737
-0.162867 0.0625251 -0.984665  0.310485
        0         0         0         1
T_world_lidar: 
-0.912988 -0.387919  0.126379  0.148778
-0.374068   0.91957  0.120264 -0.734737
-0.162867 0.0625251 -0.984665  0.310485
        0         0         0         1
v_world_imu:   0.0118372 -0.00708815 0.000644078
frame_168
id: 1234
stamp: 1783948193.640547752
T_odom_lidar: 
-0.912892 -0.387732  0.127638   0.14959
-0.373827  0.919689  0.120103 -0.735245
-0.163955 0.0619263 -0.984522  0.310567
        0         0         0         1
T_world_lidar: 
-0.912892 -0.387732  0.127638   0.14959
-0.373827  0.919689  0.120103 -0.735245
-0.163955 0.0619263 -0.984522  0.310567
        0         0         0         1
v_world_imu:    0.0131595  -0.00414376 -0.000199819
frame_169
id: 1235
stamp: 1783948193.741410494
T_odom_lidar: 
 -0.91307 -0.387006  0.128569   0.14925
-0.373069  0.920023  0.119905 -0.735809
-0.164691 0.0615167 -0.984425  0.311157
        0         0         0         1
T_world_lidar: 
 -0.91307 -0.387006  0.128569   0.14925
-0.373069  0.920023  0.119905 -0.735809
-0.164691 0.0615167 -0.984425  0.311157
        0         0         0         1
v_world_imu:   0.0132428 -0.00194051 0.000413559
frame_170
id: 1236
stamp: 1783948193.842274904
T_odom_lidar: 
-0.913205  -0.38643  0.129338  0.150216
-0.372374  0.920253  0.120296 -0.735844
 -0.16551 0.0616923 -0.984277  0.310971
        0         0         0         1
T_world_lidar: 
-0.913205  -0.38643  0.129338  0.150216
-0.372374  0.920253  0.120296 -0.735844
 -0.16551 0.0616923 -0.984277  0.310971
        0         0         0         1
v_world_imu:    0.0118148 -0.000444205  -0.00163321
frame_171
id: 1237
stamp: 1783948193.943142176
T_odom_lidar: 
-0.913421 -0.385756  0.129826  0.150867
-0.371612  0.920521   0.12061 -0.735719
-0.166033 0.0619226 -0.984174  0.310562
        0         0         0         1
T_world_lidar: 
-0.913421 -0.385756  0.129826  0.150867
-0.371612  0.920521   0.12061 -0.735719
-0.166033 0.0619226 -0.984174  0.310562
        0         0         0         1
v_world_imu:  0.00667015 0.000957064 -0.00443413
frame_172
id: 1238
stamp: 1783948194.044009209
T_odom_lidar: 
-0.913381 -0.385667  0.130373  0.150833
-0.371436  0.920552  0.120914 -0.735458
-0.166647 0.0620152 -0.984064  0.309785
        0         0         0         1
T_world_lidar: 
-0.913381 -0.385667  0.130373  0.150833
-0.371436  0.920552  0.120914 -0.735458
-0.166647 0.0620152 -0.984064  0.309785
        0         0         0         1
v_world_imu: -0.00130783  0.00174111 -0.00871044
frame_173
id: 1239
stamp: 1783948194.144877911
T_odom_lidar: 
-0.913568 -0.385367  0.129947  0.150007
-0.371178  0.920669  0.120814 -0.735243
-0.166195 0.0621383 -0.984133   0.30876
        0         0         0         1
T_world_lidar: 
-0.913568 -0.385367  0.129947  0.150007
-0.371178  0.920669  0.120814 -0.735243
-0.166195 0.0621383 -0.984133   0.30876
        0         0         0         1
v_world_imu: -0.00910367  0.00147398  -0.0121727
frame_174
id: 1240
stamp: 1783948194.245753050
T_odom_lidar: 
-0.913545 -0.385538  0.129597  0.148587
-0.371382  0.920594  0.120755  -0.73488
-0.165862 0.0621852 -0.984186   0.30713
        0         0         0         1
T_world_lidar: 
-0.913545 -0.385538  0.129597  0.148587
-0.371382  0.920594  0.120755  -0.73488
-0.165862 0.0621852 -0.984186   0.30713
        0         0         0         1
v_world_imu: -0.0144939 0.00167806 -0.0135133
frame_175
id: 1241
stamp: 1783948194.346612930
T_odom_lidar: 
-0.913718 -0.385428  0.128701  0.146767
-0.371353  0.920625  0.120612 -0.734613
-0.164972  0.062412 -0.984322  0.305773
        0         0         0         1
T_world_lidar: 
-0.913718 -0.385428  0.128701  0.146767
-0.371353  0.920625  0.120612 -0.734613
-0.164972  0.062412 -0.984322  0.305773
        0         0         0         1
v_world_imu:  -0.0174166 0.000970396  -0.0117545
frame_176
id: 1242
stamp: 1783948194.447479248
T_odom_lidar: 
 -0.91391 -0.385367  0.127515  0.144746
-0.371309  0.920596  0.120963 -0.734452
-0.164005 0.0632017 -0.984433  0.304544
        0         0         0         1
T_world_lidar: 
 -0.91391 -0.385367  0.127515  0.144746
-0.371309  0.920596  0.120963 -0.734452
-0.164005 0.0632017 -0.984433  0.304544
        0         0         0         1
v_world_imu: -0.0191277 0.00120221 -0.0114276
frame_177
id: 1243
stamp: 1783948194.548353672
T_odom_lidar: 
-0.914023 -0.385544  0.126162  0.142619
-0.371555  0.920481  0.121082 -0.734233
-0.162813 0.0637951 -0.984592  0.303407
        0         0         0         1
T_world_lidar: 
-0.914023 -0.385544  0.126162  0.142619
-0.371555  0.920481  0.121082 -0.734233
-0.162813 0.0637951 -0.984592  0.303407
        0         0         0         1
v_world_imu:  -0.0191394 0.000598161  -0.0095048
frame_178
id: 1244
stamp: 1783948194.649211168
T_odom_lidar: 
-0.914016  -0.38574  0.125617  0.140639
-0.371772  0.920381  0.121176  -0.73406
-0.162358 0.0640559 -0.984651  0.302431
        0         0         0         1
T_world_lidar: 
-0.914016  -0.38574  0.125617  0.140639
-0.371772  0.920381  0.121176  -0.73406
-0.162358 0.0640559 -0.984651  0.302431
        0         0         0         1
v_world_imu:  -0.0156669 0.000123074 -0.00788174
frame_179
id: 1245
stamp: 1783948194.750074148
T_odom_lidar: 
-0.914001 -0.385966  0.125027  0.139125
-0.372039  0.920273  0.121178 -0.733967
 -0.16183 0.0642421 -0.984725  0.301734
        0         0         0         1
T_world_lidar: 
-0.914001 -0.385966  0.125027  0.139125
-0.372039  0.920273  0.121178 -0.733967
 -0.16183 0.0642421 -0.984725  0.301734
        0         0         0         1
v_world_imu:  -0.00981666 -0.000409695  -0.00445947
frame_180
id: 1246
stamp: 1783948194.850942612
T_odom_lidar: 
-0.914274 -0.385268  0.125185   0.13821
-0.371276  0.920541  0.121482 -0.733924
-0.162041 0.0645891 -0.984668  0.301318
        0         0         0         1
T_world_lidar: 
-0.914274 -0.385268  0.125185   0.13821
-0.371276  0.920541  0.121482 -0.733924
-0.162041 0.0645891 -0.984668  0.301318
        0         0         0         1
v_world_imu: -0.00425872  -0.0011029 -0.00198187
frame_181
id: 1247
stamp: 1783948194.951811314
T_odom_lidar: 
-0.914267 -0.385296  0.125148  0.137768
-0.371277  0.920518  0.121658 -0.733969
-0.162076 0.0647636 -0.984651  0.301209
        0         0         0         1
T_world_lidar: 
-0.914267 -0.385296  0.125148  0.137768
-0.371277  0.920518  0.121658 -0.733969
-0.162076 0.0647636 -0.984651  0.301209
        0         0         0         1
v_world_imu: -7.48845e-06  -0.00233996   0.00129837
frame_182
id: 1248
stamp: 1783948195.052681208
T_odom_lidar: 
-0.914362  -0.38483   0.12589  0.137701
-0.370691    0.9207  0.122066 -0.734186
-0.162881  0.064946 -0.984506  0.301334
        0         0         0         1
T_world_lidar: 
-0.914362  -0.38483   0.12589  0.137701
-0.370691    0.9207  0.122066 -0.734186
-0.162881  0.064946 -0.984506  0.301334
        0         0         0         1
v_world_imu:  0.00296858 -0.00473143  0.00333656
frame_183
id: 1249
stamp: 1783948195.154812813
T_odom_lidar: 
-0.914302 -0.384664   0.12683  0.137737
-0.370425  0.920778  0.122286 -0.734686
-0.163821 0.0648256 -0.984358  0.301786
        0         0         0         1
T_world_lidar: 
-0.914302 -0.384664   0.12683  0.137737
-0.370425  0.920778  0.122286 -0.734686
-0.163821 0.0648256 -0.984358  0.301786
        0         0         0         1
v_world_imu:   0.0050825 -0.00761745   0.0038242
frame_184
id: 1250
stamp: 1783948195.254412174
T_odom_lidar: 
-0.914466 -0.384182  0.127109  0.136784
-0.369968  0.920999  0.122001 -0.735806
-0.163938 0.0645393 -0.984357  0.302924
        0         0         0         1
T_world_lidar: 
-0.914466 -0.384182  0.127109  0.136784
-0.369968  0.920999  0.122001 -0.735806
-0.163938 0.0645393 -0.984357  0.302924
        0         0         0         1
v_world_imu:  0.00656413 -0.00994233  0.00638572
frame_185
id: 1251
stamp: 1783948195.355277300
T_odom_lidar: 
-0.914497 -0.383761  0.128149  0.137176
-0.369514  0.921211  0.121776 -0.736789
-0.164785  0.064011  -0.98425  0.303485
        0         0         0         1
T_world_lidar: 
-0.914497 -0.383761  0.128149  0.137176
-0.369514  0.921211  0.121776 -0.736789
-0.164785  0.064011  -0.98425  0.303485
        0         0         0         1
v_world_imu: 0.00674714 -0.0124442 0.00619829
frame_186
id: 1252
stamp: 1783948195.456141233
T_odom_lidar: 
-0.914661 -0.383104  0.128942  0.137576
-0.368871  0.921524  0.121355 -0.737988
-0.165315 0.0634356 -0.984199  0.303956
        0         0         0         1
T_world_lidar: 
-0.914661 -0.383104  0.128942  0.137576
-0.368871  0.921524  0.121355 -0.737988
-0.165315 0.0634356 -0.984199  0.303956
        0         0         0         1
v_world_imu: 0.00485409 -0.0146293 0.00485197
frame_187
id: 1253
stamp: 1783948195.557049274
T_odom_lidar: 
-0.914673 -0.382865  0.129564  0.137685
-0.368679  0.921671  0.120827 -0.739382
-0.165676 0.0627499 -0.984182  0.304265
        0         0         0         1
T_world_lidar: 
-0.914673 -0.382865  0.129564  0.137685
-0.368679  0.921671  0.120827 -0.739382
-0.165676 0.0627499 -0.984182  0.304265
        0         0         0         1
v_world_imu: 0.00161917 -0.0160884  0.0030003
frame_188
id: 1254
stamp: 1783948195.657875776
T_odom_lidar: 
-0.914875 -0.382249  0.129959  0.137549
 -0.36811  0.921958  0.120367 -0.740831
-0.165827 0.0622812 -0.984186   0.30442
        0         0         0         1
T_world_lidar: 
-0.914875 -0.382249  0.129959  0.137549
 -0.36811  0.921958  0.120367 -0.740831
-0.165827 0.0622812 -0.984186   0.30442
        0         0         0         1
v_world_imu: -0.00124343   -0.014911  0.00119271
frame_189
id: 1255
stamp: 1783948195.758746386
T_odom_lidar: 
-0.914961 -0.382074  0.129866  0.137142
-0.368024  0.922057  0.119869 -0.742036
-0.165543  0.061882 -0.984259  0.304412
        0         0         0         1
T_world_lidar: 
-0.914961 -0.382074  0.129866  0.137142
-0.368024  0.922057  0.119869 -0.742036
-0.165543  0.061882 -0.984259  0.304412
        0         0         0         1
v_world_imu:  -0.00433873   -0.0125414 -0.000191105
frame_190
id: 1256
stamp: 1783948195.860723257
T_odom_lidar: 
 -0.91497 -0.381924  0.130246  0.136393
-0.367856   0.92213  0.119827 -0.743059
-0.165869 0.0617261 -0.984214    0.3042
        0         0         0         1
T_world_lidar: 
 -0.91497 -0.381924  0.130246  0.136393
-0.367856   0.92213  0.119827 -0.743059
-0.165869 0.0617261 -0.984214    0.3042
        0         0         0         1
v_world_imu: -0.00796083  -0.0109784 -0.00238711
frame_191
id: 1257
stamp: 1783948195.960483313
T_odom_lidar: 
-0.915111  -0.38145  0.130644  0.135371
-0.367361  0.922334  0.119775 -0.743961
-0.166185 0.0616138 -0.984168  0.303797
        0         0         0         1
T_world_lidar: 
-0.915111  -0.38145  0.130644  0.135371
-0.367361  0.922334  0.119775 -0.743961
-0.166185 0.0616138 -0.984168  0.303797
        0         0         0         1
v_world_imu:  -0.0107835 -0.00964748 -0.00438882
frame_192
id: 1258
stamp: 1783948196.062395096
T_odom_lidar: 
-0.915179 -0.381197  0.130905  0.133971
 -0.36708  0.922438  0.119834 -0.744722
-0.166432 0.0616172 -0.984126  0.303156
        0         0         0         1
T_world_lidar: 
-0.915179 -0.381197  0.130905  0.133971
 -0.36708  0.922438  0.119834 -0.744722
-0.166432 0.0616172 -0.984126  0.303156
        0         0         0         1
v_world_imu:  -0.0149095  -0.0084595 -0.00710236
frame_193
id: 1259
stamp: 1783948196.162220001
T_odom_lidar: 
-0.915143 -0.381208  0.131123  0.132215
 -0.36711  0.922451  0.119638 -0.745376
-0.166561 0.0613489 -0.984121  0.302276
        0         0         0         1
T_world_lidar: 
-0.915143 -0.381208  0.131123  0.132215
 -0.36711  0.922451  0.119638 -0.745376
-0.166561 0.0613489 -0.984121  0.302276
        0         0         0         1
v_world_imu:  -0.0187642 -0.00801237 -0.00898744
frame_194
id: 1260
stamp: 1783948196.263077497
T_odom_lidar: 
-0.915284 -0.380968  0.130839  0.130125
-0.366885   0.92254  0.119648 -0.745995
-0.166286  0.061509 -0.984157  0.301212
        0         0         0         1
T_world_lidar: 
-0.915284 -0.380968  0.130839  0.130125
-0.366885   0.92254  0.119648 -0.745995
-0.166286  0.061509 -0.984157  0.301212
        0         0         0         1
v_world_imu:   -0.022478 -0.00592025  -0.0115906
frame_195
id: 1261
stamp: 1783948196.363937616
T_odom_lidar: 
-0.915304 -0.381216  0.129976  0.127735
-0.367228  0.922434  0.119411 -0.746309
-0.165416 0.0615667   -0.9843  0.299962
        0         0         0         1
T_world_lidar: 
-0.915304 -0.381216  0.129976  0.127735
-0.367228  0.922434  0.119411 -0.746309
-0.165416 0.0615667   -0.9843  0.299962
        0         0         0         1
v_world_imu:  -0.0256628 -0.00382645  -0.0125508
frame_196
id: 1262
stamp: 1783948196.466816187
T_odom_lidar: 
-0.915457 -0.380837  0.130004   0.12494
-0.366792  0.922567  0.119726 -0.746466
-0.165533 0.0619197 -0.984258   0.29855
        0         0         0         1
T_world_lidar: 
-0.915457 -0.380837  0.130004   0.12494
-0.366792  0.922567  0.119726 -0.746466
-0.165533 0.0619197 -0.984258   0.29855
        0         0         0         1
v_world_imu:    -0.029579 -0.000873899   -0.0142667
frame_197
id: 1263
stamp: 1783948196.565692186
T_odom_lidar: 
-0.915421 -0.381071  0.129575  0.121901
-0.367008  0.922444   0.12001 -0.746332
-0.165258 0.0623044  -0.98428   0.29707
        0         0         0         1
T_world_lidar: 
-0.915421 -0.381071  0.129575  0.121901
-0.367008  0.922444   0.12001 -0.746332
-0.165258 0.0623044  -0.98428   0.29707
        0         0         0         1
v_world_imu:  -0.0329172 0.000784795  -0.0150423
frame_198
id: 1264
stamp: 1783948196.666548729
T_odom_lidar: 
-0.915553 -0.381278  0.128021  0.117292
-0.367295  0.922313  0.120135 -0.746466
 -0.16388 0.0629682 -0.984469   0.29623
        0         0         0         1
T_world_lidar: 
-0.915553 -0.381278  0.128021  0.117292
-0.367295  0.922313  0.120135 -0.746466
 -0.16388 0.0629682 -0.984469   0.29623
        0         0         0         1
v_world_imu: -0.0344377 0.00131493 -0.0135191
frame_199
id: 1265
stamp: 1783948196.767412424
T_odom_lidar: 
  -0.9155 -0.381705  0.127126  0.113985
-0.367733  0.922099  0.120436 -0.746233
-0.163194 0.0635113 -0.984548  0.294863
        0         0         0         1
T_world_lidar: 
  -0.9155 -0.381705  0.127126  0.113985
-0.367733  0.922099  0.120436 -0.746233
-0.163194 0.0635113 -0.984548  0.294863
        0         0         0         1
v_world_imu: -0.0328759 0.00104714 -0.0126536
frame_200
id: 1266
stamp: 1783948196.868271351
T_odom_lidar: 
-0.915501 -0.381926   0.12645  0.110916
-0.367938  0.921969  0.120811 -0.746076
-0.162724 0.0640774 -0.984589  0.293707
        0         0         0         1
T_world_lidar: 
-0.915501 -0.381926   0.12645  0.110916
-0.367938  0.921969  0.120811 -0.746076
-0.162724 0.0640774 -0.984589  0.293707
        0         0         0         1
v_world_imu:  -0.0293598 0.000579169  -0.0124568
frame_201
id: 1267
stamp: 1783948196.972189426
T_odom_lidar: 
-0.915494 -0.381791  0.126911   0.10818
-0.367724  0.922017  0.121097 -0.745903
-0.163247 0.0641954 -0.984494  0.292256
        0         0         0         1
T_world_lidar: 
-0.915494 -0.381791  0.126911   0.10818
-0.367724  0.922017  0.121097 -0.745903
-0.163247 0.0641954 -0.984494  0.292256
        0         0         0         1
v_world_imu:   -0.0261048 -0.000107598   -0.0115359
frame_202
id: 1268
stamp: 1783948197.070005655
T_odom_lidar: 
-0.915735 -0.381378  0.126411  0.105962
-0.367309  0.922156  0.121293 -0.745905
-0.162829   0.06464 -0.984535   0.29125
        0         0         0         1
T_world_lidar: 
-0.915735 -0.381378  0.126411  0.105962
-0.367309  0.922156  0.121293 -0.745905
-0.162829   0.06464 -0.984535   0.29125
        0         0         0         1
v_world_imu:  -0.0239933 -0.00181062 -0.00936414
frame_203
id: 1269
stamp: 1783948197.170901060
T_odom_lidar: 
-0.915708 -0.381431  0.126447  0.103756
-0.367367  0.922139   0.12125 -0.746003
 -0.16285 0.0645765 -0.984535   0.29035
        0         0         0         1
T_world_lidar: 
-0.915708 -0.381431  0.126447  0.103756
-0.367367  0.922139   0.12125 -0.746003
 -0.16285 0.0645765 -0.984535   0.29035
        0         0         0         1
v_world_imu:  -0.0227318 -0.00344454 -0.00785433
frame_204
id: 1270
stamp: 1783948197.271736383
T_odom_lidar: 
-0.915763 -0.381393  0.126162  0.101754
-0.367386  0.922163  0.121011 -0.746322
-0.162495 0.0644667 -0.984601  0.289648
        0         0         0         1
T_world_lidar: 
-0.915763 -0.381393  0.126162  0.101754
-0.367386  0.922163  0.121011 -0.746322
-0.162495 0.0644667 -0.984601  0.289648
        0         0         0         1
v_world_imu:  -0.0206991 -0.00529212 -0.00632627
frame_205
id: 1271
stamp: 1783948197.374816418
T_odom_lidar: 
-0.915837 -0.381316  0.125859 0.0999413
-0.367366    0.9222  0.120788 -0.746811
-0.162125 0.0643858 -0.984667  0.289168
        0         0         0         1
T_world_lidar: 
-0.915837 -0.381316  0.125859 0.0999413
-0.367366    0.9222  0.120788 -0.746811
-0.162125 0.0643858 -0.984667  0.289168
        0         0         0         1
v_world_imu:  -0.0184945  -0.0058147 -0.00349108
frame_206
id: 1272
stamp: 1783948197.473475933
T_odom_lidar: 
-0.915909 -0.381132  0.125892 0.0984438
-0.367174  0.922273  0.120817 -0.747239
-0.162154 0.0644334  -0.98466   0.28903
        0         0         0         1
T_world_lidar: 
-0.915909 -0.381132  0.125892 0.0984438
-0.367174  0.922273  0.120817 -0.747239
-0.162154 0.0644334  -0.98466   0.28903
        0         0         0         1
v_world_imu:  -0.0148149 -0.00441716 -0.00199956
frame_207
id: 1273
stamp: 1783948197.574371815
T_odom_lidar: 
-0.916007 -0.380902  0.125873   0.09736
-0.366926  0.922357  0.120921 -0.747483
-0.162159 0.0645787 -0.984649  0.288746
        0         0         0         1
T_world_lidar: 
-0.916007 -0.380902  0.125873   0.09736
-0.366926  0.922357  0.120921 -0.747483
-0.162159 0.0645787 -0.984649  0.288746
        0         0         0         1
v_world_imu:  -0.0117968 -0.00407606  0.00111272
frame_208
id: 1274
stamp: 1783948197.675211191
T_odom_lidar: 
-0.915993 -0.380921  0.125923 0.0965049
-0.366934  0.922348  0.120971 -0.747828
-0.162225 0.0646033 -0.984637  0.289025
        0         0         0         1
T_world_lidar: 
-0.915993 -0.380921  0.125923 0.0965049
-0.366934  0.922348  0.120971 -0.747828
-0.162225 0.0646033 -0.984637  0.289025
        0         0         0         1
v_world_imu: -0.00898093 -0.00445282  0.00455716
frame_209
id: 1275
stamp: 1783948197.776071548
T_odom_lidar: 
-0.916265  -0.38042  0.125455 0.0960079
-0.366396  0.922511  0.121359 -0.748207
-0.161901 0.0652304 -0.984649  0.289667
        0         0         0         1
T_world_lidar: 
-0.916265  -0.38042  0.125455 0.0960079
-0.366396  0.922511  0.121359 -0.748207
-0.161901 0.0652304 -0.984649  0.289667
        0         0         0         1
v_world_imu: -0.00633356 -0.00501385  0.00811652
frame_210
id: 1276
stamp: 1783948197.876950264
T_odom_lidar: 
-0.916467 -0.380171  0.124728 0.0945929
-0.366183  0.922586   0.12143 -0.749054
-0.161237 0.0656131 -0.984732  0.291095
        0         0         0         1
T_world_lidar: 
-0.916467 -0.380171  0.124728 0.0945929
-0.366183  0.922586   0.12143 -0.749054
-0.161237 0.0656131 -0.984732  0.291095
        0         0         0         1
v_world_imu: -0.00556781 -0.00690759   0.0131257
frame_211
id: 1277
stamp: 1783948197.977808237
T_odom_lidar: 
-0.916581 -0.380184  0.123851 0.0944318
-0.366234  0.922549  0.121557 -0.749818
-0.160473 0.0660584 -0.984827  0.292709
        0         0         0         1
T_world_lidar: 
-0.916581 -0.380184  0.123851 0.0944318
-0.366234  0.922549  0.121557 -0.749818
-0.160473 0.0660584 -0.984827  0.292709
        0         0         0         1
v_world_imu: -0.00166989 -0.00848077   0.0158705
frame_212
id: 1278
stamp: 1783948198.082663774
T_odom_lidar: 
-0.916967 -0.379412  0.123361 0.0948247
-0.365434   0.92282  0.121902 -0.750729
-0.160091 0.0666999 -0.984846  0.294596
        0         0         0         1
T_world_lidar: 
-0.916967 -0.379412  0.123361 0.0948247
-0.365434   0.92282  0.121902 -0.750729
-0.160091 0.0666999 -0.984846  0.294596
        0         0         0         1
v_world_imu:  0.00267209 -0.00903098   0.0188337
frame_213
id: 1279
stamp: 1783948198.179536819
T_odom_lidar: 
-0.917159  -0.37918  0.122645 0.0956383
-0.365229  0.922885  0.122028 -0.751637
-0.159458 0.0671262  -0.98492  0.296622
        0         0         0         1
T_world_lidar: 
-0.917159  -0.37918  0.122645 0.0956383
-0.365229  0.922885  0.122028 -0.751637
-0.159458 0.0671262  -0.98492  0.296622
        0         0         0         1
v_world_imu: 0.00819592 -0.0108255  0.0221231
frame_214
id: 1280
stamp: 1783948198.280406237
T_odom_lidar: 
-0.917217 -0.379308  0.121814 0.0971593
-0.365389    0.9228  0.122192  -0.75276
-0.158758 0.0675674 -0.985003  0.299108
        0         0         0         1
T_world_lidar: 
-0.917217 -0.379308  0.121814 0.0971593
-0.365389    0.9228  0.122192  -0.75276
-0.158758 0.0675674 -0.985003  0.299108
        0         0         0         1
v_world_imu:   0.017048 -0.0127063  0.0260201
frame_215
id: 1281
stamp: 1783948198.381274939
T_odom_lidar: 
-0.917618 -0.378435  0.121511 0.0997925
-0.364525  0.923136  0.122233 -0.754063
-0.158428 0.0678697 -0.985035    0.3018
        0         0         0         1
T_world_lidar: 
-0.917618 -0.378435  0.121511 0.0997925
-0.364525  0.923136  0.122233 -0.754063
-0.158428 0.0678697 -0.985035    0.3018
        0         0         0         1
v_world_imu:   0.028222 -0.0158002  0.0309942
frame_216
id: 1282
stamp: 1783948198.482146025
T_odom_lidar: 
-0.917948 -0.377903   0.12067  0.103543
-0.364094  0.923344  0.121949 -0.755838
-0.157505 0.0680074 -0.985174  0.305277
        0         0         0         1
T_world_lidar: 
-0.917948 -0.377903   0.12067  0.103543
-0.364094  0.923344  0.121949 -0.755838
-0.157505 0.0680074 -0.985174  0.305277
        0         0         0         1
v_world_imu:  0.0394312 -0.0201765  0.0362911
frame_217
id: 1283
stamp: 1783948198.583002329
T_odom_lidar: 
 -0.91819  -0.37727  0.120804  0.108402
-0.363544   0.92364  0.121348 -0.758014
-0.157361 0.0675034 -0.985231  0.309263
        0         0         0         1
T_world_lidar: 
 -0.91819  -0.37727  0.120804  0.108402
-0.363544   0.92364  0.121348 -0.758014
-0.157361 0.0675034 -0.985231  0.309263
        0         0         0         1
v_world_imu:  0.0514435 -0.0243776  0.0417313
frame_218
id: 1284
stamp: 1783948198.683878422
T_odom_lidar: 
-0.918402 -0.376425  0.121831  0.114443
-0.362739  0.924051  0.120628 -0.760518
-0.157985 0.0665918 -0.985193  0.313744
        0         0         0         1
T_world_lidar: 
-0.918402 -0.376425  0.121831  0.114443
-0.362739  0.924051  0.120628 -0.760518
-0.157985 0.0665918 -0.985193  0.313744
        0         0         0         1
v_world_imu:  0.0632461 -0.0267827  0.0465341
frame_219
id: 1285
stamp: 1783948198.784764290
T_odom_lidar: 
-0.918542 -0.375514  0.123573  0.121575
-0.361869  0.924525  0.119604 -0.763176
-0.159159 0.0651436 -0.985101  0.318617
        0         0         0         1
T_world_lidar: 
-0.918542 -0.375514  0.123573  0.121575
-0.361869  0.924525  0.119604 -0.763176
-0.159159 0.0651436 -0.985101  0.318617
        0         0         0         1
v_world_imu:  0.0735465 -0.0277013  0.0498271
frame_220
id: 1286
stamp: 1783948198.885603428
T_odom_lidar: 
-0.918501 -0.374981   0.12548  0.129638
-0.361422   0.92487   0.11828 -0.765779
-0.160405 0.0632892  -0.98502  0.323572
        0         0         0         1
T_world_lidar: 
-0.918501 -0.374981   0.12548  0.129638
-0.361422   0.92487   0.11828 -0.765779
-0.160405 0.0632892  -0.98502  0.323572
        0         0         0         1
v_world_imu:  0.0820039 -0.0266122  0.0516578
frame_221
id: 1287
stamp: 1783948198.986471176
T_odom_lidar: 
 -0.91839 -0.374652   0.12726  0.138408
-0.361229   0.92514  0.116743 -0.768233
-0.161471  0.061246 -0.984975  0.328938
        0         0         0         1
T_world_lidar: 
 -0.91839 -0.374652   0.12726  0.138408
-0.361229   0.92514  0.116743 -0.768233
-0.161471  0.061246 -0.984975  0.328938
        0         0         0         1
v_world_imu:    0.08922 -0.0232226  0.0526781
frame_222
id: 1288
stamp: 1783948199.087342978
T_odom_lidar: 
-0.918238 -0.374117  0.129908  0.147791
-0.360777  0.925507  0.115227 -0.770166
-0.163339  0.058938 -0.984808   0.33422
        0         0         0         1
T_world_lidar: 
-0.918238 -0.374117  0.129908  0.147791
-0.360777  0.925507  0.115227 -0.770166
-0.163339  0.058938 -0.984808   0.33422
        0         0         0         1
v_world_imu:  0.0929745 -0.0170473  0.0514815
frame_223
id: 1289
stamp: 1783948199.188219070
T_odom_lidar: 
 -0.91814 -0.373175  0.133265  0.157289
-0.359851  0.926032  0.113896 -0.771356
-0.165911 0.0566164 -0.984514   0.33923
        0         0         0         1
T_world_lidar: 
 -0.91814 -0.373175  0.133265  0.157289
-0.359851  0.926032  0.113896 -0.771356
-0.165911 0.0566164 -0.984514   0.33923
        0         0         0         1
v_world_imu:   0.0913253 -0.00773603   0.0472398
frame_224
id: 1290
stamp: 1783948199.289073467
T_odom_lidar: 
 -0.91814  -0.37235  0.135552  0.166308
-0.359059  0.926463  0.112883 -0.771427
-0.167616 0.0549713 -0.984319  0.343746
        0         0         0         1
T_world_lidar: 
 -0.91814  -0.37235  0.135552  0.166308
-0.359059  0.926463  0.112883 -0.771427
-0.167616 0.0549713 -0.984319  0.343746
        0         0         0         1
v_world_imu:   0.082889 0.00598177  0.0415194
frame_225
id: 1291
stamp: 1783948199.390287399
T_odom_lidar: 
-0.917792 -0.372757  0.136788  0.172831
-0.359563  0.926382  0.111938 -0.770385
-0.168444 0.0535516 -0.984256  0.348412
        0         0         0         1
T_world_lidar: 
-0.917792 -0.372757  0.136788  0.172831
-0.359563  0.926382  0.111938 -0.770385
-0.168444 0.0535516 -0.984256  0.348412
        0         0         0         1
v_world_imu: 0.0689926 0.0224726  0.034808
frame_226
id: 1292
stamp: 1783948199.490799904
T_odom_lidar: 
 -0.91717 -0.374118  0.137239  0.179341
-0.360951   0.92587  0.111711 -0.767332
-0.168859 0.0529217 -0.984219  0.351533
        0         0         0         1
T_world_lidar: 
 -0.91717 -0.374118  0.137239  0.179341
-0.360951   0.92587  0.111711 -0.767332
-0.168859 0.0529217 -0.984219  0.351533
        0         0         0         1
v_world_imu: 0.0551944 0.0380365 0.0263493
frame_227
id: 1293
stamp: 1783948199.591678619
T_odom_lidar: 
-0.916347  -0.37602  0.137543  0.184565
-0.362742   0.92509  0.112365 -0.762774
-0.169491 0.0530727 -0.984102  0.353718
        0         0         0         1
T_world_lidar: 
-0.916347  -0.37602  0.137543  0.184565
-0.362742   0.92509  0.112365 -0.762774
-0.169491 0.0530727 -0.984102  0.353718
        0         0         0         1
v_world_imu: 0.0429059  0.053822 0.0166428
frame_228
id: 1294
stamp: 1783948199.692572355
T_odom_lidar: 
-0.915825 -0.377401  0.137231  0.188694
-0.363959  0.924474  0.113495 -0.756735
  -0.1697 0.0539949 -0.984015  0.355016
        0         0         0         1
T_world_lidar: 
-0.915825 -0.377401  0.137231  0.188694
-0.363959  0.924474  0.113495 -0.756735
  -0.1697 0.0539949 -0.984015  0.355016
        0         0         0         1
v_world_imu:  0.0323857  0.0677488 0.00881483
frame_229
id: 1295
stamp: 1783948199.793403387
T_odom_lidar: 
-0.915415 -0.378709  0.136362  0.191818
-0.364965  0.923817  0.115599 -0.749475
-0.169752 0.0560534 -0.983891  0.355544
        0         0         0         1
T_world_lidar: 
-0.915415 -0.378709  0.136362  0.191818
-0.364965  0.923817  0.115599 -0.749475
-0.169752 0.0560534 -0.983891  0.355544
        0         0         0         1
v_world_imu:  0.0218944  0.0793159 0.00170813
frame_230
id: 1296
stamp: 1783948199.894273996
T_odom_lidar: 
-0.914609 -0.380704  0.136215  0.193829
-0.366524   0.92286  0.118277 -0.741257
-0.170736 0.0582513 -0.983593  0.355375
        0         0         0         1
T_world_lidar: 
-0.914609 -0.380704  0.136215  0.193829
-0.366524   0.92286  0.118277 -0.741257
-0.170736 0.0582513 -0.983593  0.355375
        0         0         0         1
v_world_imu:   0.0127803   0.0866876 -0.00370604
frame_231
id: 1297
stamp: 1783948199.995148897
T_odom_lidar: 
-0.914055 -0.382235  0.135643  0.195034
-0.367594  0.922055  0.121201 -0.732689
-0.171397 0.0609232 -0.983316  0.354898
        0         0         0         1
T_world_lidar: 
-0.914055 -0.382235  0.135643  0.195034
-0.367594  0.922055  0.121201 -0.732689
-0.171397 0.0609232 -0.983316  0.354898
        0         0         0         1
v_world_imu:  0.00597023   0.0874445 -0.00792602
frame_232
id: 1298
stamp: 1783948200.096004248
T_odom_lidar: 
-0.913371 -0.384198  0.134707   0.19577
-0.369151  0.921064  0.123966 -0.724217
-0.171702 0.0634996   -0.9831  0.353806
        0         0         0         1
T_world_lidar: 
-0.913371 -0.384198  0.134707   0.19577
-0.369151  0.921064  0.123966 -0.724217
-0.171702 0.0634996   -0.9831  0.353806
        0         0         0         1
v_world_imu:  0.00149156    0.083719 -0.00873659
frame_233
id: 1299
stamp: 1783948200.197621107
T_odom_lidar: 
-0.913059 -0.385194  0.133975  0.196071
-0.369783  0.920484  0.126375  -0.71626
-0.172001 0.0658463 -0.982894  0.352941
        0         0         0         1
T_world_lidar: 
-0.913059 -0.385194  0.133975  0.196071
-0.369783  0.920484  0.126375  -0.71626
-0.172001 0.0658463 -0.982894  0.352941
        0         0         0         1
v_world_imu: -0.00239914   0.0767593 -0.00845419
frame_234
id: 1300
stamp: 1783948200.297734261
T_odom_lidar: 
-0.912559 -0.386758   0.13287  0.195964
-0.371097  0.919687   0.12831  -0.70931
-0.171823 0.0677826 -0.982793  0.352209
        0         0         0         1
T_world_lidar: 
-0.912559 -0.386758   0.13287  0.195964
-0.371097  0.919687   0.12831  -0.70931
-0.171823 0.0677826 -0.982793  0.352209
        0         0         0         1
v_world_imu: -0.00606716    0.066347 -0.00723524
frame_235
id: 1301
stamp: 1783948200.398633003
T_odom_lidar: 
-0.912489 -0.387437  0.131366  0.195658
-0.371573  0.919242  0.130109 -0.703425
-0.171166 0.0699109 -0.982759   0.35161
        0         0         0         1
T_world_lidar: 
-0.912489 -0.387437  0.131366  0.195658
-0.371573  0.919242  0.130109 -0.703425
-0.171166 0.0699109 -0.982759   0.35161
        0         0         0         1
v_world_imu: -0.00819571   0.0541409 -0.00548297
frame_236
id: 1302
stamp: 1783948200.499469042
T_odom_lidar: 
-0.912084 -0.388958  0.129672  0.195063
-0.372992  0.918474  0.131464 -0.698879
-0.170235 0.0715392 -0.982803  0.351189
        0         0         0         1
T_world_lidar: 
-0.912084 -0.388958  0.129672  0.195063
-0.372992  0.918474  0.131464 -0.698879
-0.170235 0.0715392 -0.982803  0.351189
        0         0         0         1
v_world_imu:  -0.0102821   0.0389998 -0.00392228
frame_237
id: 1303
stamp: 1783948200.600342751
T_odom_lidar: 
-0.911831 -0.389962  0.128425  0.194397
-0.373981  0.917976  0.132129 -0.695953
-0.169416 0.0724508 -0.982878  0.350899
        0         0         0         1
T_world_lidar: 
-0.911831 -0.389962  0.128425  0.194397
-0.373981  0.917976  0.132129 -0.695953
-0.169416 0.0724508 -0.982878  0.350899
        0         0         0         1
v_world_imu: -0.00918393   0.0211221 -0.00211511
frame_238
id: 1304
stamp: 1783948200.701202154
T_odom_lidar: 
-0.911726 -0.390544  0.127401  0.192691
-0.374687  0.917726  0.131867 -0.695232
-0.168419 0.0724907 -0.983046  0.351384
        0         0         0         1
T_world_lidar: 
-0.911726 -0.390544  0.127401  0.192691
-0.374687  0.917726  0.131867 -0.695232
-0.168419 0.0724907 -0.983046  0.351384
        0         0         0         1
v_world_imu: -0.00640197  0.00313736  0.00112687
frame_239
id: 1305
stamp: 1783948200.802098751
T_odom_lidar: 
-0.911597 -0.391047  0.126782  0.192465
-0.375379   0.91756  0.131047 -0.695856
-0.167575 0.0718708 -0.983236  0.351638
        0         0         0         1
T_world_lidar: 
-0.911597 -0.391047  0.126782  0.192465
-0.375379   0.91756  0.131047 -0.695856
-0.167575 0.0718708 -0.983236  0.351638
        0         0         0         1
v_world_imu: -0.00196882  -0.0143106  0.00351024
frame_240
id: 1306
stamp: 1783948200.902966976
T_odom_lidar: 
-0.911565 -0.391122  0.126782  0.192813
-0.375621    0.9176  0.130071 -0.698112
-0.167208 0.0709461 -0.983366  0.352099
        0         0         0         1
T_world_lidar: 
-0.911565 -0.391122  0.126782  0.192813
-0.375621    0.9176  0.130071 -0.698112
-0.167208 0.0709461 -0.983366  0.352099
        0         0         0         1
v_world_imu: 0.00455824 -0.0287928 0.00552239
frame_241
id: 1307
stamp: 1783948201.003836870
T_odom_lidar: 
-0.911659 -0.390736  0.127294  0.193676
-0.375469  0.917888  0.128468 -0.701641
-0.167039 0.0693242  -0.98351   0.35273
        0         0         0         1
T_world_lidar: 
-0.911659 -0.390736  0.127294  0.193676
-0.375469  0.917888  0.128468 -0.701641
-0.167039 0.0693242  -0.98351   0.35273
        0         0         0         1
v_world_imu:  0.0090803 -0.0411824 0.00700793
frame_242
id: 1308
stamp: 1783948201.104672909
T_odom_lidar: 
-0.911795  -0.39013  0.128176  0.194819
 -0.37511  0.918292  0.126622 -0.706298
-0.167102 0.0673731 -0.983635  0.353445
        0         0         0         1
T_world_lidar: 
-0.911795  -0.39013  0.128176  0.194819
 -0.37511  0.918292  0.126622 -0.706298
-0.167102 0.0673731 -0.983635  0.353445
        0         0         0         1
v_world_imu:  0.0113856 -0.0507014   0.007354
frame_243
id: 1309
stamp: 1783948201.205531359
T_odom_lidar: 
-0.912044  -0.38924  0.129106  0.196073
-0.374499  0.918821   0.12457 -0.711697
-0.167113 0.0652628 -0.983775  0.354171
        0         0         0         1
T_world_lidar: 
-0.912044  -0.38924  0.129106  0.196073
-0.374499  0.918821   0.12457 -0.711697
-0.167113 0.0652628 -0.983775  0.354171
        0         0         0         1
v_world_imu:  0.0116198 -0.0556791 0.00705282
frame_244
id: 1310
stamp: 1783948201.306432009
T_odom_lidar: 
-0.912315   -0.3884  0.129719  0.197289
-0.373959  0.919316  0.122528 -0.717441
-0.166842 0.0632749 -0.983951  0.354832
        0         0         0         1
T_world_lidar: 
-0.912315   -0.3884  0.129719  0.197289
-0.373959  0.919316  0.122528 -0.717441
-0.166842 0.0632749 -0.983951  0.354832
        0         0         0         1
v_world_imu:  0.0104669 -0.0582227 0.00615801
frame_245
id: 1311
stamp: 1783948201.407266855
T_odom_lidar: 
-0.912347 -0.388074   0.13047  0.198252
-0.373947  0.919605  0.120375 -0.723317
-0.166695  0.061035 -0.984118  0.355359
        0         0         0         1
T_world_lidar: 
-0.912347 -0.388074   0.13047  0.198252
-0.373947  0.919605  0.120375 -0.723317
-0.166695  0.061035 -0.984118  0.355359
        0         0         0         1
v_world_imu: 0.00852461 -0.0579962 0.00496864
frame_246
id: 1312
stamp: 1783948201.511041641
T_odom_lidar: 
-0.912685 -0.386999  0.131294  0.199057
-0.373118  0.920175  0.118576 -0.729153
-0.166703 0.0592346 -0.984226   0.35577
        0         0         0         1
T_world_lidar: 
-0.912685 -0.386999  0.131294  0.199057
-0.373118  0.920175  0.118576 -0.729153
-0.166703 0.0592346 -0.984226   0.35577
        0         0         0         1
v_world_imu: 0.00682226 -0.0524889 0.00264597
frame_247
id: 1313
stamp: 1783948201.609020472
T_odom_lidar: 
-0.912862 -0.386464  0.131639  0.199523
 -0.37283  0.920498  0.116963  -0.73399
-0.166375 0.0576919 -0.984373  0.355886
        0         0         0         1
T_world_lidar: 
-0.912862 -0.386464  0.131639  0.199523
 -0.37283  0.920498  0.116963  -0.73399
-0.166375 0.0576919 -0.984373  0.355886
        0         0         0         1
v_world_imu:  0.00304436  -0.0454768 0.000431806
frame_248
id: 1314
stamp: 1783948201.709875584
T_odom_lidar: 
-0.913077 -0.385859  0.131924  0.199653
 -0.37241  0.920823  0.115736 -0.738166
-0.166136 0.0565462  -0.98448  0.355759
        0         0         0         1
T_world_lidar: 
-0.913077 -0.385859  0.131924  0.199653
 -0.37241  0.920823  0.115736 -0.738166
-0.166136 0.0565462  -0.98448  0.355759
        0         0         0         1
v_world_imu: -0.00093042  -0.0352077 -0.00202091
frame_249
id: 1315
stamp: 1783948201.810766697
T_odom_lidar: 
-0.913194 -0.385508  0.132137  0.199365
-0.372156  0.921009  0.115073 -0.741205
-0.166061 0.0559083 -0.984529   0.35536
        0         0         0         1
T_world_lidar: 
-0.913194 -0.385508  0.132137  0.199365
-0.372156  0.921009  0.115073 -0.741205
-0.166061 0.0559083 -0.984529   0.35536
        0         0         0         1
v_world_imu: -0.00487627  -0.0233928 -0.00477272
frame_250
id: 1316
stamp: 1783948201.911602020
T_odom_lidar: 
-0.913354 -0.385198  0.131932  0.198728
-0.371876  0.921137  0.114951 -0.743091
-0.165807  0.055929 -0.984571  0.354685
        0         0         0         1
T_world_lidar: 
-0.913354 -0.385198  0.131932  0.198728
-0.371876  0.921137  0.114951 -0.743091
-0.165807  0.055929 -0.984571  0.354685
        0         0         0         1
v_world_imu:  -0.0085466  -0.0109645 -0.00747817
frame_251
id: 1317
stamp: 1783948202.012510061
T_odom_lidar: 
-0.913246 -0.385405  0.132075  0.197677
-0.372026   0.92104   0.11525 -0.743708
-0.166065 0.0561164 -0.984517  0.353753
        0         0         0         1
T_world_lidar: 
-0.913246 -0.385405  0.132075  0.197677
-0.372026   0.92104   0.11525 -0.743708
-0.166065 0.0561164 -0.984517  0.353753
        0         0         0         1
v_world_imu:  -0.0115786  0.00131614 -0.00934928
frame_252
id: 1318
stamp: 1783948202.113337278
T_odom_lidar: 
-0.913273 -0.385356  0.132033  0.196419
-0.371844  0.921013  0.116048 -0.743234
-0.166324 0.0568881 -0.984429  0.352877
        0         0         0         1
T_world_lidar: 
-0.913273 -0.385356  0.132033  0.196419
-0.371844  0.921013  0.116048 -0.743234
-0.166324 0.0568881 -0.984429  0.352877
        0         0         0         1
v_world_imu: -0.0116439  0.0122263 -0.0104416
frame_253
id: 1319
stamp: 1783948202.214197159
T_odom_lidar: 
-0.913261 -0.385561  0.131518  0.193879
-0.371917   0.92086  0.117021 -0.742117
-0.166228 0.0579574 -0.984383  0.352465
        0         0         0         1
T_world_lidar: 
-0.913261 -0.385561  0.131518  0.193879
-0.371917   0.92086  0.117021 -0.742117
-0.166228 0.0579574 -0.984383  0.352465
        0         0         0         1
v_world_imu: -0.0126507  0.0218735 -0.0101168
frame_254
id: 1320
stamp: 1783948202.315064669
T_odom_lidar: 
-0.913173 -0.385929  0.131048   0.19254
-0.372092   0.92062   0.11835 -0.739754
 -0.16632 0.0593119 -0.984286  0.351347
        0         0         0         1
T_world_lidar: 
-0.913173 -0.385929  0.131048   0.19254
-0.372092   0.92062   0.11835 -0.739754
 -0.16632 0.0593119 -0.984286  0.351347
        0         0         0         1
v_world_imu: -0.0136207  0.0282047 -0.0111461
frame_255
id: 1321
stamp: 1783948202.415927887
T_odom_lidar: 
-0.912973 -0.386285  0.131393  0.191089
-0.372169   0.92039  0.119889 -0.736976
-0.167244 0.0605553 -0.984054  0.350055
        0         0         0         1
T_world_lidar: 
-0.912973 -0.386285  0.131393  0.191089
-0.372169   0.92039  0.119889 -0.736976
-0.167244 0.0605553 -0.984054  0.350055
        0         0         0         1
v_world_imu: -0.0139873  0.0308844  -0.013524
frame_256
id: 1322
stamp: 1783948202.516816139
T_odom_lidar: 
-0.912862 -0.386552  0.131381  0.189572
-0.372228  0.920203  0.121129 -0.734088
 -0.16772   0.06167 -0.983904  0.348537
        0         0         0         1
T_world_lidar: 
-0.912862 -0.386552  0.131381  0.189572
-0.372228  0.920203  0.121129 -0.734088
 -0.16772   0.06167 -0.983904  0.348537
        0         0         0         1
v_world_imu: -0.014933 0.0308033 -0.015465
frame_257
id: 1323
stamp: 1783948202.617706776
T_odom_lidar: 
-0.912749 -0.386739  0.131614   0.18791
-0.372221  0.920067  0.122184 -0.731213
-0.168347 0.0625335 -0.983742   0.34676
        0         0         0         1
T_world_lidar: 
-0.912749 -0.386739  0.131614   0.18791
-0.372221  0.920067  0.122184 -0.731213
-0.168347 0.0625335 -0.983742   0.34676
        0         0         0         1
v_world_imu: -0.0168016  0.0295402 -0.0180832
frame_258
id: 1324
stamp: 1783948202.718531609
T_odom_lidar: 
-0.912585 -0.387141   0.13157  0.186043
-0.372467  0.919841  0.123127 -0.728523
-0.168691 0.0633578 -0.983631  0.344705
        0         0         0         1
T_world_lidar: 
-0.912585 -0.387141   0.13157  0.186043
-0.372467  0.919841  0.123127 -0.728523
-0.168691 0.0633578 -0.983631  0.344705
        0         0         0         1
v_world_imu: -0.0191698  0.0269465 -0.0211347
frame_259
id: 1325
stamp: 1783948202.819397926
T_odom_lidar: 
-0.912415 -0.387475  0.131769   0.18375
-0.372671  0.919665  0.123825 -0.726171
-0.169162 0.0638735 -0.983516  0.342446
        0         0         0         1
T_world_lidar: 
-0.912415 -0.387475  0.131769   0.18375
-0.372671  0.919665  0.123825 -0.726171
-0.169162 0.0638735 -0.983516  0.342446
        0         0         0         1
v_world_imu: -0.0229478   0.023214  -0.024948
frame_260
id: 1326
stamp: 1783948202.920264482
T_odom_lidar: 
-0.912239 -0.387963  0.131549  0.181194
-0.373089  0.919426  0.124337 -0.724142
-0.169188 0.0643461 -0.983481  0.339477
        0         0         0         1
T_world_lidar: 
-0.912239 -0.387963  0.131549  0.181194
-0.373089  0.919426  0.124337 -0.724142
-0.169188 0.0643461 -0.983481  0.339477
        0         0         0         1
v_world_imu: -0.0267697  0.0186114 -0.0285745
frame_261
id: 1327
stamp: 1783948203.021131754
T_odom_lidar: 
-0.912367 -0.388083  0.130298  0.178314
-0.373266  0.919333  0.124497 -0.722633
-0.168102 0.0649513 -0.983628  0.336432
        0         0         0         1
T_world_lidar: 
-0.912367 -0.388083  0.130298  0.178314
-0.373266  0.919333  0.124497 -0.722633
-0.168102 0.0649513 -0.983628  0.336432
        0         0         0         1
v_world_imu: -0.0301514  0.0135046 -0.0306246
frame_262
id: 1328
stamp: 1783948203.122000933
T_odom_lidar: 
-0.912119 -0.388843  0.129765  0.175085
-0.374069  0.919007  0.124492 -0.721608
-0.167663 0.0650105 -0.983699  0.333182
        0         0         0         1
T_world_lidar: 
-0.912119 -0.388843  0.129765  0.175085
-0.374069  0.919007  0.124492 -0.721608
-0.167663 0.0650105 -0.983699  0.333182
        0         0         0         1
v_world_imu: -0.0317686 0.00769144 -0.0319656
frame_263
id: 1329
stamp: 1783948203.222866297
T_odom_lidar: 
-0.912249 -0.388773  0.129063  0.171743
-0.374066  0.919025  0.124368 -0.721233
-0.166963 0.0651768 -0.983806  0.329888
        0         0         0         1
T_world_lidar: 
-0.912249 -0.388773  0.129063  0.171743
-0.374066  0.919025  0.124368 -0.721233
-0.166963 0.0651768 -0.983806  0.329888
        0         0         0         1
v_world_imu: -0.0329766 0.00208921  -0.032249
frame_264
id: 1330
stamp: 1783948203.323762417
T_odom_lidar: 
-0.912191 -0.389252  0.128022  0.168279
-0.374712  0.918837   0.12381  -0.72129
-0.165825  0.064967 -0.984013  0.326598
        0         0         0         1
T_world_lidar: 
-0.912191 -0.389252  0.128022  0.168279
-0.374712  0.918837   0.12381  -0.72129
-0.165825  0.064967 -0.984013  0.326598
        0         0         0         1
v_world_imu:  -0.0332539 -0.00148345  -0.0320592
frame_265
id: 1331
stamp: 1783948203.424607515
T_odom_lidar: 
-0.912269 -0.389636  0.126288  0.163845
-0.375332  0.918679  0.123106  -0.72202
-0.163984 0.0649056 -0.984325  0.323825
        0         0         0         1
T_world_lidar: 
-0.912269 -0.389636  0.126288  0.163845
-0.375332  0.918679  0.123106  -0.72202
-0.163984 0.0649056 -0.984325  0.323825
        0         0         0         1
v_world_imu:   -0.031456 -0.00561321  -0.0282418
frame_266
id: 1332
stamp: 1783948203.525470018
T_odom_lidar: 
-0.912277 -0.389919  0.125355   0.16076
-0.375746  0.918564  0.122701 -0.722809
 -0.16299 0.0648352 -0.984495  0.321005
        0         0         0         1
T_world_lidar: 
-0.912277 -0.389919  0.125355   0.16076
-0.375746  0.918564  0.122701 -0.722809
 -0.16299 0.0648352 -0.984495  0.321005
        0         0         0         1
v_world_imu:  -0.0275637 -0.00908007  -0.0257088
frame_267
id: 1333
stamp: 1783948203.626338005
T_odom_lidar: 
-0.912102 -0.390433  0.125032  0.158084
-0.376387  0.918384  0.122083 -0.723862
-0.162493  0.064292 -0.984613  0.318472
        0         0         0         1
T_world_lidar: 
-0.912102 -0.390433  0.125032  0.158084
-0.376387  0.918384  0.122083 -0.723862
-0.162493  0.064292 -0.984613  0.318472
        0         0         0         1
v_world_imu: -0.0219481 -0.0117941 -0.0223561
frame_268
id: 1334
stamp: 1783948203.727196932
T_odom_lidar: 
-0.912131 -0.390406  0.124903  0.155958
-0.376473  0.918433  0.121447 -0.725156
-0.162128 0.0637526 -0.984708   0.31632
        0         0         0         1
T_world_lidar: 
-0.912131 -0.390406  0.124903  0.155958
-0.376473  0.918433  0.121447 -0.725156
-0.162128 0.0637526 -0.984708   0.31632
        0         0         0         1
v_world_imu: -0.0167174 -0.0141146 -0.0185701
frame_269
id: 1335
stamp: 1783948203.828078508
T_odom_lidar: 
-0.912086 -0.390568  0.124725  0.154335
 -0.37675  0.918402  0.120821 -0.726656
-0.161736 0.0632094 -0.984808  0.314537
        0         0         0         1
T_world_lidar: 
-0.912086 -0.390568  0.124725  0.154335
 -0.37675  0.918402  0.120821 -0.726656
-0.161736 0.0632094 -0.984808  0.314537
        0         0         0         1
v_world_imu: -0.0115804  -0.014995 -0.0150917
frame_270
id: 1336
stamp: 1783948203.928941488
T_odom_lidar: 
-0.912091 -0.390338  0.125404  0.153135
-0.376605  0.918564  0.120035 -0.728124
-0.162046 0.0622552 -0.984818  0.313056
        0         0         0         1
T_world_lidar: 
-0.912091 -0.390338  0.125404  0.153135
-0.376605  0.918564  0.120035 -0.728124
-0.162046 0.0622552 -0.984818  0.313056
        0         0         0         1
v_world_imu: -0.00726638  -0.0148052  -0.0123233
frame_271
id: 1337
stamp: 1783948204.029831409
T_odom_lidar: 
-0.912169 -0.389947  0.126053  0.152261
-0.376302  0.918793  0.119233 -0.729524
-0.162312  0.061327 -0.984832  0.311823
        0         0         0         1
T_world_lidar: 
-0.912169 -0.389947  0.126053  0.152261
-0.376302  0.918793  0.119233 -0.729524
-0.162312  0.061327 -0.984832  0.311823
        0         0         0         1
v_world_imu: -0.00548609  -0.0129842   -0.010184
frame_272
id: 1338
stamp: 1783948204.130659103
T_odom_lidar: 
-0.912304 -0.389431  0.126668  0.151455
-0.375835  0.919056  0.118678  -0.73059
-0.162632  0.060664  -0.98482  0.310772
        0         0         0         1
T_world_lidar: 
-0.912304 -0.389431  0.126668  0.151455
-0.375835  0.919056  0.118678  -0.73059
-0.162632  0.060664  -0.98482  0.310772
        0         0         0         1
v_world_imu: -0.00575634 -0.00805403 -0.00869415
frame_273
id: 1339
stamp: 1783948204.231528282
T_odom_lidar: 
-0.912279 -0.389255  0.127386  0.150455
-0.375665  0.919165   0.11837 -0.731082
-0.163165 0.0601322 -0.984765  0.309811
        0         0         0         1
T_world_lidar: 
-0.912279 -0.389255  0.127386  0.150455
-0.375665  0.919165   0.11837 -0.731082
-0.163165 0.0601322 -0.984765  0.309811
        0         0         0         1
v_world_imu: -0.00793058 -0.00241397  -0.0081697
frame_274
id: 1340
stamp: 1783948204.332395554
T_odom_lidar: 
-0.912228 -0.389386  0.127357  0.149301
-0.375775  0.919102  0.118506 -0.731044
-0.163199 0.0602468 -0.984752  0.308932
        0         0         0         1
T_world_lidar: 
-0.912228 -0.389386  0.127357  0.149301
-0.375775  0.919102  0.118506 -0.731044
-0.163199 0.0602468 -0.984752  0.308932
        0         0         0         1
v_world_imu: -0.00971865  0.00363178 -0.00698619
frame_275
id: 1341
stamp: 1783948204.433262348
T_odom_lidar: 
-0.912274 -0.389208  0.127565  0.147924
-0.375526   0.91916  0.118849 -0.730441
 -0.16351 0.0605187 -0.984684  0.308136
        0         0         0         1
T_world_lidar: 
-0.912274 -0.389208  0.127565  0.147924
-0.375526   0.91916  0.118849 -0.730441
 -0.16351 0.0605187 -0.984684  0.308136
        0         0         0         1
v_world_imu:  -0.0121621  0.00827668 -0.00634639
frame_276
id: 1342
stamp: 1783948204.534132004
T_odom_lidar: 
-0.912372 -0.389177  0.126962  0.146336
-0.375426  0.919117  0.119497  -0.72947
-0.163198 0.0613609 -0.984683  0.307405
        0         0         0         1
T_world_lidar: 
-0.912372 -0.389177  0.126962  0.146336
-0.375426  0.919117  0.119497  -0.72947
-0.163198 0.0613609 -0.984683  0.307405
        0         0         0         1
v_world_imu:  -0.0147232   0.0120834 -0.00643462
frame_277
id: 1343
stamp: 1783948204.634993553
T_odom_lidar: 
-0.912425 -0.389517  0.125527  0.143446
-0.375808   0.91892  0.119809 -0.728458
-0.162017 0.0621423 -0.984829  0.307114
        0         0         0         1
T_world_lidar: 
-0.912425 -0.389517  0.125527  0.143446
-0.375808   0.91892  0.119809 -0.728458
-0.162017 0.0621423 -0.984829  0.307114
        0         0         0         1
v_world_imu:  -0.0165223   0.0146082 -0.00362184
frame_278
id: 1344
stamp: 1783948204.735890388
T_odom_lidar: 
-0.912505 -0.389669  0.124473  0.141747
 -0.37592  0.918789  0.120465 -0.726968
-0.161306 0.0631329 -0.984883  0.306706
        0         0         0         1
T_world_lidar: 
-0.912505 -0.389669  0.124473  0.141747
 -0.37592  0.918789  0.120465 -0.726968
-0.161306 0.0631329 -0.984883  0.306706
        0         0         0         1
v_world_imu:  -0.0130789   0.0150088 -0.00213036
frame_279
id: 1345
stamp: 1783948204.836768627
T_odom_lidar: 
-0.912453 -0.389967  0.123912  0.140449
-0.376164  0.918614  0.121032 -0.725459
-0.161026 0.0638249 -0.984884  0.306478
        0         0         0         1
T_world_lidar: 
-0.912453 -0.389967  0.123912  0.140449
-0.376164  0.918614  0.121032 -0.725459
-0.161026 0.0638249 -0.984884  0.306478
        0         0         0         1
v_world_imu:  -0.00797295    0.0142327 -8.85693e-06
frame_280
id: 1346
stamp: 1783948204.940355778
T_odom_lidar: 
-0.912455 -0.389965  0.123907  0.139729
 -0.37609  0.918587  0.121472 -0.724073
 -0.16119 0.0642376 -0.984831  0.306476
        0         0         0         1
T_world_lidar: 
-0.912455 -0.389965  0.123907  0.139729
 -0.37609  0.918587  0.121472 -0.724073
 -0.16119 0.0642376 -0.984831  0.306476
        0         0         0         1
v_world_imu: -0.00065324   0.0123659  0.00201454
frame_281
id: 1347
stamp: 1783948205.039803267
T_odom_lidar: 
-0.912605  -0.38963  0.123858  0.139772
-0.375723   0.91871  0.121671 -0.722908
-0.161197 0.0645009 -0.984812  0.306738
        0         0         0         1
T_world_lidar: 
-0.912605  -0.38963  0.123858  0.139772
-0.375723   0.91871  0.121671 -0.722908
-0.161197 0.0645009 -0.984812  0.306738
        0         0         0         1
v_world_imu: 0.00617612  0.0100268 0.00496621
frame_282
id: 1348
stamp: 1783948205.139335871
T_odom_lidar: 
-0.912625 -0.389491  0.124146  0.140424
-0.375555  0.918771  0.121729 -0.721976
-0.161474 0.0644694 -0.984769  0.307231
        0         0         0         1
T_world_lidar: 
-0.912625 -0.389491  0.124146  0.140424
-0.375555  0.918771  0.121729 -0.721976
-0.161474 0.0644694 -0.984769  0.307231
        0         0         0         1
v_world_imu:  0.0124045 0.00824142  0.0064859
frame_283
id: 1349
stamp: 1783948205.240196705
T_odom_lidar: 
-0.912834 -0.388868  0.124565  0.141685
-0.374943  0.919056  0.121466 -0.721162
-0.161716 0.0641736 -0.984749  0.307875
        0         0         0         1
T_world_lidar: 
-0.912834 -0.388868  0.124565  0.141685
-0.374943  0.919056  0.121466 -0.721162
-0.161716 0.0641736 -0.984749  0.307875
        0         0         0         1
v_world_imu:  0.0181355 0.00716234 0.00764137
frame_284
id: 1350
stamp: 1783948205.341056824
T_odom_lidar: 
 -0.91305 -0.388003  0.125669  0.143397
-0.374009  0.919444  0.121413 -0.720356
-0.162654 0.0638543 -0.984615  0.308521
        0         0         0         1
T_world_lidar: 
 -0.91305 -0.388003  0.125669  0.143397
-0.374009  0.919444  0.121413 -0.720356
-0.162654 0.0638543 -0.984615  0.308521
        0         0         0         1
v_world_imu:  0.0216871 0.00736629  0.0077456
frame_285
id: 1351
stamp: 1783948205.441925049
T_odom_lidar: 
-0.913181 -0.387325  0.126805   0.14529
-0.373253  0.919752  0.121404 -0.719494
-0.163652 0.0635332  -0.98447  0.309143
        0         0         0         1
T_world_lidar: 
-0.913181 -0.387325  0.126805   0.14529
-0.373253  0.919752  0.121404 -0.719494
-0.163652 0.0635332  -0.98447  0.309143
        0         0         0         1
v_world_imu:  0.0222693 0.00778796 0.00664692
frame_286
id: 1352
stamp: 1783948205.542989969
T_odom_lidar: 
-0.913244 -0.386917  0.127594   0.14718
-0.372802  0.919943  0.121342 -0.718623
-0.164329 0.0632479 -0.984376  0.309585
        0         0         0         1
T_world_lidar: 
-0.913244 -0.386917  0.127594   0.14718
-0.372802  0.919943  0.121342 -0.718623
-0.164329 0.0632479 -0.984376  0.309585
        0         0         0         1
v_world_imu:  0.0216801 0.00795926 0.00494011
frame_287
id: 1353
stamp: 1783948205.644598246
T_odom_lidar: 
-0.913359 -0.386333  0.128536  0.149017
-0.372145  0.920203  0.121389 -0.717703
-0.165175 0.0630374 -0.984248  0.309861
        0         0         0         1
T_world_lidar: 
-0.913359 -0.386333  0.128536  0.149017
-0.372145  0.920203  0.121389 -0.717703
-0.165175 0.0630374 -0.984248  0.309861
        0         0         0         1
v_world_imu:   0.021107 0.00867624 0.00314187
frame_288
id: 1354
stamp: 1783948205.744572163
T_odom_lidar: 
-0.913455 -0.385837  0.129344  0.150731
-0.371555  0.920411  0.121614 -0.716745
-0.165973 0.0630301 -0.984114  0.309989
        0         0         0         1
T_world_lidar: 
-0.913455 -0.385837  0.129344  0.150731
-0.371555  0.920411  0.121614 -0.716745
-0.165973 0.0630301 -0.984114  0.309989
        0         0         0         1
v_world_imu:   0.019669 0.00910221 0.00219701
frame_289
id: 1355
stamp: 1783948205.845855951
T_odom_lidar: 
-0.913301 -0.385997  0.129954  0.152276
-0.371664  0.920357  0.121695  -0.71577
-0.166578 0.0628446 -0.984023  0.310054
        0         0         0         1
T_world_lidar: 
-0.913301 -0.385997  0.129954  0.152276
-0.371664  0.920357  0.121695  -0.71577
-0.166578 0.0628446 -0.984023  0.310054
        0         0         0         1
v_world_imu:  0.0183219 0.00844542 0.00168989
frame_290
id: 1356
stamp: 1783948205.946265697
T_odom_lidar: 
-0.913534  -0.38526  0.130501   0.15373
-0.370845  0.920656   0.12193 -0.714923
-0.167121 0.0629916 -0.983922  0.310078
        0         0         0         1
T_world_lidar: 
-0.913534  -0.38526  0.130501   0.15373
-0.370845  0.920656   0.12193 -0.714923
-0.167121 0.0629916 -0.983922  0.310078
        0         0         0         1
v_world_imu:    0.015823  0.00741715 0.000985717
frame_291
id: 1357
stamp: 1783948206.047259569
T_odom_lidar: 
 -0.91368 -0.384889  0.130572  0.154813
-0.370489  0.920816    0.1218 -0.714146
-0.167112 0.0629106 -0.983929  0.310358
        0         0         0         1
T_world_lidar: 
 -0.91368 -0.384889  0.130572  0.154813
-0.370489  0.920816    0.1218 -0.714146
-0.167112 0.0629106 -0.983929  0.310358
        0         0         0         1
v_world_imu:  0.0130903 0.00642058 0.00199217
frame_292
id: 1358
stamp: 1783948206.147989750
T_odom_lidar: 
-0.914008 -0.384222  0.130239  0.154439
-0.369821  0.921071  0.121904 -0.713883
-0.166798  0.063256  -0.98396  0.311263
        0         0         0         1
T_world_lidar: 
-0.914008 -0.384222  0.130239  0.154439
-0.369821  0.921071  0.121904 -0.713883
-0.166798  0.063256  -0.98396  0.311263
        0         0         0         1
v_world_imu: 0.00926016 0.00597483 0.00401225
frame_293
id: 1359
stamp: 1783948206.248852491
T_odom_lidar: 
-0.914278 -0.383666  0.129982  0.154933
-0.369245  0.921276  0.122099 -0.713278
-0.166594 0.0636372  -0.98397  0.311611
        0         0         0         1
T_world_lidar: 
-0.914278 -0.383666  0.129982  0.154933
-0.369245  0.921276  0.122099 -0.713278
-0.166594 0.0636372  -0.98397  0.311611
        0         0         0         1
v_world_imu: 0.00488536 0.00427235 0.00433857
frame_294
id: 1360
stamp: 1783948206.350372076
T_odom_lidar: 
-0.914268 -0.383766  0.129763  0.155001
-0.369302  0.921209  0.122433 -0.712821
-0.166525 0.0640144 -0.983957   0.31195
        0         0         0         1
T_world_lidar: 
-0.914268 -0.383766  0.129763  0.155001
-0.369302  0.921209  0.122433 -0.712821
-0.166525 0.0640144 -0.983957   0.31195
        0         0         0         1
v_world_imu: 0.00113335  0.0026567 0.00392403
frame_295
id: 1361
stamp: 1783948206.450589657
T_odom_lidar: 
  -0.9144 -0.383617  0.129267  0.154864
-0.369165  0.921248  0.122557 -0.712595
-0.166102 0.0643454 -0.984007  0.312315
        0         0         0         1
T_world_lidar: 
  -0.9144 -0.383617  0.129267  0.154864
-0.369165  0.921248  0.122557 -0.712595
-0.166102 0.0643454 -0.984007  0.312315
        0         0         0         1
v_world_imu: -1.43138e-05 -0.000914381   0.00521403
frame_296
id: 1362
stamp: 1783948206.551457644
T_odom_lidar: 
-0.914464 -0.383406  0.129447  0.154651
-0.368913  0.921328  0.122715 -0.712747
-0.166312  0.064464 -0.983964  0.312777
        0         0         0         1
T_world_lidar: 
-0.914464 -0.383406  0.129447  0.154651
-0.368913  0.921328  0.122715 -0.712747
-0.166312  0.064464 -0.983964  0.312777
        0         0         0         1
v_world_imu: -0.000240458  -0.00448455   0.00545701
frame_297
id: 1363
stamp: 1783948206.652325153
T_odom_lidar: 
-0.914536 -0.383313  0.129206  0.154483
-0.368855  0.921366    0.1226 -0.713266
-0.166041 0.0644642  -0.98401  0.313309
        0         0         0         1
T_world_lidar: 
-0.914536 -0.383313  0.129206  0.154483
-0.368855  0.921366    0.1226 -0.713266
-0.166041 0.0644642  -0.98401  0.313309
        0         0         0         1
v_world_imu: 0.000710202 -0.00819649  0.00643833
frame_298
id: 1364
stamp: 1783948206.753185272
T_odom_lidar: 
-0.914749 -0.382636  0.129709  0.154368
 -0.36813  0.921649  0.122654  -0.71408
-0.166478 0.0644482 -0.983937  0.313856
        0         0         0         1
T_world_lidar: 
-0.914749 -0.382636  0.129709  0.154368
 -0.36813  0.921649  0.122654  -0.71408
-0.166478 0.0644482 -0.983937  0.313856
        0         0         0         1
v_world_imu: 0.000680449  -0.0113035  0.00609487
frame_299
id: 1365
stamp: 1783948206.854060650
T_odom_lidar: 
-0.914703 -0.382498  0.130437    0.1541
-0.367986  0.921739  0.122405  -0.71527
-0.167048 0.0639648 -0.983872  0.314306
        0         0         0         1
T_world_lidar: 
-0.914703 -0.382498  0.130437    0.1541
-0.367986  0.921739  0.122405  -0.71527
-0.167048 0.0639648 -0.983872  0.314306
        0         0         0         1
v_world_imu: -0.00122664  -0.0144998  0.00440351
frame_300
id: 1366
stamp: 1783948206.954948425
T_odom_lidar: 
-0.914864  -0.38177  0.131439  0.153654
-0.367247  0.922082  0.122044 -0.716682
 -0.16779 0.0633831 -0.983783  0.314542
        0         0         0         1
T_world_lidar: 
-0.914864  -0.38177  0.131439  0.153654
-0.367247  0.922082  0.122044 -0.716682
 -0.16779 0.0633831 -0.983783  0.314542
        0         0         0         1
v_world_imu: -0.00395317   -0.016876  0.00200106
frame_301
id: 1367
stamp: 1783948207.055791855
T_odom_lidar: 
-0.914875 -0.381433  0.132335  0.152773
 -0.36694  0.922273   0.12152 -0.718293
-0.168401 0.0626163 -0.983728  0.314491
        0         0         0         1
T_world_lidar: 
-0.914875 -0.381433  0.132335  0.152773
 -0.36694  0.922273   0.12152 -0.718293
-0.168401 0.0626163 -0.983728  0.314491
        0         0         0         1
v_world_imu: -0.00893186  -0.0174985 -0.00168041
frame_302
id: 1368
stamp: 1783948207.156663656
T_odom_lidar: 
-0.915099 -0.380935  0.132223  0.151485
-0.366542  0.922506  0.120952 -0.719887
-0.168052 0.0622173 -0.983813  0.314181
        0         0         0         1
T_world_lidar: 
-0.915099 -0.380935  0.132223  0.151485
-0.366542  0.922506  0.120952 -0.719887
-0.168052 0.0622173 -0.983813  0.314181
        0         0         0         1
v_world_imu:  -0.0139729  -0.0171703 -0.00399954
frame_303
id: 1369
stamp: 1783948207.257574797
T_odom_lidar: 
 -0.91513 -0.380931   0.13202  0.149705
-0.366631  0.922532  0.120481 -0.721414
-0.167688 0.0618532 -0.983898  0.313579
        0         0         0         1
T_world_lidar: 
 -0.91513 -0.380931   0.13202  0.149705
-0.366631  0.922532  0.120481 -0.721414
-0.167688 0.0618532 -0.983898  0.313579
        0         0         0         1
v_world_imu:  -0.0187017  -0.0157563 -0.00742293
frame_304
id: 1370
stamp: 1783948207.358382702
T_odom_lidar: 
-0.915383 -0.380527  0.131424  0.147464
  -0.3663  0.922693   0.12026 -0.722785
-0.167026 0.0619431 -0.984005   0.31266
        0         0         0         1
T_world_lidar: 
-0.915383 -0.380527  0.131424  0.147464
  -0.3663  0.922693   0.12026 -0.722785
-0.167026 0.0619431 -0.984005   0.31266
        0         0         0         1
v_world_imu: -0.0247445 -0.0139736 -0.0101362
frame_305
id: 1371
stamp: 1783948207.459251642
T_odom_lidar: 
-0.915309 -0.380825   0.13108  0.144628
-0.366633  0.922569  0.120194 -0.723952
-0.166703 0.0619562 -0.984059  0.311372
        0         0         0         1
T_world_lidar: 
-0.915309 -0.380825   0.13108  0.144628
-0.366633  0.922569  0.120194 -0.723952
-0.166703 0.0619562 -0.984059  0.311372
        0         0         0         1
v_world_imu:  -0.029858  -0.012152 -0.0130983
frame_306
id: 1372
stamp: 1783948207.560442209
T_odom_lidar: 
-0.915361 -0.380892  0.130518   0.14133
-0.366727  0.922524  0.120251 -0.724959
-0.166209 0.0622084 -0.984126  0.310049
        0         0         0         1
T_world_lidar: 
-0.915361 -0.380892  0.130518   0.14133
-0.366727  0.922524  0.120251 -0.724959
-0.166209 0.0622084 -0.984126  0.310049
        0         0         0         1
v_world_imu:  -0.0323498 -0.00990399  -0.0150029
frame_307
id: 1373
stamp: 1783948207.660992622
T_odom_lidar: 
-0.915438 -0.381071  0.129452  0.136704
-0.366984  0.922429  0.120195 -0.726129
-0.165214 0.0625242 -0.984274  0.309159
        0         0         0         1
T_world_lidar: 
-0.915438 -0.381071  0.129452  0.136704
-0.366984  0.922429  0.120195 -0.726129
-0.165214 0.0625242 -0.984274  0.309159
        0         0         0         1
v_world_imu:  -0.0330971 -0.00778573  -0.0139656
frame_308
id: 1374
stamp: 1783948207.761857748
T_odom_lidar: 
-0.915277 -0.381575  0.129108  0.133385
-0.367466    0.9222  0.120481  -0.72673
-0.165036 0.0628307 -0.984284  0.307675
        0         0         0         1
T_world_lidar: 
-0.915277 -0.381575  0.129108  0.133385
-0.367466    0.9222  0.120481  -0.72673
-0.165036 0.0628307 -0.984284  0.307675
        0         0         0         1
v_world_imu:  -0.0312793 -0.00650585  -0.0138213
frame_309
id: 1375
stamp: 1783948207.862750530
T_odom_lidar: 
-0.915426 -0.381324  0.128792  0.130325
-0.367146  0.922259  0.121004 -0.727276
-0.164921 0.0634851 -0.984261  0.306263
        0         0         0         1
T_world_lidar: 
-0.915426 -0.381324  0.128792  0.130325
-0.367146  0.922259  0.121004 -0.727276
-0.164921 0.0634851 -0.984261  0.306263
        0         0         0         1
v_world_imu: -0.0294479 -0.0065408 -0.0130871
frame_310
id: 1376
stamp: 1783948207.963589430
T_odom_lidar: 
-0.915588 -0.380863  0.129006  0.127273
-0.366575  0.922414  0.121556 -0.727873
-0.165293 0.0640046 -0.984165  0.304893
        0         0         0         1
T_world_lidar: 
-0.915588 -0.380863  0.129006  0.127273
-0.366575  0.922414  0.121556 -0.727873
-0.165293 0.0640046 -0.984165  0.304893
        0         0         0         1
v_world_imu:   -0.030781 -0.00754508  -0.0134095
frame_311
id: 1377
stamp: 1783948208.065804958
T_odom_lidar: 
-0.915618 -0.380893  0.128702  0.123998
-0.366544  0.922362  0.122038 -0.728637
-0.165193 0.0645653 -0.984146  0.303437
        0         0         0         1
T_world_lidar: 
-0.915618 -0.380893  0.128702  0.123998
-0.366544  0.922362  0.122038 -0.728637
-0.165193 0.0645653 -0.984146  0.303437
        0         0         0         1
v_world_imu:  -0.0339817 -0.00940268  -0.0145804
frame_312
id: 1378
stamp: 1783948208.165334940
T_odom_lidar: 
-0.915572  -0.38136  0.127643  0.120586
-0.367084  0.922146  0.122048 -0.729617
 -0.16425 0.0648883 -0.984282  0.301958
        0         0         0         1
T_world_lidar: 
-0.915572  -0.38136  0.127643  0.120586
-0.367084  0.922146  0.122048 -0.729617
 -0.16425 0.0648883 -0.984282  0.301958
        0         0         0         1
v_world_imu: -0.0355204 -0.0123869 -0.0153675
frame_313
id: 1379
stamp: 1783948208.269977570
T_odom_lidar: 
-0.915519 -0.381822  0.126635  0.117063
 -0.36761  0.921932  0.122084 -0.730973
-0.163364 0.0652179 -0.984408  0.300344
        0         0         0         1
T_world_lidar: 
-0.915519 -0.381822  0.126635  0.117063
 -0.36761  0.921932  0.122084 -0.730973
-0.163364 0.0652179 -0.984408  0.300344
        0         0         0         1
v_world_imu:  -0.033747 -0.0154542 -0.0152641
frame_314
id: 1380
stamp: 1783948208.370340586
T_odom_lidar: 
-0.915595 -0.381775  0.126233  0.113933
-0.367568  0.921932  0.122208 -0.732583
-0.163034  0.065494 -0.984444  0.298903
        0         0         0         1
T_world_lidar: 
-0.915595 -0.381775  0.126233  0.113933
-0.367568  0.921932  0.122208 -0.732583
-0.163034  0.065494 -0.984444  0.298903
        0         0         0         1
v_world_imu: -0.0303084 -0.0176939 -0.0160081
frame_315
id: 1381
stamp: 1783948208.470447302
T_odom_lidar: 
-0.915569  -0.38172  0.126585  0.111237
-0.367519  0.921975  0.122028 -0.734255
-0.163289 0.0652026 -0.984421  0.297068
        0         0         0         1
T_world_lidar: 
-0.915569  -0.38172  0.126585  0.111237
-0.367519  0.921975  0.122028 -0.734255
-0.163289 0.0652026 -0.984421  0.297068
        0         0         0         1
v_world_imu: -0.0265581 -0.0196498 -0.0152641
frame_316
id: 1382
stamp: 1783948208.568788528
T_odom_lidar: 
-0.915603 -0.381808  0.126072  0.108938
-0.367686  0.921944  0.121766 -0.736221
-0.162722 0.0651343  -0.98452  0.295722
        0         0         0         1
T_world_lidar: 
-0.915603 -0.381808  0.126072  0.108938
-0.367686  0.921944  0.121766 -0.736221
-0.162722 0.0651343  -0.98452  0.295722
        0         0         0         1
v_world_imu: -0.0218773 -0.0220705 -0.0143841
frame_317
id: 1383
stamp: 1783948208.670190811
T_odom_lidar: 
-0.915726 -0.381522  0.126041  0.107144
-0.367453  0.922079  0.121442  -0.73832
-0.162553 0.0648937 -0.984564  0.294151
        0         0         0         1
T_world_lidar: 
-0.915726 -0.381522  0.126041  0.107144
-0.367453  0.922079  0.121442  -0.73832
-0.162553 0.0648937 -0.984564  0.294151
        0         0         0         1
v_world_imu: -0.0167479 -0.0226927  -0.012175
frame_318
id: 1384
stamp: 1783948208.770519257
T_odom_lidar: 
 -0.91589 -0.381141  0.126003  0.105868
-0.367152  0.922262  0.120962 -0.740484
-0.162311 0.0645259 -0.984628  0.293098
        0         0         0         1
T_world_lidar: 
 -0.91589 -0.381141  0.126003  0.105868
-0.367152  0.922262  0.120962 -0.740484
-0.162311 0.0645259 -0.984628  0.293098
        0         0         0         1
v_world_imu:  -0.0115946  -0.0232249 -0.00902893
frame_319
id: 1385
stamp: 1783948208.871393204
T_odom_lidar: 
-0.916106 -0.380511  0.126335  0.105024
-0.366551  0.922545  0.120625  -0.74267
-0.162449 0.0641975 -0.984626  0.292292
        0         0         0         1
T_world_lidar: 
-0.916106 -0.380511  0.126335  0.105024
-0.366551  0.922545  0.120625  -0.74267
-0.162449 0.0641975 -0.984626  0.292292
        0         0         0         1
v_world_imu: -0.00773589  -0.0233866 -0.00672844
frame_320
id: 1386
stamp: 1783948208.972485304
T_odom_lidar: 
-0.916305 -0.379948  0.126588  0.104486
-0.366027  0.922801  0.120263 -0.744966
-0.162509 0.0638626 -0.984638  0.291757
        0         0         0         1
T_world_lidar: 
-0.916305 -0.379948  0.126588  0.104486
-0.366027  0.922801  0.120263 -0.744966
-0.162509 0.0638626 -0.984638  0.291757
        0         0         0         1
v_world_imu: -0.00556955  -0.0246279 -0.00398557
frame_321
id: 1387
stamp: 1783948209.073118925
T_odom_lidar: 
 -0.91624 -0.380116  0.126559  0.104152
-0.366319   0.92278  0.119527 -0.747255
 -0.16222 0.0631546 -0.984732  0.291657
        0         0         0         1
T_world_lidar: 
 -0.91624 -0.380116  0.126559  0.104152
-0.366319   0.92278  0.119527 -0.747255
 -0.16222 0.0631546 -0.984732  0.291657
        0         0         0         1
v_world_imu:  -0.00186749   -0.0243527 -0.000755173
frame_322
id: 1388
stamp: 1783948209.173981905
T_odom_lidar: 
  -0.9165 -0.379526  0.126444  0.103055
-0.365879   0.92307  0.118636 -0.749878
-0.161742 0.0624666 -0.984854   0.29262
        0         0         0         1
T_world_lidar: 
  -0.9165 -0.379526  0.126444  0.103055
-0.365879   0.92307  0.118636 -0.749878
-0.161742 0.0624666 -0.984854   0.29262
        0         0         0         1
v_world_imu: 0.00334575 -0.0224182 0.00566255
frame_323
id: 1389
stamp: 1783948209.274848938
T_odom_lidar: 
-0.916552 -0.379239  0.126925  0.103836
-0.365634  0.923225  0.118182 -0.751804
   -0.162 0.0619119 -0.984847  0.293395
        0         0         0         1
T_world_lidar: 
-0.916552 -0.379239  0.126925  0.103836
-0.365634  0.923225  0.118182 -0.751804
   -0.162 0.0619119 -0.984847  0.293395
        0         0         0         1
v_world_imu: 0.00869144 -0.0183782  0.0101643
frame_324
id: 1390
stamp: 1783948209.375744820
T_odom_lidar: 
-0.916652  -0.37866  0.127927  0.105074
-0.365002  0.923486  0.118095 -0.753308
-0.162857 0.0615585 -0.984727  0.294613
        0         0         0         1
T_world_lidar: 
-0.916652  -0.37866  0.127927  0.105074
-0.365002  0.923486  0.118095 -0.753308
-0.162857 0.0615585 -0.984727  0.294613
        0         0         0         1
v_world_imu:  0.0126731 -0.0129258   0.013552
frame_325
id: 1391
stamp: 1783948209.476585627
T_odom_lidar: 
-0.916944 -0.377623  0.128896  0.106569
-0.363878  0.923916  0.118208 -0.754216
-0.163727 0.0614879 -0.984588  0.296107
        0         0         0         1
T_world_lidar: 
-0.916944 -0.377623  0.128896  0.106569
-0.363878  0.923916  0.118208 -0.754216
-0.163727 0.0614879 -0.984588  0.296107
        0         0         0         1
v_world_imu:   0.0127474 -0.00738734   0.0155701
frame_326
id: 1392
stamp: 1783948209.577447414
T_odom_lidar: 
-0.916755 -0.377845  0.129587   0.10787
-0.364013  0.923828  0.118474  -0.75465
-0.164481 0.0614398 -0.984465  0.297728
        0         0         0         1
T_world_lidar: 
-0.916755 -0.377845  0.129587   0.10787
-0.364013  0.923828  0.118474  -0.75465
-0.164481 0.0614398 -0.984465  0.297728
        0         0         0         1
v_world_imu:   0.0102133 -0.00328306   0.0171749
frame_327
id: 1393
stamp: 1783948209.678315639
T_odom_lidar: 
-0.917129 -0.376833  0.129887  0.108937
-0.362896  0.924207  0.118947 -0.754759
-0.164866 0.0619549 -0.984368  0.299493
        0         0         0         1
T_world_lidar: 
-0.917129 -0.376833  0.129887  0.108937
-0.362896  0.924207  0.118947 -0.754759
-0.164866 0.0619549 -0.984368  0.299493
        0         0         0         1
v_world_imu:  0.00592682 0.000481733    0.017496
frame_328
id: 1394
stamp: 1783948209.779179811
T_odom_lidar: 
-0.917281 -0.376642   0.12937  0.109559
 -0.36265  0.924237  0.119459 -0.754491
-0.164562 0.0626612 -0.984374  0.301279
        0         0         0         1
T_world_lidar: 
-0.917281 -0.376642   0.12937  0.109559
 -0.36265  0.924237  0.119459 -0.754491
-0.164562 0.0626612 -0.984374  0.301279
        0         0         0         1
v_world_imu: 0.00110397 0.00421045  0.0174843
frame_329
id: 1395
stamp: 1783948209.880052090
T_odom_lidar: 
-0.917277 -0.377084  0.128106  0.109799
-0.363086  0.923995  0.120008 -0.753959
-0.163622 0.0635668 -0.984473  0.303202
        0         0         0         1
T_world_lidar: 
-0.917277 -0.377084  0.128106  0.109799
-0.363086  0.923995  0.120008 -0.753959
-0.163622 0.0635668 -0.984473  0.303202
        0         0         0         1
v_world_imu: -0.000977048   0.00618944    0.0176239
frame_330
id: 1396
stamp: 1783948209.980916977
T_odom_lidar: 
-0.917583 -0.376774  0.126819  0.110067
-0.362739  0.924037   0.12073 -0.753294
-0.162673 0.0647773 -0.984551  0.305083
        0         0         0         1
T_world_lidar: 
-0.917583 -0.376774  0.126819  0.110067
-0.362739  0.924037   0.12073 -0.753294
-0.162673 0.0647773 -0.984551  0.305083
        0         0         0         1
v_world_imu: -0.000183618   0.00638825    0.0189875
frame_331
id: 1397
stamp: 1783948210.081780434
T_odom_lidar: 
-0.917549 -0.377274  0.125574   0.11053
-0.363248  0.923776  0.121194  -0.75268
-0.161725 0.0655869 -0.984654  0.307148
        0         0         0         1
T_world_lidar: 
-0.917549 -0.377274  0.125574   0.11053
-0.363248  0.923776  0.121194  -0.75268
-0.161725 0.0655869 -0.984654  0.307148
        0         0         0         1
v_world_imu: 0.00412728 0.00440277  0.0216089
frame_332
id: 1398
stamp: 1783948210.182652473
T_odom_lidar: 
-0.917782 -0.377084  0.124438   0.11176
-0.363073  0.923797  0.121563 -0.752358
-0.160795 0.0663876 -0.984753  0.309364
        0         0         0         1
T_world_lidar: 
-0.917782 -0.377084  0.124438   0.11176
-0.363073  0.923797  0.121563 -0.752358
-0.160795 0.0663876 -0.984753  0.309364
        0         0         0         1
v_world_imu:    0.01271 0.00111389  0.0257512
frame_333
id: 1399
stamp: 1783948210.283537388
T_odom_lidar: 
-0.918074 -0.376676  0.123516  0.113844
-0.362749  0.923944  0.121413 -0.752389
-0.159856  0.066661 -0.984887  0.312257
        0         0         0         1
T_world_lidar: 
-0.918074 -0.376676  0.123516  0.113844
-0.362749  0.923944  0.121413 -0.752389
-0.159856  0.066661 -0.984887  0.312257
        0         0         0         1
v_world_imu:    0.021582 -0.00224666   0.0308622
frame_334
id: 1400
stamp: 1783948210.384418726
T_odom_lidar: 
-0.918264 -0.376197  0.123557  0.116849
-0.362325  0.924159   0.12104 -0.752677
-0.159721 0.0663793 -0.984928  0.315603
        0         0         0         1
T_world_lidar: 
-0.918264 -0.376197  0.123557  0.116849
-0.362325  0.924159   0.12104 -0.752677
-0.159721 0.0663793 -0.984928  0.315603
        0         0         0         1
v_world_imu:    0.03215 -0.0048545  0.0344601
frame_335
id: 1401
stamp: 1783948210.485253572
T_odom_lidar: 
 -0.91841  -0.37597  0.123161  0.120933
-0.362253  0.924291  0.120243  -0.75326
-0.159044 0.0658171 -0.985075  0.319343
        0         0         0         1
T_world_lidar: 
 -0.91841  -0.37597  0.123161  0.120933
-0.362253  0.924291  0.120243  -0.75326
-0.159044 0.0658171 -0.985075  0.319343
        0         0         0         1
v_world_imu: 0.0423813 -0.007871  0.038627
frame_336
id: 1402
stamp: 1783948210.586129904
T_odom_lidar: 
-0.918578 -0.375254  0.124091   0.12593
-0.361652  0.924673  0.119115 -0.753999
-0.159442 0.0645385 -0.985095  0.323645
        0         0         0         1
T_world_lidar: 
-0.918578 -0.375254  0.124091   0.12593
-0.361652  0.924673  0.119115 -0.753999
-0.159442 0.0645385 -0.985095  0.323645
        0         0         0         1
v_world_imu:   0.0529602 -0.00778558   0.0423908
frame_337
id: 1403
stamp: 1783948210.688893080
T_odom_lidar: 
-0.918587 -0.374815  0.125346  0.132078
-0.361322  0.924955  0.117919 -0.754556
-0.160137 0.0630281  -0.98508  0.328307
        0         0         0         1
T_world_lidar: 
-0.918587 -0.374815  0.125346  0.132078
-0.361322  0.924955  0.117919 -0.754556
-0.160137 0.0630281  -0.98508  0.328307
        0         0         0         1
v_world_imu:   0.0628727 -0.00395161   0.0450399
frame_338
id: 1404
stamp: 1783948210.788524866
T_odom_lidar: 
-0.918361 -0.374846  0.126895   0.13879
-0.361421  0.925045  0.116906 -0.754621
-0.161206 0.0614992 -0.985003   0.33302
        0         0         0         1
T_world_lidar: 
-0.918361 -0.374846  0.126895   0.13879
-0.361421  0.925045  0.116906 -0.754621
-0.161206 0.0614992 -0.985003   0.33302
        0         0         0         1
v_world_imu: 0.0702605 0.0014453 0.0458537
frame_339
id: 1405
stamp: 1783948210.888713837
T_odom_lidar: 
-0.918119  -0.37482  0.128711   0.14629
-0.361398  0.925143  0.116195 -0.754061
-0.162628 0.0601654 -0.984851  0.337982
        0         0         0         1
T_world_lidar: 
-0.918119  -0.37482  0.128711   0.14629
-0.361398  0.925143  0.116195 -0.754061
-0.162628 0.0601654 -0.984851  0.337982
        0         0         0         1
v_world_imu:  0.0767412 0.00922858  0.0459622
frame_340
id: 1406
stamp: 1783948210.989579201
T_odom_lidar: 
-0.917835 -0.374697  0.131075  0.154317
-0.361205  0.925275  0.115743 -0.752639
-0.164649 0.0588877 -0.984593  0.342493
        0         0         0         1
T_world_lidar: 
-0.917835 -0.374697  0.131075  0.154317
-0.361205  0.925275  0.115743 -0.752639
-0.164649 0.0588877 -0.984593  0.342493
        0         0         0         1
v_world_imu: 0.0778095 0.0185599 0.0433022
frame_341
id: 1407
stamp: 1783948211.091870308
T_odom_lidar: 
-0.917192 -0.375491  0.133287  0.162238
-0.361883  0.925017  0.115691  -0.75026
-0.166734 0.0578767 -0.984302  0.346674
        0         0         0         1
T_world_lidar: 
-0.917192 -0.375491  0.133287  0.162238
-0.361883  0.925017  0.115691  -0.75026
-0.166734 0.0578767 -0.984302  0.346674
        0         0         0         1
v_world_imu: 0.0735349 0.0272382 0.0385686
frame_342
id: 1408
stamp: 1783948211.191321135
T_odom_lidar: 
-0.916454 -0.376679  0.135001  0.169416
-0.362947  0.924576  0.115882 -0.747235
-0.168469 0.0572023 -0.984046  0.350219
        0         0         0         1
T_world_lidar: 
-0.916454 -0.376679  0.135001  0.169416
-0.362947  0.924576  0.115882 -0.747235
-0.168469 0.0572023 -0.984046  0.350219
        0         0         0         1
v_world_imu: 0.0659976 0.0346434  0.032725
frame_343
id: 1409
stamp: 1783948211.292183876
T_odom_lidar: 
-0.915748 -0.377966   0.13619  0.175809
-0.364111  0.924071   0.11626 -0.743344
-0.169792 0.0568762 -0.983837  0.353175
        0         0         0         1
T_world_lidar: 
-0.915748 -0.377966   0.13619  0.175809
-0.364111  0.924071   0.11626 -0.743344
-0.169792 0.0568762 -0.983837  0.353175
        0         0         0         1
v_world_imu: 0.0553095 0.0438083 0.0259422
frame_344
id: 1410
stamp: 1783948211.393040180
T_odom_lidar: 
 -0.91513 -0.379198  0.136917  0.181009
-0.365153  0.923543   0.11718 -0.738549
-0.170884 0.0572391 -0.983627  0.355381
        0         0         0         1
T_world_lidar: 
 -0.91513 -0.379198  0.136917  0.181009
-0.365153  0.923543   0.11718 -0.738549
-0.170884 0.0572391 -0.983627  0.355381
        0         0         0         1
v_world_imu:  0.042463 0.0526907  0.017967
frame_345
id: 1411
stamp: 1783948211.493910789
T_odom_lidar: 
 -0.91461  -0.38044  0.136943  0.184974
-0.366126  0.922954  0.118776 -0.732955
-0.171579 0.0584953 -0.983432  0.356817
        0         0         0         1
T_world_lidar: 
 -0.91461  -0.38044  0.136943  0.184974
-0.366126  0.922954  0.118776 -0.732955
-0.171579 0.0584953 -0.983432  0.356817
        0         0         0         1
v_world_imu: 0.0303852 0.0604948 0.0113172
frame_346
