id: 6
T_world_origin: 
  -0.57201  -0.761941  -0.303726   0.354431
  0.819224  -0.549169  -0.165182  0.0947364
-0.0409378  -0.343306   0.938331    0.69833
         0          0          0          1
T_origin_endpoint_L: 
   0.999923   0.0054648  -0.0111816   -0.168329
-0.00549036    0.999982 -0.00225658   0.0556535
  0.0111691   0.0023178    0.999935    0.216887
          0           0           0           1
T_origin_endpoint_R: 
   0.999567   0.0283159  0.00804713 -0.00229856
 -0.0281574     0.99942  -0.0191659   -0.110369
-0.00858515    0.018931    0.999784  -0.0949028
          0           0           0           1
T_lidar_imu: 
-2.22045e-16            1            0            0
           1 -2.22045e-16            0            0
           0            0           -1         0.07
           0            0            0            1
imu_bias:   0.0117588   0.0375526   0.0184755   0.0966821   -0.107353 -0.00770308
frame_id: 2
num_frames: 271
frame_0
id: 795
stamp: 1783948149.360028744
T_odom_lidar: 
 -0.728833  -0.654541   0.200942  0.0538158
  -0.63701   0.755822   0.151497  -0.198309
 -0.251037 -0.0175867  -0.967818   0.952426
         0          0          0          1
T_world_lidar: 
 -0.728833  -0.654541   0.200942  0.0538158
  -0.63701   0.755822   0.151497  -0.198309
 -0.251037 -0.0175867  -0.967818   0.952426
         0          0          0          1
v_world_imu:  0.245342  0.127243 -0.334841
frame_1
id: 796
stamp: 1783948149.461854458
T_odom_lidar: 
 -0.741631  -0.644473   0.186115  0.0797109
 -0.628243   0.764561   0.144074  -0.184851
 -0.235148 -0.0100762  -0.971907   0.918813
         0          0          0          1
T_world_lidar: 
 -0.741631  -0.644473   0.186115  0.0797109
 -0.628243   0.764561   0.144074  -0.184851
 -0.235148 -0.0100762  -0.971907   0.918813
         0          0          0          1
v_world_imu:  0.245963  0.127139 -0.329969
frame_2
id: 797
stamp: 1783948149.561726809
T_odom_lidar: 
  -0.753407   -0.634897    0.171124    0.103086
  -0.620119    0.772589    0.136228   -0.171918
  -0.218699 -0.00348208   -0.975786    0.886636
          0           0           0           1
T_world_lidar: 
  -0.753407   -0.634897    0.171124    0.103086
  -0.620119    0.772589    0.136228   -0.171918
  -0.218699 -0.00348208   -0.975786    0.886636
          0           0           0           1
v_world_imu:  0.219198  0.127212 -0.321165
frame_3
id: 798
stamp: 1783948149.662594795
T_odom_lidar: 
 -0.761763  -0.628582   0.156852   0.123829
 -0.615019   0.777739   0.129895  -0.158097
 -0.203639 0.00248234  -0.979043   0.855191
         0          0          0          1
T_world_lidar: 
 -0.761763  -0.628582   0.156852   0.123829
 -0.615019   0.777739   0.129895  -0.158097
 -0.203639 0.00248234  -0.979043   0.855191
         0          0          0          1
v_world_imu:  0.177317  0.136712 -0.306109
frame_4
id: 799
stamp: 1783948149.763496876
T_odom_lidar: 
 -0.767635  -0.624304   0.144851   0.140069
 -0.611846   0.781152    0.12428  -0.143321
 -0.190739 0.00677499  -0.981617   0.825452
         0          0          0          1
T_world_lidar: 
 -0.767635  -0.624304   0.144851   0.140069
 -0.611846   0.781152    0.12428  -0.143321
 -0.190739 0.00677499  -0.981617   0.825452
         0          0          0          1
v_world_imu:  0.131653   0.14527 -0.277989
frame_5
id: 800
stamp: 1783948149.864330053
T_odom_lidar: 
-0.772932 -0.619893  0.135311  0.151543
-0.607966  0.784599  0.121582 -0.127767
-0.181533 0.0117095 -0.983315  0.799103
        0         0         0         1
T_world_lidar: 
-0.772932 -0.619893  0.135311  0.151543
-0.607966  0.784599  0.121582 -0.127767
-0.181533 0.0117095 -0.983315  0.799103
        0         0         0         1
v_world_imu: 0.0826515  0.157588 -0.244214
frame_6
id: 801
stamp: 1783948149.967566252
T_odom_lidar: 
-0.776857 -0.616712  0.127119   0.15948
-0.604962  0.787003  0.121027  -0.11126
-0.174682 0.0171191 -0.984476  0.775702
        0         0         0         1
T_world_lidar: 
-0.776857 -0.616712  0.127119   0.15948
-0.604962  0.787003  0.121027  -0.11126
-0.174682 0.0171191 -0.984476  0.775702
        0         0         0         1
v_world_imu: 0.0657511  0.162747 -0.208458
frame_7
id: 802
stamp: 1783948150.067168474
T_odom_lidar: 
-0.781339 -0.613124  0.116566  0.167088
-0.601383  0.789583  0.122057 -0.094863
-0.166875 0.0252668 -0.985654  0.755903
        0         0         0         1
T_world_lidar: 
-0.781339 -0.613124  0.116566  0.167088
-0.601383  0.789583  0.122057 -0.094863
-0.166875 0.0252668 -0.985654  0.755903
        0         0         0         1
v_world_imu: 0.0596342  0.158262 -0.172499
frame_8
id: 803
stamp: 1783948150.166933298
T_odom_lidar: 
 -0.784691  -0.610609    0.10685   0.171219
 -0.598817   0.791232   0.123978 -0.0791095
 -0.160246  0.0333007  -0.986515   0.740231
         0          0          0          1
T_world_lidar: 
 -0.784691  -0.610609    0.10685   0.171219
 -0.598817   0.791232   0.123978 -0.0791095
 -0.160246  0.0333007  -0.986515   0.740231
         0          0          0          1
v_world_imu: 0.0157338  0.156977 -0.143161
frame_9
id: 804
stamp: 1783948150.267800808
T_odom_lidar: 
 -0.784557  -0.610619   0.107771   0.164565
 -0.598756    0.79124    0.12422 -0.0630723
 -0.161124  0.0329291  -0.986385   0.726767
         0          0          0          1
T_world_lidar: 
 -0.784557  -0.610619   0.107771   0.164565
 -0.598756    0.79124    0.12422 -0.0630723
 -0.161124  0.0329291  -0.986385   0.726767
         0          0          0          1
v_world_imu: -0.0643133   0.133824  -0.120387
frame_10
id: 805
stamp: 1783948150.368691683
T_odom_lidar: 
 -0.785203  -0.609717   0.108178   0.156273
  -0.59751   0.791871   0.126187 -0.0486612
 -0.162602  0.0344452   -0.98609   0.716112
         0          0          0          1
T_world_lidar: 
 -0.785203  -0.609717   0.108178   0.156273
  -0.59751   0.791871   0.126187 -0.0486612
 -0.162602  0.0344452   -0.98609   0.716112
         0          0          0          1
v_world_imu:  -0.079617   0.130006 -0.0915344
frame_11
id: 806
stamp: 1783948150.469529867
T_odom_lidar: 
-0.785788 -0.609014   0.10788  0.147234
-0.596522  0.792333  0.127944 -0.035759
-0.163397 0.0361846 -0.985897  0.707816
        0         0         0         1
T_world_lidar: 
-0.785788 -0.609014   0.10788  0.147234
-0.596522  0.792333  0.127944 -0.035759
-0.163397 0.0361846 -0.985897  0.707816
        0         0         0         1
v_world_imu: -0.0850234   0.118123 -0.0715931
frame_12
id: 807
stamp: 1783948150.572340727
T_odom_lidar: 
 -0.786204  -0.608736   0.106415   0.138116
 -0.596126   0.792464   0.128974 -0.0241889
 -0.162841  0.0379632  -0.985922   0.701414
         0          0          0          1
T_world_lidar: 
 -0.786204  -0.608736   0.106415   0.138116
 -0.596126   0.792464   0.128974 -0.0241889
 -0.162841  0.0379632  -0.985922   0.701414
         0          0          0          1
v_world_imu: -0.0827754   0.104569 -0.0522066
frame_13
id: 808
stamp: 1783948150.671644449
T_odom_lidar: 
 -0.786909  -0.608228   0.104077   0.129999
 -0.595623   0.792758   0.129489 -0.0146884
 -0.161267  0.0399051  -0.986104    0.69704
         0          0          0          1
T_world_lidar: 
 -0.786909  -0.608228   0.104077   0.129999
 -0.595623   0.792758   0.129489 -0.0146884
 -0.161267  0.0399051  -0.986104    0.69704
         0          0          0          1
v_world_imu: -0.0781365  0.0872372 -0.0352213
frame_14
id: 809
stamp: 1783948150.772182226
T_odom_lidar: 
  -0.787555   -0.607842    0.101414    0.122717
  -0.595293    0.792953    0.129812 -0.00691241
  -0.159321   0.0418631   -0.986339    0.693897
          0           0           0           1
T_world_lidar: 
  -0.787555   -0.607842    0.101414    0.122717
  -0.595293    0.792953    0.129812 -0.00691241
  -0.159321   0.0418631   -0.986339    0.693897
          0           0           0           1
v_world_imu: -0.0692732  0.0698285 -0.0193325
frame_15
id: 810
stamp: 1783948150.873037815
T_odom_lidar: 
  -0.788141   -0.607618   0.0981545    0.115229
   -0.59522    0.793018    0.129751 -0.00131759
  -0.156678   0.0438389   -0.986676    0.693299
          0           0           0           1
T_world_lidar: 
  -0.788141   -0.607618   0.0981545    0.115229
   -0.59522    0.793018    0.129751 -0.00131759
  -0.156678   0.0438389   -0.986676    0.693299
          0           0           0           1
v_world_imu:  -0.0533496   0.0544737 -0.00267972
frame_16
id: 811
stamp: 1783948150.974122763
T_odom_lidar: 
 -0.788376  -0.607731  0.0955313   0.111064
 -0.595461   0.792846   0.129702 0.00326655
 -0.154565  0.0453685   -0.98694    0.69375
         0          0          0          1
T_world_lidar: 
 -0.788376  -0.607731  0.0955313   0.111064
 -0.595461   0.792846   0.129702 0.00326655
 -0.154565  0.0453685   -0.98694    0.69375
         0          0          0          1
v_world_imu: -0.0289781  0.0380592  0.0127437
frame_17
id: 812
stamp: 1783948151.074733257
T_odom_lidar: 
 -0.787697  -0.608868  0.0938817   0.109862
 -0.596735   0.791944    0.12935 0.00605001
 -0.153106   0.045866  -0.987145   0.695707
         0          0          0          1
T_world_lidar: 
 -0.787697  -0.608868  0.0938817   0.109862
 -0.596735   0.791944    0.12935 0.00605001
 -0.153106   0.045866  -0.987145   0.695707
         0          0          0          1
v_world_imu: 0.00705248  0.0183424  0.0276786
frame_18
id: 813
stamp: 1783948151.175624132
T_odom_lidar: 
 -0.788452  -0.607627  0.0955656   0.112488
 -0.595516   0.792973   0.128664 0.00678757
 -0.153961  0.0445349  -0.987073   0.699183
         0          0          0          1
T_world_lidar: 
 -0.788452  -0.607627  0.0955656   0.112488
 -0.595516   0.792973   0.128664 0.00678757
 -0.153961  0.0445349  -0.987073   0.699183
         0          0          0          1
v_world_imu:   0.0482386 -0.00255214   0.0422189
frame_19
id: 814
stamp: 1783948151.276479244
T_odom_lidar: 
  -0.78992  -0.605198  0.0988002   0.118827
 -0.593114    0.79496   0.127493 0.00557391
 -0.155701  0.0421099  -0.986906   0.703933
         0          0          0          1
T_world_lidar: 
  -0.78992  -0.605198  0.0988002   0.118827
 -0.593114    0.79496   0.127493 0.00557391
 -0.155701  0.0421099  -0.986906   0.703933
         0          0          0          1
v_world_imu:  0.0813251 -0.0207371  0.0527887
frame_20
id: 815
stamp: 1783948151.377368689
T_odom_lidar: 
 -0.790893  -0.603187   0.103218   0.127797
 -0.591236   0.796686   0.125424 0.00261846
 -0.157886  0.0381711  -0.986719   0.709664
         0          0          0          1
T_world_lidar: 
 -0.790893  -0.603187   0.103218   0.127797
 -0.591236   0.796686   0.125424 0.00261846
 -0.157886  0.0381711  -0.986719   0.709664
         0          0          0          1
v_world_imu:   0.102327 -0.0383493   0.058481
frame_21
id: 816
stamp: 1783948151.478209257
T_odom_lidar: 
  -0.791581   -0.601412    0.108176    0.138686
  -0.589757    0.798254    0.122383 -0.00196637
  -0.159955   0.0330783    -0.98657    0.715696
          0           0           0           1
T_world_lidar: 
  -0.791581   -0.601412    0.108176    0.138686
  -0.589757    0.798254    0.122383 -0.00196637
  -0.159955   0.0330783    -0.98657    0.715696
          0           0           0           1
v_world_imu:   0.117148 -0.0541121  0.0613502
frame_22
id: 817
stamp: 1783948151.579075336
T_odom_lidar: 
  -0.792434   -0.599465    0.112649    0.150605
  -0.588249    0.799917    0.118725 -0.00785543
  -0.161282   0.0278162   -0.986516    0.721638
          0           0           0           1
T_world_lidar: 
  -0.792434   -0.599465    0.112649    0.150605
  -0.588249    0.799917    0.118725 -0.00785543
  -0.161282   0.0278162   -0.986516    0.721638
          0           0           0           1
v_world_imu:   0.122643 -0.0628676  0.0617234
frame_23
id: 818
stamp: 1783948151.679932356
T_odom_lidar: 
 -0.793421  -0.597372   0.116748   0.162521
 -0.586723   0.801653   0.114495 -0.0141153
 -0.161988  0.0223435   -0.98654   0.727662
         0          0          0          1
T_world_lidar: 
 -0.793421  -0.597372   0.116748   0.162521
 -0.586723   0.801653   0.114495 -0.0141153
 -0.161988  0.0223435   -0.98654   0.727662
         0          0          0          1
v_world_imu:   0.117946 -0.0628026  0.0584538
frame_24
id: 819
stamp: 1783948151.780804873
T_odom_lidar: 
 -0.793689  -0.596395   0.119878   0.173773
 -0.586342   0.802504   0.110412 -0.0199874
 -0.162052  0.0173437   -0.98663    0.73324
         0          0          0          1
T_world_lidar: 
 -0.793689  -0.596395   0.119878   0.173773
 -0.586342   0.802504   0.110412 -0.0199874
 -0.162052  0.0173437   -0.98663    0.73324
         0          0          0          1
v_world_imu:   0.110283 -0.0535637  0.0537735
frame_25
id: 820
stamp: 1783948151.881671906
T_odom_lidar: 
 -0.793682  -0.595976   0.121993   0.184204
 -0.586474   0.802894    0.10682 -0.0244786
  -0.16161  0.0132355  -0.986766   0.738383
         0          0          0          1
T_world_lidar: 
 -0.793682  -0.595976   0.121993   0.184204
 -0.586474   0.802894    0.10682 -0.0244786
  -0.16161  0.0132355  -0.986766   0.738383
         0          0          0          1
v_world_imu:   0.100894 -0.0342524  0.0489693
frame_26
id: 821
stamp: 1783948151.984910488
T_odom_lidar: 
 -0.793372  -0.596053   0.123617   0.192806
 -0.586956   0.802881   0.104234 -0.0272881
 -0.161378  0.0101387  -0.986841    0.74349
         0          0          0          1
T_world_lidar: 
 -0.793372  -0.596053   0.123617   0.192806
 -0.586956   0.802881   0.104234 -0.0272881
 -0.161378  0.0101387  -0.986841    0.74349
         0          0          0          1
v_world_imu:   0.0877658 -0.00912713    0.044547
frame_27
id: 822
stamp: 1783948152.083404303
T_odom_lidar: 
 -0.792656  -0.596867   0.124281   0.200916
 -0.587885    0.80229   0.103547 -0.0271181
 -0.161513 0.00901401  -0.986829    0.74759
         0          0          0          1
T_world_lidar: 
 -0.792656  -0.596867   0.124281   0.200916
 -0.587885    0.80229   0.103547 -0.0271181
 -0.161513 0.00901401  -0.986829    0.74759
         0          0          0          1
v_world_imu:  0.078051 0.0186137 0.0399426
frame_28
id: 823
stamp: 1783948152.184359312
T_odom_lidar: 
   -0.7919  -0.597669   0.125243   0.207909
 -0.588571   0.801694   0.104263 -0.0241837
 -0.162721 0.00885093  -0.986632    0.75115
         0          0          0          1
T_world_lidar: 
   -0.7919  -0.597669   0.125243   0.207909
 -0.588571   0.801694   0.104263 -0.0241837
 -0.162721 0.00885093  -0.986632    0.75115
         0          0          0          1
v_world_imu:  0.059817 0.0421015 0.0323593
frame_29
id: 824
stamp: 1783948152.285141468
T_odom_lidar: 
 -0.790602  -0.599245   0.125917   0.213553
 -0.589782   0.800504   0.106537 -0.0188931
 -0.164639  0.0099649  -0.986304   0.753876
         0          0          0          1
T_world_lidar: 
 -0.790602  -0.599245   0.125917   0.213553
 -0.589782   0.800504   0.106537 -0.0188931
 -0.164639  0.0099649  -0.986304   0.753876
         0          0          0          1
v_world_imu: 0.0490663 0.0661726 0.0269713
frame_30
id: 825
stamp: 1783948152.386008263
T_odom_lidar: 
 -0.789638  -0.600354   0.126679   0.218081
 -0.590402   0.799649   0.109484 -0.0117549
 -0.167027   0.011661  -0.985883   0.756312
         0          0          0          1
T_world_lidar: 
 -0.789638  -0.600354   0.126679   0.218081
 -0.590402   0.799649   0.109484 -0.0117549
 -0.167027   0.011661  -0.985883   0.756312
         0          0          0          1
v_world_imu: 0.0407535 0.0826304 0.0207299
frame_31
id: 826
stamp: 1783948152.486869574
T_odom_lidar: 
  -0.788304     -0.6021    0.126694    0.221662
  -0.591596    0.798297    0.112852 -0.00338712
  -0.169087   0.0140099   -0.985501     0.75851
          0           0           0           1
T_world_lidar: 
  -0.788304     -0.6021    0.126694    0.221662
  -0.591596    0.798297    0.112852 -0.00338712
  -0.169087   0.0140099   -0.985501     0.75851
          0           0           0           1
v_world_imu: 0.0303806 0.0899509 0.0233177
frame_32
id: 827
stamp: 1783948152.587738276
T_odom_lidar: 
 -0.787518  -0.603101   0.126821    0.22441
 -0.592055   0.797498    0.11605 0.00530203
 -0.171129  0.0163068  -0.985114   0.760573
         0          0          0          1
T_world_lidar: 
 -0.787518  -0.603101   0.126821    0.22441
 -0.592055   0.797498    0.11605 0.00530203
 -0.171129  0.0163068  -0.985114   0.760573
         0          0          0          1
v_world_imu: 0.0185972 0.0882016  0.018269
frame_33
id: 828
stamp: 1783948152.688622952
T_odom_lidar: 
-0.786706 -0.604227  0.126503  0.225743
-0.592709  0.796597  0.118869 0.0136151
-0.172595 0.0185357 -0.984818  0.762147
        0         0         0         1
T_world_lidar: 
-0.786706 -0.604227  0.126503  0.225743
-0.592709  0.796597  0.118869 0.0136151
-0.172595 0.0185357 -0.984818  0.762147
        0         0         0         1
v_world_imu: 0.00495995  0.0829522   0.014429
frame_34
id: 829
stamp: 1783948152.789477587
T_odom_lidar: 
-0.786086 -0.605139     0.126  0.225757
-0.593328  0.795866  0.120661 0.0213625
-0.173296 0.0200911 -0.984665  0.763506
        0         0         0         1
T_world_lidar: 
-0.786086 -0.605139     0.126  0.225757
-0.593328  0.795866  0.120661 0.0213625
-0.173296 0.0200911 -0.984665  0.763506
        0         0         0         1
v_world_imu: -0.00488997   0.0766513   0.0110866
frame_35
id: 830
stamp: 1783948152.890342474
T_odom_lidar: 
-0.785464  -0.60625  0.124525  0.224866
-0.594318  0.794983  0.121609 0.0284677
-0.172721 0.0215123 -0.984736  0.764253
        0         0         0         1
T_world_lidar: 
-0.785464  -0.60625  0.124525  0.224866
-0.594318  0.794983  0.121609 0.0284677
-0.172721 0.0215123 -0.984736  0.764253
        0         0         0         1
v_world_imu: -0.0182748  0.0677734 0.00963304
frame_36
id: 831
stamp: 1783948152.991212845
T_odom_lidar: 
-0.785036 -0.607104  0.123057  0.221802
-0.595072  0.794293  0.122427  0.034118
 -0.17207 0.0228818 -0.984819  0.765421
        0         0         0         1
T_world_lidar: 
-0.785036 -0.607104  0.123057  0.221802
-0.595072  0.794293  0.122427  0.034118
 -0.17207 0.0228818 -0.984819  0.765421
        0         0         0         1
v_world_imu: -0.0284019  0.0590323 0.00793028
frame_37
id: 832
stamp: 1783948153.092072725
T_odom_lidar: 
-0.784508 -0.608102  0.121486  0.218754
-0.596086  0.793502  0.122618 0.0392561
-0.170963 0.0237788  -0.98499  0.766141
        0         0         0         1
T_world_lidar: 
-0.784508 -0.608102  0.121486  0.218754
-0.596086  0.793502  0.122618 0.0392561
-0.170963 0.0237788  -0.98499  0.766141
        0         0         0         1
v_world_imu: -0.0338339  0.0477842 0.00626868
frame_38
id: 833
stamp: 1783948153.192939758
T_odom_lidar: 
-0.784615 -0.608324  0.119669  0.215172
-0.596354    0.7933  0.122628 0.0434144
-0.169531 0.0248503 -0.985211  0.766681
        0         0         0         1
T_world_lidar: 
-0.784615 -0.608324  0.119669  0.215172
-0.596354    0.7933  0.122628 0.0434144
-0.169531 0.0248503 -0.985211  0.766681
        0         0         0         1
v_world_imu: -0.0385318  0.0388023 0.00450843
frame_39
id: 834
stamp: 1783948153.295907259
T_odom_lidar: 
-0.784202 -0.609168  0.118078  0.211019
-0.597296  0.792634  0.122346 0.0468037
-0.168122 0.0254167 -0.985439  0.766792
        0         0         0         1
T_world_lidar: 
-0.784202 -0.609168  0.118078  0.211019
-0.597296  0.792634  0.122346 0.0468037
-0.168122 0.0254167 -0.985439  0.766792
        0         0         0         1
v_world_imu: -0.0443998  0.0304003  0.0030563
frame_40
id: 835
stamp: 1783948153.395314932
T_odom_lidar: 
-0.784138 -0.609545  0.116541  0.206646
-0.597866  0.792339  0.121476 0.0492037
-0.166385 0.0255779 -0.985729  0.767154
        0         0         0         1
T_world_lidar: 
-0.784138 -0.609545  0.116541  0.206646
-0.597866  0.792339  0.121476 0.0492037
-0.166385 0.0255779 -0.985729  0.767154
        0         0         0         1
v_world_imu: -0.0450627  0.0226586 0.00137701
frame_41
id: 836
stamp: 1783948153.495542049
T_odom_lidar: 
-0.783734 -0.610376  0.114898  0.202323
-0.598955  0.791704  0.120241 0.0510029
-0.164358 0.0254184 -0.986073  0.767226
        0         0         0         1
T_world_lidar: 
-0.783734 -0.610376  0.114898  0.202323
-0.598955  0.791704  0.120241 0.0510029
-0.164358 0.0254184 -0.986073  0.767226
        0         0         0         1
v_world_imu:  -0.0434478   0.0167538 0.000868286
frame_42
id: 837
stamp: 1783948153.596408129
T_odom_lidar: 
-0.783855 -0.610464  0.113602  0.198278
-0.599238  0.791636  0.119277 0.0523545
-0.162746  0.025421  -0.98634   0.76735
        0         0         0         1
T_world_lidar: 
-0.783855 -0.610464  0.113602  0.198278
-0.599238  0.791636  0.119277 0.0523545
-0.162746  0.025421  -0.98634   0.76735
        0         0         0         1
v_world_imu: -0.0397336   0.014122 0.00193247
frame_43
id: 838
stamp: 1783948153.697314978
T_odom_lidar: 
-0.783628 -0.610838  0.113152  0.194943
-0.599735  0.791358  0.118623 0.0539004
-0.162004  0.025095 -0.986471   0.76762
        0         0         0         1
T_world_lidar: 
-0.783628 -0.610838  0.113152  0.194943
-0.599735  0.791358  0.118623 0.0539004
-0.162004  0.025095 -0.986471   0.76762
        0         0         0         1
v_world_imu: -0.0301267   0.017054 0.00401095
frame_44
id: 839
stamp: 1783948153.798202991
T_odom_lidar: 
-0.784112 -0.610337  0.112503  0.192408
-0.599257   0.79173   0.11855 0.0557428
-0.161427 0.0255381 -0.986554  0.767957
        0         0         0         1
T_world_lidar: 
-0.784112 -0.610337  0.112503  0.192408
-0.599257   0.79173   0.11855 0.0557428
-0.161427 0.0255381 -0.986554  0.767957
        0         0         0         1
v_world_imu:  -0.023837  0.0218665 0.00698913
frame_45
id: 840
stamp: 1783948153.899017096
T_odom_lidar: 
-0.783854 -0.610707  0.112294  0.190374
-0.599603  0.791437  0.118758 0.0578254
  -0.1614 0.0257574 -0.986553  0.768757
        0         0         0         1
T_world_lidar: 
-0.783854 -0.610707  0.112294  0.190374
-0.599603  0.791437  0.118758 0.0578254
  -0.1614 0.0257574 -0.986553  0.768757
        0         0         0         1
v_world_imu: -0.0174393  0.0241656 0.00870157
frame_46
id: 841
stamp: 1783948153.999878645
T_odom_lidar: 
-0.783817 -0.610793  0.112085  0.188962
-0.599583  0.791349  0.119443 0.0601065
-0.161653  0.026417 -0.986494  0.769733
        0         0         0         1
T_world_lidar: 
-0.783817 -0.610793  0.112085  0.188962
-0.599583  0.791349  0.119443 0.0601065
-0.161653  0.026417 -0.986494  0.769733
        0         0         0         1
v_world_imu: -0.0105887  0.0243922  0.0102644
frame_47
id: 842
stamp: 1783948154.100747108
T_odom_lidar: 
-0.783669 -0.610928  0.112383  0.188167
-0.599518   0.79122  0.120618  0.062157
-0.162609 0.0271489 -0.986317  0.770774
        0         0         0         1
T_world_lidar: 
-0.783669 -0.610928  0.112383  0.188167
-0.599518   0.79122  0.120618  0.062157
-0.162609 0.0271489 -0.986317  0.770774
        0         0         0         1
v_world_imu: -0.00385233   0.0217325   0.0106888
frame_48
id: 843
stamp: 1783948154.202641487
T_odom_lidar: 
  -0.7836 -0.610965  0.112662  0.188285
-0.599388  0.791171   0.12158 0.0638748
-0.163416 0.0277421 -0.986167  0.771878
        0         0         0         1
T_world_lidar: 
  -0.7836 -0.610965  0.112662  0.188285
-0.599388  0.791171   0.12158 0.0638748
-0.163416 0.0277421 -0.986167  0.771878
        0         0         0         1
v_world_imu: 0.00388858  0.0153476  0.0109241
frame_49
id: 844
stamp: 1783948154.302512646
T_odom_lidar: 
-0.783724 -0.610833  0.112513  0.187789
-0.599162  0.791252  0.122167 0.0645391
 -0.16365 0.0283318 -0.986111   0.77355
        0         0         0         1
T_world_lidar: 
-0.783724 -0.610833  0.112513  0.187789
-0.599162  0.791252  0.122167 0.0645391
 -0.16365 0.0283318 -0.986111   0.77355
        0         0         0         1
v_world_imu: 0.0103643 0.0114707 0.0126407
frame_50
id: 845
stamp: 1783948154.403347969
T_odom_lidar: 
-0.783506 -0.610859  0.113882  0.188848
-0.599073   0.79125  0.122623 0.0649999
-0.165014  0.027852 -0.985898  0.774643
        0         0         0         1
T_world_lidar: 
-0.783506 -0.610859  0.113882  0.188848
-0.599073   0.79125  0.122623 0.0649999
-0.165014  0.027852 -0.985898  0.774643
        0         0         0         1
v_world_imu:  0.0153066 0.00361336  0.0113717
frame_51
id: 846
stamp: 1783948154.504233360
T_odom_lidar: 
-0.783695 -0.610358   0.11526  0.190563
-0.598507  0.791658  0.122747 0.0646697
-0.166166 0.0272127 -0.985722  0.775642
        0         0         0         1
T_world_lidar: 
-0.783695 -0.610358   0.11526  0.190563
-0.598507  0.791658  0.122747 0.0646697
-0.166166 0.0272127 -0.985722  0.775642
        0         0         0         1
v_world_imu:    0.017382 -0.00844609  0.00842246
frame_52
id: 847
stamp: 1783948154.605077982
T_odom_lidar: 
-0.784299 -0.609329  0.116596  0.192423
-0.597479  0.792479  0.122456  0.063307
-0.167015 0.0263781 -0.985601  0.776465
        0         0         0         1
T_world_lidar: 
-0.784299 -0.609329  0.116596  0.192423
-0.597479  0.792479  0.122456  0.063307
-0.167015 0.0263781 -0.985601  0.776465
        0         0         0         1
v_world_imu:  0.0177678 -0.0179672 0.00443737
frame_53
id: 848
stamp: 1783948154.705950260
T_odom_lidar: 
-0.784672 -0.608731  0.117205   0.19434
-0.597014   0.79297  0.121544 0.0611727
-0.166928 0.0253993 -0.985642  0.776576
        0         0         0         1
T_world_lidar: 
-0.784672 -0.608731  0.117205   0.19434
-0.597014   0.79297  0.121544 0.0611727
-0.166928 0.0253993 -0.985642  0.776576
        0         0         0         1
v_world_imu:  0.0171875 -0.0251718 0.00205358
frame_54
id: 849
stamp: 1783948154.806817770
T_odom_lidar: 
 -0.78535 -0.607833  0.117324    0.1958
-0.596318  0.793687  0.120275 0.0582066
-0.166226 0.0244956 -0.985783  0.776676
        0         0         0         1
T_world_lidar: 
 -0.78535 -0.607833  0.117324    0.1958
-0.596318  0.793687  0.120275 0.0582066
-0.166226 0.0244956 -0.985783  0.776676
        0         0         0         1
v_world_imu:   0.0109019  -0.0316632 -0.00313819
frame_55
id: 850
stamp: 1783948154.907711983
T_odom_lidar: 
-0.785845 -0.607165  0.117463  0.196577
-0.595815  0.794222  0.119234 0.0547142
-0.165687 0.0237135 -0.985893  0.776125
        0         0         0         1
T_world_lidar: 
-0.785845 -0.607165  0.117463  0.196577
-0.595815  0.794222  0.119234 0.0547142
-0.165687 0.0237135 -0.985893  0.776125
        0         0         0         1
v_world_imu:  0.00152866  -0.0384753 -0.00282333
frame_56
id: 851
stamp: 1783948155.008547783
T_odom_lidar: 
-0.786323 -0.606725  0.116541  0.196965
-0.595576  0.794565  0.118135 0.0511012
-0.164274 0.0234832 -0.986135  0.775461
        0         0         0         1
T_world_lidar: 
-0.786323 -0.606725  0.116541  0.196965
-0.595576  0.794565  0.118135 0.0511012
-0.164274 0.0234832 -0.986135  0.775461
        0         0         0         1
v_world_imu: -0.00164412  -0.0373937 -0.00248796
frame_57
id: 852
stamp: 1783948155.109479427
T_odom_lidar: 
-0.786258 -0.606908  0.116021  0.196613
-0.595909  0.794437  0.117315 0.0472353
-0.163371 0.0231023 -0.986294  0.775039
        0         0         0         1
T_world_lidar: 
-0.786258 -0.606908  0.116021  0.196613
-0.595909  0.794437  0.117315 0.0472353
-0.163371 0.0231023 -0.986294  0.775039
        0         0         0         1
v_world_imu:    -0.00496  -0.0371478 -0.00559366
frame_58
id: 853
stamp: 1783948155.210284948
T_odom_lidar: 
-0.786603 -0.606688  0.114829  0.196541
-0.595864  0.794603  0.116412 0.0436897
-0.161869  0.023147 -0.986541  0.774246
        0         0         0         1
T_world_lidar: 
-0.786603 -0.606688  0.114829  0.196541
-0.595864  0.794603  0.116412 0.0436897
-0.161869  0.023147 -0.986541  0.774246
        0         0         0         1
v_world_imu:  -0.0022734  -0.0343933 -0.00594238
frame_59
id: 854
stamp: 1783948155.311158180
T_odom_lidar: 
-0.786782 -0.606645  0.113826  0.196842
-0.595999   0.79464  0.115468 0.0403075
-0.160499  0.023008 -0.986768  0.773718
        0         0         0         1
T_world_lidar: 
-0.786782 -0.606645  0.113826  0.196842
-0.595999   0.79464  0.115468 0.0403075
-0.160499  0.023008 -0.986768  0.773718
        0         0         0         1
v_world_imu: 0.00574153 -0.0310036  -0.005033
frame_60
id: 855
stamp: 1783948155.412048817
T_odom_lidar: 
-0.787395 -0.605975   0.11315  0.197898
-0.595469  0.795154  0.114664 0.0373935
-0.159456 0.0229085 -0.986939  0.773271
        0         0         0         1
T_world_lidar: 
-0.787395 -0.605975   0.11315  0.197898
-0.595469  0.795154  0.114664 0.0373935
-0.159456 0.0229085 -0.986939  0.773271
        0         0         0         1
v_world_imu:   0.0148572   -0.027019 -0.00365342
frame_61
id: 856
stamp: 1783948155.512882710
T_odom_lidar: 
 -0.78777 -0.605438  0.113417  0.199707
-0.594983  0.795574   0.11427 0.0348915
-0.159414 0.0225372 -0.986954   0.77287
        0         0         0         1
T_world_lidar: 
 -0.78777 -0.605438  0.113417  0.199707
-0.594983  0.795574   0.11427 0.0348915
-0.159414 0.0225372 -0.986954   0.77287
        0         0         0         1
v_world_imu:   0.0207604  -0.0228849 -0.00356158
frame_62
id: 857
stamp: 1783948155.614645481
T_odom_lidar: 
-0.788406 -0.604677  0.113053  0.200608
-0.594345  0.796158  0.113519    0.0323
 -0.15865 0.0223062 -0.987083  0.773155
        0         0         0         1
T_world_lidar: 
-0.788406 -0.604677  0.113053  0.200608
-0.594345  0.796158  0.113519    0.0323
 -0.15865 0.0223062 -0.987083  0.773155
        0         0         0         1
v_world_imu:  0.0217654 -0.0193009 -0.0020126
frame_63
id: 858
stamp: 1783948155.715355158
T_odom_lidar: 
-0.788744 -0.604123  0.113663   0.20282
-0.593872    0.7966  0.112892 0.0307657
-0.158745 0.0215418 -0.987085  0.773218
        0         0         0         1
T_world_lidar: 
-0.788744 -0.604123  0.113663   0.20282
-0.593872    0.7966  0.112892 0.0307657
-0.158745 0.0215418 -0.987085  0.773218
        0         0         0         1
v_world_imu:  0.0226489 -0.0103318  0.0015266
frame_64
id: 859
stamp: 1783948155.815489531
T_odom_lidar: 
-0.788838 -0.603877  0.114313  0.205521
-0.593626  0.796798  0.112791 0.0301207
-0.159196  0.021115 -0.987021  0.773624
        0         0         0         1
T_world_lidar: 
-0.788838 -0.603877  0.114313  0.205521
-0.593626  0.796798  0.112791 0.0301207
-0.159196  0.021115 -0.987021  0.773624
        0         0         0         1
v_world_imu:  0.0334706  0.0015257 0.00443173
frame_65
id: 860
stamp: 1783948155.916350126
T_odom_lidar: 
-0.789273 -0.603371  0.113979  0.208973
-0.593211  0.797184  0.112239 0.0303395
-0.158584 0.0209737 -0.987123  0.773973
        0         0         0         1
T_world_lidar: 
-0.789273 -0.603371  0.113979  0.208973
-0.593211  0.797184  0.112239 0.0303395
-0.158584 0.0209737 -0.987123  0.773973
        0         0         0         1
v_world_imu:    0.030101 0.000140606  0.00158391
frame_66
id: 861
stamp: 1783948156.017219782
T_odom_lidar: 
-0.789458 -0.603106  0.114103   0.21234
-0.592859  0.797375  0.112745 0.0310905
 -0.15898 0.0213603 -0.987051  0.773912
        0         0         0         1
T_world_lidar: 
-0.789458 -0.603106  0.114103   0.21234
-0.592859  0.797375  0.112745 0.0310905
 -0.15898 0.0213603 -0.987051  0.773912
        0         0         0         1
v_world_imu: 0.0335936 0.0107543 0.0020159
frame_67
id: 862
stamp: 1783948156.118088007
T_odom_lidar: 
 -0.78948 -0.603188  0.113509  0.215629
-0.592895  0.797295  0.113119 0.0327739
-0.158733 0.0220065 -0.987076  0.774152
        0         0         0         1
T_world_lidar: 
 -0.78948 -0.603188  0.113509  0.215629
-0.592895  0.797295  0.113119 0.0327739
-0.158733 0.0220065 -0.987076  0.774152
        0         0         0         1
v_world_imu:  0.0318606  0.0217753 0.00310532
frame_68
id: 863
stamp: 1783948156.218960762
T_odom_lidar: 
-0.789229 -0.603683  0.112627  0.219176
-0.593337  0.796897  0.113606 0.0352007
-0.158335 0.0228354 -0.987121  0.774556
        0         0         0         1
T_world_lidar: 
-0.789229 -0.603683  0.112627  0.219176
-0.593337  0.796897  0.113606 0.0352007
-0.158335 0.0228354 -0.987121  0.774556
        0         0         0         1
v_world_imu:  0.0359093  0.0270838 0.00569476
frame_69
id: 864
stamp: 1783948156.323342562
T_odom_lidar: 
-0.789322 -0.603413   0.11342  0.223127
-0.592876   0.79709  0.114655 0.0381994
 -0.15959 0.0232558 -0.986909  0.775265
        0         0         0         1
T_world_lidar: 
-0.789322 -0.603413   0.11342  0.223127
-0.592876   0.79709  0.114655 0.0381994
 -0.15959 0.0232558 -0.986909  0.775265
        0         0         0         1
v_world_imu:  0.0389592   0.028994 0.00814357
frame_70
id: 865
stamp: 1783948156.420692682
T_odom_lidar: 
-0.789324 -0.603295  0.114024  0.227015
-0.592621  0.797171  0.115411 0.0412519
-0.160523 0.0235235 -0.986752  0.776162
        0         0         0         1
T_world_lidar: 
-0.789324 -0.603295  0.114024  0.227015
-0.592621  0.797171  0.115411 0.0412519
-0.160523 0.0235235 -0.986752  0.776162
        0         0         0         1
v_world_imu: 0.0381808 0.0318195 0.0111179
frame_71
id: 866
stamp: 1783948156.521784782
T_odom_lidar: 
-0.789154 -0.603298  0.115182  0.231159
-0.592468  0.797171  0.116193 0.0446482
-0.161919 0.0234529 -0.986525  0.777285
        0         0         0         1
T_world_lidar: 
-0.789154 -0.603298  0.115182  0.231159
-0.592468  0.797171  0.116193 0.0446482
-0.161919 0.0234529 -0.986525  0.777285
        0         0         0         1
v_world_imu: 0.0447972 0.0356494 0.0129899
frame_72
id: 867
stamp: 1783948156.622467279
T_odom_lidar: 
-0.789163 -0.603027  0.116533  0.235531
-0.592026  0.797379   0.11701 0.0481988
-0.163481 0.0233488  -0.98627  0.778434
        0         0         0         1
T_world_lidar: 
-0.789163 -0.603027  0.116533  0.235531
-0.592026  0.797379   0.11701 0.0481988
-0.163481 0.0233488  -0.98627  0.778434
        0         0         0         1
v_world_imu: 0.0418289   0.03513  0.015134
frame_73
id: 868
stamp: 1783948156.723289490
T_odom_lidar: 
-0.788741 -0.603237  0.118291  0.239654
-0.592049  0.797232  0.117894 0.0518873
-0.165424 0.0229535 -0.985955  0.780005
        0         0         0         1
T_world_lidar: 
-0.788741 -0.603237  0.118291  0.239654
-0.592049  0.797232  0.117894 0.0518873
-0.165424 0.0229535 -0.985955  0.780005
        0         0         0         1
v_world_imu:   0.04012 0.0367096 0.0176079
frame_74
id: 869
stamp: 1783948156.825350761
T_odom_lidar: 
-0.788931 -0.602576  0.120371  0.243708
-0.591163   0.79774  0.118899 0.0558127
 -0.16767 0.0226442 -0.985583  0.781759
        0         0         0         1
T_world_lidar: 
-0.788931 -0.602576  0.120371  0.243708
-0.591163   0.79774  0.118899 0.0558127
 -0.16767 0.0226442 -0.985583  0.781759
        0         0         0         1
v_world_imu:  0.037579 0.0371669 0.0177092
frame_75
id: 870
stamp: 1783948156.928342104
T_odom_lidar: 
-0.789163 -0.601928  0.122085  0.245825
 -0.59029  0.798231  0.119943 0.0590608
-0.169649 0.0225893 -0.985246  0.784025
        0         0         0         1
T_world_lidar: 
-0.789163 -0.601928  0.122085  0.245825
 -0.59029  0.798231  0.119943 0.0590608
-0.169649 0.0225893 -0.985246  0.784025
        0         0         0         1
v_world_imu: 0.0276495 0.0320208 0.0157859
frame_76
id: 871
stamp: 1783948157.025893927
T_odom_lidar: 
-0.788866 -0.601962  0.123822  0.247785
-0.590128  0.798214  0.120842 0.0622094
-0.171579 0.0222576 -0.984919  0.785287
        0         0         0         1
T_world_lidar: 
-0.788866 -0.601962  0.123822  0.247785
-0.590128  0.798214  0.120842 0.0622094
-0.171579 0.0222576 -0.984919  0.785287
        0         0         0         1
v_world_imu: 0.0149258 0.0264702 0.0110906
frame_77
id: 872
stamp: 1783948157.126754761
T_odom_lidar: 
-0.789169 -0.601386  0.124687  0.248476
-0.589434  0.798648  0.121366 0.0648117
-0.172569  0.022284 -0.984745  0.786034
        0         0         0         1
T_world_lidar: 
-0.789169 -0.601386  0.124687  0.248476
-0.589434  0.798648  0.121366 0.0648117
-0.172569  0.022284 -0.984745  0.786034
        0         0         0         1
v_world_imu: -0.00087582   0.0213387  0.00406442
frame_78
id: 873
stamp: 1783948157.227627993
T_odom_lidar: 
-0.788978 -0.601594  0.124896  0.247527
-0.589647  0.798497  0.121319 0.0668079
-0.172714 0.0220739 -0.984725  0.785957
        0         0         0         1
T_world_lidar: 
-0.788978 -0.601594  0.124896  0.247527
-0.589647  0.798497  0.121319 0.0668079
-0.172714 0.0220739 -0.984725  0.785957
        0         0         0         1
v_world_imu:  -0.0183349   0.0152487 -0.00419839
frame_79
id: 874
stamp: 1783948157.328539133
T_odom_lidar: 
-0.788994 -0.601677  0.124393  0.245053
-0.589799  0.798434  0.120998 0.0682305
-0.172121 0.0220999 -0.984828  0.785089
        0         0         0         1
T_world_lidar: 
-0.788994 -0.601677  0.124393  0.245053
-0.589799  0.798434  0.120998 0.0682305
-0.172121 0.0220999 -0.984828  0.785089
        0         0         0         1
v_world_imu: -0.0327525 0.00870519 -0.0128144
frame_80
id: 875
stamp: 1783948157.429358721
T_odom_lidar: 
-0.789065 -0.601924  0.122733  0.241152
-0.590206  0.798236  0.120317 0.0690813
-0.170391 0.0225002  -0.98512  0.783459
        0         0         0         1
T_world_lidar: 
-0.789065 -0.601924  0.122733  0.241152
-0.590206  0.798236  0.120317 0.0690813
-0.170391 0.0225002  -0.98512  0.783459
        0         0         0         1
v_world_imu: -0.0468494 0.00398698 -0.0205156
frame_81
id: 876
stamp: 1783948157.530226946
T_odom_lidar: 
-0.789156 -0.602199  0.120786  0.236048
-0.590642  0.798012  0.119659 0.0695894
-0.168447 0.0230883  -0.98544   0.78111
        0         0         0         1
T_world_lidar: 
-0.789156 -0.602199  0.120786  0.236048
-0.590642  0.798012  0.119659 0.0695894
-0.168447 0.0230883  -0.98544   0.78111
        0         0         0         1
v_world_imu: -0.0571962 0.00217325  -0.026316
frame_82
id: 877
stamp: 1783948157.632459164
T_odom_lidar: 
-0.789127 -0.602658  0.118671  0.230094
 -0.59122   0.79764  0.119287 0.0700358
-0.166546 0.0239722 -0.985742  0.778169
        0         0         0         1
T_world_lidar: 
-0.789127 -0.602658  0.118671  0.230094
 -0.59122   0.79764  0.119287 0.0700358
-0.166546 0.0239722 -0.985742  0.778169
        0         0         0         1
v_world_imu: -0.0638018 0.00315565  -0.031573
frame_83
id: 878
stamp: 1783948157.731964827
T_odom_lidar: 
-0.788915  -0.60337  0.116436  0.223765
-0.592021  0.797067  0.119143 0.0705706
-0.164694 0.0250608 -0.986026  0.774876
        0         0         0         1
T_world_lidar: 
-0.788915  -0.60337  0.116436  0.223765
-0.592021  0.797067  0.119143 0.0705706
-0.164694 0.0250608 -0.986026  0.774876
        0         0         0         1
v_world_imu: -0.0676385 0.00172589 -0.0347491
frame_84
id: 879
stamp: 1783948157.832823753
T_odom_lidar: 
-0.788669  -0.60402  0.114722  0.217176
-0.592708  0.796544  0.119227  0.070849
-0.163396 0.0260341 -0.986217   0.77122
        0         0         0         1
T_world_lidar: 
-0.788669  -0.60402  0.114722  0.217176
-0.592708  0.796544  0.119227  0.070849
-0.163396 0.0260341 -0.986217   0.77122
        0         0         0         1
v_world_imu:   -0.0669213 -0.000645311   -0.0376683
frame_85
id: 880
stamp: 1783948157.933697939
T_odom_lidar: 
-0.788228 -0.605017  0.112476  0.210849
-0.593769  0.795747  0.119273 0.0710002
-0.161665 0.0272295  -0.98647  0.767435
        0         0         0         1
T_world_lidar: 
-0.788228 -0.605017  0.112476  0.210849
-0.593769  0.795747  0.119273 0.0710002
-0.161665 0.0272295  -0.98647  0.767435
        0         0         0         1
v_world_imu:   -0.0608167 -0.000520241   -0.0378541
frame_86
id: 881
stamp: 1783948158.034598827
T_odom_lidar: 
-0.788447 -0.604935  0.111374  0.204159
-0.593727  0.795787  0.119211  0.070602
-0.160744 0.0278658 -0.986603  0.763912
        0         0         0         1
T_world_lidar: 
-0.788447 -0.604935  0.111374  0.204159
-0.593727  0.795787  0.119211  0.070602
-0.160744 0.0278658 -0.986603  0.763912
        0         0         0         1
v_world_imu: -0.0542909 -0.0040095 -0.0355616
frame_87
id: 882
stamp: 1783948158.135430336
T_odom_lidar: 
-0.788692  -0.60455   0.11173  0.198909
-0.593272  0.796074  0.119557 0.0703189
-0.161224 0.0280078  -0.98652   0.76031
        0         0         0         1
T_world_lidar: 
-0.788692  -0.60455   0.11173  0.198909
-0.593272  0.796074  0.119557 0.0703189
-0.161224 0.0280078  -0.98652   0.76031
        0         0         0         1
v_world_imu:  -0.0492935 -0.00637393  -0.0356969
frame_88
id: 883
stamp: 1783948158.236307859
T_odom_lidar: 
-0.788603 -0.604731   0.11138  0.193977
-0.593439  0.795927  0.119711 0.0697131
-0.161044 0.0283073 -0.986541  0.756687
        0         0         0         1
T_world_lidar: 
-0.788603 -0.604731   0.11138  0.193977
-0.593439  0.795927  0.119711 0.0697131
-0.161044 0.0283073 -0.986541  0.756687
        0         0         0         1
v_world_imu: -0.0460251 -0.0110467 -0.0364279
frame_89
id: 884
stamp: 1783948158.337161303
T_odom_lidar: 
-0.788575  -0.60485  0.110931    0.1894
-0.593566  0.795826  0.119754 0.0687104
-0.160715 0.0285904 -0.986587  0.753034
        0         0         0         1
T_world_lidar: 
-0.788575  -0.60485  0.110931    0.1894
-0.593566  0.795826  0.119754 0.0687104
-0.160715 0.0285904 -0.986587  0.753034
        0         0         0         1
v_world_imu: -0.0423327 -0.0154544 -0.0364834
frame_90
id: 885
stamp: 1783948158.438048840
T_odom_lidar: 
-0.788562 -0.604968  0.110376  0.185224
-0.593747  0.795733   0.11947 0.0673139
-0.160106 0.0286745 -0.986683  0.749405
        0         0         0         1
T_world_lidar: 
-0.788562 -0.604968  0.110376  0.185224
-0.593747  0.795733   0.11947 0.0673139
-0.160106 0.0286745 -0.986683  0.749405
        0         0         0         1
v_world_imu: -0.0367854 -0.0191626 -0.0373809
frame_91
id: 886
stamp: 1783948158.538902760
T_odom_lidar: 
-0.788274 -0.605383  0.110162  0.181846
-0.594239  0.795428  0.119056 0.0656025
  -0.1597 0.0283862 -0.986757  0.745007
        0         0         0         1
T_world_lidar: 
-0.788274 -0.605383  0.110162  0.181846
-0.594239  0.795428  0.119056 0.0656025
  -0.1597 0.0283862 -0.986757  0.745007
        0         0         0         1
v_world_imu: -0.0314649 -0.0229504 -0.0361809
frame_92
id: 887
stamp: 1783948158.639800310
T_odom_lidar: 
-0.788869 -0.604724   0.10952  0.179078
 -0.59372  0.795933  0.118266 0.0634215
-0.158689 0.0282725 -0.986924  0.741585
        0         0         0         1
T_world_lidar: 
-0.788869 -0.604724   0.10952  0.179078
 -0.59372  0.795933  0.118266 0.0634215
-0.158689 0.0282725 -0.986924  0.741585
        0         0         0         1
v_world_imu: -0.0238528  -0.024047 -0.0348822
frame_93
id: 888
stamp: 1783948158.740626812
T_odom_lidar: 
-0.788749 -0.605032   0.10868  0.177052
-0.594184  0.795706  0.117463  0.061284
-0.157546 0.0280731 -0.987113   0.73822
        0         0         0         1
T_world_lidar: 
-0.788749 -0.605032   0.10868  0.177052
-0.594184  0.795706  0.117463  0.061284
-0.157546 0.0280731 -0.987113   0.73822
        0         0         0         1
v_world_imu: -0.0162547 -0.0239489 -0.0315905
frame_94
id: 889
stamp: 1783948158.844341278
T_odom_lidar: 
-0.787412 -0.606824  0.108385  0.175842
-0.596087  0.794362   0.11692 0.0591019
-0.157047 0.0274571 -0.987209  0.735202
        0         0         0         1
T_world_lidar: 
-0.787412 -0.606824  0.108385  0.175842
-0.596087  0.794362   0.11692 0.0591019
-0.157047 0.0274571 -0.987209  0.735202
        0         0         0         1
v_world_imu: -0.00349226  -0.0239505  -0.0257485
frame_95
id: 890
stamp: 1783948158.942370415
T_odom_lidar: 
 -0.78789 -0.605869  0.110237  0.176097
-0.595094  0.795126  0.116778 0.0569732
-0.158405 0.0264071 -0.987021  0.732893
        0         0         0         1
T_world_lidar: 
 -0.78789 -0.605869  0.110237  0.176097
-0.595094  0.795126  0.116778 0.0569732
-0.158405 0.0264071 -0.987021  0.732893
        0         0         0         1
v_world_imu:  0.0115877 -0.0245466 -0.0196132
frame_96
id: 891
stamp: 1783948159.043230057
T_odom_lidar: 
-0.788411   -0.6047  0.112902  0.177354
-0.593844   0.79606  0.116781 0.0547547
-0.160494 0.0250248 -0.986719  0.731072
        0         0         0         1
T_world_lidar: 
-0.788411   -0.6047  0.112902  0.177354
-0.593844   0.79606  0.116781 0.0547547
-0.160494 0.0250248 -0.986719  0.731072
        0         0         0         1
v_world_imu:  0.0177386 -0.0243869 -0.0160164
frame_97
id: 892
stamp: 1783948159.144121408
T_odom_lidar: 
-0.788364 -0.604359   0.11503  0.178932
-0.593437  0.796355  0.116839 0.0526886
-0.162218 0.0238486 -0.986467  0.729465
        0         0         0         1
T_world_lidar: 
-0.788364 -0.604359   0.11503  0.178932
-0.593437  0.796355  0.116839 0.0526886
-0.162218 0.0238486 -0.986467  0.729465
        0         0         0         1
v_world_imu:  0.0174637 -0.0232907  -0.014745
frame_98
id: 893
stamp: 1783948159.244966030
T_odom_lidar: 
-0.787757 -0.604829  0.116709  0.179684
-0.593911  0.796036  0.116603 0.0504153
 -0.16343 0.0225397 -0.986297  0.728582
        0         0         0         1
T_world_lidar: 
-0.787757 -0.604829  0.116709  0.179684
-0.593911  0.796036  0.116603 0.0504153
 -0.16343 0.0225397 -0.986297  0.728582
        0         0         0         1
v_world_imu:  0.0145648 -0.0210715 -0.0129311
frame_99
id: 894
stamp: 1783948159.345832109
T_odom_lidar: 
-0.787762 -0.604691  0.117384  0.180909
-0.593745   0.79615  0.116671 0.0485236
-0.164005 0.0222135 -0.986209   0.72723
        0         0         0         1
T_world_lidar: 
-0.787762 -0.604691  0.117384  0.180909
-0.593745   0.79615  0.116671 0.0485236
-0.164005 0.0222135 -0.986209   0.72723
        0         0         0         1
v_world_imu:  0.0109488 -0.0205468 -0.0124252
frame_100
id: 895
stamp: 1783948159.446702003
T_odom_lidar: 
-0.788126 -0.603628  0.120374   0.18141
-0.592591  0.796998   0.11675 0.0466252
-0.166411 0.0206819  -0.98584  0.725838
        0         0         0         1
T_world_lidar: 
-0.788126 -0.603628  0.120374   0.18141
-0.592591  0.796998   0.11675 0.0466252
-0.166411 0.0206819  -0.98584  0.725838
        0         0         0         1
v_world_imu: 0.00326869 -0.0194294 -0.0141399
frame_101
id: 896
stamp: 1783948159.547649622
T_odom_lidar: 
-0.788359 -0.602836  0.122798  0.180814
-0.591725  0.797628  0.116836 0.0446925
 -0.16838 0.0194458  -0.98553  0.724207
        0         0         0         1
T_world_lidar: 
-0.788359 -0.602836  0.122798  0.180814
-0.591725  0.797628  0.116836 0.0446925
 -0.16838 0.0194458  -0.98553  0.724207
        0         0         0         1
v_world_imu: -0.0110959 -0.0180118 -0.0203435
frame_102
id: 897
stamp: 1783948159.650191307
T_odom_lidar: 
-0.788332 -0.602741   0.12343  0.178887
-0.591682  0.797716  0.116459 0.0429843
-0.168656 0.0187773 -0.985496   0.72173
        0         0         0         1
T_world_lidar: 
-0.788332 -0.602741   0.12343  0.178887
-0.591682  0.797716  0.116459 0.0429843
-0.168656 0.0187773 -0.985496   0.72173
        0         0         0         1
v_world_imu: -0.0253165 -0.0183663 -0.0277336
frame_103
id: 898
stamp: 1783948159.749313354
T_odom_lidar: 
-0.788211 -0.602867  0.123589   0.17554
-0.591826  0.797626   0.11634 0.0413262
-0.168715 0.0185571  -0.98549  0.718355
        0         0         0         1
T_world_lidar: 
-0.788211 -0.602867  0.123589   0.17554
-0.591826  0.797626   0.11634 0.0413262
-0.168715 0.0185571  -0.98549  0.718355
        0         0         0         1
v_world_imu: -0.0402136 -0.0188408 -0.0353708
frame_104
id: 899
stamp: 1783948159.850167036
T_odom_lidar: 
-0.788361 -0.602984  0.122051  0.170725
-0.592065  0.797526   0.11581 0.0396974
-0.167171  0.019038 -0.985744  0.714502
        0         0         0         1
T_world_lidar: 
-0.788361 -0.602984  0.122051  0.170725
-0.592065  0.797526   0.11581 0.0396974
-0.167171  0.019038 -0.985744  0.714502
        0         0         0         1
v_world_imu: -0.0538454 -0.0178467  -0.041429
frame_105
id: 900
stamp: 1783948159.951032639
T_odom_lidar: 
 -0.78853 -0.603272  0.119516  0.164793
-0.592463  0.797279  0.115474 0.0382849
 -0.16495 0.0202466 -0.986094  0.710042
        0         0         0         1
T_world_lidar: 
 -0.78853 -0.603272  0.119516  0.164793
-0.592463  0.797279  0.115474 0.0382849
 -0.16495 0.0202466 -0.986094  0.710042
        0         0         0         1
v_world_imu: -0.0645284 -0.0124361 -0.0462445
frame_106
id: 901
stamp: 1783948160.051897526
T_odom_lidar: 
-0.787817  -0.60468  0.117075  0.157876
-0.593978  0.796185  0.115238 0.0375031
-0.162895 0.0212466 -0.986415  0.705183
        0         0         0         1
T_world_lidar: 
-0.787817  -0.60468  0.117075  0.157876
-0.593978  0.796185  0.115238 0.0375031
-0.162895 0.0212466 -0.986415  0.705183
        0         0         0         1
v_world_imu:  -0.0704155 -0.00756058   -0.048596
frame_107
id: 902
stamp: 1783948160.152768850
T_odom_lidar: 
 -0.78755 -0.605536  0.114416  0.150879
-0.594851  0.795487  0.115554 0.0370121
-0.160989 0.0229442  -0.98669  0.700198
        0         0         0         1
T_world_lidar: 
 -0.78755 -0.605536  0.114416  0.150879
-0.594851  0.795487  0.115554 0.0370121
-0.160989 0.0229442  -0.98669  0.700198
        0         0         0         1
v_world_imu:  -0.0687206 -0.00381184  -0.0486025
frame_108
id: 903
stamp: 1783948160.253691196
T_odom_lidar: 
-0.786811 -0.606946  0.112007  0.144153
-0.596277  0.794368    0.1159 0.0368357
 -0.15932 0.0244036 -0.986925  0.695352
        0         0         0         1
T_world_lidar: 
-0.786811 -0.606946  0.112007  0.144153
-0.596277  0.794368    0.1159 0.0368357
 -0.15932 0.0244036 -0.986925  0.695352
        0         0         0         1
v_world_imu:  -0.0635471 -0.00131758  -0.0458733
frame_109
id: 904
stamp: 1783948160.354532003
T_odom_lidar: 
-0.786876 -0.607182  0.110253  0.138223
-0.596484  0.794143  0.116376 0.0367799
-0.158218 0.0258092 -0.987067   0.69094
        0         0         0         1
T_world_lidar: 
-0.786876 -0.607182  0.110253  0.138223
-0.596484  0.794143  0.116376 0.0367799
-0.158218 0.0258092 -0.987067   0.69094
        0         0         0         1
v_world_imu:   -0.0546136 -0.000703072   -0.0396311
frame_110
id: 905
stamp: 1783948160.455379009
T_odom_lidar: 
-0.786501 -0.607732  0.109903  0.133069
-0.596934    0.7937  0.117089 0.0362598
-0.158389 0.0264859 -0.987022  0.686575
        0         0         0         1
T_world_lidar: 
-0.786501 -0.607732  0.109903  0.133069
-0.596934    0.7937  0.117089 0.0362598
-0.158389 0.0264859 -0.987022  0.686575
        0         0         0         1
v_world_imu:  -0.0468663 -0.00130476  -0.0350175
frame_111
id: 906
stamp: 1783948160.556245089
T_odom_lidar: 
-0.786972 -0.607145  0.109775  0.128461
-0.596243  0.794126   0.11772 0.0361313
-0.158648 0.0271899 -0.986961  0.683374
        0         0         0         1
T_world_lidar: 
-0.786972 -0.607145  0.109775  0.128461
-0.596243  0.794126   0.11772 0.0361313
-0.158648 0.0271899 -0.986961  0.683374
        0         0         0         1
v_world_imu:   -0.0417121 -0.000628813   -0.0304859
frame_112
id: 907
stamp: 1783948160.657105207
T_odom_lidar: 
-0.786985 -0.607169  0.109546  0.124321
-0.596174  0.794086  0.118338  0.035956
 -0.15884 0.0278218 -0.986912  0.680435
        0         0         0         1
T_world_lidar: 
-0.786985 -0.607169  0.109546  0.124321
-0.596174  0.794086  0.118338  0.035956
 -0.15884 0.0278218 -0.986912  0.680435
        0         0         0         1
v_world_imu:  -0.0390497 -0.00218444  -0.0282939
frame_113
id: 908
stamp: 1783948160.757982016
T_odom_lidar: 
-0.786751 -0.607666  0.108468  0.120598
-0.596605  0.793667  0.118973 0.0358632
-0.158384 0.0288896 -0.986955  0.677414
        0         0         0         1
T_world_lidar: 
-0.786751 -0.607666  0.108468  0.120598
-0.596605  0.793667  0.118973 0.0358632
-0.158384 0.0288896 -0.986955  0.677414
        0         0         0         1
v_world_imu:  -0.0346381 -0.00110875  -0.0255795
frame_114
id: 909
stamp: 1783948160.858862162
T_odom_lidar: 
-0.786399 -0.608443  0.106649  0.117357
-0.597342  0.793017  0.119608 0.0355679
 -0.15735 0.0303536 -0.987076  0.674968
        0         0         0         1
T_world_lidar: 
-0.786399 -0.608443  0.106649  0.117357
-0.597342  0.793017  0.119608 0.0355679
 -0.15735 0.0303536 -0.987076  0.674968
        0         0         0         1
v_world_imu:  -0.0280812 -0.00246803  -0.0234722
frame_115
id: 910
stamp: 1783948160.959704399
T_odom_lidar: 
-0.785822 -0.609483  0.104949  0.114954
-0.598321  0.792161  0.120389 0.0350092
-0.156511 0.0318106 -0.987164  0.672682
        0         0         0         1
T_world_lidar: 
-0.785822 -0.609483  0.104949  0.114954
-0.598321  0.792161  0.120389 0.0350092
-0.156511 0.0318106 -0.987164  0.672682
        0         0         0         1
v_world_imu: -0.0179484  -0.007522 -0.0208722
frame_116
id: 911
stamp: 1783948161.060578108
T_odom_lidar: 
-0.785098 -0.610832  0.102497  0.114132
-0.599729  0.791063    0.1206 0.0339169
-0.154748 0.0332124 -0.987396  0.670766
        0         0         0         1
T_world_lidar: 
-0.785098 -0.610832  0.102497  0.114132
-0.599729  0.791063    0.1206 0.0339169
-0.154748 0.0332124 -0.987396  0.670766
        0         0         0         1
v_world_imu: 0.00380087 -0.0150373 -0.0157443
frame_117
id: 912
stamp: 1783948161.161440134
T_odom_lidar: 
-0.785301 -0.610775  0.101273  0.115512
-0.599721  0.791077  0.120549 0.0320911
-0.153743  0.033932 -0.987528  0.669417
        0         0         0         1
T_world_lidar: 
-0.785301 -0.610775  0.101273  0.115512
-0.599721  0.791077  0.120549 0.0320911
-0.153743  0.033932 -0.987528  0.669417
        0         0         0         1
v_world_imu:  0.0271233 -0.0217596  -0.010311
frame_118
id: 913
stamp: 1783948161.262304306
T_odom_lidar: 
-0.785433 -0.610358  0.102754  0.119122
 -0.59924  0.791431  0.120617  0.029703
-0.154942  0.033162 -0.987367  0.668575
        0         0         0         1
T_world_lidar: 
-0.785433 -0.610358  0.102754  0.119122
 -0.59924  0.791431  0.120617  0.029703
-0.154942  0.033162 -0.987367  0.668575
        0         0         0         1
v_world_imu:   0.0511097  -0.0268231 -0.00538845
frame_119
id: 914
stamp: 1783948161.363169432
T_odom_lidar: 
-0.785745 -0.609568  0.105033  0.124758
-0.598405  0.792098  0.120383 0.0267174
-0.156578 0.0317379 -0.987155  0.668185
        0         0         0         1
T_world_lidar: 
-0.785745 -0.609568  0.105033  0.124758
-0.598405  0.792098  0.120383 0.0267174
-0.156578 0.0317379 -0.987155  0.668185
        0         0         0         1
v_world_imu:  0.0672937 -0.0326636 -0.0017882
frame_120
id: 915
stamp: 1783948161.464040518
T_odom_lidar: 
-0.785786 -0.608961  0.108196  0.131886
 -0.59777   0.79265  0.119903 0.0231783
-0.158778 0.0295421 -0.986872  0.668096
        0         0         0         1
T_world_lidar: 
-0.785786 -0.608961  0.108196  0.131886
 -0.59777   0.79265  0.119903 0.0231783
-0.158778 0.0295421 -0.986872  0.668096
        0         0         0         1
v_world_imu:  0.0814427 -0.0377652 0.00102936
frame_121
id: 916
stamp: 1783948161.564924479
T_odom_lidar: 
-0.785408 -0.608913   0.11117  0.140151
 -0.59772  0.792767  0.119382 0.0193793
-0.160825 0.0273145 -0.986605  0.668231
        0         0         0         1
T_world_lidar: 
-0.785408 -0.608913   0.11117  0.140151
 -0.59772  0.792767  0.119382 0.0193793
-0.160825 0.0273145 -0.986605  0.668231
        0         0         0         1
v_world_imu:  0.0892758 -0.0375148 0.00311703
frame_122
id: 917
stamp: 1783948161.665800095
T_odom_lidar: 
-0.784842 -0.609366  0.112674  0.149186
-0.598322  0.792482  0.118249 0.0155339
-0.161349 0.0253914 -0.986571  0.668574
        0         0         0         1
T_world_lidar: 
-0.784842 -0.609366  0.112674  0.149186
-0.598322  0.792482  0.118249 0.0155339
-0.161349 0.0253914 -0.986571  0.668574
        0         0         0         1
v_world_imu:  0.0943272 -0.0376769 0.00516048
frame_123
id: 918
stamp: 1783948161.766645670
T_odom_lidar: 
-0.784363 -0.609645  0.114486  0.158628
-0.598701  0.792326  0.117379 0.0116516
 -0.16227  0.023525 -0.986466   0.66922
        0         0         0         1
T_world_lidar: 
-0.784363 -0.609645  0.114486  0.158628
-0.598701  0.792326  0.117379 0.0116516
 -0.16227  0.023525 -0.986466   0.66922
        0         0         0         1
v_world_imu:  0.0975629 -0.0367053 0.00854666
frame_124
id: 919
stamp: 1783948161.867516041
T_odom_lidar: 
 -0.783832  -0.610014   0.116149   0.168303
 -0.599164   0.792091   0.116595 0.00800378
 -0.163125  0.0217988  -0.986364   0.670219
         0          0          0          1
T_world_lidar: 
 -0.783832  -0.610014   0.116149   0.168303
 -0.599164   0.792091   0.116595 0.00800378
 -0.163125  0.0217988  -0.986364   0.670219
         0          0          0          1
v_world_imu:  0.0982924 -0.0334131  0.0122154
frame_125
id: 920
stamp: 1783948161.968373775
T_odom_lidar: 
 -0.782301  -0.611595   0.118138   0.177759
  -0.60075   0.790916    0.11641 0.00479387
 -0.164632  0.0200963   -0.98615   0.671617
         0          0          0          1
T_world_lidar: 
 -0.782301  -0.611595   0.118138   0.177759
  -0.60075   0.790916    0.11641 0.00479387
 -0.164632  0.0200963   -0.98615   0.671617
         0          0          0          1
v_world_imu:  0.0930924 -0.0300643  0.0182616
frame_126
id: 921
stamp: 1783948162.069281578
T_odom_lidar: 
  -0.78029  -0.613868    0.11964   0.186646
  -0.60307   0.789193   0.116105 0.00191137
 -0.165693  0.0184443  -0.986005   0.673934
         0          0          0          1
T_world_lidar: 
  -0.78029  -0.613868    0.11964   0.186646
  -0.60307   0.789193   0.116105 0.00191137
 -0.165693  0.0184443  -0.986005   0.673934
         0          0          0          1
v_world_imu: 0.0853038 -0.026457 0.0276669
frame_127
id: 922
stamp: 1783948162.170104504
T_odom_lidar: 
   -0.777868    -0.616855     0.120045      0.19464
   -0.606127     0.786886     0.115852 -0.000822482
   -0.165925     0.017355    -0.985986     0.677388
           0            0            0            1
T_world_lidar: 
   -0.777868    -0.616855     0.120045      0.19464
   -0.606127     0.786886     0.115852 -0.000822482
   -0.165925     0.017355    -0.985986     0.677388
           0            0            0            1
v_world_imu:   0.076274 -0.0244487  0.0411784
frame_128
id: 923
stamp: 1783948162.270972490
T_odom_lidar: 
  -0.777643   -0.617167      0.1199    0.200642
  -0.606511    0.786647    0.115459 -0.00286826
  -0.165576   0.0170652   -0.986049    0.679355
          0           0           0           1
T_world_lidar: 
  -0.777643   -0.617167      0.1199    0.200642
  -0.606511    0.786647    0.115459 -0.00286826
  -0.165576   0.0170652   -0.986049    0.679355
          0           0           0           1
v_world_imu:  0.0413494 -0.0223635  0.0474393
frame_129
id: 924
stamp: 1783948162.371848106
T_odom_lidar: 
  -0.77506  -0.619952   0.122232   0.202243
  -0.60936   0.784502   0.115049 -0.0048257
 -0.167216  0.0146866  -0.985811   0.684913
         0          0          0          1
T_world_lidar: 
  -0.77506  -0.619952   0.122232   0.202243
  -0.60936   0.784502   0.115049 -0.0048257
 -0.167216  0.0146866  -0.985811   0.684913
         0          0          0          1
v_world_imu: -0.00764181    -0.01231    0.059842
frame_130
id: 925
stamp: 1783948162.472708464
T_odom_lidar: 
   -0.77238   -0.622298     0.12718    0.197735
  -0.611327    0.782679    0.117019 -0.00617583
  -0.172361   0.0126347   -0.984953    0.691751
          0           0           0           1
T_world_lidar: 
   -0.77238   -0.622298     0.12718    0.197735
  -0.611327    0.782679    0.117019 -0.00617583
  -0.172361   0.0126347   -0.984953    0.691751
          0           0           0           1
v_world_imu: -0.0766039 -0.0104395   0.075522
frame_131
id: 926
stamp: 1783948162.574418783
T_odom_lidar: 
  -0.766539    -0.62803    0.134151    0.182841
  -0.616669    0.778141    0.119229 -0.00658766
  -0.179268  0.00866703   -0.983762    0.700158
          0           0           0           1
T_world_lidar: 
  -0.766539    -0.62803    0.134151    0.182841
  -0.616669    0.778141    0.119229 -0.00658766
  -0.179268  0.00866703   -0.983762    0.700158
          0           0           0           1
v_world_imu:  -0.206741 0.00389387  0.0990253
frame_132
id: 927
stamp: 1783948162.674441814
T_odom_lidar: 
  -0.758011   -0.634686    0.150309    0.154891
  -0.622369     0.77277     0.12443 -0.00591072
  -0.195128 0.000771897   -0.980777    0.710569
          0           0           0           1
T_world_lidar: 
  -0.758011   -0.634686    0.150309    0.154891
  -0.622369     0.77277     0.12443 -0.00591072
  -0.195128 0.000771897   -0.980777    0.710569
          0           0           0           1
v_world_imu: -0.325049 0.0133274  0.107255
frame_133
id: 928
stamp: 1783948162.775313377
T_odom_lidar: 
  -0.746798   -0.642871     0.17032    0.116998
  -0.629606     0.76591      0.1303 -0.00441799
  -0.214216 -0.00992685   -0.976736    0.722953
          0           0           0           1
T_world_lidar: 
  -0.746798   -0.642871     0.17032    0.116998
  -0.629606     0.76591      0.1303 -0.00441799
  -0.214216 -0.00992685   -0.976736    0.722953
          0           0           0           1
v_world_imu:  -0.39435 0.0189221  0.118895
frame_134
id: 929
stamp: 1783948162.876175642
T_odom_lidar: 
 -0.735819  -0.649571   0.191386  0.0734313
 -0.635411   0.760007   0.136533 -0.0033254
 -0.234143 -0.0211448  -0.971972   0.735988
         0          0          0          1
T_world_lidar: 
 -0.735819  -0.649571   0.191386  0.0734313
 -0.635411   0.760007   0.136533 -0.0033254
 -0.234143 -0.0211448  -0.971972   0.735988
         0          0          0          1
v_world_imu:   -0.41369 0.00753526   0.148553
frame_135
id: 930
stamp: 1783948162.977045298
T_odom_lidar: 
  -0.724773   -0.656226    0.209929   0.0285919
  -0.640807    0.753976    0.144521 -0.00389703
   -0.25312  -0.0297789   -0.966976    0.751717
          0           0           0           1
T_world_lidar: 
  -0.724773   -0.656226    0.209929   0.0285919
  -0.640807    0.753976    0.144521 -0.00389703
   -0.25312  -0.0297789   -0.966976    0.751717
          0           0           0           1
v_world_imu:   -0.424283 -0.00775481    0.173567
frame_136
id: 931
stamp: 1783948163.077912092
T_odom_lidar: 
  -0.712799   -0.662738    0.229557  -0.0150343
  -0.646184      0.7478    0.152451 -0.00694329
  -0.272697  -0.0396692   -0.961282    0.767496
          0           0           0           1
T_world_lidar: 
  -0.712799   -0.662738    0.229557  -0.0150343
  -0.646184      0.7478    0.152451 -0.00694329
  -0.272697  -0.0396692   -0.961282    0.767496
          0           0           0           1
v_world_imu:  -0.406914 -0.0281043    0.19752
frame_137
id: 932
stamp: 1783948163.178780556
T_odom_lidar: 
 -0.701837  -0.667552   0.248595 -0.0559313
  -0.64995   0.742933   0.160048 -0.0128912
  -0.29153 -0.0492461  -0.955293   0.786913
         0          0          0          1
T_world_lidar: 
 -0.701837  -0.667552   0.248595 -0.0559313
  -0.64995   0.742933   0.160048 -0.0128912
  -0.29153 -0.0492461  -0.955293   0.786913
         0          0          0          1
v_world_imu:  -0.374487 -0.0401029   0.199637
frame_138
id: 933
stamp: 1783948163.279659510
T_odom_lidar: 
 -0.693767  -0.669956   0.264283  -0.092526
 -0.651193   0.740275   0.167154 -0.0207209
 -0.307628 -0.0561327  -0.949849   0.805012
         0          0          0          1
T_world_lidar: 
 -0.693767  -0.669956   0.264283  -0.092526
 -0.651193   0.740275   0.167154 -0.0207209
 -0.307628 -0.0561327  -0.949849   0.805012
         0          0          0          1
v_world_imu:  -0.321605 -0.0570418   0.213727
frame_139
id: 934
stamp: 1783948163.382533550
T_odom_lidar: 
 -0.683226  -0.674261   0.280311   -0.12595
 -0.654665   0.735651   0.173868  -0.027765
 -0.323444 -0.0647187  -0.944032    0.82614
         0          0          0          1
T_world_lidar: 
 -0.683226  -0.674261   0.280311   -0.12595
 -0.654665   0.735651   0.173868  -0.027765
 -0.323444 -0.0647187  -0.944032    0.82614
         0          0          0          1
v_world_imu:  -0.311151 -0.0705892   0.199596
frame_140
id: 935
stamp: 1783948163.481386423
T_odom_lidar: 
 -0.672594  -0.677077   0.298636  -0.156944
 -0.657354   0.731992   0.179089 -0.0357902
 -0.339856 -0.0758552  -0.937413   0.844355
         0          0          0          1
T_world_lidar: 
 -0.672594  -0.677077   0.298636  -0.156944
 -0.657354   0.731992   0.179089 -0.0357902
 -0.339856 -0.0758552  -0.937413   0.844355
         0          0          0          1
v_world_imu:  -0.282914 -0.0834549   0.170663
frame_141
id: 936
stamp: 1783948163.582247019
T_odom_lidar: 
 -0.663628  -0.677901   0.316305  -0.183744
 -0.658689   0.729957   0.182462 -0.0445592
  -0.35458 -0.0872596  -0.930945   0.861419
         0          0          0          1
T_world_lidar: 
 -0.663628  -0.677901   0.316305  -0.183744
 -0.658689   0.729957   0.182462 -0.0445592
  -0.35458 -0.0872596  -0.930945   0.861419
         0          0          0          1
v_world_imu:  -0.209076 -0.0886093   0.133535
frame_142
id: 937
stamp: 1783948163.683117867
T_odom_lidar: 
 -0.657832  -0.677807   0.328383  -0.201036
 -0.659519   0.728959   0.183447 -0.0534504
 -0.363719 -0.0958975  -0.926559   0.873176
         0          0          0          1
T_world_lidar: 
 -0.657832  -0.677807   0.328383  -0.201036
 -0.659519   0.728959   0.183447 -0.0534504
 -0.363719 -0.0958975  -0.926559   0.873176
         0          0          0          1
v_world_imu:  -0.120054 -0.0877386  0.0918468
frame_143
id: 938
stamp: 1783948163.783978939
T_odom_lidar: 
 -0.654534  -0.677163   0.336209  -0.211628
 -0.660114   0.728661   0.182491 -0.0626951
 -0.368559   -0.10249  -0.923937   0.879249
         0          0          0          1
T_world_lidar: 
 -0.654534  -0.677163   0.336209  -0.211628
 -0.660114   0.728661   0.182491 -0.0626951
 -0.368559   -0.10249  -0.923937   0.879249
         0          0          0          1
v_world_imu: -0.0473953 -0.0822822  0.0576094
frame_144
id: 939
stamp: 1783948163.884849787
T_odom_lidar: 
 -0.655614  -0.674969   0.338506  -0.210078
  -0.65879   0.730376   0.180408 -0.0700862
 -0.369007  -0.104726  -0.923508   0.882979
         0          0          0          1
T_world_lidar: 
 -0.655614  -0.674969   0.338506  -0.210078
  -0.65879   0.730376   0.180408 -0.0700862
 -0.369007  -0.104726  -0.923508   0.882979
         0          0          0          1
v_world_imu:   0.093555 -0.0676674  0.0390264
frame_145
id: 940
stamp: 1783948163.987047195
T_odom_lidar: 
 -0.663172   -0.67251   0.328532  -0.192449
 -0.656672   0.733412   0.175753 -0.0756181
 -0.359145  -0.099183  -0.927996   0.885747
         0          0          0          1
T_world_lidar: 
 -0.663172   -0.67251   0.328532  -0.192449
 -0.656672   0.733412   0.175753 -0.0756181
 -0.359145  -0.099183  -0.927996   0.885747
         0          0          0          1
v_world_imu:   0.221841 -0.0515636  0.0153203
frame_146
id: 941
stamp: 1783948164.086582899
T_odom_lidar: 
 -0.672429  -0.670699   0.313053  -0.165473
 -0.655241   0.736121   0.169663 -0.0799061
 -0.344238 -0.0910393  -0.934458   0.886283
         0          0          0          1
T_world_lidar: 
 -0.672429  -0.670699   0.313053  -0.165473
 -0.655241   0.736121   0.169663 -0.0799061
 -0.344238 -0.0910393  -0.934458   0.886283
         0          0          0          1
v_world_imu:   0.291721 -0.0399248 -0.0154285
frame_147
id: 942
stamp: 1783948164.187590837
T_odom_lidar: 
 -0.683461  -0.666265    0.29828  -0.133038
 -0.651564   0.741032   0.162282 -0.0829882
 -0.329159 -0.0834349  -0.940581   0.883506
         0          0          0          1
T_world_lidar: 
 -0.683461  -0.666265    0.29828  -0.133038
 -0.651564   0.741032   0.162282 -0.0829882
 -0.329159 -0.0834349  -0.940581   0.883506
         0          0          0          1
v_world_imu:   0.341624 -0.0250592 -0.0457574
frame_148
id: 943
stamp: 1783948164.288316011
T_odom_lidar: 
 -0.695985  -0.660759   0.281074  -0.094845
 -0.646816   0.746894   0.154204 -0.0842279
 -0.311824 -0.0744793  -0.947216   0.876799
         0          0          0          1
T_world_lidar: 
 -0.695985  -0.660759   0.281074  -0.094845
 -0.646816   0.746894   0.154204 -0.0842279
 -0.311824 -0.0744793  -0.947216   0.876799
         0          0          0          1
v_world_imu:   0.379866 -0.0122468 -0.0727111
frame_149
id: 944
stamp: 1783948164.389181614
T_odom_lidar: 
 -0.707869  -0.654628   0.265299 -0.0549973
 -0.641557   0.753005   0.146248 -0.0844481
 -0.295509 -0.0666796   -0.95301   0.868588
         0          0          0          1
T_world_lidar: 
 -0.707869  -0.654628   0.265299 -0.0549973
 -0.641557   0.753005   0.146248 -0.0844481
 -0.295509 -0.0666796   -0.95301   0.868588
         0          0          0          1
v_world_imu:   0.384536 0.00241342 -0.0992945
frame_150
id: 945
stamp: 1783948164.490099907
T_odom_lidar: 
 -0.719841  -0.647805   0.249353 -0.0150208
 -0.635371   0.759573   0.139116 -0.0831056
 -0.279522   -0.05829  -0.958368   0.857747
         0          0          0          1
T_world_lidar: 
 -0.719841  -0.647805   0.249353 -0.0150208
 -0.635371   0.759573   0.139116 -0.0831056
 -0.279522   -0.05829  -0.958368   0.857747
         0          0          0          1
v_world_imu:  0.374222 0.0187102 -0.121549
frame_151
id: 946
stamp: 1783948164.590916157
T_odom_lidar: 
 -0.730077  -0.641003   0.236858  0.0210177
 -0.629201   0.765779   0.132997    -0.0799
 -0.266632 -0.0519329  -0.962398   0.844481
         0          0          0          1
T_world_lidar: 
 -0.730077  -0.641003   0.236858  0.0210177
 -0.629201   0.765779   0.132997    -0.0799
 -0.266632 -0.0519329  -0.962398   0.844481
         0          0          0          1
v_world_imu:  0.320123 0.0381169  -0.14387
frame_152
id: 947
stamp: 1783948164.691804886
T_odom_lidar: 
 -0.738257  -0.635028   0.227411  0.0514048
 -0.623675   0.771058   0.128447 -0.0746785
 -0.256915  -0.047004   -0.96529   0.829272
         0          0          0          1
T_world_lidar: 
 -0.738257  -0.635028   0.227411  0.0514048
 -0.623675   0.771058   0.128447 -0.0746785
 -0.256915  -0.047004   -0.96529   0.829272
         0          0          0          1
v_world_imu:  0.271442 0.0612528 -0.158082
frame_153
id: 948
stamp: 1783948164.794814587
T_odom_lidar: 
 -0.744556  -0.630328   0.219826  0.0773403
 -0.619384    0.77512   0.124707  -0.066846
 -0.248998 -0.0433052  -0.967535   0.812551
         0          0          0          1
T_world_lidar: 
 -0.744556  -0.630328   0.219826  0.0773403
 -0.619384    0.77512   0.124707  -0.066846
 -0.248998 -0.0433052  -0.967535   0.812551
         0          0          0          1
v_world_imu:  0.224099 0.0861339 -0.167212
frame_154
id: 949
stamp: 1783948164.893543243
T_odom_lidar: 
  -0.75018  -0.626558   0.211316  0.0981685
 -0.615527   0.778458   0.123004 -0.0572359
 -0.241569 -0.0377956  -0.969647   0.796153
         0          0          0          1
T_world_lidar: 
  -0.75018  -0.626558   0.211316  0.0981685
 -0.615527   0.778458   0.123004 -0.0572359
 -0.241569 -0.0377956  -0.969647   0.796153
         0          0          0          1
v_world_imu:  0.187159  0.109304 -0.170937
frame_155
id: 950
stamp: 1783948164.994423866
T_odom_lidar: 
 -0.754006  -0.625217   0.201443   0.115328
 -0.614063   0.779801   0.121808 -0.0449057
 -0.233242 -0.0318548  -0.971897    0.77882
         0          0          0          1
T_world_lidar: 
 -0.754006  -0.625217   0.201443   0.115328
 -0.614063   0.779801   0.121808 -0.0449057
 -0.233242 -0.0318548  -0.971897    0.77882
         0          0          0          1
v_world_imu:  0.142379  0.134604 -0.170912
frame_156
id: 951
stamp: 1783948165.100225210
T_odom_lidar: 
 -0.757454  -0.624513   0.190385   0.128032
 -0.613104   0.780621   0.121386 -0.0301711
 -0.224426 -0.0247813  -0.974176    0.76181
         0          0          0          1
T_world_lidar: 
 -0.757454  -0.624513   0.190385   0.128032
 -0.613104   0.780621   0.121386 -0.0301711
 -0.224426 -0.0247813  -0.974176    0.76181
         0          0          0          1
v_world_imu:   0.11077   0.15488 -0.160182
frame_157
id: 952
stamp: 1783948165.196127176
T_odom_lidar: 
 -0.759152  -0.625307   0.180772    0.13859
 -0.613743   0.780149   0.121193 -0.0152221
 -0.216812 -0.0189438   -0.97603   0.747301
         0          0          0          1
T_world_lidar: 
 -0.759152  -0.625307   0.180772    0.13859
 -0.613743   0.780149   0.121193 -0.0152221
 -0.216812 -0.0189438   -0.97603   0.747301
         0          0          0          1
v_world_imu: 0.0956953  0.160536 -0.142657
frame_158
id: 953
stamp: 1783948165.296989202
T_odom_lidar: 
  -0.762186   -0.625166    0.168048     0.14761
  -0.613012    0.780437     0.12302 0.000766542
  -0.208058 -0.00925145   -0.978073    0.734193
          0           0           0           1
T_world_lidar: 
  -0.762186   -0.625166    0.168048     0.14761
  -0.613012    0.780437     0.12302 0.000766542
  -0.208058 -0.00925145   -0.978073    0.734193
          0           0           0           1
v_world_imu: 0.0603213  0.161176 -0.117987
frame_159
id: 954
stamp: 1783948165.397858143
T_odom_lidar: 
  -0.764479   -0.625067    0.157681    0.153338
  -0.612433    0.780571    0.125039   0.0164532
  -0.201238 -0.00097926   -0.979542    0.723749
          0           0           0           1
T_world_lidar: 
  -0.764479   -0.625067    0.157681    0.153338
  -0.612433    0.780571    0.125039   0.0164532
  -0.201238 -0.00097926   -0.979542    0.723749
          0           0           0           1
v_world_imu: 0.0424683  0.155785  -0.08912
frame_160
id: 955
stamp: 1783948165.500261307
T_odom_lidar: 
-0.766961 -0.624878  0.145943  0.158686
-0.611879   0.78068  0.127053 0.0311338
-0.193327 0.0081453 -0.981101  0.716217
        0         0         0         1
T_world_lidar: 
-0.766961 -0.624878  0.145943  0.158686
-0.611879   0.78068  0.127053 0.0311338
-0.193327 0.0081453 -0.981101  0.716217
        0         0         0         1
v_world_imu:  0.0411844   0.139855 -0.0598781
frame_161
id: 956
stamp: 1783948165.599591732
T_odom_lidar: 
-0.769117 -0.624679  0.135035  0.162976
-0.611526  0.780711  0.128551 0.0438001
-0.185727 0.0162934 -0.982466  0.711639
        0         0         0         1
T_world_lidar: 
-0.769117 -0.624679  0.135035  0.162976
-0.611526  0.780711  0.128551 0.0438001
-0.185727 0.0162934 -0.982466  0.711639
        0         0         0         1
v_world_imu:  0.0281401   0.121347 -0.0332776
frame_162
id: 957
stamp: 1783948165.700452328
T_odom_lidar: 
-0.770624   -0.6248  0.125553  0.166537
-0.611663  0.780446  0.129512 0.0548054
-0.178906 0.0230094 -0.983597  0.709541
        0         0         0         1
T_world_lidar: 
-0.770624   -0.6248  0.125553  0.166537
-0.611663  0.780446  0.129512 0.0548054
-0.178906 0.0230094 -0.983597  0.709541
        0         0         0         1
v_world_imu:   0.0288202    0.101234 -0.00921457
frame_163
id: 958
stamp: 1783948165.801317692
T_odom_lidar: 
 -0.77285 -0.623698  0.117062  0.170045
-0.610632  0.781118   0.13032 0.0637159
 -0.17272 0.0292356 -0.984537  0.709678
        0         0         0         1
T_world_lidar: 
 -0.77285 -0.623698  0.117062  0.170045
-0.610632  0.781118   0.13032 0.0637159
 -0.17272 0.0292356 -0.984537  0.709678
        0         0         0         1
v_world_imu: 0.0248449 0.0801267 0.0109914
frame_164
id: 959
stamp: 1783948165.902195930
T_odom_lidar: 
-0.774329 -0.622654  0.112768  0.171705
-0.609682  0.781831  0.130493 0.0708867
-0.169417 0.0322924 -0.985015  0.711515
        0         0         0         1
T_world_lidar: 
-0.774329 -0.622654  0.112768  0.171705
-0.609682  0.781831  0.130493 0.0708867
-0.169417 0.0322924 -0.985015  0.711515
        0         0         0         1
v_world_imu: 0.0061828 0.0649754 0.0248065
frame_165
id: 960
stamp: 1783948166.003916264
T_odom_lidar: 
-0.775801 -0.621316  0.109999   0.17259
-0.608503  0.782824  0.130041 0.0761929
-0.166906 0.0339514 -0.985388  0.714762
        0         0         0         1
T_world_lidar: 
-0.775801 -0.621316  0.109999   0.17259
-0.608503  0.782824  0.130041 0.0761929
-0.166906 0.0339514 -0.985388  0.714762
        0         0         0         1
v_world_imu: 0.0182141  0.049341  0.037758
frame_166
id: 961
stamp: 1783948166.103928328
T_odom_lidar: 
-0.776264  -0.62047  0.111493  0.170419
-0.607697  0.783546  0.129457 0.0799722
-0.167684 0.0327392 -0.985297  0.718424
        0         0         0         1
T_world_lidar: 
-0.776264  -0.62047  0.111493  0.170419
-0.607697  0.783546  0.129457 0.0799722
-0.167684 0.0327392 -0.985297  0.718424
        0         0         0         1
v_world_imu: -0.0197884  0.0250302  0.0370656
frame_167
id: 962
stamp: 1783948166.205906153
T_odom_lidar: 
-0.776979 -0.619224  0.113422  0.167967
-0.606527  0.784598  0.128574 0.0821049
-0.168607 0.0311053 -0.985192  0.722274
        0         0         0         1
T_world_lidar: 
-0.776979 -0.619224  0.113422  0.167967
-0.606527  0.784598  0.128574 0.0821049
-0.168607 0.0311053 -0.985192  0.722274
        0         0         0         1
v_world_imu: -0.0242353  0.0150044  0.0377721
frame_168
id: 963
stamp: 1783948166.305684566
T_odom_lidar: 
-0.777748 -0.618049  0.114561  0.165833
-0.605502  0.785577  0.127418 0.0828013
-0.168746 0.0297321 -0.985211  0.726032
        0         0         0         1
T_world_lidar: 
-0.777748 -0.618049  0.114561  0.165833
-0.605502  0.785577  0.127418 0.0828013
-0.168746 0.0297321 -0.985211  0.726032
        0         0         0         1
v_world_imu:  -0.0218067 0.000128347   0.0362219
frame_169
id: 964
stamp: 1783948166.406522512
T_odom_lidar: 
-0.778196 -0.617393  0.115053  0.163811
-0.605038  0.786136  0.126171 0.0821961
-0.168345 0.0285741 -0.985314  0.729573
        0         0         0         1
T_world_lidar: 
-0.778196 -0.617393  0.115053  0.163811
-0.605038  0.786136  0.126171 0.0821961
-0.168345 0.0285741 -0.985314  0.729573
        0         0         0         1
v_world_imu: -0.0195388 -0.0102759  0.0331884
frame_170
id: 965
stamp: 1783948166.507391214
T_odom_lidar: 
-0.778874 -0.616565  0.114901  0.161963
-0.604481  0.786821  0.124558 0.0805865
-0.167204 0.0275597 -0.985537  0.732781
        0         0         0         1
T_world_lidar: 
-0.778874 -0.616565  0.114901  0.161963
-0.604481  0.786821  0.124558 0.0805865
-0.167204 0.0275597 -0.985537  0.732781
        0         0         0         1
v_world_imu: -0.0180348 -0.0219113  0.0271939
frame_171
id: 966
stamp: 1783948166.608255625
T_odom_lidar: 
-0.779228 -0.616159  0.114676  0.158979
-0.604366  0.787178   0.12285 0.0775891
-0.165965 0.0264218 -0.985778  0.735672
        0         0         0         1
T_world_lidar: 
-0.779228 -0.616159  0.114676  0.158979
-0.604366  0.787178   0.12285 0.0775891
-0.165965 0.0264218 -0.985778  0.735672
        0         0         0         1
v_world_imu: -0.014055 -0.029325 0.0232324
frame_172
id: 967
stamp: 1783948166.710157633
T_odom_lidar: 
-0.779882 -0.615252  0.115099  0.158025
-0.603698   0.78793  0.121305 0.0744645
-0.165323 0.0251187  -0.98592  0.737512
        0         0         0         1
T_world_lidar: 
-0.779882 -0.615252  0.115099  0.158025
-0.603698   0.78793  0.121305 0.0744645
-0.165323 0.0251187  -0.98592  0.737512
        0         0         0         1
v_world_imu: -0.00683674  -0.0347284   0.0195543
frame_173
id: 968
stamp: 1783948166.811143398
T_odom_lidar: 
-0.780436 -0.614388  0.115962  0.157591
-0.603021  0.788647  0.120006 0.0708338
-0.165183 0.0237295 -0.985977  0.739371
        0         0         0         1
T_world_lidar: 
-0.780436 -0.614388  0.115962  0.157591
-0.603021  0.788647  0.120006 0.0708338
-0.165183 0.0237295 -0.985977  0.739371
        0         0         0         1
v_world_imu: -0.00256526  -0.0374244   0.0144993
frame_174
id: 969
stamp: 1783948166.910855532
T_odom_lidar: 
-0.781416 -0.613166  0.115828  0.157677
-0.602074  0.789628  0.118299 0.0671394
-0.163997 0.0227035 -0.986199  0.740606
        0         0         0         1
T_world_lidar: 
-0.781416 -0.613166  0.115828  0.157677
-0.602074  0.789628  0.118299 0.0671394
-0.163997 0.0227035 -0.986199  0.740606
        0         0         0         1
v_world_imu: -0.00165527   -0.037093  0.00934893
frame_175
id: 970
stamp: 1783948167.011761904
T_odom_lidar: 
-0.782198 -0.612317  0.115038  0.157961
-0.601558  0.790312  0.116343 0.0634958
-0.162155 0.0218014 -0.986524  0.741245
        0         0         0         1
T_world_lidar: 
-0.782198 -0.612317  0.115038  0.157961
-0.601558  0.790312  0.116343 0.0634958
-0.162155 0.0218014 -0.986524  0.741245
        0         0         0         1
v_world_imu: -0.000808465   -0.0367312   0.00501058
frame_176
id: 971
stamp: 1783948167.112631321
T_odom_lidar: 
-0.782771 -0.611725  0.114294  0.158201
-0.601254  0.790792  0.114637 0.0600731
-0.160509 0.0210142 -0.986811   0.74163
        0         0         0         1
T_world_lidar: 
-0.782771 -0.611725  0.114294  0.158201
-0.601254  0.790792  0.114637 0.0600731
-0.160509 0.0210142 -0.986811   0.74163
        0         0         0         1
v_world_imu:  0.0018686 -0.0313397 0.00291211
frame_177
id: 972
stamp: 1783948167.213475227
T_odom_lidar: 
-0.783225 -0.611296  0.113474  0.158678
-0.601021  0.791131  0.113513 0.0573329
-0.159163 0.0207061 -0.987035  0.741804
        0         0         0         1
T_world_lidar: 
-0.783225 -0.611296  0.113474  0.158678
-0.601021  0.791131  0.113513 0.0573329
-0.159163 0.0207061 -0.987035  0.741804
        0         0         0         1
v_world_imu:  0.00547063   -0.024244 0.000882834
frame_178
id: 973
stamp: 1783948167.314319849
T_odom_lidar: 
-0.783325 -0.611417  0.112122   0.15946
-0.601318  0.791035  0.112607 0.0553275
-0.157543 0.0207869 -0.987293   0.74187
        0         0         0         1
T_world_lidar: 
-0.783325 -0.611417  0.112122   0.15946
-0.601318  0.791035  0.112607 0.0553275
-0.157543 0.0207869 -0.987293   0.74187
        0         0         0         1
v_world_imu: 0.00917709 -0.0165352 0.00139752
frame_179
id: 974
stamp: 1783948167.415217400
T_odom_lidar: 
-0.783153 -0.611762  0.111443  0.160936
-0.601746  0.790769   0.11219 0.0542332
-0.156759  0.020801 -0.987418  0.742085
        0         0         0         1
T_world_lidar: 
-0.783153 -0.611762  0.111443  0.160936
-0.601746  0.790769   0.11219 0.0542332
-0.156759  0.020801 -0.987418  0.742085
        0         0         0         1
v_world_imu:    0.019098 -0.00765678  0.00343651
frame_180
id: 975
stamp: 1783948167.516115665
T_odom_lidar: 
-0.783096 -0.612033  0.110348  0.163778
-0.602076  0.790547  0.111985 0.0540039
-0.155774 0.0212571 -0.987564  0.742715
        0         0         0         1
T_world_lidar: 
-0.783096 -0.612033  0.110348  0.163778
-0.602076  0.790547  0.111985 0.0540039
-0.155774 0.0212571 -0.987564  0.742715
        0         0         0         1
v_world_imu:  0.0335096 0.00203984 0.00902275
frame_181
id: 976
stamp: 1783948167.616937399
T_odom_lidar: 
 -0.78355 -0.611426  0.110487  0.166988
-0.601418  0.791009  0.112252 0.0542993
 -0.15603 0.0215057 -0.987518  0.744016
        0         0         0         1
T_world_lidar: 
 -0.78355 -0.611426  0.110487  0.166988
-0.601418  0.791009  0.112252 0.0542993
 -0.15603 0.0215057 -0.987518  0.744016
        0         0         0         1
v_world_imu:  0.0443583 0.00937107  0.0141846
frame_182
id: 977
stamp: 1783948167.717788219
T_odom_lidar: 
-0.784111 -0.610542  0.111394  0.171735
-0.600413  0.791689  0.112838 0.0556194
-0.157082 0.0215954 -0.987349  0.745647
        0         0         0         1
T_world_lidar: 
-0.784111 -0.610542  0.111394  0.171735
-0.600413  0.791689  0.112838 0.0556194
-0.157082 0.0215954 -0.987349  0.745647
        0         0         0         1
v_world_imu:  0.049334 0.0184934 0.0175277
frame_183
id: 978
stamp: 1783948167.818683863
T_odom_lidar: 
-0.784568 -0.609571  0.113471  0.176835
-0.599267   0.79245  0.113587 0.0578209
-0.159159 0.0211175 -0.987027  0.747511
        0         0         0         1
T_world_lidar: 
-0.784568 -0.609571  0.113471  0.176835
-0.599267   0.79245  0.113587 0.0578209
-0.159159 0.0211175 -0.987027  0.747511
        0         0         0         1
v_world_imu:  0.049459 0.0264627 0.0186398
frame_184
id: 979
stamp: 1783948167.919526815
T_odom_lidar: 
 -0.78428  -0.60979  0.114286  0.182097
-0.599306  0.792274  0.114601 0.0608286
-0.160428  0.021387 -0.986816  0.749423
        0         0         0         1
T_world_lidar: 
 -0.78428  -0.60979  0.114286  0.182097
-0.599306  0.792274  0.114601 0.0608286
-0.160428  0.021387 -0.986816  0.749423
        0         0         0         1
v_world_imu: 0.0510664 0.0336616  0.018877
frame_185
id: 980
stamp: 1783948168.020394802
T_odom_lidar: 
-0.784299 -0.609598  0.115175   0.18733
 -0.59891  0.792412   0.11572 0.0642433
-0.161808 0.0217801 -0.986582  0.751048
        0         0         0         1
T_world_lidar: 
-0.784299 -0.609598  0.115175   0.18733
 -0.59891  0.792412   0.11572 0.0642433
-0.161808 0.0217801 -0.986582  0.751048
        0         0         0         1
v_world_imu: 0.0511444 0.0354913 0.0132108
frame_186
id: 981
stamp: 1783948168.121875763
T_odom_lidar: 
-0.784216 -0.609578  0.115846  0.193054
-0.598704  0.792415  0.116754  0.068231
-0.162969 0.0222029 -0.986381  0.750431
        0         0         0         1
T_world_lidar: 
-0.784216 -0.609578  0.115846  0.193054
-0.598704  0.792415  0.116754  0.068231
-0.162969 0.0222029 -0.986381  0.750431
        0         0         0         1
v_world_imu: 0.0514609 0.0351135 0.0134883
frame_187
id: 982
stamp: 1783948168.222128868
T_odom_lidar: 
-0.784154 -0.609436  0.117007  0.198219
-0.598398  0.792525  0.117579 0.0718916
-0.164388 0.0221835 -0.986146  0.751816
        0         0         0         1
T_world_lidar: 
-0.784154 -0.609436  0.117007  0.198219
-0.598398  0.792525  0.117579 0.0718916
-0.164388 0.0221835 -0.986146  0.751816
        0         0         0         1
v_world_imu: 0.0512788 0.0344235  0.013221
frame_188
id: 983
stamp: 1783948168.322987795
T_odom_lidar: 
-0.783213 -0.610355   0.11851  0.203454
-0.599135  0.791828  0.118515 0.0755552
-0.166176 0.0218188 -0.985855   0.75309
        0         0         0         1
T_world_lidar: 
-0.783213 -0.610355   0.11851  0.203454
-0.599135  0.791828  0.118515 0.0755552
-0.166176 0.0218188 -0.985855   0.75309
        0         0         0         1
v_world_imu: 0.0522828 0.0353503 0.0129058
frame_189
id: 984
stamp: 1783948168.423855543
T_odom_lidar: 
-0.783852 -0.609223  0.120096  0.208855
-0.597764  0.792694  0.119645 0.0792511
 -0.16809  0.021995 -0.985526  0.754322
        0         0         0         1
T_world_lidar: 
-0.783852 -0.609223  0.120096  0.208855
-0.597764  0.792694  0.119645 0.0792511
 -0.16809  0.021995 -0.985526  0.754322
        0         0         0         1
v_world_imu: 0.0520856 0.0332684 0.0140499
frame_190
id: 985
stamp: 1783948168.524737358
T_odom_lidar: 
-0.784297 -0.607963  0.123527  0.213562
  -0.5962  0.793683  0.120883 0.0825892
-0.171533 0.0211618 -0.984951  0.755461
        0         0         0         1
T_world_lidar: 
-0.784297 -0.607963  0.123527  0.213562
  -0.5962  0.793683  0.120883 0.0825892
-0.171533 0.0211618 -0.984951  0.755461
        0         0         0         1
v_world_imu: 0.0417583 0.0296885  0.009843
frame_191
id: 986
stamp: 1783948168.625595331
T_odom_lidar: 
-0.784298 -0.607571  0.125435  0.217067
-0.595624  0.793995  0.121673 0.0854818
-0.173519 0.0207155 -0.984613  0.756051
        0         0         0         1
T_world_lidar: 
-0.784298 -0.607571  0.125435  0.217067
-0.595624  0.793995  0.121673 0.0854818
-0.173519 0.0207155 -0.984613  0.756051
        0         0         0         1
v_world_imu:  0.0265352  0.0241706 0.00186588
frame_192
id: 987
stamp: 1783948168.726462364
T_odom_lidar: 
-0.784042 -0.607697  0.126422  0.218965
-0.595701  0.793912  0.121838 0.0877385
-0.174408  0.020216 -0.984466  0.755981
        0         0         0         1
T_world_lidar: 
-0.784042 -0.607697  0.126422  0.218965
-0.595701  0.793912  0.121838 0.0877385
-0.174408  0.020216 -0.984466  0.755981
        0         0         0         1
v_world_imu:   0.0115304   0.0174821 -0.00586062
frame_193
id: 988
stamp: 1783948168.828071356
T_odom_lidar: 
-0.784387 -0.607176  0.126784  0.218067
-0.595138  0.794309  0.121998 0.0888301
 -0.17478 0.0202395 -0.984399  0.755532
        0         0         0         1
T_world_lidar: 
-0.784387 -0.607176  0.126784  0.218067
-0.595138  0.794309  0.121998 0.0888301
 -0.17478 0.0202395 -0.984399  0.755532
        0         0         0         1
v_world_imu: -0.00627229   0.0102515  -0.0148851
frame_194
id: 989
stamp: 1783948168.928409338
T_odom_lidar: 
-0.784635 -0.606797  0.127069  0.216805
-0.594732    0.7946  0.122086 0.0900823
-0.175051 0.0202211 -0.984352  0.752803
        0         0         0         1
T_world_lidar: 
-0.784635 -0.606797  0.127069  0.216805
-0.594732    0.7946  0.122086 0.0900823
-0.175051 0.0202211 -0.984352  0.752803
        0         0         0         1
v_world_imu: -0.0239496 0.00570473 -0.0237267
frame_195
id: 990
stamp: 1783948169.029062033
T_odom_lidar: 
-0.784761  -0.60681  0.126221  0.213431
-0.594793  0.794579  0.121923 0.0904668
-0.174276  0.020605 -0.984481  0.749953
        0         0         0         1
T_world_lidar: 
-0.784761  -0.60681  0.126221  0.213431
-0.594793  0.794579  0.121923 0.0904668
-0.174276  0.020605 -0.984481  0.749953
        0         0         0         1
v_world_imu:  -0.0436867 -0.00174427  -0.0347096
frame_196
id: 991
stamp: 1783948169.129968166
T_odom_lidar: 
-0.784976 -0.606948  0.124202  0.208171
 -0.59504   0.79445   0.12156 0.0902335
-0.172453 0.0215165 -0.984783  0.745985
        0         0         0         1
T_world_lidar: 
-0.784976 -0.606948  0.124202  0.208171
 -0.59504   0.79445   0.12156 0.0902335
-0.172453 0.0215165 -0.984783  0.745985
        0         0         0         1
v_world_imu:  -0.0619111 -0.00691726  -0.0463505
frame_197
id: 992
stamp: 1783948169.230791569
T_odom_lidar: 
 -0.78459 -0.608085  0.121039  0.201419
-0.596397  0.793551  0.120779 0.0896218
-0.169494 0.0225746 -0.985273  0.740843
        0         0         0         1
T_world_lidar: 
 -0.78459 -0.608085  0.121039  0.201419
-0.596397  0.793551  0.120779 0.0896218
-0.169494 0.0225746 -0.985273  0.740843
        0         0         0         1
v_world_imu: -0.0738836 -0.0115473 -0.0555919
frame_198
id: 993
stamp: 1783948169.331662655
T_odom_lidar: 
-0.784491 -0.608945  0.117307  0.194103
-0.597494  0.792849  0.119967 0.0887148
-0.166059 0.0240229 -0.985823  0.734464
        0         0         0         1
T_world_lidar: 
-0.784491 -0.608945  0.117307  0.194103
-0.597494  0.792849  0.119967 0.0887148
-0.166059 0.0240229 -0.985823  0.734464
        0         0         0         1
v_world_imu: -0.0771875  -0.014182 -0.0593219
frame_199
id: 994
stamp: 1783948169.433116198
T_odom_lidar: 
-0.785133 -0.608786  0.113784  0.186307
-0.597551  0.792922  0.119195 0.0872661
-0.162786 0.0255917 -0.986329  0.728449
        0         0         0         1
T_world_lidar: 
-0.785133 -0.608786  0.113784  0.186307
-0.597551  0.792922  0.119195 0.0872661
-0.162786 0.0255917 -0.986329  0.728449
        0         0         0         1
v_world_imu:  -0.078747 -0.0191843 -0.0621854
frame_200
id: 995
stamp: 1783948169.533430099
T_odom_lidar: 
-0.784958 -0.609687  0.110104  0.178331
-0.598741   0.79219  0.118081 0.0853051
-0.159216 0.0267645 -0.986881  0.721717
        0         0         0         1
T_world_lidar: 
-0.784958 -0.609687  0.110104  0.178331
-0.598741   0.79219  0.118081 0.0853051
-0.159216 0.0267645 -0.986881  0.721717
        0         0         0         1
v_world_imu: -0.0782848  -0.023095 -0.0675906
frame_201
id: 996
stamp: 1783948169.634261608
T_odom_lidar: 
-0.784257 -0.611313  0.106008  0.171593
-0.600692  0.790895  0.116853 0.0834525
-0.155275 0.0279648 -0.987475  0.713582
        0         0         0         1
T_world_lidar: 
-0.784257 -0.611313  0.106008  0.171593
-0.600692  0.790895  0.116853 0.0834525
-0.155275 0.0279648 -0.987475  0.713582
        0         0         0         1
v_world_imu: -0.0660902 -0.0219152 -0.0614854
frame_202
id: 997
stamp: 1783948169.735139132
T_odom_lidar: 
-0.784495 -0.611542  0.102879  0.166099
-0.601188  0.790683  0.115734  0.081589
-0.152121 0.0289435 -0.987938  0.707853
        0         0         0         1
T_world_lidar: 
-0.784495 -0.611542  0.102879  0.166099
-0.601188  0.790683  0.115734  0.081589
-0.152121 0.0289435 -0.987938  0.707853
        0         0         0         1
v_world_imu:  -0.048824 -0.0181607 -0.0512738
frame_203
id: 998
stamp: 1783948169.835994720
T_odom_lidar: 
-0.783816 -0.612561  0.101987  0.162496
-0.602311  0.789893  0.115281 0.0800337
-0.151176 0.0289312 -0.988083  0.703344
        0         0         0         1
T_world_lidar: 
-0.783816 -0.612561  0.101987  0.162496
-0.602311  0.789893  0.115281 0.0800337
-0.151176 0.0289312 -0.988083  0.703344
        0         0         0         1
v_world_imu: -0.0238265 -0.0145947 -0.0370239
frame_204
id: 999
stamp: 1783948169.936862230
T_odom_lidar: 
-0.783766 -0.612567  0.102334  0.161391
-0.602256  0.789887  0.115613  0.078927
-0.151653 0.0289827 -0.988009  0.700325
        0         0         0         1
T_world_lidar: 
-0.783766 -0.612567  0.102334  0.161391
-0.602256  0.789887  0.115613  0.078927
-0.151653 0.0289827 -0.988009  0.700325
        0         0         0         1
v_world_imu: 0.00140109 -0.0110125 -0.0215419
frame_205
id: 1000
stamp: 1783948170.040918350
T_odom_lidar: 
 -0.78359  -0.61222  0.105706  0.162521
-0.601661  0.790201  0.116557 0.0780198
-0.154887 0.0277336 -0.987543  0.698801
        0         0         0         1
T_world_lidar: 
 -0.78359  -0.61222  0.105706  0.162521
-0.601661  0.790201  0.116557 0.0780198
-0.154887 0.0277336 -0.987543  0.698801
        0         0         0         1
v_world_imu:   0.0239326  -0.0101597 -0.00678423
frame_206
id: 1001
stamp: 1783948170.138604641
T_odom_lidar: 
-0.783984 -0.611158  0.108879  0.163979
-0.600353  0.791057  0.117499 0.0768321
 -0.15794 0.0267512 -0.987086  0.699097
        0         0         0         1
T_world_lidar: 
-0.783984 -0.611158  0.108879  0.163979
-0.600353  0.791057  0.117499 0.0768321
 -0.15794 0.0267512 -0.987086  0.699097
        0         0         0         1
v_world_imu:  0.0348281 -0.0108876 0.00492616
frame_207
id: 1002
stamp: 1783948170.239465714
T_odom_lidar: 
 -0.78449 -0.609853  0.112492  0.167329
-0.598838   0.79211  0.118128 0.0757725
-0.161147 0.0253053 -0.986606  0.699843
        0         0         0         1
T_world_lidar: 
 -0.78449 -0.609853  0.112492  0.167329
-0.598838   0.79211  0.118128 0.0757725
-0.161147 0.0253053 -0.986606  0.699843
        0         0         0         1
v_world_imu:  0.0351804 -0.0138364  0.0105875
frame_208
id: 1003
stamp: 1783948170.341361284
T_odom_lidar: 
-0.784902 -0.608656  0.116042  0.170371
-0.597498  0.793083  0.118385 0.0743811
-0.164087 0.0235859 -0.986164  0.701041
        0         0         0         1
T_world_lidar: 
-0.784902 -0.608656  0.116042  0.170371
-0.597498  0.793083  0.118385 0.0743811
-0.164087 0.0235859 -0.986164  0.701041
        0         0         0         1
v_world_imu:  0.0288481 -0.0175063  0.0139107
frame_209
id: 1004
stamp: 1783948170.441195726
T_odom_lidar: 
-0.785329 -0.607599   0.11867  0.172508
 -0.59633  0.793929   0.11861 0.0727578
-0.166283 0.0223813 -0.985824  0.702483
        0         0         0         1
T_world_lidar: 
-0.785329 -0.607599   0.11867  0.172508
 -0.59633  0.793929   0.11861 0.0727578
-0.166283 0.0223813 -0.985824  0.702483
        0         0         0         1
v_world_imu:  0.0175743 -0.0195112  0.0158737
frame_210
id: 1005
stamp: 1783948170.542062759
T_odom_lidar: 
-0.785729  -0.60662     0.121  0.173194
-0.595271  0.794708   0.11871 0.0708983
-0.168172 0.0212456 -0.985529  0.704081
        0         0         0         1
T_world_lidar: 
-0.785729  -0.60662     0.121  0.173194
-0.595271  0.794708   0.11871 0.0708983
-0.168172 0.0212456 -0.985529  0.704081
        0         0         0         1
v_world_imu: 0.00145954 -0.0223772  0.0132677
frame_211
id: 1006
stamp: 1783948170.642956972
T_odom_lidar: 
-0.786276 -0.606005  0.120534   0.17248
-0.594732  0.795175  0.118283 0.0689022
-0.167526 0.0213176 -0.985637  0.704663
        0         0         0         1
T_world_lidar: 
-0.786276 -0.606005  0.120534   0.17248
-0.594732  0.795175  0.118283 0.0689022
-0.167526 0.0213176 -0.985637  0.704663
        0         0         0         1
v_world_imu: -0.0178334  -0.026124  0.0108793
frame_212
id: 1007
stamp: 1783948170.744718790
T_odom_lidar: 
-0.786594 -0.605912  0.118916  0.169924
-0.594769  0.795231  0.117716 0.0663772
-0.165891 0.0218669 -0.985902  0.705795
        0         0         0         1
T_world_lidar: 
-0.786594 -0.605912  0.118916  0.169924
-0.594769  0.795231  0.117716 0.0663772
-0.165891 0.0218669 -0.985902  0.705795
        0         0         0         1
v_world_imu: -0.0290042 -0.0293274 0.00871042
frame_213
id: 1008
stamp: 1783948170.844663620
T_odom_lidar: 
   -0.787 -0.605986  0.115809  0.166791
-0.595001  0.795133   0.11721 0.0639574
-0.163111 0.0233375 -0.986332  0.706307
        0         0         0         1
T_world_lidar: 
   -0.787 -0.605986  0.115809  0.166791
-0.595001  0.795133   0.11721 0.0639574
-0.163111 0.0233375 -0.986332  0.706307
        0         0         0         1
v_world_imu: -0.0369516 -0.0280955 0.00905144
frame_214
id: 1009
stamp: 1783948170.945532084
T_odom_lidar: 
-0.786481 -0.607206  0.112908   0.16296
-0.596437  0.794176  0.116391 0.0615436
-0.160342 0.0241964 -0.986765  0.707352
        0         0         0         1
T_world_lidar: 
-0.786481 -0.607206  0.112908   0.16296
-0.596437  0.794176  0.116391 0.0615436
-0.160342 0.0241964 -0.986765  0.707352
        0         0         0         1
v_world_imu:  -0.035986 -0.0259107  0.0100217
frame_215
id: 1010
stamp: 1783948171.046401262
T_odom_lidar: 
-0.786568 -0.607555  0.110396  0.160048
-0.596933  0.793876  0.115901 0.0593393
-0.158057 0.0252656 -0.987107  0.708552
        0         0         0         1
T_world_lidar: 
-0.786568 -0.607555  0.110396  0.160048
-0.596933  0.793876  0.115901 0.0593393
-0.158057 0.0252656 -0.987107  0.708552
        0         0         0         1
v_world_imu: -0.0222811 -0.0235917  0.0149689
frame_216
id: 1011
stamp: 1783948171.147266626
T_odom_lidar: 
-0.786434 -0.608037  0.108686  0.157776
-0.597503  0.793482  0.115652 0.0570345
-0.156561 0.0260122 -0.987326  0.710562
        0         0         0         1
T_world_lidar: 
-0.786434 -0.608037  0.108686  0.157776
-0.597503  0.793482  0.115652 0.0570345
-0.156561 0.0260122 -0.987326  0.710562
        0         0         0         1
v_world_imu: -0.00353028  -0.0207316   0.0227321
frame_217
id: 1012
stamp: 1783948171.248131752
T_odom_lidar: 
-0.786795 -0.607494  0.109109  0.158288
-0.596918  0.793899  0.115815 0.0552363
-0.156978 0.0259934  -0.98726  0.713151
        0         0         0         1
T_world_lidar: 
-0.786795 -0.607494  0.109109  0.158288
-0.596918  0.793899  0.115815 0.0552363
-0.156978 0.0259934  -0.98726  0.713151
        0         0         0         1
v_world_imu:  0.0155579 -0.0191595  0.0292812
frame_218
id: 1013
stamp: 1783948171.349005222
T_odom_lidar: 
-0.787978 -0.605487  0.111697  0.160455
-0.594764  0.795458  0.116197 0.0535832
-0.159206 0.0251273 -0.986926  0.716273
        0         0         0         1
T_world_lidar: 
-0.787978 -0.605487  0.111697  0.160455
-0.594764  0.795458  0.116197 0.0535832
-0.159206 0.0251273 -0.986926  0.716273
        0         0         0         1
v_world_imu:  0.0291693 -0.0145732  0.0331086
frame_219
id: 1014
stamp: 1783948171.449872017
T_odom_lidar: 
-0.788281 -0.604582  0.114431  0.163439
-0.593736  0.796185  0.116477 0.0522341
-0.161528 0.0238746 -0.986579  0.719545
        0         0         0         1
T_world_lidar: 
-0.788281 -0.604582  0.114431  0.163439
-0.593736  0.796185  0.116477 0.0522341
-0.161528 0.0238746 -0.986579  0.719545
        0         0         0         1
v_world_imu:  0.034059 -0.013331 0.0327611
frame_220
id: 1015
stamp: 1783948171.550749063
T_odom_lidar: 
-0.788432  -0.60389   0.11701  0.166747
-0.592875  0.796737  0.117084 0.0509888
-0.163932 0.0229405 -0.986205   0.72266
        0         0         0         1
T_world_lidar: 
-0.788432  -0.60389   0.11701  0.166747
-0.592875  0.796737  0.117084 0.0509888
-0.163932 0.0229405 -0.986205   0.72266
        0         0         0         1
v_world_imu:   0.035497 -0.0125431  0.0305563
frame_221
id: 1016
stamp: 1783948171.651613235
T_odom_lidar: 
-0.788653 -0.603152  0.119306  0.169869
-0.591966  0.797316  0.117741 0.0500297
 -0.16614 0.0222319 -0.985851   0.72531
        0         0         0         1
T_world_lidar: 
-0.788653 -0.603152  0.119306  0.169869
-0.591966  0.797316  0.117741 0.0500297
 -0.16614 0.0222319 -0.985851   0.72531
        0         0         0         1
v_world_imu:  0.0307932 -0.0111456  0.0270931
frame_222
id: 1017
stamp: 1783948171.752470255
T_odom_lidar: 
-0.788638  -0.60278   0.12127  0.172381
-0.591391  0.797608  0.118653 0.0490489
-0.168248 0.0218557 -0.985502  0.727772
        0         0         0         1
T_world_lidar: 
-0.788638  -0.60278   0.12127  0.172381
-0.591391  0.797608  0.118653 0.0490489
-0.168248 0.0218557 -0.985502  0.727772
        0         0         0         1
v_world_imu:  0.0256167 -0.0108804  0.0214809
frame_223
id: 1018
stamp: 1783948171.853338003
T_odom_lidar: 
-0.788687 -0.602399  0.122834   0.17415
-0.590865  0.797906  0.119268 0.0479416
-0.169857 0.0214873 -0.985234  0.729464
        0         0         0         1
T_world_lidar: 
-0.788687 -0.602399  0.122834   0.17415
-0.590865  0.797906  0.119268 0.0479416
-0.169857 0.0214873 -0.985234  0.729464
        0         0         0         1
v_world_imu:  0.0159793 -0.0140213  0.0134266
frame_224
id: 1019
stamp: 1783948171.954199076
T_odom_lidar: 
-0.788757 -0.602196   0.12338  0.175038
-0.590629  0.798064  0.119379 0.0464685
-0.170354 0.0212889 -0.985153  0.730354
        0         0         0         1
T_world_lidar: 
-0.788757 -0.602196   0.12338  0.175038
-0.590629  0.798064  0.119379 0.0464685
-0.170354 0.0212889 -0.985153  0.730354
        0         0         0         1
v_world_imu: 0.00704315 -0.0183139 0.00524762
frame_225
id: 1020
stamp: 1783948172.056205988
T_odom_lidar: 
-0.788808 -0.601984  0.124087  0.175089
-0.590413  0.798236  0.119296 0.0445729
-0.170865 0.0208389 -0.985074  0.730379
        0         0         0         1
T_world_lidar: 
-0.788808 -0.601984  0.124087  0.175089
-0.590413  0.798236  0.119296 0.0445729
-0.170865 0.0208389 -0.985074  0.730379
        0         0         0         1
v_world_imu: -0.00226704  -0.0210187 -0.00355813
frame_226
id: 1021
stamp: 1783948172.155964136
T_odom_lidar: 
-0.789032 -0.601586  0.124594  0.174265
-0.590086  0.798553  0.118796  0.042372
-0.170961 0.0202127  -0.98507  0.729489
        0         0         0         1
T_world_lidar: 
-0.789032 -0.601586  0.124594  0.174265
-0.590086  0.798553  0.118796  0.042372
-0.170961 0.0202127  -0.98507  0.729489
        0         0         0         1
v_world_imu: -0.0116936 -0.0245559 -0.0133795
frame_227
id: 1022
stamp: 1783948172.256810188
T_odom_lidar: 
-0.789347 -0.601219  0.124365  0.172573
-0.589912  0.798846  0.117684 0.0398924
-0.170102  0.019529 -0.985233   0.72764
        0         0         0         1
T_world_lidar: 
-0.789347 -0.601219  0.124365  0.172573
-0.589912  0.798846  0.117684 0.0398924
-0.170102  0.019529 -0.985233   0.72764
        0         0         0         1
v_world_imu: -0.0196927 -0.0274637 -0.0224967
frame_228
id: 1023
stamp: 1783948172.357668638
T_odom_lidar: 
-0.789469 -0.601128   0.12403  0.169972
 -0.59002   0.79893  0.116565 0.0372257
-0.169162 0.0188444 -0.985408  0.724801
        0         0         0         1
T_world_lidar: 
-0.789469 -0.601128   0.12403  0.169972
 -0.59002   0.79893  0.116565 0.0372257
-0.169162 0.0188444 -0.985408  0.724801
        0         0         0         1
v_world_imu: -0.0273503 -0.0278201 -0.0324272
frame_229
id: 1024
stamp: 1783948172.458536386
T_odom_lidar: 
-0.789363 -0.601395  0.123407  0.166644
-0.590516  0.798745  0.115313 0.0347921
-0.167919   0.01815 -0.985634  0.721013
        0         0         0         1
T_world_lidar: 
-0.789363 -0.601395  0.123407  0.166644
-0.590516  0.798745  0.115313 0.0347921
-0.167919   0.01815 -0.985634  0.721013
        0         0         0         1
v_world_imu: -0.0332936 -0.0242463 -0.0406718
frame_230
id: 1025
stamp: 1783948172.559402704
T_odom_lidar: 
-0.789593 -0.601103  0.123361  0.162662
-0.590378   0.79898  0.114388 0.0326818
-0.167322 0.0174903 -0.985747  0.716656
        0         0         0         1
T_world_lidar: 
-0.789593 -0.601103  0.123361  0.162662
-0.590378   0.79898  0.114388 0.0326818
-0.167322 0.0174903 -0.985747  0.716656
        0         0         0         1
v_world_imu: -0.0390005 -0.0194307 -0.0503376
frame_231
id: 1026
stamp: 1783948172.664174557
T_odom_lidar: 
-0.789596 -0.601178  0.122976  0.157008
-0.590561   0.79893  0.113796 0.0307566
 -0.16666  0.017228 -0.985864   0.71129
        0         0         0         1
T_world_lidar: 
-0.789596 -0.601178  0.122976  0.157008
-0.590561   0.79893  0.113796 0.0307566
 -0.16666  0.017228 -0.985864   0.71129
        0         0         0         1
v_world_imu: -0.0454922 -0.0103745 -0.0573463
frame_232
id: 1027
stamp: 1783948172.761135817
T_odom_lidar: 
-0.789188 -0.601688  0.123099  0.152171
-0.591062  0.798548  0.113868 0.0302242
-0.166814  0.017104  -0.98584  0.705188
        0         0         0         1
T_world_lidar: 
-0.789188 -0.601688  0.123099  0.152171
-0.591062  0.798548  0.113868 0.0302242
-0.166814  0.017104  -0.98584  0.705188
        0         0         0         1
v_world_imu:   -0.0503406 -0.000532165   -0.0668648
frame_233
id: 1028
stamp: 1783948172.862026691
T_odom_lidar: 
-0.788874 -0.602272  0.122251  0.146785
-0.591673  0.798099  0.113844 0.0305401
-0.166133  0.017476 -0.985948  0.697984
        0         0         0         1
T_world_lidar: 
-0.788874 -0.602272  0.122251  0.146785
-0.591673  0.798099  0.113844 0.0305401
-0.166133  0.017476 -0.985948  0.697984
        0         0         0         1
v_world_imu: -0.0556073  0.0085162 -0.0759318
frame_234
id: 1029
stamp: 1783948172.962914467
T_odom_lidar: 
-0.788624 -0.602854  0.120988  0.141028
-0.592235   0.79764  0.114139 0.0315471
-0.165314 0.0183594  -0.98607  0.689919
        0         0         0         1
T_world_lidar: 
-0.788624 -0.602854  0.120988  0.141028
-0.592235   0.79764  0.114139 0.0315471
-0.165314 0.0183594  -0.98607  0.689919
        0         0         0         1
v_world_imu: -0.0590813  0.0137972 -0.0847671
frame_235
id: 1030
stamp: 1783948173.063737392
T_odom_lidar: 
-0.788161 -0.603721   0.11968  0.134849
-0.593056   0.79696  0.114626 0.0330742
-0.164582 0.0193668 -0.986173  0.680896
        0         0         0         1
T_world_lidar: 
-0.788161 -0.603721   0.11968  0.134849
-0.593056   0.79696  0.114626 0.0330742
-0.164582 0.0193668 -0.986173  0.680896
        0         0         0         1
v_world_imu: -0.0631355    0.01827 -0.0938351
frame_236
id: 1031
stamp: 1783948173.164604425
T_odom_lidar: 
-0.787932 -0.604359  0.117956  0.128298
-0.593649  0.796443  0.115149 0.0349431
-0.163537 0.0207053  -0.98632  0.670954
        0         0         0         1
T_world_lidar: 
-0.787932 -0.604359  0.117956  0.128298
-0.593649  0.796443  0.115149 0.0349431
-0.163537 0.0207053  -0.98632  0.670954
        0         0         0         1
v_world_imu: -0.0669606  0.0214498   -0.10233
frame_237
id: 1032
stamp: 1783948173.265501976
T_odom_lidar: 
-0.787189 -0.605577  0.116661  0.121417
-0.594776  0.795485  0.115952 0.0371088
 -0.16302 0.0218896  -0.98638    0.6601
        0         0         0         1
T_world_lidar: 
-0.787189 -0.605577  0.116661  0.121417
-0.594776  0.795485  0.115952 0.0371088
 -0.16302 0.0218896  -0.98638    0.6601
        0         0         0         1
v_world_imu: -0.0687309  0.0232238  -0.111034
frame_238
id: 1033
stamp: 1783948173.366372108
T_odom_lidar: 
-0.786641 -0.606817  0.113882  0.114603
-0.596021  0.794489  0.116388 0.0394888
-0.161104 0.0236792 -0.986653  0.648602
        0         0         0         1
T_world_lidar: 
-0.786641 -0.606817  0.113882  0.114603
-0.596021  0.794489  0.116388 0.0394888
-0.161104 0.0236792 -0.986653  0.648602
        0         0         0         1
v_world_imu: -0.0663623  0.0234656   -0.11631
frame_239
id: 1034
stamp: 1783948173.467602253
T_odom_lidar: 
-0.785736 -0.608596  0.110586  0.108202
-0.597817  0.793063  0.116906 0.0418828
 -0.15885 0.0257465 -0.986967  0.636671
        0         0         0         1
T_world_lidar: 
-0.785736 -0.608596  0.110586  0.108202
-0.597817  0.793063  0.116906 0.0418828
 -0.15885 0.0257465 -0.986967  0.636671
        0         0         0         1
v_world_imu: -0.059949 0.0239169 -0.117549
frame_240
id: 1035
stamp: 1783948173.568076134
T_odom_lidar: 
 -0.78583 -0.608976  0.107794  0.102568
-0.598182  0.792699  0.117503 0.0442319
-0.157004 0.0278568 -0.987205  0.625008
        0         0         0         1
T_world_lidar: 
 -0.78583 -0.608976  0.107794  0.102568
-0.598182  0.792699  0.117503 0.0442319
-0.157004 0.0278568 -0.987205  0.625008
        0         0         0         1
v_world_imu: -0.0517342  0.0251153  -0.115762
frame_241
id: 1036
stamp: 1783948173.668934822
T_odom_lidar: 
-0.785324 -0.609898  0.106256 0.0980781
-0.599079  0.791949  0.117993 0.0468083
-0.156113 0.0290067 -0.987313  0.612878
        0         0         0         1
T_world_lidar: 
-0.785324 -0.609898  0.106256 0.0980781
-0.599079  0.791949  0.117993 0.0468083
-0.156113 0.0290067 -0.987313  0.612878
        0         0         0         1
v_world_imu: -0.0423204  0.0231243  -0.108372
frame_242
id: 1037
stamp: 1783948173.769811153
T_odom_lidar: 
-0.785181 -0.610391   0.10447 0.0942137
-0.599629  0.791532  0.117993 0.0487283
-0.154713 0.0300029 -0.987504  0.602487
        0         0         0         1
T_world_lidar: 
-0.785181 -0.610391   0.10447 0.0942137
-0.599629  0.791532  0.117993 0.0487283
-0.154713 0.0300029 -0.987504  0.602487
        0         0         0         1
v_world_imu: -0.0334826  0.0186962 -0.0978718
frame_243
id: 1038
stamp: 1783948173.870670557
T_odom_lidar: 
-0.785169 -0.610582  0.103433 0.0913379
-0.599944  0.791379  0.117416 0.0502379
-0.153547 0.0301374 -0.987682  0.593245
        0         0         0         1
T_world_lidar: 
-0.785169 -0.610582  0.103433 0.0913379
-0.599944  0.791379  0.117416 0.0502379
-0.153547 0.0301374 -0.987682  0.593245
        0         0         0         1
v_world_imu: -0.0244056  0.0136854  -0.082316
frame_244
id: 1039
stamp: 1783948173.976346493
T_odom_lidar: 
-0.784521 -0.611515  0.102839 0.0888903
-0.601029  0.790677  0.116597  0.050764
-0.152613 0.0296642 -0.987841  0.586171
        0         0         0         1
T_world_lidar: 
-0.784521 -0.611515  0.102839 0.0888903
-0.601029  0.790677  0.116597  0.050764
-0.152613 0.0296642 -0.987841  0.586171
        0         0         0         1
v_world_imu: -0.00864473  0.00982529  -0.0579174
frame_245
id: 1040
stamp: 1783948174.072405100
T_odom_lidar: 
-0.784945 -0.610966  0.102873 0.0888493
-0.600548  0.791112  0.116115 0.0513654
-0.152327  0.029364 -0.987894  0.581692
        0         0         0         1
T_world_lidar: 
-0.784945 -0.610966  0.102873 0.0888493
-0.600548  0.791112  0.116115 0.0513654
-0.152327  0.029364 -0.987894  0.581692
        0         0         0         1
v_world_imu: 0.00616299 0.00701449 -0.0336313
frame_246
id: 1041
stamp: 1783948174.173578739
T_odom_lidar: 
-0.785398 -0.610408  0.102719 0.0902557
-0.600087  0.791553  0.115497 0.0518078
-0.151808 0.0290709 -0.987982  0.579593
        0         0         0         1
T_world_lidar: 
-0.785398 -0.610408  0.102719 0.0902557
-0.600087  0.791553  0.115497 0.0518078
-0.151808 0.0290709 -0.987982  0.579593
        0         0         0         1
v_world_imu:   0.0198083  0.00481215 -0.00671345
frame_247
id: 1042
stamp: 1783948174.274142981
T_odom_lidar: 
-0.785747 -0.609946  0.102801 0.0928615
-0.599673  0.791919  0.115141 0.0520928
 -0.15164 0.0288254 -0.988015  0.580222
        0         0         0         1
T_world_lidar: 
-0.785747 -0.609946  0.102801 0.0928615
-0.599673  0.791919  0.115141 0.0520928
 -0.15164 0.0288254 -0.988015  0.580222
        0         0         0         1
v_world_imu:  0.0315719 0.00361758   0.020685
frame_248
id: 1043
stamp: 1783948174.375009060
T_odom_lidar: 
-0.785787 -0.609791  0.103412 0.0967511
 -0.59954  0.792058  0.114872 0.0523308
-0.151956 0.0282647 -0.987983  0.583743
        0         0         0         1
T_world_lidar: 
-0.785787 -0.609791  0.103412 0.0967511
 -0.59954  0.792058  0.114872 0.0523308
-0.151956 0.0282647 -0.987983  0.583743
        0         0         0         1
v_world_imu: 0.0471135 0.0048578 0.0474793
frame_249
id: 1044
stamp: 1783948174.475874662
T_odom_lidar: 
-0.786628 -0.608617  0.103932  0.102233
-0.598313  0.792958  0.115058 0.0527493
 -0.15244 0.0283239 -0.987907  0.589673
        0         0         0         1
T_world_lidar: 
-0.786628 -0.608617  0.103932  0.102233
-0.598313  0.792958  0.115058 0.0527493
 -0.15244 0.0283239 -0.987907  0.589673
        0         0         0         1
v_world_imu:  0.061783 0.0037155 0.0739335
frame_250
id: 1045
stamp: 1783948174.576734543
T_odom_lidar: 
  -0.7869  -0.60803  0.105296  0.108865
-0.597626  0.793424  0.115418 0.0528893
-0.153722 0.0278954  -0.98772  0.598253
        0         0         0         1
T_world_lidar: 
  -0.7869  -0.60803  0.105296  0.108865
-0.597626  0.793424  0.115418 0.0528893
-0.153722 0.0278954  -0.98772  0.598253
        0         0         0         1
v_world_imu:  0.0743046 0.00109889  0.0966253
frame_251
id: 1046
stamp: 1783948174.679603338
T_odom_lidar: 
-0.787394 -0.607111  0.106897   0.11686
-0.596594  0.794144  0.115809 0.0527933
-0.155201 0.0274129 -0.987503  0.609211
        0         0         0         1
T_world_lidar: 
-0.787394 -0.607111  0.106897   0.11686
-0.596594  0.794144  0.115809 0.0527933
-0.155201 0.0274129 -0.987503  0.609211
        0         0         0         1
v_world_imu:   0.0861796 0.000881269    0.116375
frame_252
id: 1047
stamp: 1783948174.780195951
T_odom_lidar: 
 -0.78776 -0.606205  0.109319  0.125745
-0.595614   0.79488  0.115802 0.0525617
-0.157095  0.026112 -0.987238   0.62154
        0         0         0         1
T_world_lidar: 
 -0.78776 -0.606205  0.109319  0.125745
-0.595614   0.79488  0.115802 0.0525617
-0.157095  0.026112 -0.987238   0.62154
        0         0         0         1
v_world_imu:    0.093424 0.000388309    0.129538
frame_253
id: 1048
stamp: 1783948174.879342794
T_odom_lidar: 
-0.787975 -0.605441  0.111967  0.135288
-0.594755  0.795505  0.115921 0.0522942
-0.159253   0.02475 -0.986927  0.634813
        0         0         0         1
T_world_lidar: 
-0.787975 -0.605441  0.111967  0.135288
-0.594755  0.795505  0.115921 0.0522942
-0.159253   0.02475 -0.986927  0.634813
        0         0         0         1
v_world_imu:    0.100524 0.000899255    0.138084
frame_254
id: 1049
stamp: 1783948174.980202436
T_odom_lidar: 
-0.788283 -0.604552  0.114572  0.145709
-0.593784  0.796222  0.115977 0.0521125
-0.161339 0.0233917 -0.986622   0.64891
        0         0         0         1
T_world_lidar: 
-0.788283 -0.604552  0.114572  0.145709
-0.593784  0.796222  0.115977 0.0521125
-0.161339 0.0233917 -0.986622   0.64891
        0         0         0         1
v_world_imu:   0.107511 0.00271832   0.140199
frame_255
id: 1050
stamp: 1783948175.081099033
T_odom_lidar: 
-0.788008 -0.604441  0.117025  0.156799
-0.593573  0.796343  0.116226 0.0521855
-0.163444 0.0221247 -0.986305  0.662656
        0         0         0         1
T_world_lidar: 
-0.788008 -0.604441  0.117025  0.156799
-0.593573  0.796343  0.116226 0.0521855
-0.163444 0.0221247 -0.986305  0.662656
        0         0         0         1
v_world_imu:    0.11194 0.00427371   0.134826
frame_256
id: 1051
stamp: 1783948175.181937218
T_odom_lidar: 
-0.787777 -0.604304  0.119263  0.166883
-0.593358  0.796478  0.116399  0.052022
-0.165331  0.020931 -0.986016  0.676167
        0         0         0         1
T_world_lidar: 
-0.787777 -0.604304  0.119263  0.166883
-0.593358  0.796478  0.116399  0.052022
-0.165331  0.020931 -0.986016  0.676167
        0         0         0         1
v_world_imu:  0.113454 0.0060769  0.124436
frame_257
id: 1052
stamp: 1783948175.282806873
T_odom_lidar: 
-0.787043   -0.6048  0.121574   0.17829
-0.593842  0.796144  0.116216 0.0525096
-0.167077 0.0192713 -0.985755   0.68783
        0         0         0         1
T_world_lidar: 
-0.787043   -0.6048  0.121574   0.17829
-0.593842  0.796144  0.116216 0.0525096
-0.167077 0.0192713 -0.985755   0.68783
        0         0         0         1
v_world_imu:   0.113896 0.00725305   0.109619
frame_258
id: 1053
stamp: 1783948175.383707523
T_odom_lidar: 
 -0.78592 -0.605648  0.124577  0.189572
-0.594584  0.795539  0.116562 0.0530972
-0.169701 0.0175373  -0.98534  0.697929
        0         0         0         1
T_world_lidar: 
 -0.78592 -0.605648  0.124577  0.189572
-0.594584  0.795539  0.116562 0.0530972
-0.169701 0.0175373  -0.98534  0.697929
        0         0         0         1
v_world_imu:  0.114019 0.0100829 0.0910288
frame_259
id: 1054
stamp: 1783948175.486163378
T_odom_lidar: 
-0.784948 -0.606516  0.126469  0.200818
-0.595469   0.79491  0.116342   0.05403
-0.171095 0.0160143 -0.985124  0.706043
        0         0         0         1
T_world_lidar: 
-0.784948 -0.606516  0.126469  0.200818
-0.595469   0.79491  0.116342   0.05403
-0.171095 0.0160143 -0.985124  0.706043
        0         0         0         1
v_world_imu:  0.106269 0.0121054  0.068187
frame_260
id: 1055
stamp: 1783948175.585408926
T_odom_lidar: 
-0.784095 -0.607424  0.127402  0.210745
-0.596413  0.794235  0.116117 0.0551586
-0.171719 0.0150624 -0.985031  0.711342
        0         0         0         1
T_world_lidar: 
-0.784095 -0.607424  0.127402  0.210745
-0.596413  0.794235  0.116117 0.0551586
-0.171719 0.0150624 -0.985031  0.711342
        0         0         0         1
v_world_imu: 0.0931811 0.0146075 0.0416445
frame_261
id: 1056
stamp: 1783948175.686272383
T_odom_lidar: 
-0.782912 -0.608806  0.128078  0.219478
-0.597816  0.793191  0.116037 0.0568835
-0.172234 0.0142792 -0.984953   0.71323
        0         0         0         1
T_world_lidar: 
-0.782912 -0.608806  0.128078  0.219478
-0.597816  0.793191  0.116037 0.0568835
-0.172234 0.0142792 -0.984953   0.71323
        0         0         0         1
v_world_imu: 0.0761985 0.0173191 0.0186146
frame_262
id: 1057
stamp: 1783948175.787142038
T_odom_lidar: 
-0.781396 -0.610826  0.127717  0.226249
-0.599849  0.791638  0.116145 0.0587312
 -0.17205 0.0141449 -0.984987  0.713963
        0         0         0         1
T_world_lidar: 
-0.781396 -0.610826  0.127717  0.226249
-0.599849  0.791638  0.116145 0.0587312
 -0.17205 0.0141449 -0.984987  0.713963
        0         0         0         1
v_world_imu:    0.0603242    0.0208007 -0.000388427
frame_263
id: 1058
stamp: 1783948175.888006926
T_odom_lidar: 
-0.779834  -0.61326  0.125582  0.231176
-0.602318  0.789737  0.116311 0.0609341
-0.170506  0.015063 -0.985241  0.713009
        0         0         0         1
T_world_lidar: 
-0.779834  -0.61326  0.125582  0.231176
-0.602318  0.789737  0.116311 0.0609341
-0.170506  0.015063 -0.985241  0.713009
        0         0         0         1
v_world_imu:  0.0313247  0.0249399 -0.0155221
frame_264
id: 1059
stamp: 1783948175.988885880
T_odom_lidar: 
-0.777266 -0.615903  0.128534  0.230787
-0.604774  0.787707  0.117327  0.063615
-0.173509 0.0134604  -0.98474  0.710775
        0         0         0         1
T_world_lidar: 
-0.777266 -0.615903  0.128534  0.230787
-0.604774  0.787707  0.117327  0.063615
-0.173509 0.0134604  -0.98474  0.710775
        0         0         0         1
v_world_imu: -0.0430388  0.0312257 -0.0261873
frame_265
id: 1060
stamp: 1783948176.089749813
T_odom_lidar: 
 -0.773148  -0.618558   0.140102   0.221566
 -0.607132   0.785712   0.118523  0.0666568
 -0.183393 0.00657604  -0.983018   0.707511
         0          0          0          1
T_world_lidar: 
 -0.773148  -0.618558   0.140102   0.221566
 -0.607132   0.785712   0.118523  0.0666568
 -0.183393 0.00657604  -0.983018   0.707511
         0          0          0          1
v_world_imu:  -0.118244   0.032431 -0.0304282
frame_266
id: 1061
stamp: 1783948176.190612316
T_odom_lidar: 
  -0.768165   -0.621194    0.155049    0.205661
   -0.60974     0.78365    0.118783   0.0700613
  -0.195291 -0.00329467    -0.98074    0.703913
          0           0           0           1
T_world_lidar: 
  -0.768165   -0.621194    0.155049    0.205661
   -0.60974     0.78365    0.118783   0.0700613
  -0.195291 -0.00329467    -0.98074    0.703913
          0           0           0           1
v_world_imu:   -0.16654  0.0395402 -0.0344366
frame_267
id: 1062
stamp: 1783948176.291484594
T_odom_lidar: 
 -0.762416  -0.624458   0.169627   0.186347
 -0.612808   0.780967   0.120657  0.0727605
 -0.207818 -0.0119576  -0.978094   0.699102
         0          0          0          1
T_world_lidar: 
 -0.762416  -0.624458   0.169627   0.186347
 -0.612808   0.780967   0.120657  0.0727605
 -0.207818 -0.0119576  -0.978094   0.699102
         0          0          0          1
v_world_imu:  -0.167008  0.0271032 -0.0325681
frame_268
id: 1063
stamp: 1783948176.392358780
T_odom_lidar: 
 -0.756445  -0.627973   0.182868   0.167855
 -0.616265   0.777974   0.122366  0.0756397
 -0.219109 -0.0201319  -0.975493   0.693655
         0          0          0          1
T_world_lidar: 
 -0.756445  -0.627973   0.182868   0.167855
 -0.616265   0.777974   0.122366  0.0756397
 -0.219109 -0.0201319  -0.975493   0.693655
         0          0          0          1
v_world_imu:  -0.184228  0.0258508 -0.0244549
frame_269
id: 1064
stamp: 1783948176.493218899
T_odom_lidar: 
-0.751077 -0.630965  0.194334  0.148594
-0.619155  0.775346  0.124443 0.0777612
-0.229196 -0.026856  -0.97301  0.690973
        0         0         0         1
T_world_lidar: 
-0.751077 -0.630965  0.194334  0.148594
-0.619155  0.775346  0.124443 0.0777612
-0.229196 -0.026856  -0.97301  0.690973
        0         0         0         1
v_world_imu:  -0.174728  0.0249206 -0.0174903
frame_270
id: 1065
stamp: 1783948176.594077587
T_odom_lidar: 
 -0.746909  -0.633732   0.201274   0.130621
 -0.621822   0.772934   0.126141   0.080097
 -0.235511 -0.0309405  -0.971379   0.688261
         0          0          0          1
T_world_lidar: 
 -0.746909  -0.633732   0.201274   0.130621
 -0.621822   0.772934   0.126141   0.080097
 -0.235511 -0.0309405  -0.971379   0.688261
         0          0          0          1
v_world_imu:  -0.184734  0.0247583 -0.0111573
