1783948149.360028744 0.067882 -0.187704 0.884678 -0.060522 -0.111482 0.902686 0.411177
1783948149.369438648 0.070424 -0.186119 0.881553 -0.059863 -0.110907 0.902537 0.411755
1783948149.379417181 0.073076 -0.184489 0.878236 -0.059273 -0.110296 0.902344 0.412427
1783948149.390366793 0.075939 -0.182749 0.874602 -0.058732 -0.109652 0.902091 0.413230
1783948149.399454594 0.078224 -0.181443 0.871581 -0.058252 -0.109022 0.901921 0.413834
1783948149.409433603 0.080711 -0.180074 0.868265 -0.057701 -0.108344 0.901709 0.414551
1783948149.420445919 0.083418 -0.178669 0.864605 -0.056966 -0.107660 0.901420 0.415458
1783948149.429437876 0.085526 -0.177699 0.861603 -0.056393 -0.107137 0.901274 0.415989
1783948149.439411163 0.087821 -0.176685 0.858268 -0.055835 -0.106599 0.901045 0.416697
1783948149.449413061 0.090065 -0.175758 0.854931 -0.055248 -0.106036 0.900839 0.417364
1783948149.459397078 0.092251 -0.174899 0.851604 -0.054650 -0.105416 0.900644 0.418020
1783948149.461854458 0.092739 -0.174766 0.850779 -0.054459 -0.105264 0.900642 0.418088
1783948149.461854458 0.092739 -0.174766 0.850779 -0.054459 -0.105264 0.900642 0.418088
1783948149.469475508 0.094745 -0.173560 0.848313 -0.053938 -0.104735 0.900555 0.418476
1783948149.479440689 0.097346 -0.171986 0.845104 -0.053226 -0.104095 0.900342 0.419184
1783948149.490114212 0.100042 -0.170367 0.841662 -0.052609 -0.103397 0.900167 0.419811
1783948149.499491930 0.102291 -0.169062 0.838622 -0.052109 -0.102783 0.899985 0.420413
1783948149.509494305 0.104617 -0.167724 0.835383 -0.051498 -0.102071 0.899762 0.421138
1783948149.520368814 0.107053 -0.166338 0.831860 -0.050840 -0.101295 0.899521 0.421920
1783948149.529474020 0.108961 -0.165328 0.828889 -0.050327 -0.100689 0.899351 0.422488
1783948149.540201902 0.111136 -0.164188 0.825393 -0.049778 -0.099997 0.899086 0.423281
1783948149.549443245 0.112888 -0.163352 0.822367 -0.049244 -0.099440 0.898918 0.423831
1783948149.559470415 0.114705 -0.162502 0.819082 -0.048723 -0.098851 0.898728 0.424432
1783948149.561726809 0.115064 -0.162382 0.818331 -0.048571 -0.098731 0.898722 0.424491
1783948149.561726809 0.115064 -0.162382 0.818331 -0.048571 -0.098731 0.898722 0.424491
1783948149.569433212 0.116987 -0.161133 0.815920 -0.048039 -0.098277 0.898675 0.424755
1783948149.579458714 0.119462 -0.159482 0.812799 -0.047368 -0.097677 0.898567 0.425198
1783948149.589397430 0.121783 -0.157918 0.809696 -0.046797 -0.097078 0.898472 0.425599
1783948149.599462509 0.124003 -0.156408 0.806549 -0.046247 -0.096486 0.898353 0.426043
1783948149.609431505 0.126066 -0.154999 0.803427 -0.045679 -0.095887 0.898226 0.426509
1783948149.620201588 0.128172 -0.153546 0.800054 -0.045093 -0.095240 0.898083 0.427017
1783948149.629388332 0.129794 -0.152444 0.797157 -0.044600 -0.094729 0.897966 0.427427
1783948149.639426470 0.131477 -0.151288 0.793993 -0.044093 -0.094139 0.897831 0.427894
1783948149.650438547 0.133214 -0.150075 0.790527 -0.043561 -0.093506 0.897679 0.428405
1783948149.659425259 0.134457 -0.149223 0.787679 -0.043158 -0.093043 0.897592 0.428730
1783948149.662594795 0.134809 -0.149005 0.786658 -0.042996 -0.092898 0.897586 0.428789
1783948149.662594795 0.134809 -0.149005 0.786658 -0.042996 -0.092898 0.897586 0.428789
1783948149.669435024 0.136263 -0.147851 0.784623 -0.042604 -0.092538 0.897575 0.428929
1783948149.679444313 0.138412 -0.146114 0.781672 -0.042008 -0.092012 0.897515 0.429226
1783948149.689436674 0.140398 -0.144461 0.778718 -0.041496 -0.091511 0.897463 0.429492
1783948149.699433327 0.142221 -0.142879 0.775757 -0.041038 -0.091015 0.897404 0.429766
1783948149.709441423 0.143885 -0.141362 0.772795 -0.040593 -0.090519 0.897324 0.430080
1783948149.719411373 0.145388 -0.139909 0.769842 -0.040189 -0.089912 0.897240 0.430420
1783948149.729467154 0.146771 -0.138520 0.766866 -0.039774 -0.089328 0.897147 0.430773
1783948149.739412785 0.147984 -0.137252 0.763919 -0.039316 -0.088822 0.897039 0.431146
1783948149.749464989 0.149056 -0.136060 0.760929 -0.039010 -0.088357 0.896985 0.431381
1783948149.759399176 0.149972 -0.134965 0.757977 -0.038639 -0.087984 0.896916 0.431633
1783948149.763496876 0.150209 -0.134621 0.756739 -0.038487 -0.087807 0.896907 0.431702
1783948149.763496876 0.150209 -0.134621 0.756739 -0.038487 -0.087807 0.896907 0.431702
1783948149.769446611 0.151209 -0.133594 0.755156 -0.038187 -0.087566 0.896882 0.431830
1783948149.779465437 0.152979 -0.131773 0.752553 -0.037673 -0.087179 0.896802 0.432118
1783948149.789456367 0.154581 -0.130034 0.749954 -0.037147 -0.086844 0.896712 0.432419
1783948149.799442291 0.156003 -0.128367 0.747351 -0.036733 -0.086519 0.896638 0.432673
1783948149.809434652 0.157264 -0.126750 0.744740 -0.036346 -0.086249 0.896543 0.432956
1783948149.819391251 0.158364 -0.125199 0.742134 -0.035939 -0.085825 0.896445 0.433277
1783948149.829443932 0.159299 -0.123717 0.739500 -0.035493 -0.085474 0.896306 0.433671
1783948149.839521408 0.160042 -0.122318 0.736849 -0.035173 -0.085183 0.896207 0.433957
1783948149.849458218 0.160592 -0.121021 0.734227 -0.034869 -0.084933 0.896110 0.434232
1783948149.859470367 0.160996 -0.119765 0.731589 -0.034558 -0.084682 0.896010 0.434513
1783948149.864330053 0.161015 -0.119256 0.730271 -0.034488 -0.084576 0.895987 0.434585
1783948149.864330053 0.161015 -0.119256 0.730271 -0.034488 -0.084576 0.895987 0.434585
1783948149.871405125 0.161914 -0.117952 0.728641 -0.034277 -0.084440 0.895961 0.434682
1783948149.879491329 0.162899 -0.116464 0.726789 -0.034039 -0.084257 0.895919 0.434824
1783948149.889446497 0.164091 -0.114627 0.724541 -0.033676 -0.084022 0.895861 0.435017
1783948149.902075529 0.165570 -0.112300 0.721735 -0.033099 -0.083759 0.895734 0.435373
1783948149.909502983 0.166119 -0.111104 0.720022 -0.032922 -0.083612 0.895707 0.435470
1783948149.919481754 0.166868 -0.109493 0.717759 -0.032494 -0.083418 0.895620 0.435719
1783948149.929443836 0.167469 -0.107968 0.715495 -0.032087 -0.083205 0.895532 0.435970
1783948149.939968109 0.167972 -0.106421 0.713105 -0.031681 -0.083022 0.895446 0.436211
1783948149.949505806 0.168246 -0.105114 0.710925 -0.031311 -0.082859 0.895390 0.436383
1783948149.959487438 0.168422 -0.103784 0.708650 -0.030934 -0.082704 0.895322 0.436580
1783948149.967566252 0.168378 -0.102789 0.706788 -0.030716 -0.082574 0.895286 0.436693
1783948149.967566252 0.168378 -0.102789 0.706788 -0.030716 -0.082574 0.895286 0.436693
1783948149.969937086 0.168597 -0.102370 0.706303 -0.030678 -0.082544 0.895282 0.436710
1783948149.979413748 0.169791 -0.100523 0.704409 -0.030233 -0.082366 0.895210 0.436922
1783948149.989464760 0.170986 -0.098602 0.702412 -0.029740 -0.082134 0.895135 0.437153
1783948149.999466896 0.172035 -0.096774 0.700424 -0.029160 -0.081976 0.895020 0.437458
1783948150.009451628 0.172929 -0.095030 0.698430 -0.028696 -0.081819 0.894949 0.437663
1783948150.019470692 0.173689 -0.093351 0.696433 -0.028148 -0.081699 0.894859 0.437904
1783948150.029643059 0.174336 -0.091701 0.694407 -0.027541 -0.081444 0.894742 0.438230
1783948150.039489985 0.174809 -0.090175 0.692443 -0.027000 -0.081189 0.894652 0.438494
1783948150.049447536 0.175144 -0.088707 0.690457 -0.026423 -0.081028 0.894559 0.438748
1783948150.059414387 0.175321 -0.087309 0.688467 -0.025891 -0.080841 0.894502 0.438932
1783948150.067168474 0.175248 -0.086319 0.686907 -0.025518 -0.080757 0.894450 0.439075
1783948150.067168474 0.175248 -0.086319 0.686907 -0.025518 -0.080757 0.894450 0.439075
1783948150.069503784 0.175447 -0.085923 0.686521 -0.025447 -0.080732 0.894446 0.439090
1783948150.079459190 0.176603 -0.084084 0.684969 -0.024789 -0.080607 0.894398 0.439250
1783948150.089454174 0.177581 -0.082287 0.683405 -0.024249 -0.080482 0.894362 0.439377
1783948150.100384712 0.178490 -0.080354 0.681710 -0.023581 -0.080340 0.894292 0.439582
1783948150.109424353 0.178968 -0.078842 0.680281 -0.023144 -0.080189 0.894231 0.439756
1783948150.119443417 0.179368 -0.077197 0.678706 -0.022677 -0.080029 0.894166 0.439941
1783948150.129844904 0.179607 -0.075557 0.677073 -0.022130 -0.079868 0.894076 0.440182
1783948150.139440298 0.179607 -0.074134 0.675552 -0.021703 -0.079729 0.894008 0.440365
1783948150.149456978 0.179460 -0.072710 0.673967 -0.021257 -0.079622 0.893947 0.440530
1783948150.159428596 0.179148 -0.071360 0.672388 -0.020798 -0.079536 0.893893 0.440678
1783948150.166933298 0.178698 -0.070431 0.671175 -0.020571 -0.079493 0.893860 0.440763
1783948150.166933298 0.178698 -0.070431 0.671175 -0.020571 -0.079493 0.893860 0.440763
1783948150.169422626 0.178805 -0.070011 0.670834 -0.020550 -0.079481 0.893860 0.440766
1783948150.179438114 0.179490 -0.068198 0.669599 -0.019528 -0.079139 0.893873 0.440848
1783948150.189441442 0.179759 -0.066451 0.668360 -0.018895 -0.078928 0.894034 0.440586
1783948150.199506044 0.179482 -0.064763 0.667016 -0.019411 -0.078804 0.894278 0.440090
1783948150.209494352 0.178769 -0.063173 0.665628 -0.019678 -0.079595 0.894006 0.440489
1783948150.219661474 0.177799 -0.061511 0.664209 -0.020007 -0.079772 0.894010 0.440434
1783948150.229457140 0.176711 -0.059855 0.662859 -0.020802 -0.079796 0.894056 0.440300
1783948150.239470720 0.175587 -0.058189 0.661506 -0.021072 -0.079723 0.893840 0.440738
1783948150.249481440 0.174446 -0.056651 0.660170 -0.021121 -0.079582 0.893949 0.440540
1783948150.261023998 0.173138 -0.055084 0.658653 -0.020984 -0.079586 0.893868 0.440710
1783948150.267800808 0.172109 -0.054377 0.657720 -0.020933 -0.079809 0.893834 0.440741
1783948150.267800808 0.172109 -0.054377 0.657720 -0.020933 -0.079809 0.893834 0.440741
1783948150.269496918 0.172043 -0.054135 0.657523 -0.020959 -0.079868 0.893826 0.440746
1783948150.279489994 0.172013 -0.052582 0.656434 -0.020638 -0.080128 0.893847 0.440672
1783948150.289470673 0.171768 -0.051073 0.655341 -0.020540 -0.080438 0.893765 0.440786
1783948150.299454689 0.171313 -0.049549 0.654265 -0.020511 -0.080613 0.893773 0.440739
1783948150.309480906 0.170674 -0.047973 0.653205 -0.020711 -0.080649 0.893710 0.440851
1783948150.321990252 0.169838 -0.045905 0.651933 -0.020444 -0.080524 0.893656 0.440996
1783948150.329484940 0.168984 -0.044781 0.651141 -0.020734 -0.080462 0.893626 0.441055
1783948150.339479446 0.167860 -0.043322 0.650107 -0.020844 -0.080444 0.893559 0.441187
1783948150.350926876 0.166520 -0.041781 0.648940 -0.020718 -0.080530 0.893544 0.441208
1783948150.359480619 0.165267 -0.040804 0.648043 -0.020752 -0.080634 0.893499 0.441279
1783948150.368691683 0.163845 -0.039828 0.647085 -0.020631 -0.080803 0.893493 0.441266
1783948150.368691683 0.163845 -0.039828 0.647085 -0.020631 -0.080803 0.893493 0.441266
1783948150.369468451 0.163803 -0.039720 0.647017 -0.020655 -0.080822 0.893493 0.441262
1783948150.379468918 0.163665 -0.038175 0.646204 -0.020464 -0.080965 0.893455 0.441320
1783948150.389479160 0.163349 -0.036666 0.645387 -0.020349 -0.081069 0.893448 0.441322
1783948150.399460793 0.162838 -0.035188 0.644568 -0.020317 -0.081143 0.893416 0.441373
1783948150.409517288 0.162132 -0.033729 0.643738 -0.020361 -0.081165 0.893393 0.441413
1783948150.419483423 0.161248 -0.032347 0.642913 -0.020420 -0.081167 0.893358 0.441483
1783948150.429445744 0.160208 -0.031055 0.642088 -0.020464 -0.081170 0.893315 0.441567
1783948150.439469337 0.159036 -0.029856 0.641260 -0.020451 -0.081217 0.893282 0.441625
1783948150.449522495 0.157746 -0.028755 0.640433 -0.020351 -0.081311 0.893259 0.441659
1783948150.459527016 0.156336 -0.027746 0.639615 -0.020217 -0.081426 0.893249 0.441663
1783948150.469503164 0.154785 -0.026807 0.638804 -0.020072 -0.081542 0.893229 0.441690
1783948150.469529867 0.154786 -0.026803 0.638803 -0.020066 -0.081542 0.893229 0.441690
1783948150.469529867 0.154786 -0.026803 0.638803 -0.020066 -0.081542 0.893229 0.441690
1783948150.479726315 0.154647 -0.025333 0.638172 -0.019897 -0.081574 0.893230 0.441689
1783948150.489516497 0.154318 -0.023980 0.637558 -0.019834 -0.081622 0.893217 0.441710
1783948150.499489069 0.153816 -0.022649 0.636932 -0.019796 -0.081639 0.893215 0.441713
1783948150.511429310 0.153136 -0.021083 0.636198 -0.019616 -0.081607 0.893201 0.441755
1783948150.519495487 0.152341 -0.020159 0.635678 -0.019706 -0.081624 0.893182 0.441787
1783948150.529485226 0.151350 -0.019048 0.635050 -0.019655 -0.081621 0.893157 0.441840
1783948150.541258335 0.150155 -0.017797 0.634331 -0.019390 -0.081591 0.893140 0.441892
1783948150.549471378 0.149035 -0.017052 0.633811 -0.019380 -0.081618 0.893136 0.441894
1783948150.559504509 0.147668 -0.016161 0.633195 -0.019221 -0.081631 0.893137 0.441897
1783948150.569473505 0.146157 -0.015340 0.632589 -0.019061 -0.081645 0.893143 0.441889
1783948150.572340727 0.145565 -0.015161 0.632400 -0.019160 -0.081683 0.893138 0.441888
1783948150.572340727 0.145565 -0.015161 0.632400 -0.019160 -0.081683 0.893138 0.441888
1783948150.579520464 0.145358 -0.014277 0.632070 -0.019196 -0.081714 0.893129 0.441899
1783948150.589501858 0.145108 -0.013042 0.631630 -0.019088 -0.081704 0.893126 0.441911
1783948150.599539757 0.144688 -0.011866 0.631183 -0.018987 -0.081674 0.893112 0.441949
1783948150.609926462 0.144096 -0.010718 0.630721 -0.018880 -0.081621 0.893096 0.441996
1783948150.619517326 0.143348 -0.009754 0.630288 -0.018823 -0.081589 0.893070 0.442057
1783948150.629523754 0.142455 -0.008820 0.629839 -0.018706 -0.081538 0.893044 0.442124
1783948150.640413284 0.141397 -0.007867 0.629363 -0.018484 -0.081464 0.893027 0.442183
1783948150.649462700 0.140294 -0.007174 0.628961 -0.018392 -0.081450 0.893020 0.442202
1783948150.659533978 0.138994 -0.006441 0.628525 -0.018218 -0.081429 0.893022 0.442210
1783948150.671026945 0.137413 -0.005651 0.628042 -0.017937 -0.081388 0.893023 0.442226
1783948150.671644449 0.137284 -0.005624 0.628013 -0.017965 -0.081397 0.893022 0.442225
1783948150.671644449 0.137284 -0.005624 0.628013 -0.017965 -0.081397 0.893022 0.442225
1783948150.679548979 0.137151 -0.004769 0.627761 -0.017973 -0.081405 0.893019 0.442230
1783948150.689513683 0.136976 -0.003706 0.627449 -0.017868 -0.081373 0.893015 0.442248
1783948150.701398134 0.136708 -0.002482 0.627079 -0.017590 -0.081268 0.893012 0.442284
1783948150.709486008 0.136195 -0.001786 0.626816 -0.017617 -0.081260 0.892997 0.442315
1783948150.719496965 0.135554 -0.000958 0.626495 -0.017491 -0.081198 0.892983 0.442361
1783948150.729533434 0.134776 -0.000210 0.626176 -0.017344 -0.081130 0.892961 0.442422
1783948150.739467144 0.133868 0.000455 0.625863 -0.017159 -0.081070 0.892949 0.442465
1783948150.749532700 0.132820 0.001065 0.625550 -0.016961 -0.081010 0.892948 0.442486
1783948150.759505987 0.131626 0.001604 0.625243 -0.016797 -0.080972 0.892951 0.442493
1783948150.770151854 0.130219 0.002123 0.624920 -0.016582 -0.080921 0.892959 0.442494
1783948150.772182226 0.129816 0.002174 0.624853 -0.016672 -0.080948 0.892955 0.442494
1783948150.772182226 0.129816 0.002174 0.624853 -0.016672 -0.080948 0.892955 0.442494
1783948150.779501915 0.129657 0.002802 0.624787 -0.016718 -0.080952 0.892952 0.442498
1783948150.789505720 0.129455 0.003649 0.624725 -0.016597 -0.080900 0.892956 0.442504
1783948150.800400972 0.129118 0.004508 0.624667 -0.016392 -0.080792 0.892963 0.442516
1783948150.809471130 0.128616 0.005125 0.624601 -0.016327 -0.080733 0.892955 0.442546
1783948150.819527388 0.127977 0.005750 0.624539 -0.016154 -0.080612 0.892950 0.442585
1783948150.829723120 0.127193 0.006301 0.624478 -0.015952 -0.080488 0.892937 0.442640
1783948150.839483976 0.126283 0.006743 0.624418 -0.015771 -0.080390 0.892934 0.442672
1783948150.849486589 0.125224 0.007126 0.624360 -0.015565 -0.080311 0.892938 0.442684
1783948150.859535456 0.124018 0.007446 0.624307 -0.015371 -0.080253 0.892947 0.442683
1783948150.870465517 0.122582 0.007745 0.624264 -0.015106 -0.080165 0.892964 0.442674
1783948150.873037815 0.122099 0.007765 0.624232 -0.015207 -0.080191 0.892961 0.442673
1783948150.873037815 0.122099 0.007765 0.624232 -0.015207 -0.080191 0.892961 0.442673
1783948150.879618645 0.122100 0.008245 0.624246 -0.015311 -0.080212 0.892961 0.442666
1783948150.889549494 0.122198 0.008991 0.624285 -0.015264 -0.080151 0.892976 0.442648
1783948150.904550791 0.122573 0.010154 0.624384 -0.014657 -0.079890 0.893015 0.442637
1783948150.909552813 0.122298 0.010387 0.624390 -0.014791 -0.079903 0.893008 0.442644
1783948150.919516325 0.121965 0.010891 0.624425 -0.014697 -0.079827 0.893001 0.442675
1783948150.930373907 0.121507 0.011358 0.624469 -0.014506 -0.079750 0.892996 0.442706
1783948150.939505816 0.120894 0.011640 0.624499 -0.014451 -0.079731 0.892992 0.442718
1783948150.949550390 0.120152 0.011910 0.624541 -0.014310 -0.079688 0.893007 0.442701
1783948150.959501266 0.119275 0.012123 0.624587 -0.014203 -0.079650 0.893023 0.442678
1783948150.971477509 0.118181 0.012360 0.624660 -0.013930 -0.079552 0.893049 0.442651
1783948150.974122763 0.117751 0.012346 0.624664 -0.014043 -0.079578 0.893047 0.442648
1783948150.974122763 0.117751 0.012346 0.624664 -0.014043 -0.079578 0.893047 0.442648
1783948150.979517698 0.117870 0.012638 0.624756 -0.014180 -0.079601 0.893057 0.442619
1783948150.989555597 0.118312 0.013234 0.624952 -0.014140 -0.079552 0.893099 0.442545
1783948150.999602079 0.118612 0.013750 0.625147 -0.014088 -0.079488 0.893140 0.442475
1783948151.010438442 0.118845 0.014229 0.625359 -0.013946 -0.079408 0.893179 0.442416
1783948151.019585609 0.118808 0.014518 0.625529 -0.013914 -0.079359 0.893199 0.442385
1783948151.029995680 0.118724 0.014796 0.625730 -0.013760 -0.079259 0.893229 0.442346
1783948151.039539576 0.118459 0.014963 0.625911 -0.013673 -0.079198 0.893258 0.442303
1783948151.049548388 0.118079 0.015087 0.626107 -0.013570 -0.079135 0.893299 0.442234
1783948151.062460661 0.117650 0.015245 0.626385 -0.013199 -0.078990 0.893379 0.442109
1783948151.069544792 0.117016 0.015190 0.626516 -0.013294 -0.079004 0.893404 0.442053
1783948151.074733257 0.116434 0.015105 0.626607 -0.013436 -0.079039 0.893413 0.442024
1783948151.074733257 0.116434 0.015105 0.626607 -0.013436 -0.079039 0.893413 0.442024
1783948151.079552412 0.116713 0.015262 0.626761 -0.013619 -0.079090 0.893400 0.442037
1783948151.089573383 0.117582 0.015649 0.627111 -0.013706 -0.079108 0.893370 0.442090
1783948151.100430965 0.118435 0.015997 0.627494 -0.013735 -0.079106 0.893330 0.442171
1783948151.109529734 0.118904 0.016182 0.627804 -0.013833 -0.079117 0.893295 0.442238
1783948151.119586706 0.119362 0.016334 0.628152 -0.013881 -0.079089 0.893248 0.442334
1783948151.129754782 0.119690 0.016412 0.628504 -0.013913 -0.079055 0.893195 0.442447
1783948151.139512062 0.119841 0.016408 0.628839 -0.013971 -0.079027 0.893158 0.442525
1783948151.149546862 0.119885 0.016341 0.629186 -0.014010 -0.079021 0.893126 0.442590
1783948151.160515547 0.119855 0.016213 0.629576 -0.014012 -0.079021 0.893099 0.442644
1783948151.169516087 0.119571 0.016006 0.629887 -0.014113 -0.079062 0.893076 0.442680
1783948151.175624132 0.119177 0.015794 0.630088 -0.014285 -0.079117 0.893059 0.442699
1783948151.175624132 0.119177 0.015794 0.630088 -0.014285 -0.079117 0.893059 0.442699
1783948151.179498434 0.119531 0.015834 0.630263 -0.014459 -0.079169 0.893042 0.442719
1783948151.189547539 0.120801 0.016028 0.630747 -0.014607 -0.079198 0.892976 0.442840
1783948151.199520826 0.121912 0.016148 0.631224 -0.014764 -0.079210 0.892910 0.442966
1783948151.209560633 0.122888 0.016194 0.631700 -0.014926 -0.079208 0.892833 0.443116
1783948151.221422672 0.124012 0.016190 0.632270 -0.015001 -0.079170 0.892732 0.443325
1783948151.229543447 0.124446 0.016052 0.632643 -0.015194 -0.079185 0.892668 0.443445
1783948151.239534378 0.124999 0.015855 0.633111 -0.015319 -0.079185 0.892589 0.443599
1783948151.250484943 0.125535 0.015581 0.633632 -0.015396 -0.079187 0.892509 0.443756
1783948151.259550810 0.125733 0.015255 0.634056 -0.015545 -0.079228 0.892457 0.443848
1783948151.269564390 0.125885 0.014857 0.634531 -0.015678 -0.079278 0.892396 0.443958
1783948151.276479244 0.125743 0.014498 0.634849 -0.015882 -0.079339 0.892359 0.444014
1783948151.276479244 0.125743 0.014498 0.634849 -0.015882 -0.079339 0.892359 0.444014
1783948151.279510736 0.126096 0.014470 0.635016 -0.016037 -0.079381 0.892348 0.444022
1783948151.289546251 0.127638 0.014483 0.635599 -0.016297 -0.079395 0.892293 0.444122
1783948151.299573183 0.129026 0.014426 0.636178 -0.016561 -0.079404 0.892239 0.444219
1783948151.309543610 0.130261 0.014294 0.636750 -0.016809 -0.079404 0.892180 0.444327
1783948151.319535494 0.131365 0.014082 0.637321 -0.017043 -0.079375 0.892116 0.444453
1783948151.329555988 0.132341 0.013786 0.637891 -0.017241 -0.079342 0.892045 0.444594
1783948151.342363596 0.133639 0.013375 0.638634 -0.017306 -0.079252 0.891959 0.444780
1783948151.349536896 0.133989 0.013003 0.639031 -0.017520 -0.079282 0.891923 0.444838
1783948151.359577894 0.134546 0.012492 0.639599 -0.017723 -0.079313 0.891876 0.444919
1783948151.369558573 0.134940 0.011922 0.640162 -0.017954 -0.079361 0.891827 0.444998
1783948151.377368689 0.135022 0.011398 0.640594 -0.018235 -0.079422 0.891788 0.445055
1783948151.377368689 0.135022 0.011398 0.640594 -0.018235 -0.079422 0.891788 0.445055
1783948151.379524231 0.135307 0.011336 0.640722 -0.018366 -0.079455 0.891780 0.445059
1783948151.389519453 0.137048 0.011177 0.641330 -0.018680 -0.079449 0.891740 0.445128
1783948151.399547577 0.138657 0.010950 0.641937 -0.018985 -0.079425 0.891697 0.445204
1783948151.409550667 0.140121 0.010648 0.642540 -0.019272 -0.079387 0.891646 0.445302
1783948151.419611692 0.141458 0.010265 0.643145 -0.019531 -0.079319 0.891588 0.445419
1783948151.429596901 0.142643 0.009804 0.643744 -0.019765 -0.079251 0.891525 0.445546
1783948151.439570189 0.143685 0.009270 0.644341 -0.019990 -0.079192 0.891469 0.445660
1783948151.449520350 0.144579 0.008671 0.644934 -0.020232 -0.079161 0.891425 0.445741
1783948151.459565639 0.145336 0.008008 0.645532 -0.020496 -0.079164 0.891383 0.445812
1783948151.470493317 0.146042 0.007240 0.646183 -0.020765 -0.079154 0.891342 0.445885
1783948151.478209257 0.146258 0.006600 0.646636 -0.021064 -0.079192 0.891311 0.445926
1783948151.478209257 0.146258 0.006600 0.646636 -0.021064 -0.079192 0.891311 0.445926
1783948151.479531050 0.146447 0.006541 0.646717 -0.021145 -0.079211 0.891306 0.445928
1783948151.489609718 0.148333 0.006233 0.647327 -0.021448 -0.079159 0.891265 0.446005
1783948151.499560356 0.150036 0.005859 0.647924 -0.021755 -0.079100 0.891218 0.446094
1783948151.510345221 0.151774 0.005395 0.648567 -0.022037 -0.079009 0.891161 0.446212
1783948151.519547224 0.153027 0.004900 0.649111 -0.022309 -0.078934 0.891108 0.446316
1783948151.529578209 0.154305 0.004306 0.649701 -0.022558 -0.078832 0.891045 0.446448
1783948151.539563179 0.155424 0.003640 0.650284 -0.022802 -0.078751 0.890988 0.446563
1783948151.549556732 0.156397 0.002905 0.650867 -0.023054 -0.078704 0.890944 0.446646
1783948151.559546709 0.157220 0.002114 0.651449 -0.023318 -0.078678 0.890903 0.446719
1783948151.572638750 0.158324 0.001088 0.652208 -0.023531 -0.078552 0.890844 0.446847
1783948151.579075336 0.158490 0.000455 0.652582 -0.023808 -0.078581 0.890819 0.446879
1783948151.579075336 0.158490 0.000455 0.652582 -0.023808 -0.078581 0.890819 0.446879
1783948151.579520226 0.158558 0.000433 0.652609 -0.023833 -0.078586 0.890817 0.446880
1783948151.589616537 0.160488 0.000074 0.653232 -0.024127 -0.078503 0.890774 0.446965
1783948151.599557877 0.162223 -0.000341 0.653838 -0.024421 -0.078400 0.890729 0.447055
1783948151.611469507 0.164247 -0.000865 0.654559 -0.024676 -0.078207 0.890661 0.447211
1783948151.619528294 0.165298 -0.001354 0.655042 -0.024950 -0.078134 0.890619 0.447293
1783948151.629586220 0.166593 -0.001985 0.655641 -0.025191 -0.078003 0.890555 0.447430
1783948151.639547110 0.167718 -0.002687 0.656231 -0.025433 -0.077899 0.890498 0.447547
1783948151.649582148 0.168705 -0.003456 0.656823 -0.025671 -0.077819 0.890449 0.447645
1783948151.659524202 0.169525 -0.004274 0.657409 -0.025916 -0.077761 0.890405 0.447728
1783948151.669919491 0.170241 -0.005167 0.658019 -0.026176 -0.077683 0.890362 0.447812
1783948151.679522038 0.170695 -0.006055 0.658580 -0.026485 -0.077633 0.890315 0.447896
1783948151.679932356 0.170693 -0.006101 0.658604 -0.026509 -0.077636 0.890314 0.447896
1783948151.679932356 0.170693 -0.006101 0.658604 -0.026509 -0.077636 0.890314 0.447896
1783948151.689581156 0.172471 -0.006422 0.659156 -0.026772 -0.077538 0.890305 0.447916
1783948151.699542999 0.174171 -0.006800 0.659719 -0.027027 -0.077426 0.890290 0.447949
1783948151.709617615 0.175740 -0.007242 0.660284 -0.027260 -0.077278 0.890267 0.448006
1783948151.719855547 0.177181 -0.007761 0.660852 -0.027478 -0.077109 0.890241 0.448074
1783948151.729595184 0.178368 -0.008339 0.661388 -0.027679 -0.076971 0.890210 0.448146
1783948151.739567995 0.179444 -0.008995 0.661933 -0.027868 -0.076854 0.890191 0.448193
1783948151.749614239 0.180373 -0.009713 0.662479 -0.028057 -0.076758 0.890173 0.448232
1783948151.759524822 0.181129 -0.010471 0.663018 -0.028270 -0.076680 0.890161 0.448257
1783948151.769574404 0.181743 -0.011277 0.663565 -0.028493 -0.076600 0.890153 0.448273
1783948151.779550314 0.182184 -0.012122 0.664107 -0.028723 -0.076511 0.890138 0.448302
1783948151.780804873 0.182164 -0.012259 0.664176 -0.028797 -0.076523 0.890136 0.448301
1783948151.780804873 0.182164 -0.012259 0.664176 -0.028797 -0.076523 0.890136 0.448301
1783948151.790322065 0.183843 -0.012463 0.664679 -0.029002 -0.076429 0.890142 0.448292
1783948151.799550295 0.185313 -0.012714 0.665161 -0.029217 -0.076335 0.890140 0.448297
1783948151.809603930 0.186806 -0.013021 0.665680 -0.029408 -0.076198 0.890134 0.448321
1783948151.819524050 0.188106 -0.013397 0.666187 -0.029581 -0.076051 0.890121 0.448358
1783948151.829620123 0.189274 -0.013850 0.666697 -0.029735 -0.075919 0.890104 0.448404
1783948151.839563608 0.190260 -0.014365 0.667197 -0.029883 -0.075810 0.890091 0.448438
1783948151.852364540 0.191541 -0.014994 0.667838 -0.029883 -0.075594 0.890103 0.448453
1783948151.859593391 0.191902 -0.015495 0.668202 -0.030088 -0.075580 0.890103 0.448441
1783948151.869568110 0.192432 -0.016135 0.668704 -0.030243 -0.075487 0.890113 0.448425
1783948151.879601717 0.192792 -0.016811 0.669206 -0.030427 -0.075378 0.890118 0.448421
1783948151.881671906 0.192744 -0.017001 0.669310 -0.030546 -0.075392 0.890115 0.448419
1783948151.881671906 0.192744 -0.017001 0.669310 -0.030546 -0.075392 0.890115 0.448419
1783948151.889590263 0.193944 -0.017061 0.669714 -0.030754 -0.075357 0.890120 0.448400
1783948151.899589777 0.195418 -0.017126 0.670222 -0.030921 -0.075260 0.890133 0.448379
1783948151.909579992 0.196721 -0.017253 0.670724 -0.031084 -0.075172 0.890133 0.448381
1783948151.919594288 0.197868 -0.017451 0.671221 -0.031210 -0.075078 0.890130 0.448394
1783948151.929599047 0.198862 -0.017721 0.671715 -0.031299 -0.074994 0.890127 0.448409
1783948151.939560413 0.199703 -0.018048 0.672204 -0.031364 -0.074915 0.890131 0.448408
1783948151.949564934 0.200402 -0.018418 0.672695 -0.031416 -0.074845 0.890144 0.448392
1783948151.959537745 0.200940 -0.018817 0.673184 -0.031486 -0.074773 0.890161 0.448365
1783948151.969637871 0.201318 -0.019244 0.673676 -0.031590 -0.074693 0.890185 0.448323
1783948151.980789185 0.201582 -0.019722 0.674218 -0.031679 -0.074574 0.890206 0.448295
1783948151.984910488 0.201459 -0.019992 0.674411 -0.031869 -0.074593 0.890204 0.448283
1783948151.984910488 0.201459 -0.019992 0.674411 -0.031869 -0.074593 0.890204 0.448283
1783948151.989566565 0.202049 -0.019941 0.674615 -0.032053 -0.074627 0.890206 0.448260
1783948151.999593258 0.203522 -0.019710 0.675045 -0.032154 -0.074600 0.890234 0.448201
1783948152.009633303 0.204831 -0.019540 0.675469 -0.032240 -0.074577 0.890256 0.448155
1783948152.019658566 0.205982 -0.019437 0.675888 -0.032273 -0.074546 0.890270 0.448129
1783948152.029572487 0.206963 -0.019400 0.676300 -0.032284 -0.074515 0.890284 0.448108
1783948152.042380095 0.208237 -0.019316 0.676826 -0.032079 -0.074412 0.890326 0.448055
1783948152.049582005 0.208590 -0.019426 0.677124 -0.032184 -0.074440 0.890339 0.448018
1783948152.059570074 0.209111 -0.019518 0.677535 -0.032209 -0.074446 0.890373 0.447947
1783948152.069591522 0.209469 -0.019634 0.677946 -0.032229 -0.074444 0.890411 0.447871
1783948152.080556154 0.209725 -0.019761 0.678394 -0.032223 -0.074395 0.890447 0.447806
1783948152.083404303 0.209616 -0.019870 0.678512 -0.032362 -0.074418 0.890447 0.447794
1783948152.083404303 0.209616 -0.019870 0.678512 -0.032362 -0.074418 0.890447 0.447794
1783948152.089556217 0.210404 -0.019597 0.678748 -0.032532 -0.074459 0.890454 0.447761
1783948152.099559546 0.211802 -0.019072 0.679122 -0.032555 -0.074480 0.890474 0.447716
1783948152.109600782 0.213044 -0.018602 0.679492 -0.032558 -0.074504 0.890491 0.447676
1783948152.119653940 0.214127 -0.018195 0.679858 -0.032525 -0.074515 0.890505 0.447650
1783948152.129631281 0.215032 -0.017855 0.680215 -0.032472 -0.074520 0.890514 0.447636
1783948152.139580011 0.215763 -0.017573 0.680566 -0.032416 -0.074545 0.890525 0.447613
1783948152.149569273 0.216321 -0.017335 0.680913 -0.032385 -0.074597 0.890553 0.447552
1783948152.159592867 0.216701 -0.017134 0.681255 -0.032398 -0.074677 0.890577 0.447488
1783948152.169617653 0.216893 -0.016970 0.681593 -0.032426 -0.074771 0.890609 0.447408
1783948152.179571152 0.216896 -0.016850 0.681923 -0.032489 -0.074871 0.890628 0.447349
1783948152.184359312 0.216676 -0.016885 0.682086 -0.032671 -0.074943 0.890628 0.447323
1783948152.184359312 0.216676 -0.016885 0.682086 -0.032671 -0.074943 0.890628 0.447323
1783948152.189583778 0.217226 -0.016551 0.682243 -0.032841 -0.075037 0.890635 0.447280
1783948152.199623346 0.218483 -0.015797 0.682531 -0.032836 -0.075165 0.890672 0.447185
1783948152.209625244 0.219582 -0.015094 0.682815 -0.032805 -0.075267 0.890708 0.447100
1783948152.220157862 0.220609 -0.014396 0.683109 -0.032698 -0.075336 0.890743 0.447025
1783948152.229629993 0.221311 -0.013854 0.683373 -0.032648 -0.075401 0.890760 0.446984
1783948152.239618063 0.221915 -0.013323 0.683646 -0.032568 -0.075492 0.890788 0.446919
1783948152.252370834 0.222663 -0.012605 0.683977 -0.032259 -0.075619 0.890860 0.446778
1783948152.259581327 0.222695 -0.012347 0.684171 -0.032363 -0.075737 0.890878 0.446714
1783948152.269632816 0.222773 -0.011928 0.684432 -0.032354 -0.075866 0.890925 0.446598
1783948152.279604912 0.222666 -0.011552 0.684688 -0.032369 -0.076001 0.890965 0.446495
1783948152.285141468 0.222367 -0.011436 0.684835 -0.032535 -0.076090 0.890973 0.446452
1783948152.285141468 0.222367 -0.011436 0.684835 -0.032535 -0.076090 0.890973 0.446452
1783948152.290426493 0.222873 -0.010976 0.684975 -0.032693 -0.076185 0.890974 0.446421
1783948152.299625397 0.223883 -0.010111 0.685212 -0.032722 -0.076333 0.890991 0.446360
1783948152.309687376 0.224887 -0.009200 0.685465 -0.032677 -0.076482 0.891009 0.446303
1783948152.319655895 0.225714 -0.008363 0.685711 -0.032616 -0.076618 0.891019 0.446263
1783948152.329580784 0.226377 -0.007591 0.685953 -0.032530 -0.076739 0.891027 0.446232
1783948152.339629650 0.226901 -0.006859 0.686196 -0.032426 -0.076859 0.891043 0.446189
1783948152.349625111 0.227259 -0.006178 0.686437 -0.032320 -0.076994 0.891070 0.446118
1783948152.359582186 0.227447 -0.005539 0.686675 -0.032255 -0.077148 0.891095 0.446046
1783948152.369604111 0.227468 -0.004929 0.686915 -0.032185 -0.077300 0.891127 0.445961
1783948152.379666090 0.227306 -0.004360 0.687152 -0.032122 -0.077421 0.891155 0.445888
1783948152.386008263 0.226948 -0.004091 0.687300 -0.032266 -0.077571 0.891156 0.445850
1783948152.386008263 0.226948 -0.004091 0.687300 -0.032266 -0.077571 0.891156 0.445850
1783948152.391114712 0.227391 -0.003573 0.687401 -0.032415 -0.077694 0.891159 0.445812
1783948152.399675131 0.228248 -0.002650 0.687562 -0.032434 -0.077761 0.891191 0.445734
1783948152.409633875 0.229224 -0.001600 0.687761 -0.032364 -0.077844 0.891225 0.445658
1783948152.419629335 0.230035 -0.000620 0.687974 -0.032038 -0.077989 0.891269 0.445567
1783948152.429654360 0.230634 0.000290 0.688180 -0.031973 -0.078094 0.891282 0.445529
1783948152.439702511 0.231045 0.001140 0.688407 -0.031808 -0.078249 0.891318 0.445442
1783948152.449737787 0.231278 0.001937 0.688643 -0.031874 -0.078441 0.891362 0.445314
1783948152.459664583 0.231340 0.002692 0.688878 -0.031618 -0.078635 0.891395 0.445232
1783948152.469670773 0.231242 0.003423 0.689117 -0.031604 -0.078797 0.891464 0.445066
1783948152.479632139 0.230966 0.004100 0.689352 -0.031599 -0.078950 0.891475 0.445017
1783948152.486869574 0.230531 0.004512 0.689525 -0.031599 -0.079062 0.891515 0.444917
1783948152.486869574 0.230531 0.004512 0.689525 -0.031599 -0.079062 0.891515 0.444917
1783948152.489613771 0.230699 0.004791 0.689587 -0.031689 -0.079111 0.891520 0.444892
1783948152.499601841 0.231666 0.005937 0.689807 -0.031745 -0.079195 0.891511 0.444893
1783948152.514659166 0.233332 0.007721 0.690129 -0.031127 -0.079337 0.891583 0.444766
1783948152.519625902 0.233486 0.008154 0.690238 -0.031235 -0.079407 0.891570 0.444772
1783948152.529646873 0.233987 0.009092 0.690451 -0.031169 -0.079538 0.891574 0.444745
1783948152.540084124 0.234353 0.010010 0.690668 -0.031020 -0.079694 0.891582 0.444711
1783948152.549619675 0.234465 0.010780 0.690863 -0.030984 -0.079829 0.891595 0.444663
1783948152.559664011 0.234442 0.011558 0.691066 -0.030921 -0.079992 0.891618 0.444593
1783948152.569637775 0.234232 0.012279 0.691264 -0.030904 -0.080176 0.891639 0.444518
1783948152.579619169 0.233838 0.012952 0.691459 -0.030891 -0.080369 0.891662 0.444439
1783948152.587738276 0.233288 0.013426 0.691615 -0.030985 -0.080518 0.891666 0.444398
1783948152.587738276 0.233288 0.013426 0.691615 -0.030985 -0.080518 0.891666 0.444398
1783948152.589617729 0.233374 0.013610 0.691649 -0.031075 -0.080552 0.891663 0.444391
1783948152.600135803 0.234313 0.014795 0.691830 -0.030998 -0.080666 0.891697 0.444306
1783948152.609673262 0.234945 0.015783 0.691989 -0.030953 -0.080781 0.891707 0.444269
1783948152.621396303 0.235686 0.016974 0.692179 -0.030720 -0.080860 0.891735 0.444215
1783948152.629642487 0.235891 0.017693 0.692312 -0.030720 -0.080930 0.891732 0.444208
1783948152.639654398 0.236106 0.018551 0.692470 -0.030605 -0.081018 0.891749 0.444166
1783948152.649612188 0.236154 0.019347 0.692625 -0.030491 -0.081123 0.891774 0.444104
1783948152.659640074 0.236035 0.020094 0.692779 -0.030388 -0.081272 0.891805 0.444021
1783948152.669644833 0.235736 0.020785 0.692931 -0.030315 -0.081424 0.891832 0.443944
1783948152.679625750 0.235252 0.021424 0.693079 -0.030251 -0.081574 0.891855 0.443875
1783948152.688622952 0.234598 0.021936 0.693210 -0.030264 -0.081700 0.891874 0.443814
1783948152.688622952 0.234598 0.021936 0.693210 -0.030264 -0.081700 0.891874 0.443814
1783948152.690029144 0.234641 0.022065 0.693230 -0.030334 -0.081725 0.891871 0.443809
1783948152.699629784 0.235318 0.023082 0.693371 -0.030338 -0.081813 0.891888 0.443760
1783948152.709653854 0.235887 0.024092 0.693514 -0.030296 -0.081876 0.891904 0.443719
1783948152.720274687 0.236349 0.025100 0.693661 -0.030192 -0.081907 0.891917 0.443694
1783948152.729695320 0.236534 0.025900 0.693787 -0.030153 -0.081948 0.891919 0.443684
1783948152.739649534 0.236613 0.026692 0.693919 -0.030068 -0.081991 0.891932 0.443656
1783948152.749635220 0.236539 0.027425 0.694051 -0.029972 -0.082054 0.891955 0.443604
1783948152.759647369 0.236309 0.028104 0.694186 -0.029876 -0.082133 0.891987 0.443531
1783948152.769650459 0.235909 0.028729 0.694320 -0.029784 -0.082228 0.892016 0.443463
1783948152.779635668 0.235333 0.029300 0.694452 -0.029724 -0.082318 0.892041 0.443399
1783948152.789477587 0.234577 0.029809 0.694579 -0.029681 -0.082381 0.892067 0.443339
1783948152.789477587 0.234577 0.029809 0.694579 -0.029681 -0.082381 0.892067 0.443339
1783948152.791483402 0.234624 0.029983 0.694600 -0.029771 -0.082406 0.892065 0.443331
1783948152.799668789 0.235060 0.030784 0.694675 -0.029812 -0.082432 0.892082 0.443289
1783948152.809645414 0.235553 0.031742 0.694758 -0.029753 -0.082414 0.892111 0.443240
1783948152.819666147 0.235889 0.032633 0.694837 -0.029670 -0.082379 0.892131 0.443211
1783948152.829658270 0.236066 0.033444 0.694914 -0.029553 -0.082338 0.892147 0.443194
1783948152.839634657 0.236085 0.034176 0.694989 -0.029417 -0.082311 0.892175 0.443152
1783948152.849608183 0.235945 0.034837 0.695061 -0.029274 -0.082321 0.892211 0.443087
1783948152.862533808 0.235760 0.035695 0.695144 -0.028855 -0.082321 0.892286 0.442963
1783948152.871700048 0.235217 0.036166 0.695206 -0.028815 -0.082377 0.892319 0.442889
1783948152.879694939 0.234552 0.036521 0.695257 -0.028862 -0.082430 0.892337 0.442840
1783948152.889670134 0.233683 0.036965 0.695316 -0.028825 -0.082449 0.892372 0.442768
1783948152.890342474 0.233583 0.036980 0.695321 -0.028859 -0.082457 0.892371 0.442766
1783948152.890342474 0.233583 0.036980 0.695321 -0.028859 -0.082457 0.892371 0.442766
1783948152.899673223 0.233964 0.037804 0.695443 -0.028867 -0.082452 0.892393 0.442722
1783948152.909870863 0.234268 0.038648 0.695573 -0.028787 -0.082416 0.892417 0.442686
1783948152.919629812 0.234371 0.039359 0.695689 -0.028710 -0.082387 0.892428 0.442673
1783948152.929651260 0.234327 0.040003 0.695804 -0.028615 -0.082386 0.892435 0.442666
1783948152.939659834 0.234120 0.040567 0.695915 -0.028483 -0.082410 0.892452 0.442636
1783948152.949668407 0.233753 0.041069 0.696025 -0.028361 -0.082456 0.892482 0.442576
1783948152.959652662 0.233230 0.041527 0.696138 -0.028257 -0.082495 0.892513 0.442513
1783948152.969662666 0.232541 0.041950 0.696249 -0.028161 -0.082499 0.892545 0.442452
1783948152.981423616 0.231629 0.042434 0.696387 -0.027906 -0.082467 0.892591 0.442382
1783948152.989650011 0.230669 0.042668 0.696472 -0.027977 -0.082458 0.892610 0.442340
1783948152.991212845 0.230416 0.042688 0.696484 -0.028057 -0.082482 0.892608 0.442335
1783948152.991212845 0.230416 0.042688 0.696484 -0.028057 -0.082482 0.892608 0.442335
1783948152.999706030 0.230723 0.043375 0.696554 -0.028116 -0.082502 0.892628 0.442287
1783948153.009706497 0.231035 0.044140 0.696633 -0.028017 -0.082459 0.892656 0.442244
1783948153.019623280 0.231179 0.044816 0.696706 -0.027941 -0.082395 0.892676 0.442221
1783948153.029637098 0.231174 0.045422 0.696777 -0.027787 -0.082339 0.892695 0.442203
1783948153.039686441 0.231008 0.045966 0.696847 -0.027651 -0.082285 0.892721 0.442170
1783948153.049660683 0.230675 0.046448 0.696916 -0.027547 -0.082252 0.892752 0.442120
1783948153.059653282 0.230176 0.046881 0.696984 -0.027454 -0.082224 0.892797 0.442040
1783948153.070373535 0.229501 0.047304 0.697056 -0.027322 -0.082193 0.892844 0.441958
1783948153.079659939 0.228667 0.047581 0.697115 -0.027314 -0.082188 0.892877 0.441893
1783948153.089672327 0.227646 0.047832 0.697178 -0.027254 -0.082173 0.892915 0.441823
1783948153.092072725 0.227258 0.047839 0.697192 -0.027356 -0.082198 0.892914 0.441815
1783948153.092072725 0.227258 0.047839 0.697192 -0.027356 -0.082198 0.892914 0.441815
1783948153.099665403 0.227458 0.048365 0.697241 -0.027412 -0.082189 0.892918 0.441804
1783948153.110678196 0.227837 0.049140 0.697309 -0.027216 -0.082099 0.892927 0.441814
1783948153.119708776 0.227879 0.049660 0.697359 -0.027155 -0.082046 0.892926 0.441831
1783948153.129715919 0.227832 0.050189 0.697411 -0.027014 -0.081958 0.892926 0.441856
1783948153.139958620 0.227627 0.050664 0.697463 -0.026873 -0.081870 0.892933 0.441866
1783948153.149667501 0.227236 0.051036 0.697510 -0.026781 -0.081833 0.892946 0.441852
1783948153.159684420 0.226690 0.051367 0.697557 -0.026693 -0.081819 0.892964 0.441823
1783948153.170382738 0.225973 0.051673 0.697608 -0.026547 -0.081802 0.892991 0.441780
1783948153.179729939 0.225108 0.051856 0.697653 -0.026507 -0.081803 0.892998 0.441769
1783948153.189710140 0.224066 0.052013 0.697701 -0.026427 -0.081770 0.893018 0.441741
1783948153.192939758 0.223549 0.051998 0.697716 -0.026545 -0.081790 0.893013 0.441739
1783948153.192939758 0.223549 0.051998 0.697716 -0.026545 -0.081790 0.893013 0.441739
1783948153.203262806 0.223948 0.052695 0.697736 -0.026448 -0.081699 0.893046 0.441695
1783948153.209687471 0.223943 0.053026 0.697751 -0.026552 -0.081686 0.893051 0.441681
1783948153.219671965 0.224035 0.053562 0.697763 -0.026456 -0.081590 0.893070 0.441667
1783948153.229682922 0.223960 0.054012 0.697771 -0.026364 -0.081508 0.893082 0.441662
1783948153.239722490 0.223723 0.054384 0.697775 -0.026251 -0.081456 0.893103 0.441637
1783948153.249698400 0.223326 0.054686 0.697780 -0.026148 -0.081421 0.893136 0.441583
1783948153.262362003 0.222824 0.055077 0.697782 -0.025807 -0.081332 0.893201 0.441487
1783948153.269948006 0.222136 0.055174 0.697791 -0.025877 -0.081355 0.893221 0.441439
1783948153.279719114 0.221250 0.055309 0.697798 -0.025838 -0.081334 0.893252 0.441382
1783948153.289708376 0.220189 0.055401 0.697803 -0.025802 -0.081286 0.893287 0.441322
1783948153.295907259 0.219284 0.055368 0.697811 -0.025932 -0.081291 0.893295 0.441298
1783948153.295907259 0.219284 0.055368 0.697811 -0.025932 -0.081291 0.893295 0.441298
1783948153.299703836 0.219254 0.055533 0.697824 -0.026077 -0.081309 0.893292 0.441291
1783948153.309683323 0.219458 0.056058 0.697863 -0.026039 -0.081206 0.893302 0.441293
1783948153.319705248 0.219509 0.056504 0.697901 -0.025974 -0.081089 0.893313 0.441296
1783948153.329658508 0.219404 0.056863 0.697935 -0.025889 -0.080992 0.893315 0.441315
1783948153.339673042 0.219151 0.057151 0.697969 -0.025783 -0.080893 0.893325 0.441319
1783948153.349779367 0.218746 0.057379 0.698004 -0.025678 -0.080814 0.893348 0.441292
1783948153.361646891 0.218197 0.057625 0.698047 -0.025436 -0.080696 0.893391 0.441241
1783948153.369694233 0.217491 0.057676 0.698073 -0.025495 -0.080691 0.893406 0.441207
1783948153.379703760 0.216583 0.057737 0.698104 -0.025462 -0.080646 0.893432 0.441166
1783948153.391401291 0.215434 0.057782 0.698142 -0.025311 -0.080525 0.893470 0.441120
1783948153.395314932 0.214804 0.057707 0.698153 -0.025452 -0.080546 0.893468 0.441112
1783948153.395314932 0.214804 0.057707 0.698153 -0.025452 -0.080546 0.893468 0.441112
1783948153.399655342 0.214788 0.057872 0.698159 -0.025598 -0.080561 0.893470 0.441096
1783948153.409651995 0.215021 0.058340 0.698171 -0.025538 -0.080422 0.893502 0.441061
1783948153.419665575 0.215106 0.058731 0.698181 -0.025440 -0.080267 0.893529 0.441040
1783948153.431990862 0.215187 0.059169 0.698189 -0.025112 -0.080026 0.893568 0.441022
1783948153.439712524 0.214873 0.059292 0.698191 -0.025142 -0.079979 0.893580 0.441006
1783948153.449670792 0.214471 0.059447 0.698191 -0.025047 -0.079893 0.893618 0.440950
1783948153.459643364 0.213907 0.059545 0.698191 -0.024996 -0.079837 0.893656 0.440885
1783948153.470379353 0.213170 0.059614 0.698192 -0.024897 -0.079756 0.893706 0.440805
1783948153.479663134 0.212289 0.059594 0.698195 -0.024908 -0.079704 0.893738 0.440748
1783948153.489732265 0.211224 0.059541 0.698199 -0.024881 -0.079610 0.893778 0.440686
1783948153.495542049 0.210366 0.059420 0.698201 -0.025028 -0.079605 0.893785 0.440665
1783948153.495542049 0.210366 0.059420 0.698201 -0.025028 -0.079605 0.893785 0.440665
1783948153.502366543 0.210468 0.059682 0.698211 -0.025150 -0.079587 0.893784 0.440663
1783948153.509650707 0.210522 0.059933 0.698221 -0.025235 -0.079555 0.893783 0.440666
1783948153.519726038 0.210656 0.060282 0.698233 -0.025134 -0.079437 0.893784 0.440690
1783948153.529722691 0.210628 0.060543 0.698243 -0.025027 -0.079323 0.893781 0.440724
1783948153.540880203 0.210506 0.060785 0.698254 -0.024807 -0.079167 0.893791 0.440743
1783948153.549646378 0.210127 0.060864 0.698261 -0.024774 -0.079116 0.893799 0.440739
1783948153.559628963 0.209630 0.060938 0.698270 -0.024694 -0.079052 0.893817 0.440719
1783948153.569649458 0.208967 0.060962 0.698280 -0.024639 -0.079003 0.893839 0.440684
1783948153.581227064 0.208112 0.060970 0.698294 -0.024475 -0.078899 0.893865 0.440661
1783948153.589670181 0.207158 0.060856 0.698302 -0.024542 -0.078880 0.893874 0.440641
1783948153.596408129 0.206231 0.060704 0.698306 -0.024663 -0.078877 0.893874 0.440636
1783948153.596408129 0.206231 0.060704 0.698306 -0.024663 -0.078877 0.893874 0.440636
1783948153.599649191 0.206213 0.060794 0.698314 -0.024808 -0.078912 0.893870 0.440630
1783948153.610558033 0.206579 0.061264 0.698345 -0.024800 -0.078857 0.893879 0.440622
1783948153.619641781 0.206644 0.061549 0.698368 -0.024853 -0.078821 0.893880 0.440623
1783948153.629712343 0.206640 0.061823 0.698394 -0.024840 -0.078748 0.893877 0.440642
1783948153.639716148 0.206483 0.062026 0.698418 -0.024827 -0.078693 0.893882 0.440642
1783948153.650151014 0.206193 0.062184 0.698443 -0.024787 -0.078641 0.893899 0.440619
1783948153.659640551 0.205729 0.062253 0.698466 -0.024804 -0.078633 0.893917 0.440584
1783948153.675421715 0.205283 0.062521 0.698516 -0.024276 -0.078427 0.893988 0.440507
1783948153.679645777 0.204776 0.062441 0.698525 -0.024434 -0.078467 0.893986 0.440494
1783948153.689687014 0.203823 0.062359 0.698550 -0.024483 -0.078456 0.894008 0.440449
1783948153.697314978 0.202863 0.062204 0.698567 -0.024624 -0.078474 0.894014 0.440425
1783948153.697314978 0.202863 0.062204 0.698567 -0.024624 -0.078474 0.894014 0.440425
1783948153.699649096 0.202865 0.062273 0.698576 -0.024732 -0.078502 0.894009 0.440424
1783948153.709674358 0.203274 0.062732 0.698616 -0.024716 -0.078483 0.893993 0.440461
1783948153.719707966 0.203530 0.063123 0.698651 -0.024679 -0.078447 0.893972 0.440512
1783948153.732376575 0.203860 0.063609 0.698693 -0.024400 -0.078307 0.893942 0.440614
1783948153.739717722 0.203680 0.063733 0.698716 -0.024483 -0.078302 0.893924 0.440647
1783948153.749763727 0.203484 0.063920 0.698746 -0.024420 -0.078273 0.893912 0.440679
1783948153.760391712 0.203151 0.064068 0.698778 -0.024326 -0.078262 0.893911 0.440688
1783948153.769741297 0.202629 0.064114 0.698806 -0.024329 -0.078289 0.893909 0.440687
1783948153.779722452 0.201951 0.064130 0.698838 -0.024333 -0.078316 0.893902 0.440697
1783948153.791920662 0.201078 0.064158 0.698877 -0.024169 -0.078278 0.893898 0.440722
1783948153.798202991 0.200283 0.064041 0.698898 -0.024322 -0.078303 0.893889 0.440727
1783948153.798202991 0.200283 0.064041 0.698898 -0.024322 -0.078303 0.893889 0.440727
1783948153.799833059 0.200288 0.064095 0.698911 -0.024406 -0.078324 0.893886 0.440723
1783948153.809685230 0.200742 0.064586 0.698996 -0.024431 -0.078315 0.893891 0.440715
1783948153.819760561 0.201072 0.065014 0.699079 -0.024395 -0.078277 0.893889 0.440726
1783948153.829685926 0.201238 0.065348 0.699157 -0.024354 -0.078256 0.893887 0.440736
1783948153.839719772 0.201262 0.065610 0.699234 -0.024294 -0.078253 0.893889 0.440736
1783948153.849662542 0.201128 0.065804 0.699310 -0.024249 -0.078295 0.893900 0.440709
1783948153.859688282 0.200848 0.065957 0.699388 -0.024210 -0.078331 0.893919 0.440667
1783948153.869720459 0.200410 0.066071 0.699467 -0.024203 -0.078354 0.893942 0.440616
1783948153.882390738 0.199845 0.066241 0.699572 -0.024011 -0.078315 0.893972 0.440574
1783948153.889711380 0.199140 0.066197 0.699627 -0.024146 -0.078339 0.893979 0.440547
1783948153.899017096 0.198234 0.066138 0.699698 -0.024200 -0.078345 0.893989 0.440523
1783948153.899017096 0.198234 0.066138 0.699698 -0.024200 -0.078345 0.893989 0.440523
1783948153.899665356 0.198241 0.066161 0.699704 -0.024232 -0.078353 0.893987 0.440523
1783948153.909747601 0.198795 0.066685 0.699808 -0.024218 -0.078364 0.893982 0.440533
1783948153.919662237 0.199175 0.067118 0.699906 -0.024185 -0.078380 0.893972 0.440552
1783948153.929754972 0.199417 0.067486 0.700004 -0.024132 -0.078385 0.893957 0.440584
1783948153.939768791 0.199498 0.067783 0.700100 -0.024092 -0.078405 0.893947 0.440604
1783948153.949773073 0.199427 0.068024 0.700195 -0.024060 -0.078423 0.893949 0.440597
1783948153.962445498 0.199342 0.068346 0.700323 -0.023829 -0.078427 0.893968 0.440570
1783948153.969673157 0.198924 0.068391 0.700391 -0.023957 -0.078490 0.893971 0.440547
1783948153.979685545 0.198390 0.068478 0.700488 -0.023948 -0.078535 0.893979 0.440523
1783948153.989804983 0.197692 0.068510 0.700584 -0.023951 -0.078578 0.893986 0.440500
1783948153.999693155 0.196831 0.068471 0.700677 -0.023952 -0.078606 0.893990 0.440488
1783948153.999878645 0.196808 0.068468 0.700678 -0.023957 -0.078607 0.893990 0.440488
1783948153.999878645 0.196808 0.068468 0.700678 -0.023957 -0.078607 0.893990 0.440488
1783948154.009668112 0.197390 0.068963 0.700790 -0.023979 -0.078646 0.893983 0.440492
1783948154.019703388 0.197848 0.069401 0.700901 -0.023977 -0.078681 0.893972 0.440508
1783948154.029752254 0.198153 0.069761 0.701008 -0.023959 -0.078711 0.893951 0.440548
1783948154.039751053 0.198303 0.070044 0.701111 -0.023932 -0.078757 0.893941 0.440562
1783948154.049765348 0.198302 0.070264 0.701213 -0.023905 -0.078809 0.893941 0.440553
1783948154.059697390 0.198144 0.070422 0.701314 -0.023908 -0.078894 0.893948 0.440524
1783948154.074442625 0.198072 0.070732 0.701472 -0.023513 -0.078950 0.893975 0.440481
1783948154.079817057 0.197632 0.070691 0.701523 -0.023681 -0.079035 0.893968 0.440470
1783948154.089730024 0.196984 0.070687 0.701623 -0.023735 -0.079128 0.893974 0.440438
1783948154.099718809 0.196180 0.070630 0.701723 -0.023783 -0.079192 0.893977 0.440417
1783948154.100747108 0.196034 0.070600 0.701732 -0.023836 -0.079204 0.893975 0.440418
1783948154.100747108 0.196034 0.070600 0.701732 -0.023836 -0.079204 0.893975 0.440418
1783948154.109737873 0.196604 0.071013 0.701836 -0.023922 -0.079244 0.893965 0.440426
1783948154.119800329 0.197178 0.071433 0.701951 -0.023902 -0.079248 0.893952 0.440452
1783948154.129780054 0.197593 0.071768 0.702063 -0.023881 -0.079259 0.893933 0.440490
1783948154.139718056 0.197854 0.072029 0.702172 -0.023861 -0.079282 0.893921 0.440512
1783948154.149700403 0.197969 0.072227 0.702280 -0.023843 -0.079313 0.893923 0.440503
1783948154.159769058 0.197933 0.072369 0.702389 -0.023859 -0.079393 0.893923 0.440487
1783948154.171405315 0.197805 0.072501 0.702516 -0.023762 -0.079481 0.893932 0.440458
1783948154.179708481 0.197396 0.072479 0.702603 -0.023885 -0.079579 0.893932 0.440435
1783948154.189734459 0.196861 0.072439 0.702709 -0.023920 -0.079662 0.893934 0.440413
1783948154.202641487 0.196171 0.072385 0.702846 -0.023749 -0.079702 0.893941 0.440401
1783948154.202641487 0.196171 0.072385 0.702846 -0.023749 -0.079702 0.893941 0.440401
1783948154.204416752 0.196221 0.072429 0.702870 -0.023834 -0.079727 0.893937 0.440400
1783948154.209684849 0.196436 0.072580 0.702949 -0.023971 -0.079769 0.893927 0.440406
1783948154.219766140 0.197011 0.072917 0.703128 -0.023897 -0.079757 0.893915 0.440435
1783948154.229712009 0.197418 0.073173 0.703301 -0.023832 -0.079729 0.893893 0.440489
1783948154.239716053 0.197681 0.073357 0.703474 -0.023741 -0.079709 0.893880 0.440524
1783948154.249716997 0.197793 0.073469 0.703644 -0.023658 -0.079732 0.893876 0.440533
1783948154.259723663 0.197754 0.073518 0.703814 -0.023589 -0.079779 0.893881 0.440518
1783948154.270096302 0.197570 0.073517 0.703991 -0.023497 -0.079841 0.893889 0.440494
1783948154.279778242 0.197203 0.073453 0.704152 -0.023481 -0.079889 0.893888 0.440488
1783948154.289737940 0.196683 0.073346 0.704319 -0.023454 -0.079923 0.893892 0.440476
1783948154.299713135 0.195999 0.073188 0.704486 -0.023430 -0.079917 0.893890 0.440484
1783948154.302512646 0.195665 0.073091 0.704522 -0.023544 -0.079937 0.893883 0.440487
1783948154.302512646 0.195665 0.073091 0.704522 -0.023544 -0.079937 0.893883 0.440487
1783948154.309761524 0.196163 0.073326 0.704613 -0.023683 -0.079960 0.893875 0.440491
1783948154.319733381 0.196896 0.073648 0.704734 -0.023708 -0.079944 0.893867 0.440510
1783948154.330205202 0.197529 0.073905 0.704857 -0.023687 -0.079941 0.893852 0.440541
1783948154.339715004 0.197890 0.074033 0.704964 -0.023720 -0.079989 0.893841 0.440553
1783948154.349718571 0.198153 0.074108 0.705073 -0.023718 -0.080062 0.893839 0.440545
1783948154.362400770 0.198490 0.074202 0.705209 -0.023553 -0.080131 0.893850 0.440519
1783948154.369713306 0.198302 0.074120 0.705287 -0.023701 -0.080221 0.893849 0.440496
1783948154.379768372 0.198084 0.074035 0.705391 -0.023769 -0.080312 0.893851 0.440471
1783948154.391419172 0.197753 0.073919 0.705508 -0.023770 -0.080376 0.893856 0.440449
1783948154.399779320 0.197201 0.073722 0.705594 -0.023916 -0.080421 0.893854 0.440438
1783948154.403347969 0.196820 0.073583 0.705630 -0.024062 -0.080449 0.893844 0.440445
1783948154.403347969 0.196820 0.073583 0.705630 -0.024062 -0.080449 0.893844 0.440445
1783948154.409766197 0.197270 0.073728 0.705704 -0.024224 -0.080476 0.893826 0.440468
1783948154.419758797 0.198092 0.073972 0.705818 -0.024220 -0.080451 0.893804 0.440517
1783948154.429707527 0.198753 0.074128 0.705928 -0.024220 -0.080449 0.893774 0.440579
1783948154.439736366 0.199268 0.074209 0.706037 -0.024215 -0.080465 0.893751 0.440623
1783948154.449809790 0.199634 0.074227 0.706146 -0.024211 -0.080502 0.893738 0.440643
1783948154.459790707 0.199835 0.074190 0.706253 -0.024243 -0.080552 0.893728 0.440652
1783948154.469763756 0.199873 0.074097 0.706357 -0.024271 -0.080613 0.893723 0.440650
1783948154.479798555 0.199744 0.073947 0.706450 -0.024329 -0.080678 0.893713 0.440655
1783948154.492486238 0.199564 0.073742 0.706552 -0.024305 -0.080704 0.893701 0.440675
1783948154.499727011 0.199067 0.073475 0.706608 -0.024441 -0.080775 0.893685 0.440687
1783948154.504233360 0.198631 0.073262 0.706642 -0.024631 -0.080822 0.893671 0.440697
1783948154.504233360 0.198631 0.073262 0.706642 -0.024631 -0.080822 0.893671 0.440697
1783948154.509739161 0.198983 0.073304 0.706690 -0.024838 -0.080866 0.893649 0.440720
1783948154.519776583 0.199803 0.073423 0.706781 -0.024858 -0.080867 0.893609 0.440801
1783948154.529732704 0.200463 0.073467 0.706870 -0.024896 -0.080857 0.893569 0.440882
1783948154.539702654 0.200979 0.073445 0.706958 -0.024914 -0.080853 0.893526 0.440968
1783948154.549718142 0.201352 0.073362 0.707045 -0.024933 -0.080877 0.893504 0.441009
1783948154.559719801 0.201573 0.073229 0.707131 -0.024990 -0.080903 0.893476 0.441056
1783948154.569747925 0.201637 0.073041 0.707215 -0.025043 -0.080927 0.893457 0.441087
1783948154.579755545 0.201527 0.072790 0.707294 -0.025126 -0.080953 0.893429 0.441136
1783948154.594464064 0.201493 0.072453 0.707406 -0.024877 -0.080903 0.893403 0.441211
1783948154.599738836 0.201064 0.072178 0.707440 -0.025069 -0.080961 0.893384 0.441227
1783948154.605077982 0.200585 0.071879 0.707473 -0.025247 -0.081006 0.893366 0.441246
1783948154.605077982 0.200585 0.071879 0.707473 -0.025247 -0.081006 0.893366 0.441246
1783948154.609753847 0.200865 0.071867 0.707486 -0.025417 -0.081038 0.893353 0.441256
1783948154.619802475 0.201701 0.071918 0.707501 -0.025452 -0.080985 0.893330 0.441311
1783948154.634424210 0.203083 0.072025 0.707508 -0.025086 -0.080762 0.893304 0.441426
1783948154.639753103 0.203185 0.071904 0.707520 -0.025222 -0.080784 0.893290 0.441442
1783948154.649758339 0.203555 0.071743 0.707531 -0.025255 -0.080754 0.893277 0.441471
1783948154.659755707 0.203768 0.071513 0.707542 -0.025338 -0.080769 0.893278 0.441463
1783948154.669738770 0.203818 0.071225 0.707549 -0.025363 -0.080813 0.893268 0.441473
1783948154.679731131 0.203714 0.070891 0.707556 -0.025477 -0.080810 0.893263 0.441477
1783948154.689732313 0.203457 0.070500 0.707567 -0.025485 -0.080784 0.893250 0.441508
1783948154.700162172 0.203036 0.070037 0.707574 -0.025533 -0.080715 0.893241 0.441537
1783948154.705950260 0.202545 0.069681 0.707581 -0.025695 -0.080739 0.893223 0.441559
1783948154.705950260 0.202545 0.069681 0.707581 -0.025695 -0.080739 0.893223 0.441559
1783948154.709788322 0.202751 0.069635 0.707589 -0.025838 -0.080763 0.893208 0.441576
1783948154.719753981 0.203556 0.069605 0.707607 -0.025857 -0.080675 0.893181 0.441645
1783948154.729741812 0.204201 0.069497 0.707621 -0.025886 -0.080602 0.893143 0.441733
1783948154.739773273 0.204699 0.069316 0.707634 -0.025880 -0.080544 0.893119 0.441793
1783948154.753783703 0.205511 0.069096 0.707653 -0.025540 -0.080359 0.893106 0.441872
1783948154.759797812 0.205463 0.068854 0.707661 -0.025679 -0.080383 0.893098 0.441878
1783948154.769738913 0.205505 0.068503 0.707672 -0.025690 -0.080345 0.893090 0.441898
1783948154.779757738 0.205380 0.068096 0.707678 -0.025721 -0.080314 0.893074 0.441935
1783948154.789749146 0.205075 0.067629 0.707679 -0.025776 -0.080270 0.893060 0.441969
1783948154.799757004 0.204592 0.067096 0.707675 -0.025834 -0.080211 0.893040 0.442016
1783948154.806817770 0.204013 0.066626 0.707671 -0.025987 -0.080206 0.893019 0.442050
1783948154.806817770 0.204013 0.066626 0.707671 -0.025987 -0.080206 0.893019 0.442050
1783948154.809733868 0.204140 0.066571 0.707658 -0.026115 -0.080225 0.893010 0.442058
1783948154.819757938 0.204932 0.066512 0.707595 -0.026103 -0.080117 0.892987 0.442124
1783948154.829778910 0.205571 0.066365 0.707531 -0.026119 -0.080042 0.892960 0.442191
1783948154.839752436 0.206046 0.066139 0.707465 -0.026022 -0.080005 0.892942 0.442240
1783948154.849762678 0.206365 0.065853 0.707395 -0.026021 -0.079954 0.892932 0.442269
1783948154.859802961 0.206523 0.065510 0.707328 -0.025988 -0.079945 0.892925 0.442288
1783948154.869756222 0.206509 0.065123 0.707272 -0.026066 -0.079941 0.892921 0.442292
1783948154.879795313 0.206331 0.064688 0.707226 -0.026079 -0.079911 0.892913 0.442312
1783948154.890956163 0.206004 0.064159 0.707178 -0.026077 -0.079789 0.892901 0.442360
1783948154.899777651 0.205454 0.063617 0.707144 -0.026125 -0.079794 0.892885 0.442388
1783948154.907711983 0.204799 0.063061 0.707112 -0.026249 -0.079777 0.892871 0.442412
1783948154.907711983 0.204799 0.063061 0.707112 -0.026249 -0.079777 0.892871 0.442412
1783948154.909742594 0.204857 0.063004 0.707104 -0.026352 -0.079797 0.892865 0.442413
1783948154.919795752 0.205532 0.062878 0.707039 -0.026380 -0.079739 0.892839 0.442474
1783948154.929827690 0.206060 0.062685 0.706976 -0.026324 -0.079659 0.892827 0.442518
1783948154.939843178 0.206436 0.062433 0.706911 -0.026349 -0.079580 0.892805 0.442575
1783948154.952363014 0.206886 0.062120 0.706820 -0.026116 -0.079459 0.892821 0.442578
1783948154.959759951 0.206802 0.061801 0.706776 -0.026246 -0.079468 0.892812 0.442586
1783948154.969755173 0.206712 0.061391 0.706710 -0.026295 -0.079424 0.892816 0.442583
1783948154.985442638 0.206799 0.060859 0.706581 -0.025777 -0.079161 0.892835 0.442623
1783948154.989780664 0.206446 0.060564 0.706559 -0.025940 -0.079185 0.892829 0.442620
1783948154.999809027 0.205854 0.059974 0.706490 -0.025963 -0.079125 0.892823 0.442643
1783948155.008547783 0.205123 0.059371 0.706431 -0.026057 -0.079079 0.892810 0.442672
1783948155.008547783 0.205123 0.059371 0.706431 -0.026057 -0.079079 0.892810 0.442672
1783948155.011506557 0.205215 0.059298 0.706423 -0.026181 -0.079097 0.892804 0.442673
1783948155.019838810 0.205685 0.059166 0.706394 -0.026226 -0.079059 0.892798 0.442689
1783948155.029841185 0.206211 0.058981 0.706356 -0.026163 -0.078978 0.892796 0.442711
1783948155.039899349 0.206583 0.058726 0.706315 -0.026116 -0.078909 0.892803 0.442713
1783948155.049831390 0.206789 0.058413 0.706274 -0.026075 -0.078880 0.892816 0.442693
1783948155.060102701 0.206872 0.058048 0.706232 -0.026034 -0.078835 0.892835 0.442667
1783948155.069766760 0.206765 0.057644 0.706193 -0.026021 -0.078816 0.892855 0.442629
1783948155.079818726 0.206518 0.057184 0.706149 -0.026008 -0.078761 0.892871 0.442608
1783948155.089842319 0.206096 0.056668 0.706102 -0.026004 -0.078709 0.892887 0.442585
1783948155.099944592 0.205498 0.056082 0.706050 -0.025994 -0.078643 0.892900 0.442572
1783948155.109479427 0.204734 0.055447 0.705998 -0.026016 -0.078588 0.892904 0.442571
1783948155.109479427 0.204734 0.055447 0.705998 -0.026016 -0.078588 0.892904 0.442571
1783948155.109790325 0.204744 0.055440 0.705996 -0.026029 -0.078590 0.892903 0.442572
1783948155.119815826 0.205389 0.055333 0.705920 -0.026023 -0.078523 0.892891 0.442608
1783948155.133375883 0.206322 0.055189 0.705807 -0.025715 -0.078334 0.892880 0.442683
1783948155.139789343 0.206377 0.054963 0.705760 -0.025837 -0.078347 0.892868 0.442697
1783948155.149758577 0.206564 0.054654 0.705681 -0.025813 -0.078321 0.892870 0.442699
1783948155.159759521 0.206608 0.054297 0.705603 -0.025810 -0.078287 0.892873 0.442700
1783948155.169800282 0.206504 0.053897 0.705525 -0.025811 -0.078257 0.892884 0.442682
1783948155.179815769 0.206236 0.053450 0.705448 -0.025815 -0.078209 0.892887 0.442684
1783948155.194391489 0.205960 0.052873 0.705321 -0.025441 -0.077978 0.892917 0.442687
1783948155.199794531 0.205447 0.052504 0.705279 -0.025612 -0.077991 0.892908 0.442692
1783948155.209758997 0.204651 0.051883 0.705192 -0.025645 -0.077911 0.892903 0.442714
1783948155.210284948 0.204579 0.051838 0.705188 -0.025670 -0.077915 0.892902 0.442716
1783948155.210284948 0.204579 0.051838 0.705188 -0.025670 -0.077915 0.892902 0.442716
1783948155.219816923 0.205249 0.051766 0.705140 -0.025669 -0.077834 0.892894 0.442745
1783948155.229793310 0.205840 0.051628 0.705089 -0.025613 -0.077742 0.892886 0.442781
1783948155.239815235 0.206294 0.051424 0.705038 -0.025538 -0.077650 0.892883 0.442807
1783948155.249778032 0.206598 0.051160 0.704988 -0.025463 -0.077580 0.892894 0.442802
1783948155.259820461 0.206754 0.050847 0.704937 -0.025395 -0.077531 0.892907 0.442788
1783948155.269802570 0.206737 0.050486 0.704885 -0.025376 -0.077495 0.892926 0.442756
1783948155.279806852 0.206549 0.050073 0.704829 -0.025374 -0.077463 0.892935 0.442745
1783948155.289788246 0.206190 0.049608 0.704771 -0.025385 -0.077418 0.892942 0.442737
1783948155.299859762 0.205668 0.049083 0.704711 -0.025382 -0.077350 0.892951 0.442733
1783948155.309835434 0.204984 0.048500 0.704653 -0.025366 -0.077256 0.892950 0.442750
1783948155.311158180 0.204809 0.048390 0.704644 -0.025427 -0.077263 0.892946 0.442754
1783948155.311158180 0.204809 0.048390 0.704644 -0.025427 -0.077263 0.892946 0.442754
1783948155.320401669 0.205531 0.048359 0.704608 -0.025419 -0.077180 0.892924 0.442813
1783948155.329842091 0.206143 0.048263 0.704569 -0.025393 -0.077109 0.892895 0.442886
1783948155.339838743 0.206678 0.048106 0.704525 -0.025330 -0.077045 0.892875 0.442940
1783948155.350412130 0.207122 0.047892 0.704478 -0.025221 -0.077003 0.892866 0.442972
1783948155.359830379 0.207301 0.047630 0.704436 -0.025218 -0.076997 0.892862 0.442982
1783948155.369752645 0.207374 0.047331 0.704393 -0.025202 -0.076966 0.892853 0.443006
1783948155.379803181 0.207294 0.046984 0.704347 -0.025201 -0.076925 0.892846 0.443028
1783948155.389788628 0.207046 0.046582 0.704298 -0.025219 -0.076885 0.892837 0.443052
1783948155.399847269 0.206640 0.046118 0.704247 -0.025217 -0.076824 0.892830 0.443077
1783948155.409867525 0.206076 0.045589 0.704197 -0.025178 -0.076747 0.892810 0.443132
1783948155.412048817 0.205818 0.045420 0.704185 -0.025269 -0.076758 0.892802 0.443141
1783948155.412048817 0.205818 0.045420 0.704185 -0.025269 -0.076758 0.892802 0.443141
1783948155.422450304 0.206789 0.045450 0.704153 -0.025222 -0.076689 0.892779 0.443203
1783948155.429809809 0.207222 0.045362 0.704126 -0.025312 -0.076691 0.892754 0.443248
1783948155.439836740 0.207859 0.045256 0.704089 -0.025277 -0.076670 0.892731 0.443299
1783948155.449809551 0.208334 0.045095 0.704051 -0.025274 -0.076664 0.892722 0.443319
1783948155.459872484 0.208665 0.044887 0.704012 -0.025273 -0.076672 0.892718 0.443326
1783948155.469939947 0.208837 0.044632 0.703971 -0.025286 -0.076687 0.892712 0.443335
1783948155.479773283 0.208834 0.044328 0.703929 -0.025333 -0.076698 0.892702 0.443349
1783948155.491128206 0.208758 0.043960 0.703882 -0.025274 -0.076680 0.892697 0.443366
1783948155.499822140 0.208403 0.043566 0.703843 -0.025358 -0.076679 0.892684 0.443387
1783948155.510155916 0.207937 0.043084 0.703797 -0.025340 -0.076629 0.892671 0.443423
1783948155.512882710 0.207646 0.042890 0.703783 -0.025452 -0.076648 0.892661 0.443434
1783948155.512882710 0.207646 0.042890 0.703783 -0.025452 -0.076648 0.892661 0.443434
1783948155.520854235 0.208223 0.042866 0.703803 -0.025523 -0.076614 0.892637 0.443483
1783948155.529837847 0.208801 0.042805 0.703827 -0.025538 -0.076558 0.892606 0.443555
1783948155.539873600 0.209356 0.042700 0.703859 -0.025504 -0.076498 0.892579 0.443622
1783948155.553544998 0.210146 0.042582 0.703932 -0.025166 -0.076343 0.892569 0.443687
1783948155.559809446 0.210155 0.042397 0.703938 -0.025276 -0.076366 0.892560 0.443696
1783948155.569816351 0.210253 0.042143 0.703971 -0.025278 -0.076330 0.892558 0.443706
1783948155.581411123 0.210264 0.041821 0.704014 -0.025165 -0.076272 0.892544 0.443750
1783948155.589793205 0.209978 0.041478 0.704025 -0.025267 -0.076297 0.892537 0.443755
1783948155.599821091 0.209570 0.041048 0.704046 -0.025299 -0.076276 0.892517 0.443797
1783948155.609803200 0.208998 0.040559 0.704065 -0.025268 -0.076229 0.892501 0.443838
1783948155.614645481 0.208522 0.040246 0.704059 -0.025420 -0.076239 0.892483 0.443864
1783948155.614645481 0.208522 0.040246 0.704059 -0.025420 -0.076239 0.892483 0.443864
1783948155.619790077 0.208863 0.040237 0.704051 -0.025584 -0.076255 0.892466 0.443886
1783948155.629805088 0.209729 0.040295 0.704038 -0.025570 -0.076193 0.892441 0.443949
1783948155.639772415 0.210434 0.040284 0.704030 -0.025569 -0.076133 0.892427 0.443986
1783948155.654829025 0.211719 0.040360 0.704045 -0.025292 -0.075987 0.892418 0.444045
1783948155.659806728 0.211744 0.040231 0.704051 -0.025370 -0.076033 0.892414 0.444042
1783948155.669799805 0.211983 0.040059 0.704087 -0.025508 -0.076024 0.892406 0.444051
1783948155.680654049 0.212126 0.039875 0.704129 -0.025482 -0.076094 0.892395 0.444063
1783948155.689837456 0.211993 0.039652 0.704151 -0.025488 -0.076017 0.892400 0.444065
1783948155.699857712 0.211696 0.039327 0.704139 -0.025505 -0.076090 0.892349 0.444155
1783948155.709873915 0.211238 0.038946 0.704120 -0.025617 -0.076135 0.892365 0.444107
1783948155.715355158 0.210776 0.038668 0.704122 -0.025809 -0.076103 0.892339 0.444154
1783948155.715355158 0.210776 0.038668 0.704122 -0.025809 -0.076103 0.892339 0.444154
1783948155.719846249 0.211067 0.038694 0.704130 -0.025984 -0.076086 0.892318 0.444189
1783948155.729830027 0.211967 0.038858 0.704161 -0.025889 -0.076061 0.892292 0.444251
1783948155.739844322 0.212701 0.038942 0.704197 -0.025940 -0.076229 0.892313 0.444178
1783948155.749881268 0.213308 0.038937 0.704237 -0.025900 -0.076293 0.892274 0.444248
1783948155.759775639 0.213787 0.038904 0.704277 -0.025915 -0.076252 0.892293 0.444215
1783948155.769789457 0.214141 0.038853 0.704316 -0.025828 -0.076297 0.892287 0.444225
1783948155.779784203 0.214348 0.038764 0.704364 -0.025813 -0.076263 0.892295 0.444216
1783948155.789843798 0.214384 0.038638 0.704409 -0.025851 -0.076253 0.892299 0.444206
1783948155.799846411 0.214236 0.038461 0.704457 -0.025866 -0.076259 0.892284 0.444235
1783948155.809867859 0.213925 0.038233 0.704508 -0.025964 -0.076224 0.892291 0.444220
1783948155.815489531 0.213523 0.038016 0.704532 -0.026113 -0.076207 0.892262 0.444274
1783948155.815489531 0.213523 0.038016 0.704532 -0.026113 -0.076207 0.892262 0.444274
1783948155.819850445 0.213853 0.038094 0.704554 -0.026259 -0.076201 0.892236 0.444318
1783948155.829824924 0.214891 0.038367 0.704608 -0.026146 -0.076069 0.892246 0.444328
1783948155.842433453 0.216232 0.038688 0.704674 -0.025806 -0.075907 0.892197 0.444474
1783948155.849817038 0.216651 0.038717 0.704707 -0.025810 -0.075905 0.892207 0.444453
1783948155.859854698 0.217237 0.038784 0.704748 -0.025727 -0.075902 0.892189 0.444494
1783948155.870684862 0.217709 0.038840 0.704784 -0.025658 -0.075868 0.892206 0.444471
1783948155.879878044 0.217831 0.038812 0.704809 -0.025755 -0.075866 0.892192 0.444494
1783948155.889903545 0.217839 0.038756 0.704832 -0.025857 -0.075843 0.892185 0.444506
1783948155.901954174 0.217781 0.038660 0.704856 -0.025797 -0.075801 0.892179 0.444529
1783948155.909844160 0.217398 0.038442 0.704867 -0.025938 -0.075845 0.892159 0.444554
1783948155.916350126 0.216951 0.038196 0.704874 -0.026062 -0.075891 0.892147 0.444562
1783948155.916350126 0.216951 0.038196 0.704874 -0.026062 -0.075891 0.892147 0.444562
1783948155.919861555 0.217187 0.038249 0.704876 -0.026189 -0.075937 0.892139 0.444562
1783948155.931406260 0.218455 0.038614 0.704871 -0.025988 -0.075957 0.892107 0.444634
1783948155.939859390 0.219084 0.038756 0.704870 -0.025983 -0.076015 0.892100 0.444640
1783948155.949829578 0.219793 0.038938 0.704867 -0.025926 -0.076041 0.892082 0.444675
1783948155.959866047 0.220357 0.039104 0.704865 -0.025901 -0.076049 0.892091 0.444656
1783948155.969806194 0.220748 0.039237 0.704863 -0.025917 -0.076047 0.892086 0.444665
1783948155.979803085 0.220984 0.039323 0.704858 -0.025956 -0.076057 0.892089 0.444657
1783948155.989844561 0.221063 0.039345 0.704848 -0.025979 -0.076085 0.892085 0.444658
1783948155.999882936 0.220983 0.039294 0.704837 -0.025969 -0.076106 0.892083 0.444659
1783948156.009808302 0.220740 0.039171 0.704825 -0.025929 -0.076123 0.892069 0.444686
1783948156.017219782 0.220327 0.038983 0.704819 -0.025991 -0.076152 0.892050 0.444715
1783948156.017219782 0.220327 0.038983 0.704819 -0.025991 -0.076152 0.892050 0.444715
1783948156.019803047 0.220495 0.039044 0.704825 -0.026083 -0.076178 0.892043 0.444720
1783948156.029830217 0.221521 0.039444 0.704855 -0.025973 -0.076154 0.892033 0.444751
1783948156.039850712 0.222382 0.039789 0.704882 -0.025896 -0.076128 0.892027 0.444773
1783948156.049812794 0.223078 0.040081 0.704907 -0.025837 -0.076124 0.892035 0.444760
1783948156.059838772 0.223628 0.040332 0.704933 -0.025795 -0.076137 0.892041 0.444747
1783948156.069843769 0.224024 0.040531 0.704957 -0.025761 -0.076151 0.892057 0.444715
1783948156.079812288 0.224260 0.040672 0.704980 -0.025717 -0.076183 0.892064 0.444699
1783948156.089850187 0.224339 0.040760 0.705002 -0.025680 -0.076203 0.892079 0.444667
1783948156.100916147 0.224307 0.040828 0.705026 -0.025566 -0.076204 0.892086 0.444659
1783948156.109856367 0.224007 0.040786 0.705043 -0.025593 -0.076200 0.892083 0.444664
1783948156.118088007 0.223575 0.040692 0.705057 -0.025643 -0.076186 0.892071 0.444689
1783948156.118088007 0.223575 0.040692 0.705057 -0.025643 -0.076186 0.892071 0.444689
1783948156.119813442 0.223678 0.040749 0.705063 -0.025723 -0.076201 0.892065 0.444692
1783948156.129904509 0.224721 0.041252 0.705111 -0.025652 -0.076160 0.892065 0.444704
1783948156.139878035 0.225597 0.041675 0.705155 -0.025566 -0.076124 0.892069 0.444707
1783948156.149857521 0.226329 0.042030 0.705199 -0.025476 -0.076135 0.892085 0.444678
1783948156.160370111 0.226979 0.042354 0.705244 -0.025338 -0.076172 0.892113 0.444624
1783948156.169815779 0.227349 0.042573 0.705282 -0.025301 -0.076240 0.892132 0.444576
1783948156.179816008 0.227620 0.042782 0.705321 -0.025250 -0.076287 0.892154 0.444526
1783948156.189836740 0.227731 0.042958 0.705359 -0.025219 -0.076300 0.892176 0.444481
1783948156.199833393 0.227675 0.043091 0.705394 -0.025193 -0.076281 0.892194 0.444451
1783948156.209832191 0.227456 0.043168 0.705429 -0.025157 -0.076228 0.892204 0.444441
1783948156.218960762 0.227060 0.043153 0.705457 -0.025160 -0.076199 0.892208 0.444438
1783948156.218960762 0.227060 0.043153 0.705457 -0.025160 -0.076199 0.892208 0.444438
1783948156.219844341 0.227116 0.043186 0.705463 -0.025205 -0.076208 0.892205 0.444440
1783948156.229854345 0.228188 0.043719 0.705536 -0.025223 -0.076242 0.892179 0.444486
1783948156.239827156 0.229108 0.044171 0.705608 -0.025203 -0.076312 0.892161 0.444510
1783948156.249891520 0.229895 0.044570 0.705680 -0.025193 -0.076409 0.892147 0.444523
1783948156.259831190 0.230514 0.044919 0.705750 -0.025200 -0.076511 0.892144 0.444511
1783948156.269873857 0.230986 0.045243 0.705822 -0.025241 -0.076595 0.892141 0.444501
1783948156.279904127 0.231291 0.045532 0.705892 -0.025315 -0.076667 0.892133 0.444500
1783948156.292374372 0.231632 0.045898 0.705981 -0.025276 -0.076714 0.892130 0.444500
1783948156.299851656 0.231471 0.045978 0.706027 -0.025452 -0.076779 0.892118 0.444503
1783948156.309884071 0.231280 0.046085 0.706091 -0.025504 -0.076837 0.892101 0.444524
1783948156.323342562 0.231067 0.046225 0.706181 -0.025268 -0.076856 0.892076 0.444584
1783948156.323342562 0.231067 0.046225 0.706181 -0.025268 -0.076856 0.892076 0.444584
1783948156.325577259 0.231217 0.046314 0.706201 -0.025365 -0.076883 0.892068 0.444591
1783948156.329878569 0.231538 0.046495 0.706240 -0.025493 -0.076927 0.892054 0.444603
1783948156.339823484 0.232534 0.047012 0.706340 -0.025441 -0.076950 0.892038 0.444635
1783948156.352707863 0.233846 0.047711 0.706473 -0.025177 -0.076949 0.892045 0.444636
1783948156.359830618 0.234199 0.047964 0.706539 -0.025310 -0.077012 0.892041 0.444625
1783948156.369880438 0.234750 0.048353 0.706635 -0.025331 -0.077062 0.892042 0.444612
1783948156.379845142 0.235136 0.048683 0.706730 -0.025364 -0.077131 0.892040 0.444604
1783948156.389884472 0.235372 0.048950 0.706824 -0.025384 -0.077179 0.892039 0.444597
1783948156.399950027 0.235445 0.049147 0.706914 -0.025363 -0.077241 0.892038 0.444588
1783948156.411044121 0.235396 0.049315 0.707010 -0.025277 -0.077286 0.892023 0.444616
1783948156.419843674 0.235073 0.049345 0.707084 -0.025325 -0.077327 0.892005 0.444641
1783948156.420692682 0.234997 0.049331 0.707090 -0.025364 -0.077336 0.892002 0.444645
1783948156.420692682 0.234997 0.049331 0.707090 -0.025364 -0.077336 0.892002 0.444645
1783948156.429863453 0.235967 0.049871 0.707202 -0.025395 -0.077351 0.891980 0.444683
1783948156.439881325 0.236934 0.050423 0.707321 -0.025433 -0.077350 0.891964 0.444715
1783948156.449830770 0.237735 0.050903 0.707437 -0.025480 -0.077459 0.891963 0.444695
1783948156.459858179 0.238409 0.051352 0.707549 -0.025523 -0.077580 0.891964 0.444669
1783948156.470240593 0.238985 0.051751 0.707669 -0.025533 -0.077646 0.891977 0.444630
1783948156.479834795 0.239322 0.052030 0.707775 -0.025639 -0.077777 0.891961 0.444633
1783948156.489865303 0.239554 0.052292 0.707883 -0.025647 -0.077922 0.891983 0.444563
1783948156.499845505 0.239628 0.052502 0.707991 -0.025674 -0.077949 0.891964 0.444595
1783948156.512377262 0.239708 0.052780 0.708132 -0.025505 -0.077928 0.891979 0.444578
1783948156.519857645 0.239386 0.052807 0.708210 -0.025625 -0.077933 0.891956 0.444618
1783948156.521784782 0.239222 0.052782 0.708229 -0.025710 -0.077951 0.891949 0.444623
1783948156.521784782 0.239222 0.052782 0.708229 -0.025710 -0.077951 0.891949 0.444623
1783948156.529868126 0.240087 0.053267 0.708332 -0.025795 -0.077972 0.891926 0.444660
1783948156.539929152 0.241157 0.053859 0.708458 -0.025783 -0.077994 0.891904 0.444702
1783948156.549853563 0.242054 0.054371 0.708581 -0.025786 -0.078047 0.891899 0.444702
1783948156.559910774 0.242814 0.054831 0.708702 -0.025793 -0.078151 0.891896 0.444690
1783948156.569881439 0.243393 0.055223 0.708818 -0.025824 -0.078259 0.891891 0.444679
1783948156.579863548 0.243804 0.055562 0.708930 -0.025887 -0.078378 0.891883 0.444669
1783948156.589896679 0.244054 0.055854 0.709041 -0.025944 -0.078469 0.891870 0.444676
1783948156.602336407 0.244336 0.056222 0.709177 -0.025839 -0.078515 0.891865 0.444684
1783948156.609850168 0.244140 0.056305 0.709259 -0.025984 -0.078575 0.891845 0.444705
1783948156.619903088 0.243899 0.056420 0.709367 -0.026013 -0.078599 0.891825 0.444740
1783948156.622467279 0.243688 0.056389 0.709395 -0.026122 -0.078629 0.891813 0.444752
1783948156.622467279 0.243688 0.056389 0.709395 -0.026122 -0.078629 0.891813 0.444752
1783948156.635224819 0.245350 0.057281 0.709607 -0.025961 -0.078663 0.891803 0.444775
1783948156.639905453 0.245655 0.057483 0.709681 -0.026113 -0.078718 0.891794 0.444776
1783948156.649847269 0.246535 0.058008 0.709844 -0.026143 -0.078789 0.891797 0.444756
1783948156.659909964 0.247285 0.058494 0.710009 -0.026185 -0.078882 0.891812 0.444706
1783948156.669867039 0.247862 0.058921 0.710172 -0.026221 -0.078979 0.891822 0.444666
1783948156.679951429 0.248284 0.059302 0.710333 -0.026299 -0.079086 0.891828 0.444630
1783948156.689934969 0.248520 0.059618 0.710489 -0.026387 -0.079181 0.891836 0.444593
1783948156.699875593 0.248580 0.059868 0.710641 -0.026470 -0.079277 0.891829 0.444585
1783948156.709861755 0.248473 0.060053 0.710791 -0.026559 -0.079333 0.891828 0.444572
1783948156.719938278 0.248204 0.060173 0.710941 -0.026592 -0.079390 0.891811 0.444594
1783948156.723289490 0.247934 0.060140 0.710988 -0.026726 -0.079423 0.891802 0.444598
1783948156.723289490 0.247934 0.060140 0.710988 -0.026726 -0.079423 0.891802 0.444598
1783948156.729908943 0.248568 0.060528 0.711109 -0.026870 -0.079475 0.891777 0.444629
1783948156.739899397 0.249635 0.061154 0.711293 -0.026883 -0.079539 0.891745 0.444682
1783948156.749890089 0.250557 0.061722 0.711476 -0.026898 -0.079623 0.891730 0.444696
1783948156.759889126 0.251329 0.062234 0.711658 -0.026927 -0.079729 0.891712 0.444711
1783948156.769854307 0.251936 0.062687 0.711838 -0.026964 -0.079853 0.891697 0.444717
1783948156.779878855 0.252384 0.063091 0.712016 -0.027021 -0.079980 0.891671 0.444743
1783948156.791856527 0.252851 0.063568 0.712224 -0.026975 -0.080095 0.891649 0.444769
1783948156.799894810 0.252811 0.063758 0.712358 -0.027136 -0.080182 0.891627 0.444788
1783948156.809919119 0.252740 0.063990 0.712523 -0.027197 -0.080251 0.891592 0.444842
1783948156.819931984 0.252500 0.064148 0.712684 -0.027244 -0.080300 0.891558 0.444898
1783948156.825350761 0.252134 0.064136 0.712768 -0.027404 -0.080358 0.891533 0.444928
1783948156.825350761 0.252134 0.064136 0.712768 -0.027404 -0.080358 0.891533 0.444928
1783948156.829874992 0.252458 0.064363 0.712863 -0.027561 -0.080409 0.891512 0.444952
1783948156.839934111 0.253371 0.064934 0.713100 -0.027562 -0.080480 0.891486 0.444989
1783948156.849902391 0.254130 0.065434 0.713332 -0.027575 -0.080574 0.891466 0.445011
1783948156.859897375 0.254744 0.065880 0.713564 -0.027579 -0.080690 0.891458 0.445008
1783948156.869881868 0.255192 0.066273 0.713793 -0.027610 -0.080811 0.891442 0.445015
1783948156.879912138 0.255469 0.066619 0.714020 -0.027653 -0.080924 0.891421 0.445033
1783948156.893357992 0.255807 0.067106 0.714339 -0.027510 -0.080997 0.891397 0.445078
1783948156.899887085 0.255611 0.067209 0.714469 -0.027702 -0.081059 0.891378 0.445092
1783948156.909934998 0.255354 0.067384 0.714682 -0.027779 -0.081110 0.891343 0.445147
1783948156.919933319 0.254928 0.067475 0.714891 -0.027826 -0.081163 0.891305 0.445212
1783948156.928342104 0.254371 0.067457 0.715058 -0.027908 -0.081230 0.891272 0.445261
1783948156.928342104 0.254371 0.067457 0.715058 -0.027908 -0.081230 0.891272 0.445261
1783948156.929883957 0.254452 0.067521 0.715081 -0.027979 -0.081251 0.891266 0.445264
1783948156.939912081 0.255391 0.068092 0.715224 -0.027961 -0.081328 0.891257 0.445269
1783948156.949948549 0.256177 0.068602 0.715364 -0.027944 -0.081428 0.891258 0.445251
1783948156.959897041 0.256790 0.069061 0.715502 -0.027965 -0.081545 0.891261 0.445222
1783948156.969874859 0.257238 0.069485 0.715638 -0.028017 -0.081642 0.891267 0.445189
1783948156.980676413 0.257584 0.069921 0.715782 -0.028064 -0.081718 0.891266 0.445173
1783948156.990095615 0.257640 0.070216 0.715906 -0.028187 -0.081782 0.891262 0.445163
1783948156.999945402 0.257562 0.070464 0.716030 -0.028285 -0.081834 0.891255 0.445161
1783948157.009912491 0.257323 0.070632 0.716151 -0.028348 -0.081902 0.891242 0.445169
1783948157.019908667 0.256920 0.070714 0.716270 -0.028359 -0.081966 0.891227 0.445188
1783948157.025893927 0.256453 0.070668 0.716343 -0.028491 -0.082030 0.891208 0.445205
1783948157.025893927 0.256453 0.070668 0.716343 -0.028491 -0.082030 0.891208 0.445205
1783948157.029916763 0.256665 0.070832 0.716383 -0.028613 -0.082072 0.891191 0.445223
1783948157.039902449 0.257459 0.071340 0.716470 -0.028554 -0.082094 0.891171 0.445262
1783948157.049885035 0.258092 0.071796 0.716554 -0.028517 -0.082133 0.891158 0.445285
1783948157.059889317 0.258561 0.072204 0.716636 -0.028522 -0.082194 0.891149 0.445291
1783948157.069916010 0.258862 0.072562 0.716715 -0.028546 -0.082260 0.891143 0.445290
1783948157.079936743 0.258990 0.072861 0.716791 -0.028573 -0.082325 0.891123 0.445315
1783948157.089917183 0.258948 0.073093 0.716863 -0.028613 -0.082385 0.891108 0.445332
1783948157.099918127 0.258739 0.073258 0.716930 -0.028645 -0.082435 0.891087 0.445364
1783948157.109927654 0.258363 0.073356 0.716995 -0.028642 -0.082453 0.891063 0.445407
1783948157.119891405 0.257816 0.073383 0.717057 -0.028628 -0.082442 0.891033 0.445470
1783948157.126754761 0.257204 0.073307 0.717102 -0.028732 -0.082473 0.891006 0.445513
1783948157.126754761 0.257204 0.073307 0.717102 -0.028732 -0.082473 0.891006 0.445513
1783948157.129899263 0.257304 0.073414 0.717110 -0.028847 -0.082497 0.890994 0.445523
1783948157.139925003 0.257942 0.073878 0.717114 -0.028808 -0.082478 0.890994 0.445530
1783948157.149885178 0.258416 0.074274 0.717115 -0.028778 -0.082484 0.891007 0.445505
1783948157.159890652 0.258736 0.074617 0.717114 -0.028764 -0.082502 0.891023 0.445471
1783948157.169924498 0.258893 0.074903 0.717110 -0.028751 -0.082532 0.891038 0.445435
1783948157.179957390 0.258877 0.075131 0.717102 -0.028754 -0.082564 0.891051 0.445403
1783948157.189890862 0.258680 0.075295 0.717091 -0.028777 -0.082584 0.891064 0.445373
1783948157.199962616 0.258313 0.075406 0.717076 -0.028779 -0.082578 0.891073 0.445355
1783948157.209897757 0.257769 0.075448 0.717059 -0.028793 -0.082546 0.891076 0.445354
1783948157.219942093 0.257051 0.075419 0.717038 -0.028769 -0.082501 0.891074 0.445368
1783948157.227627993 0.256270 0.075300 0.717026 -0.028848 -0.082495 0.891062 0.445388
1783948157.227627993 0.256270 0.075300 0.717026 -0.028848 -0.082495 0.891062 0.445388
1783948157.229885101 0.256293 0.075360 0.717013 -0.028942 -0.082510 0.891054 0.445396
1783948157.239918709 0.256782 0.075772 0.716936 -0.028880 -0.082462 0.891055 0.445407
1783948157.249896288 0.257113 0.076118 0.716859 -0.028822 -0.082427 0.891065 0.445398
1783948157.259949207 0.257294 0.076412 0.716779 -0.028767 -0.082410 0.891080 0.445373
1783948157.270145655 0.257315 0.076653 0.716696 -0.028721 -0.082411 0.891093 0.445350
1783948157.279911518 0.257137 0.076818 0.716614 -0.028729 -0.082416 0.891103 0.445328
1783948157.289901018 0.256793 0.076934 0.716525 -0.028746 -0.082400 0.891116 0.445305
1783948157.299941301 0.256273 0.076985 0.716430 -0.028742 -0.082373 0.891123 0.445296
1783948157.309931278 0.255579 0.076966 0.716333 -0.028725 -0.082325 0.891125 0.445301
1783948157.319941044 0.254715 0.076873 0.716234 -0.028681 -0.082263 0.891121 0.445325
1783948157.328539133 0.253760 0.076700 0.716151 -0.028698 -0.082234 0.891109 0.445352
1783948157.328539133 0.253760 0.076700 0.716151 -0.028698 -0.082234 0.891109 0.445352
1783948157.329888344 0.253750 0.076725 0.716132 -0.028756 -0.082244 0.891105 0.445356
1783948157.339898109 0.254097 0.077070 0.715976 -0.028659 -0.082157 0.891112 0.445363
1783948157.349955797 0.254293 0.077354 0.715818 -0.028549 -0.082092 0.891131 0.445345
1783948157.359941721 0.254324 0.077583 0.715659 -0.028458 -0.082048 0.891153 0.445314
1783948157.369942665 0.254189 0.077763 0.715499 -0.028392 -0.081995 0.891175 0.445283
1783948157.379950523 0.253878 0.077889 0.715338 -0.028365 -0.081947 0.891193 0.445259
1783948157.389975309 0.253392 0.077956 0.715173 -0.028339 -0.081881 0.891216 0.445226
1783948157.399958611 0.252729 0.077953 0.715006 -0.028308 -0.081812 0.891230 0.445212
1783948157.409950018 0.251893 0.077879 0.714835 -0.028248 -0.081735 0.891242 0.445206
1783948157.419919252 0.250886 0.077728 0.714663 -0.028175 -0.081629 0.891245 0.445225
1783948157.429358721 0.249743 0.077503 0.714500 -0.028116 -0.081546 0.891242 0.445250
1783948157.429358721 0.249743 0.077503 0.714500 -0.028116 -0.081546 0.891242 0.445250
1783948157.433885098 0.249717 0.077595 0.714401 -0.028221 -0.081550 0.891232 0.445263
1783948157.439952135 0.249692 0.077719 0.714265 -0.028301 -0.081544 0.891228 0.445267
1783948157.449941874 0.249779 0.077979 0.714032 -0.028173 -0.081469 0.891248 0.445249
1783948157.459949255 0.249709 0.078190 0.713797 -0.028077 -0.081404 0.891271 0.445220
1783948157.469943285 0.249473 0.078348 0.713563 -0.028003 -0.081350 0.891295 0.445186
1783948157.479955196 0.249071 0.078447 0.713327 -0.027926 -0.081299 0.891321 0.445150
1783948157.489909649 0.248498 0.078482 0.713091 -0.027856 -0.081239 0.891343 0.445119
1783948157.501483679 0.247740 0.078491 0.712812 -0.027648 -0.081111 0.891373 0.445097
1783948157.509947777 0.246869 0.078372 0.712613 -0.027656 -0.081055 0.891379 0.445095
1783948157.519911051 0.245783 0.078206 0.712375 -0.027549 -0.080938 0.891384 0.445113
1783948157.530226946 0.244503 0.077966 0.712129 -0.027401 -0.080803 0.891387 0.445140
1783948157.530226946 0.244503 0.077966 0.712129 -0.027401 -0.080803 0.891387 0.445140
1783948157.531245232 0.244470 0.077978 0.712101 -0.027446 -0.080811 0.891383 0.445143
1783948157.539994001 0.244512 0.078219 0.711854 -0.027432 -0.080762 0.891385 0.445148
1783948157.549906015 0.244493 0.078465 0.711570 -0.027353 -0.080704 0.891405 0.445124
1783948157.559944153 0.244332 0.078662 0.711285 -0.027272 -0.080665 0.891431 0.445084
1783948157.569943666 0.244013 0.078802 0.711000 -0.027192 -0.080635 0.891457 0.445043
1783948157.579897642 0.243528 0.078882 0.710715 -0.027136 -0.080606 0.891481 0.445003
1783948157.589932203 0.242874 0.078908 0.710426 -0.027092 -0.080570 0.891506 0.444962
1783948157.601411104 0.242020 0.078907 0.710089 -0.026926 -0.080456 0.891542 0.444921
1783948157.609922171 0.241079 0.078787 0.709840 -0.026960 -0.080415 0.891550 0.444911
1783948157.619930983 0.239907 0.078618 0.709544 -0.026887 -0.080326 0.891561 0.444909
1783948157.632459164 0.238401 0.078386 0.709167 -0.026554 -0.080149 0.891575 0.444934
1783948157.632459164 0.238401 0.078386 0.709167 -0.026554 -0.080149 0.891575 0.444934
1783948157.634224892 0.238336 0.078411 0.709111 -0.026626 -0.080162 0.891569 0.444939
1783948157.639999390 0.238227 0.078533 0.708921 -0.026722 -0.080169 0.891567 0.444935
1783948157.649994373 0.238195 0.078808 0.708589 -0.026590 -0.080104 0.891596 0.444897
1783948157.659964085 0.238016 0.079030 0.708259 -0.026470 -0.080062 0.891631 0.444841
1783948157.670988083 0.237713 0.079249 0.707895 -0.026249 -0.079989 0.891680 0.444770
1783948157.679991245 0.237199 0.079330 0.707601 -0.026224 -0.079958 0.891701 0.444734
1783948157.691746950 0.236525 0.079447 0.707208 -0.025993 -0.079853 0.891751 0.444666
1783948157.699932098 0.235722 0.079397 0.706937 -0.026029 -0.079835 0.891770 0.444628
1783948157.709979057 0.234699 0.079320 0.706597 -0.025942 -0.079774 0.891792 0.444601
1783948157.723388195 0.233363 0.079221 0.706137 -0.025470 -0.079565 0.891836 0.444577
1783948157.729924440 0.232313 0.079006 0.705920 -0.025534 -0.079551 0.891831 0.444587
1783948157.731964827 0.231915 0.078911 0.705854 -0.025615 -0.079566 0.891826 0.444588
1783948157.731964827 0.231915 0.078911 0.705854 -0.025615 -0.079566 0.891826 0.444588
1783948157.739944935 0.231876 0.079115 0.705566 -0.025624 -0.079543 0.891831 0.444582
1783948157.749948502 0.231828 0.079369 0.705203 -0.025501 -0.079509 0.891858 0.444542
1783948157.759978771 0.231634 0.079572 0.704839 -0.025383 -0.079488 0.891892 0.444484
1783948157.769973516 0.231284 0.079723 0.704477 -0.025294 -0.079470 0.891925 0.444426
1783948157.780009031 0.230776 0.079821 0.704113 -0.025217 -0.079449 0.891954 0.444375
1783948157.789920330 0.230103 0.079859 0.703753 -0.025164 -0.079418 0.891982 0.444329
1783948157.799954176 0.229263 0.079837 0.703387 -0.025096 -0.079371 0.892005 0.444295
1783948157.809952497 0.228256 0.079743 0.703022 -0.025006 -0.079302 0.892024 0.444274
1783948157.821430683 0.227004 0.079583 0.702598 -0.024770 -0.079200 0.892047 0.444259
1783948157.829911709 0.225764 0.079333 0.702288 -0.024758 -0.079183 0.892046 0.444265
1783948157.832823753 0.225206 0.079195 0.702184 -0.024855 -0.079207 0.892040 0.444266
1783948157.832823753 0.225206 0.079195 0.702184 -0.024855 -0.079207 0.892040 0.444266
1783948157.839949131 0.225149 0.079350 0.701914 -0.024881 -0.079197 0.892048 0.444251
1783948157.849956751 0.225141 0.079595 0.701535 -0.024729 -0.079145 0.892084 0.444197
1783948157.859936953 0.224985 0.079790 0.701159 -0.024594 -0.079101 0.892125 0.444130
1783948157.869951487 0.224679 0.079936 0.700783 -0.024471 -0.079072 0.892170 0.444052
1783948157.880480766 0.224220 0.080044 0.700387 -0.024320 -0.079035 0.892214 0.443978
1783948157.889965773 0.223582 0.080058 0.700032 -0.024274 -0.079005 0.892251 0.443912
1783948157.899961948 0.222783 0.080025 0.699656 -0.024177 -0.078946 0.892290 0.443849
1783948157.909927607 0.221819 0.079925 0.699279 -0.024070 -0.078880 0.892319 0.443807
1783948157.920044899 0.220685 0.079756 0.698896 -0.023921 -0.078784 0.892347 0.443776
1783948157.929980040 0.219399 0.079516 0.698521 -0.023775 -0.078694 0.892367 0.443760
1783948157.933697939 0.218722 0.079349 0.698382 -0.023882 -0.078706 0.892364 0.443758
1783948157.933697939 0.218722 0.079349 0.698382 -0.023882 -0.078706 0.892364 0.443758
1783948157.939969063 0.218639 0.079454 0.698156 -0.023974 -0.078706 0.892353 0.443775
1783948157.950047731 0.218618 0.079654 0.697803 -0.023858 -0.078668 0.892359 0.443776
1783948157.959943771 0.218441 0.079787 0.697456 -0.023767 -0.078665 0.892369 0.443762
1783948157.969999075 0.218115 0.079872 0.697104 -0.023684 -0.078669 0.892380 0.443744
1783948157.980065584 0.217624 0.079904 0.696753 -0.023624 -0.078672 0.892385 0.443736
1783948157.989987850 0.216969 0.079882 0.696406 -0.023584 -0.078656 0.892394 0.443724
1783948157.999981880 0.216151 0.079806 0.696058 -0.023537 -0.078613 0.892400 0.443722
1783948158.010446310 0.215153 0.079669 0.695694 -0.023451 -0.078550 0.892397 0.443743
1783948158.019933462 0.214041 0.079454 0.695363 -0.023402 -0.078487 0.892388 0.443774
1783948158.030042887 0.212743 0.079161 0.695013 -0.023291 -0.078410 0.892375 0.443821
1783948158.034598827 0.211955 0.078947 0.694850 -0.023395 -0.078431 0.892366 0.443830
1783948158.034598827 0.211955 0.078947 0.694850 -0.023395 -0.078431 0.892366 0.443830
1783948158.039988041 0.211925 0.079022 0.694658 -0.023511 -0.078466 0.892351 0.443847
1783948158.049941301 0.212070 0.079233 0.694303 -0.023437 -0.078497 0.892340 0.443867
1783948158.060015917 0.212080 0.079396 0.693945 -0.023375 -0.078503 0.892338 0.443874
1783948158.069932938 0.211920 0.079500 0.693593 -0.023345 -0.078569 0.892339 0.443862
1783948158.079966784 0.211597 0.079553 0.693235 -0.023359 -0.078630 0.892327 0.443874
1783948158.090008736 0.211110 0.079556 0.692875 -0.023383 -0.078684 0.892323 0.443872
1783948158.099976063 0.210460 0.079505 0.692518 -0.023413 -0.078698 0.892312 0.443890
1783948158.110059023 0.209649 0.079391 0.692158 -0.023420 -0.078692 0.892297 0.443921
1783948158.119940042 0.208687 0.079200 0.691805 -0.023397 -0.078668 0.892273 0.443973
1783948158.130021811 0.207566 0.078930 0.691445 -0.023343 -0.078641 0.892251 0.444025
1783948158.135430336 0.206730 0.078688 0.691254 -0.023458 -0.078673 0.892236 0.444043
1783948158.135430336 0.206730 0.078688 0.691254 -0.023458 -0.078673 0.892236 0.444043
1783948158.139939308 0.206700 0.078730 0.691093 -0.023572 -0.078698 0.892228 0.444050
1783948158.149949551 0.206892 0.078913 0.690736 -0.023470 -0.078686 0.892240 0.444032
1783948158.159999609 0.206936 0.079038 0.690376 -0.023383 -0.078715 0.892256 0.444001
1783948158.170016289 0.206817 0.079111 0.690017 -0.023335 -0.078750 0.892272 0.443965
1783948158.179971218 0.206529 0.079134 0.689660 -0.023312 -0.078784 0.892283 0.443937
1783948158.189980507 0.206077 0.079113 0.689300 -0.023317 -0.078792 0.892298 0.443905
1783948158.199978590 0.205459 0.079039 0.688940 -0.023324 -0.078767 0.892308 0.443890
1783948158.210172176 0.204678 0.078902 0.688572 -0.023300 -0.078735 0.892309 0.443895
1783948158.221183777 0.203715 0.078684 0.688174 -0.023184 -0.078658 0.892309 0.443915
1783948158.229968309 0.202688 0.078386 0.687857 -0.023195 -0.078635 0.892296 0.443944
1783948158.236307859 0.201774 0.078093 0.687629 -0.023275 -0.078662 0.892288 0.443951
1783948158.236307859 0.201774 0.078093 0.687629 -0.023275 -0.078662 0.892288 0.443951
1783948158.240019798 0.201742 0.078102 0.687494 -0.023384 -0.078692 0.892280 0.443957
1783948158.250124931 0.201978 0.078238 0.687127 -0.023272 -0.078690 0.892288 0.443946
1783948158.259987116 0.202047 0.078312 0.686770 -0.023206 -0.078717 0.892303 0.443914
1783948158.269950390 0.201962 0.078346 0.686409 -0.023167 -0.078745 0.892319 0.443879
1783948158.282368422 0.201823 0.078408 0.685960 -0.022969 -0.078705 0.892340 0.443854
1783948158.290023565 0.201366 0.078324 0.685682 -0.023110 -0.078721 0.892343 0.443839
1783948158.299991369 0.200781 0.078221 0.685320 -0.023145 -0.078677 0.892350 0.443831
1783948158.311428547 0.200031 0.078055 0.684905 -0.023039 -0.078595 0.892354 0.443842
1783948158.320000410 0.199175 0.077793 0.684594 -0.023084 -0.078578 0.892347 0.443857
1783948158.330030203 0.198132 0.077440 0.684229 -0.023014 -0.078554 0.892335 0.443890
1783948158.337161303 0.197165 0.077093 0.683973 -0.023069 -0.078578 0.892329 0.443895
1783948158.337161303 0.197165 0.077093 0.683973 -0.023069 -0.078578 0.892329 0.443895
1783948158.339964867 0.197138 0.077083 0.683871 -0.023164 -0.078606 0.892323 0.443897
1783948158.349978924 0.197415 0.077185 0.683510 -0.023063 -0.078585 0.892332 0.443887
1783948158.360021830 0.197549 0.077245 0.683150 -0.022990 -0.078567 0.892348 0.443863
1783948158.371430874 0.197606 0.077300 0.682742 -0.022843 -0.078536 0.892371 0.443830
1783948158.380001783 0.197345 0.077242 0.682433 -0.022922 -0.078543 0.892377 0.443812
1783948158.390018940 0.196979 0.077158 0.682071 -0.022952 -0.078525 0.892389 0.443790
1783948158.399962187 0.196447 0.077006 0.681711 -0.022978 -0.078494 0.892397 0.443778
1783948158.410017252 0.195761 0.076777 0.681346 -0.022979 -0.078452 0.892402 0.443775
1783948158.420032501 0.194925 0.076466 0.680984 -0.022936 -0.078398 0.892396 0.443798
1783948158.429988623 0.193948 0.076078 0.680625 -0.022865 -0.078336 0.892390 0.443825
1783948158.438048840 0.192950 0.075677 0.680337 -0.022889 -0.078323 0.892384 0.443838
1783948158.438048840 0.192950 0.075677 0.680337 -0.022889 -0.078323 0.892384 0.443838
1783948158.439962387 0.192936 0.075661 0.680261 -0.022966 -0.078341 0.892380 0.443840
1783948158.450024843 0.193307 0.075746 0.679820 -0.022892 -0.078314 0.892402 0.443804
1783948158.460013390 0.193525 0.075781 0.679385 -0.022857 -0.078309 0.892424 0.443762
1783948158.469993114 0.193585 0.075769 0.678950 -0.022850 -0.078304 0.892450 0.443710
1783948158.480021477 0.193484 0.075709 0.678513 -0.022868 -0.078281 0.892466 0.443682
1783948158.490751266 0.193242 0.075598 0.678039 -0.022868 -0.078240 0.892493 0.443635
1783948158.499971867 0.192788 0.075406 0.677638 -0.022942 -0.078223 0.892505 0.443609
1783948158.510035992 0.192196 0.075145 0.677195 -0.022950 -0.078182 0.892512 0.443603
1783948158.520076036 0.191449 0.074805 0.676754 -0.022935 -0.078129 0.892519 0.443599
1783948158.529982328 0.190553 0.074389 0.676320 -0.022896 -0.078089 0.892518 0.443609
1783948158.538902760 0.189557 0.073936 0.675934 -0.022906 -0.078081 0.892522 0.443603
1783948158.538902760 0.189557 0.073936 0.675934 -0.022906 -0.078081 0.892522 0.443603
1783948158.539976597 0.189552 0.073922 0.675896 -0.022953 -0.078093 0.892518 0.443606
1783948158.550038576 0.189965 0.073956 0.675554 -0.022900 -0.078047 0.892509 0.443635
1783948158.559995174 0.190223 0.073944 0.675217 -0.022882 -0.078026 0.892505 0.443647
1783948158.569983482 0.190332 0.073888 0.674879 -0.022891 -0.077998 0.892500 0.443663
1783948158.580004930 0.190285 0.073780 0.674540 -0.022908 -0.077967 0.892491 0.443685
1783948158.589978695 0.190079 0.073610 0.674202 -0.022932 -0.077932 0.892483 0.443705
1783948158.599987268 0.189720 0.073371 0.673861 -0.022942 -0.077881 0.892471 0.443737
1783948158.610017776 0.189207 0.073061 0.673519 -0.022922 -0.077816 0.892454 0.443786
1783948158.620393991 0.188538 0.072668 0.673165 -0.022846 -0.077730 0.892429 0.443855
1783948158.630018234 0.187718 0.072217 0.672835 -0.022804 -0.077658 0.892399 0.443928
1783948158.639800310 0.186745 0.071700 0.672500 -0.022761 -0.077589 0.892380 0.443982
1783948158.639800310 0.186745 0.071700 0.672500 -0.022761 -0.077589 0.892380 0.443982
1783948158.640019417 0.186749 0.071699 0.672493 -0.022768 -0.077590 0.892379 0.443982
1783948158.650042057 0.187227 0.071742 0.672157 -0.022725 -0.077534 0.892395 0.443963
1783948158.659971476 0.187551 0.071731 0.671825 -0.022720 -0.077506 0.892417 0.443925
1783948158.670013428 0.187734 0.071669 0.671489 -0.022714 -0.077492 0.892440 0.443881
1783948158.681498766 0.187859 0.071574 0.671105 -0.022623 -0.077436 0.892469 0.443837
1783948158.690001488 0.187655 0.071391 0.670818 -0.022722 -0.077431 0.892481 0.443807
1783948158.699990273 0.187367 0.071158 0.670482 -0.022748 -0.077379 0.892495 0.443787
1783948158.712498903 0.186990 0.070852 0.670064 -0.022562 -0.077217 0.892515 0.443786
1783948158.720110178 0.186404 0.070516 0.669806 -0.022656 -0.077181 0.892510 0.443797
1783948158.730046272 0.185654 0.070069 0.669474 -0.022610 -0.077095 0.892506 0.443822
1783948158.740011930 0.184752 0.069553 0.669143 -0.022552 -0.077025 0.892515 0.443819
1783948158.740626812 0.184660 0.069506 0.669122 -0.022578 -0.077032 0.892514 0.443818
1783948158.740626812 0.184660 0.069506 0.669122 -0.022578 -0.077032 0.892514 0.443818
1783948158.749985695 0.185194 0.069548 0.668849 -0.022582 -0.077015 0.892561 0.443727
1783948158.760013580 0.185674 0.069563 0.668559 -0.022565 -0.077002 0.892624 0.443603
1783948158.770024300 0.186001 0.069526 0.668269 -0.022573 -0.076989 0.892685 0.443482
1783948158.779996395 0.186168 0.069435 0.667981 -0.022594 -0.076971 0.892741 0.443371
1783948158.790048361 0.186181 0.069288 0.667690 -0.022632 -0.076948 0.892797 0.443261
1783948158.800001621 0.186027 0.069077 0.667398 -0.022668 -0.076918 0.892851 0.443157
1783948158.812469244 0.185822 0.068800 0.667038 -0.022505 -0.076802 0.892935 0.443014
1783948158.820044279 0.185324 0.068479 0.666811 -0.022613 -0.076787 0.892953 0.442976
1783948158.832014322 0.184717 0.068025 0.666464 -0.022452 -0.076671 0.893015 0.442879
1783948158.840061426 0.183973 0.067580 0.666226 -0.022521 -0.076662 0.893038 0.442830
1783948158.844341278 0.183429 0.067286 0.666097 -0.022655 -0.076695 0.893045 0.442803
1783948158.844341278 0.183429 0.067286 0.666097 -0.022655 -0.076695 0.893045 0.442803
1783948158.850013971 0.183691 0.067252 0.665961 -0.022813 -0.076748 0.893030 0.442817
1783948158.860046625 0.184337 0.067259 0.665729 -0.022865 -0.076820 0.893010 0.442842
1783948158.870034933 0.184827 0.067216 0.665498 -0.022941 -0.076882 0.892993 0.442862
1783948158.880410671 0.185197 0.067130 0.665258 -0.023027 -0.076941 0.892967 0.442898
1783948158.890001059 0.185332 0.066980 0.665034 -0.023169 -0.076995 0.892944 0.442928
1783948158.900035858 0.185347 0.066774 0.664798 -0.023286 -0.077025 0.892914 0.442979
1783948158.911397934 0.185280 0.066494 0.664532 -0.023313 -0.077026 0.892874 0.443057
1783948158.920070171 0.184940 0.066159 0.664323 -0.023433 -0.077046 0.892839 0.443119
1783948158.930082560 0.184503 0.065737 0.664086 -0.023474 -0.077054 0.892791 0.443212
1783948158.941412210 0.183932 0.065218 0.663825 -0.023430 -0.077046 0.892749 0.443299
1783948158.942370415 0.183813 0.065148 0.663801 -0.023475 -0.077061 0.892746 0.443300
1783948158.942370415 0.183813 0.065148 0.663801 -0.023475 -0.077061 0.892746 0.443300
1783948158.950027943 0.184370 0.065137 0.663665 -0.023610 -0.077131 0.892722 0.443329
1783948158.960060596 0.185129 0.065140 0.663491 -0.023695 -0.077221 0.892694 0.443366
1783948158.970513821 0.185782 0.065105 0.663310 -0.023791 -0.077317 0.892667 0.443398
1783948158.980089903 0.186172 0.065007 0.663141 -0.023938 -0.077403 0.892635 0.443439
1783948158.990073204 0.186450 0.064865 0.662965 -0.024089 -0.077468 0.892602 0.443486
1783948159.000056744 0.186568 0.064662 0.662787 -0.024222 -0.077516 0.892565 0.443545
1783948159.010005474 0.186527 0.064390 0.662609 -0.024347 -0.077555 0.892521 0.443621
1783948159.020079851 0.186340 0.064040 0.662425 -0.024438 -0.077577 0.892472 0.443709
1783948159.030055523 0.185998 0.063615 0.662242 -0.024502 -0.077612 0.892422 0.443801
1783948159.040817976 0.185520 0.063103 0.662048 -0.024515 -0.077643 0.892373 0.443893
1783948159.043230057 0.185258 0.062929 0.662002 -0.024619 -0.077680 0.892365 0.443896
1783948159.043230057 0.185258 0.062929 0.662002 -0.024619 -0.077680 0.892365 0.443896
1783948159.050100565 0.185753 0.062914 0.661895 -0.024760 -0.077747 0.892356 0.443896
1783948159.060044527 0.186547 0.062935 0.661745 -0.024826 -0.077820 0.892349 0.443892
1783948159.071524858 0.187387 0.062954 0.661571 -0.024823 -0.077876 0.892352 0.443878
1783948159.080018044 0.187706 0.062865 0.661441 -0.024978 -0.077939 0.892341 0.443880
1783948159.090074539 0.188027 0.062753 0.661284 -0.025107 -0.077980 0.892334 0.443880
1783948159.100020885 0.188172 0.062576 0.661125 -0.025246 -0.078016 0.892322 0.443890
1783948159.110050917 0.188165 0.062325 0.660964 -0.025366 -0.078047 0.892304 0.443914
1783948159.120044708 0.188002 0.061990 0.660801 -0.025444 -0.078067 0.892278 0.443957
1783948159.133375883 0.187839 0.061535 0.660588 -0.025269 -0.078069 0.892249 0.444025
1783948159.140058994 0.187370 0.061144 0.660479 -0.025406 -0.078134 0.892231 0.444041
1783948159.144121408 0.186984 0.060867 0.660412 -0.025549 -0.078191 0.892225 0.444036
1783948159.144121408 0.186984 0.060867 0.660412 -0.025549 -0.078191 0.892225 0.444036
1783948159.150059462 0.187355 0.060834 0.660352 -0.025692 -0.078251 0.892229 0.444010
1783948159.160083055 0.188105 0.060842 0.660276 -0.025743 -0.078300 0.892251 0.443954
1783948159.170062780 0.188691 0.060815 0.660199 -0.025814 -0.078335 0.892279 0.443888
1783948159.180054665 0.189114 0.060749 0.660121 -0.025924 -0.078364 0.892292 0.443848
1783948159.190093040 0.189377 0.060629 0.660041 -0.026048 -0.078373 0.892308 0.443808
1783948159.200079441 0.189476 0.060440 0.659958 -0.026150 -0.078377 0.892320 0.443777
1783948159.210042715 0.189420 0.060171 0.659871 -0.026220 -0.078376 0.892328 0.443757
1783948159.220139980 0.189215 0.059815 0.659782 -0.026240 -0.078378 0.892332 0.443747
1783948159.230037451 0.188847 0.059386 0.659691 -0.026241 -0.078387 0.892330 0.443751
1783948159.240072489 0.188321 0.058893 0.659600 -0.026233 -0.078405 0.892336 0.443734
1783948159.244966030 0.187853 0.058577 0.659541 -0.026383 -0.078455 0.892334 0.443722
1783948159.244966030 0.187853 0.058577 0.659541 -0.026383 -0.078455 0.892334 0.443722
1783948159.250069618 0.188160 0.058562 0.659475 -0.026512 -0.078501 0.892327 0.443721
1783948159.260436296 0.189019 0.058637 0.659343 -0.026479 -0.078530 0.892335 0.443701
1783948159.270047665 0.189607 0.058652 0.659219 -0.026535 -0.078564 0.892339 0.443682
1783948159.280081749 0.190089 0.058632 0.659089 -0.026594 -0.078585 0.892339 0.443675
1783948159.290041924 0.190404 0.058551 0.658959 -0.026657 -0.078602 0.892340 0.443668
1783948159.300086975 0.190571 0.058401 0.658825 -0.026689 -0.078603 0.892336 0.443672
1783948159.310108423 0.190580 0.058170 0.658691 -0.026679 -0.078600 0.892325 0.443696
1783948159.320031881 0.190427 0.057859 0.658556 -0.026645 -0.078591 0.892315 0.443721
1783948159.330010414 0.190114 0.057474 0.658416 -0.026591 -0.078590 0.892295 0.443764
1783948159.340149641 0.189637 0.057027 0.658275 -0.026536 -0.078588 0.892285 0.443788
1783948159.345832109 0.189126 0.056691 0.658196 -0.026665 -0.078640 0.892279 0.443783
1783948159.345832109 0.189126 0.056691 0.658196 -0.026665 -0.078640 0.892279 0.443783
1783948159.352430105 0.189551 0.056700 0.658113 -0.026823 -0.078718 0.892259 0.443800
1783948159.360028505 0.190006 0.056711 0.658017 -0.026995 -0.078802 0.892236 0.443819
1783948159.370077372 0.190627 0.056753 0.657891 -0.027122 -0.078867 0.892210 0.443852
1783948159.380028725 0.191074 0.056738 0.657764 -0.027275 -0.078936 0.892180 0.443893
1783948159.390021324 0.191363 0.056657 0.657632 -0.027416 -0.079007 0.892150 0.443931
1783948159.400042772 0.191492 0.056499 0.657494 -0.027535 -0.079088 0.892118 0.443974
1783948159.410020113 0.191459 0.056263 0.657354 -0.027626 -0.079163 0.892078 0.444035
1783948159.420049906 0.191270 0.055954 0.657211 -0.027691 -0.079226 0.892031 0.444113
1783948159.430035591 0.190921 0.055583 0.657068 -0.027738 -0.079268 0.891980 0.444205
1783948159.440086603 0.190412 0.055159 0.656924 -0.027787 -0.079311 0.891937 0.444281
1783948159.446702003 0.189837 0.054798 0.656829 -0.027943 -0.079369 0.891916 0.444303
1783948159.446702003 0.189837 0.054798 0.656829 -0.027943 -0.079369 0.891916 0.444303
1783948159.450043201 0.189959 0.054779 0.656781 -0.028075 -0.079409 0.891907 0.444307
1783948159.460036755 0.190628 0.054856 0.656632 -0.028169 -0.079480 0.891889 0.444323
1783948159.470063448 0.191139 0.054881 0.656481 -0.028274 -0.079559 0.891873 0.444335
1783948159.480037689 0.191483 0.054847 0.656329 -0.028398 -0.079642 0.891851 0.444355
1783948159.490017891 0.191670 0.054748 0.656174 -0.028519 -0.079714 0.891830 0.444378
1783948159.500045061 0.191698 0.054581 0.656015 -0.028604 -0.079779 0.891805 0.444410
1783948159.510016441 0.191557 0.054346 0.655852 -0.028673 -0.079823 0.891776 0.444456
1783948159.521372318 0.191288 0.054038 0.655662 -0.028651 -0.079837 0.891736 0.444536
1783948159.530071497 0.190787 0.053688 0.655516 -0.028756 -0.079882 0.891701 0.444592
1783948159.540057898 0.190133 0.053268 0.655347 -0.028821 -0.079915 0.891664 0.444655
1783948159.547649622 0.189410 0.052871 0.655220 -0.028978 -0.079969 0.891641 0.444682
1783948159.547649622 0.189410 0.052871 0.655220 -0.028978 -0.079969 0.891641 0.444682
1783948159.550035954 0.189453 0.052857 0.655169 -0.029085 -0.079995 0.891635 0.444683
1783948159.560075760 0.190003 0.052958 0.654936 -0.029122 -0.080003 0.891642 0.444665
1783948159.570092440 0.190396 0.053001 0.654702 -0.029164 -0.080024 0.891651 0.444639
1783948159.580059290 0.190625 0.052981 0.654468 -0.029210 -0.080054 0.891656 0.444620
1783948159.590043068 0.190691 0.052900 0.654231 -0.029245 -0.080076 0.891661 0.444604
1783948159.600093126 0.190591 0.052760 0.653990 -0.029284 -0.080085 0.891663 0.444596
1783948159.611516476 0.190362 0.052567 0.653706 -0.029220 -0.080039 0.891659 0.444616
1783948159.620034933 0.189890 0.052308 0.653498 -0.029310 -0.080030 0.891642 0.444647
1783948159.630047560 0.189269 0.051981 0.653248 -0.029332 -0.079982 0.891621 0.444696
1783948159.640091896 0.188480 0.051590 0.652997 -0.029346 -0.079946 0.891614 0.444716
1783948159.650170326 0.187524 0.051135 0.652746 -0.029348 -0.079945 0.891616 0.444711
1783948159.650191307 0.187527 0.051136 0.652745 -0.029343 -0.079943 0.891616 0.444711
1783948159.650191307 0.187527 0.051136 0.652745 -0.029343 -0.079943 0.891616 0.444711
1783948159.660055876 0.187933 0.051225 0.652420 -0.029354 -0.079964 0.891629 0.444681
1783948159.670071602 0.188197 0.051262 0.652088 -0.029344 -0.079993 0.891648 0.444639
1783948159.680918217 0.188351 0.051263 0.651723 -0.029306 -0.080014 0.891661 0.444611
1783948159.690108299 0.188229 0.051177 0.651417 -0.029376 -0.080038 0.891667 0.444591
1783948159.700101376 0.187974 0.051052 0.651078 -0.029406 -0.080037 0.891671 0.444580
1783948159.710091114 0.187540 0.050868 0.650735 -0.029438 -0.080013 0.891672 0.444580
1783948159.720113039 0.186928 0.050616 0.650387 -0.029459 -0.079975 0.891664 0.444602
1783948159.730103731 0.186147 0.050290 0.650039 -0.029472 -0.079937 0.891652 0.444633
1783948159.741411209 0.185163 0.049874 0.649638 -0.029366 -0.079888 0.891653 0.444646
1783948159.749313354 0.184191 0.049470 0.649371 -0.029449 -0.079923 0.891653 0.444634
1783948159.749313354 0.184191 0.049470 0.649371 -0.029449 -0.079923 0.891653 0.444634
1783948159.750051498 0.184180 0.049464 0.649344 -0.029481 -0.079932 0.891652 0.444633
1783948159.760103703 0.184460 0.049556 0.648966 -0.029388 -0.079897 0.891670 0.444610
1783948159.770081520 0.184575 0.049601 0.648590 -0.029318 -0.079867 0.891692 0.444575
1783948159.780060291 0.184519 0.049599 0.648213 -0.029280 -0.079827 0.891704 0.444560
1783948159.790058613 0.184285 0.049548 0.647833 -0.029261 -0.079764 0.891716 0.444550
1783948159.800035954 0.183872 0.049438 0.647451 -0.029253 -0.079690 0.891724 0.444548
1783948159.810081005 0.183285 0.049260 0.647061 -0.029213 -0.079599 0.891728 0.444557
1783948159.820105553 0.182524 0.049003 0.646670 -0.029161 -0.079514 0.891730 0.444573
1783948159.830119133 0.181598 0.048667 0.646279 -0.029094 -0.079440 0.891726 0.444598
1783948159.841190338 0.180459 0.048244 0.645845 -0.028909 -0.079348 0.891729 0.444621
1783948159.850056887 0.179283 0.047810 0.645504 -0.028880 -0.079334 0.891739 0.444605
1783948159.850167036 0.179268 0.047804 0.645500 -0.028880 -0.079334 0.891739 0.444605
1783948159.850167036 0.179268 0.047804 0.645500 -0.028880 -0.079334 0.891739 0.444605
1783948159.860140324 0.179412 0.047917 0.645063 -0.028760 -0.079287 0.891763 0.444572
1783948159.870428801 0.179416 0.048000 0.644612 -0.028639 -0.079225 0.891792 0.444533
1783948159.880105734 0.179221 0.048018 0.644188 -0.028598 -0.079172 0.891810 0.444510
1783948159.890111923 0.178869 0.047990 0.643746 -0.028543 -0.079108 0.891827 0.444491
1783948159.900062561 0.178341 0.047896 0.643301 -0.028487 -0.079042 0.891844 0.444472
1783948159.910055399 0.177641 0.047730 0.642853 -0.028414 -0.078960 0.891856 0.444468
1783948159.920079708 0.176772 0.047488 0.642402 -0.028315 -0.078877 0.891856 0.444488
1783948159.933470011 0.175637 0.047168 0.641791 -0.027857 -0.078669 0.891872 0.444522
1783948159.940061569 0.174694 0.046856 0.641501 -0.027922 -0.078663 0.891866 0.444530
1783948159.950112820 0.173338 0.046429 0.641055 -0.027786 -0.078593 0.891885 0.444513
1783948159.951032639 0.173159 0.046368 0.641016 -0.027826 -0.078604 0.891884 0.444511
1783948159.951032639 0.173159 0.046368 0.641016 -0.027826 -0.078604 0.891884 0.444511
1783948159.960095406 0.173158 0.046516 0.640581 -0.027778 -0.078578 0.891927 0.444432
1783948159.971648216 0.173143 0.046724 0.640023 -0.027566 -0.078485 0.892003 0.444309
1783948159.980109930 0.172823 0.046760 0.639617 -0.027598 -0.078482 0.892035 0.444244
1783948159.990179539 0.172384 0.046792 0.639130 -0.027536 -0.078430 0.892087 0.444151
1783948160.000907898 0.171774 0.046777 0.638608 -0.027419 -0.078349 0.892144 0.444059
1783948160.010127783 0.171010 0.046668 0.638161 -0.027386 -0.078289 0.892174 0.444012
1783948160.023385525 0.170004 0.046554 0.637509 -0.026961 -0.078052 0.892250 0.443928
1783948160.030075312 0.169111 0.046331 0.637188 -0.027039 -0.078038 0.892254 0.443916
1783948160.040125608 0.167848 0.046031 0.636699 -0.026905 -0.077957 0.892292 0.443862
1783948160.050094366 0.166433 0.045677 0.636218 -0.026772 -0.077899 0.892339 0.443787
1783948160.051897526 0.166071 0.045570 0.636134 -0.026847 -0.077923 0.892339 0.443778
1783948160.051897526 0.166071 0.045570 0.636134 -0.026847 -0.077923 0.892339 0.443778
1783948160.060464621 0.166038 0.045733 0.635711 -0.026802 -0.077929 0.892363 0.443732
1783948160.070103884 0.165935 0.045906 0.635234 -0.026685 -0.077891 0.892403 0.443664
1783948160.080173016 0.165693 0.046050 0.634735 -0.026566 -0.077862 0.892437 0.443608
1783948160.090853453 0.165295 0.046158 0.634205 -0.026406 -0.077805 0.892479 0.443542
1783948160.100102186 0.164706 0.046159 0.633746 -0.026359 -0.077767 0.892504 0.443501
1783948160.110085011 0.163964 0.046111 0.633248 -0.026238 -0.077693 0.892527 0.443476
1783948160.120073795 0.163062 0.045989 0.632749 -0.026081 -0.077618 0.892548 0.443456
1783948160.130253315 0.161993 0.045796 0.632241 -0.025892 -0.077530 0.892564 0.443451
1783948160.140076399 0.160783 0.045541 0.631754 -0.025717 -0.077479 0.892584 0.443429
1783948160.150147438 0.159402 0.045237 0.631257 -0.025527 -0.077426 0.892619 0.443378
1783948160.152768850 0.158888 0.045101 0.631130 -0.025619 -0.077453 0.892619 0.443368
1783948160.152768850 0.158888 0.045101 0.631130 -0.025619 -0.077453 0.892619 0.443368
1783948160.160107613 0.158827 0.045248 0.630776 -0.025644 -0.077464 0.892646 0.443312
1783948160.170108318 0.158791 0.045480 0.630295 -0.025515 -0.077434 0.892702 0.443211
1783948160.180077076 0.158593 0.045659 0.629816 -0.025414 -0.077406 0.892750 0.443126
1783948160.190124512 0.158231 0.045783 0.629332 -0.025310 -0.077362 0.892801 0.443036
1783948160.200271368 0.157701 0.045843 0.628841 -0.025191 -0.077313 0.892849 0.442954
1783948160.210097551 0.157005 0.045824 0.628365 -0.025085 -0.077267 0.892886 0.442894
1783948160.220089912 0.156149 0.045740 0.627880 -0.024935 -0.077193 0.892921 0.442844
1783948160.231413841 0.155092 0.045601 0.627333 -0.024642 -0.077083 0.892965 0.442791
1783948160.240091085 0.153989 0.045381 0.626916 -0.024579 -0.077058 0.892995 0.442740
1783948160.250070095 0.152667 0.045116 0.626439 -0.024416 -0.077011 0.893044 0.442656
1783948160.253691196 0.151994 0.044949 0.626268 -0.024524 -0.077045 0.893049 0.442635
1783948160.253691196 0.151994 0.044949 0.626268 -0.024524 -0.077045 0.893049 0.442635
1783948160.260100365 0.151945 0.045076 0.625981 -0.024600 -0.077079 0.893053 0.442618
1783948160.270127296 0.152000 0.045328 0.625539 -0.024481 -0.077072 0.893076 0.442579
1783948160.280520439 0.151919 0.045541 0.625082 -0.024349 -0.077059 0.893094 0.442553
1783948160.290394783 0.151646 0.045670 0.624648 -0.024267 -0.077048 0.893109 0.442528
1783948160.300114870 0.151211 0.045734 0.624220 -0.024189 -0.077032 0.893119 0.442516
1783948160.310119867 0.150623 0.045742 0.623779 -0.024085 -0.076995 0.893123 0.442520
1783948160.320402145 0.149870 0.045687 0.623326 -0.023924 -0.076934 0.893122 0.442541
1783948160.330148220 0.148965 0.045555 0.622899 -0.023818 -0.076880 0.893117 0.442566
1783948160.340144396 0.147904 0.045364 0.622466 -0.023671 -0.076840 0.893119 0.442577
1783948160.350099087 0.146696 0.045116 0.622038 -0.023529 -0.076817 0.893133 0.442559
1783948160.354532003 0.145941 0.044926 0.621846 -0.023637 -0.076863 0.893131 0.442550
1783948160.354532003 0.145941 0.044926 0.621846 -0.023637 -0.076863 0.893131 0.442550
1783948160.360074520 0.145917 0.045008 0.621613 -0.023754 -0.076923 0.893132 0.442531
1783948160.370121241 0.146067 0.045211 0.621178 -0.023694 -0.076974 0.893158 0.442473
1783948160.380120039 0.146059 0.045363 0.620746 -0.023648 -0.077026 0.893179 0.442424
1783948160.390126705 0.145889 0.045469 0.620313 -0.023617 -0.077043 0.893201 0.442378
1783948160.400110722 0.145556 0.045521 0.619880 -0.023594 -0.077036 0.893217 0.442348
1783948160.410400867 0.145066 0.045512 0.619430 -0.023558 -0.077005 0.893230 0.442330
1783948160.420111418 0.144414 0.045415 0.619006 -0.023526 -0.076992 0.893236 0.442321
1783948160.430155039 0.143616 0.045240 0.618567 -0.023441 -0.076977 0.893239 0.442323
1783948160.440093279 0.142672 0.044992 0.618135 -0.023339 -0.076995 0.893246 0.442311
1783948160.450138807 0.141572 0.044686 0.617701 -0.023230 -0.077033 0.893262 0.442278
1783948160.455379009 0.140763 0.044456 0.617484 -0.023346 -0.077099 0.893265 0.442254
1783948160.455379009 0.140763 0.044456 0.617484 -0.023346 -0.077099 0.893265 0.442254
1783948160.460081339 0.140746 0.044527 0.617328 -0.023469 -0.077164 0.893257 0.442252
1783948160.470114231 0.140949 0.044780 0.617010 -0.023432 -0.077209 0.893247 0.442266
1783948160.480121851 0.140991 0.044992 0.616695 -0.023422 -0.077235 0.893235 0.442286
1783948160.490177155 0.140876 0.045152 0.616377 -0.023437 -0.077244 0.893222 0.442310
1783948160.502437592 0.140702 0.045319 0.615995 -0.023252 -0.077208 0.893210 0.442350
1783948160.510128498 0.140240 0.045277 0.615745 -0.023343 -0.077242 0.893190 0.442380
1783948160.520095587 0.139658 0.045204 0.615425 -0.023274 -0.077251 0.893163 0.442437
1783948160.530100346 0.138926 0.045056 0.615106 -0.023177 -0.077268 0.893131 0.442504
1783948160.540881395 0.138024 0.044852 0.614769 -0.023019 -0.077275 0.893102 0.442569
1783948160.550101519 0.137016 0.044603 0.614481 -0.022996 -0.077313 0.893085 0.442597
1783948160.556245089 0.136145 0.044372 0.614286 -0.023118 -0.077364 0.893077 0.442598
1783948160.556245089 0.136145 0.044372 0.614286 -0.023118 -0.077364 0.893077 0.442598
1783948160.560091972 0.136123 0.044424 0.614172 -0.023256 -0.077410 0.893074 0.442589
1783948160.571443319 0.136455 0.044737 0.613842 -0.023170 -0.077434 0.893087 0.442564
1783948160.580193281 0.136435 0.044874 0.613586 -0.023246 -0.077494 0.893088 0.442548
1783948160.590168238 0.136345 0.045000 0.613295 -0.023258 -0.077536 0.893091 0.442532
1783948160.600138187 0.136099 0.045061 0.613003 -0.023266 -0.077568 0.893091 0.442527
1783948160.610140562 0.135699 0.045058 0.612710 -0.023266 -0.077584 0.893084 0.442539
1783948160.620091915 0.135144 0.044987 0.612419 -0.023245 -0.077572 0.893074 0.442563
1783948160.635424852 0.134508 0.044943 0.611979 -0.022683 -0.077446 0.893073 0.442616
1783948160.640105724 0.133931 0.044778 0.611841 -0.022815 -0.077484 0.893063 0.442622
1783948160.650199652 0.132913 0.044508 0.611550 -0.022758 -0.077518 0.893066 0.442612
1783948160.657105207 0.131989 0.044240 0.611351 -0.022878 -0.077592 0.893064 0.442597
1783948160.657105207 0.131989 0.044240 0.611351 -0.022878 -0.077592 0.893064 0.442597
1783948160.660177469 0.131973 0.044275 0.611262 -0.022990 -0.077637 0.893063 0.442586
1783948160.670124531 0.132267 0.044538 0.610960 -0.022917 -0.077670 0.893091 0.442528
1783948160.680148363 0.132417 0.044755 0.610657 -0.022847 -0.077697 0.893106 0.442496
1783948160.690109253 0.132407 0.044917 0.610356 -0.022809 -0.077700 0.893129 0.442451
1783948160.700175047 0.132247 0.045024 0.610053 -0.022745 -0.077686 0.893145 0.442425
1783948160.710124731 0.131924 0.045057 0.609754 -0.022678 -0.077647 0.893156 0.442414
1783948160.720139265 0.131449 0.045013 0.609452 -0.022593 -0.077619 0.893159 0.442415
1783948160.730205059 0.130823 0.044893 0.609149 -0.022485 -0.077593 0.893161 0.442422
1783948160.740151167 0.130050 0.044704 0.608851 -0.022365 -0.077586 0.893170 0.442411
1783948160.750148058 0.129129 0.044459 0.608554 -0.022242 -0.077592 0.893188 0.442379
1783948160.757982016 0.128191 0.044191 0.608327 -0.022273 -0.077630 0.893200 0.442347
1783948160.757982016 0.128191 0.044191 0.608327 -0.022273 -0.077630 0.893200 0.442347
1783948160.761362314 0.128193 0.044234 0.608242 -0.022382 -0.077669 0.893201 0.442334
1783948160.770304680 0.128431 0.044443 0.608024 -0.022359 -0.077693 0.893228 0.442275
1783948160.780126095 0.128610 0.044647 0.607786 -0.022299 -0.077691 0.893258 0.442219
1783948160.790128469 0.128651 0.044800 0.607544 -0.022231 -0.077675 0.893289 0.442163
1783948160.800856352 0.128575 0.044904 0.607284 -0.022091 -0.077644 0.893321 0.442110
1783948160.810132504 0.128281 0.044888 0.607056 -0.022030 -0.077637 0.893336 0.442083
1783948160.820152998 0.127864 0.044813 0.606809 -0.021893 -0.077606 0.893352 0.442064
1783948160.832523346 0.127329 0.044695 0.606508 -0.021496 -0.077511 0.893374 0.442055
1783948160.840151310 0.126648 0.044486 0.606320 -0.021510 -0.077513 0.893378 0.442045
1783948160.850133181 0.125778 0.044229 0.606080 -0.021377 -0.077485 0.893405 0.442003
1783948160.858862162 0.124822 0.043941 0.605873 -0.021349 -0.077499 0.893429 0.441953
1783948160.858862162 0.124822 0.043941 0.605873 -0.021349 -0.077499 0.893429 0.441953
1783948160.860154390 0.124820 0.043950 0.605843 -0.021406 -0.077516 0.893429 0.441948
1783948160.870138168 0.125252 0.044193 0.605614 -0.021316 -0.077529 0.893470 0.441867
1783948160.880132675 0.125535 0.044374 0.605385 -0.021240 -0.077556 0.893505 0.441795
1783948160.890166998 0.125667 0.044494 0.605157 -0.021163 -0.077574 0.893543 0.441719
1783948160.900144100 0.125641 0.044549 0.604929 -0.021091 -0.077561 0.893576 0.441657
1783948160.910222530 0.125468 0.044537 0.604698 -0.020997 -0.077540 0.893602 0.441613
1783948160.920159578 0.125134 0.044448 0.604471 -0.020888 -0.077496 0.893623 0.441584
1783948160.930136442 0.124646 0.044285 0.604243 -0.020769 -0.077452 0.893634 0.441574
1783948160.940159082 0.124006 0.044056 0.604016 -0.020638 -0.077423 0.893659 0.441535
1783948160.950172901 0.123218 0.043768 0.603791 -0.020522 -0.077429 0.893691 0.441474
1783948160.959704399 0.122300 0.043436 0.603581 -0.020459 -0.077457 0.893724 0.441407
1783948160.959704399 0.122300 0.043436 0.603581 -0.020459 -0.077457 0.893724 0.441407
1783948160.961204052 0.122315 0.043440 0.603550 -0.020525 -0.077478 0.893724 0.441400
1783948160.970203638 0.122772 0.043589 0.603376 -0.020481 -0.077469 0.893767 0.441317
1783948160.980185747 0.123210 0.043723 0.603185 -0.020377 -0.077448 0.893814 0.441228
1783948160.990591764 0.123537 0.043806 0.602987 -0.020246 -0.077408 0.893871 0.441127
1783948161.000195742 0.123639 0.043797 0.602801 -0.020178 -0.077377 0.893911 0.441055
1783948161.010195732 0.123622 0.043729 0.602608 -0.020063 -0.077319 0.893948 0.440994
1783948161.020133734 0.123450 0.043591 0.602415 -0.019940 -0.077238 0.893982 0.440946
1783948161.030165911 0.123134 0.043385 0.602220 -0.019812 -0.077154 0.894006 0.440917
1783948161.040164471 0.122674 0.043111 0.602027 -0.019670 -0.077073 0.894039 0.440870
1783948161.051373959 0.122086 0.042761 0.601818 -0.019420 -0.076986 0.894097 0.440779
1783948161.060210705 0.121354 0.042381 0.601656 -0.019359 -0.076982 0.894141 0.440693
1783948161.060578108 0.121307 0.042359 0.601649 -0.019372 -0.076986 0.894142 0.440691
1783948161.060578108 0.121307 0.042359 0.601649 -0.019372 -0.076986 0.894142 0.440691
1783948161.070206165 0.122053 0.042451 0.601517 -0.019343 -0.076999 0.894151 0.440670
1783948161.081409454 0.122869 0.042531 0.601367 -0.019215 -0.076982 0.894164 0.440654
1783948161.090192080 0.123228 0.042495 0.601246 -0.019262 -0.076992 0.894168 0.440641
1783948161.100243568 0.123576 0.042427 0.601109 -0.019253 -0.076953 0.894171 0.440642
1783948161.114003181 0.124147 0.042349 0.600930 -0.018912 -0.076780 0.894178 0.440673
1783948161.120151043 0.123992 0.042163 0.600842 -0.019045 -0.076779 0.894165 0.440695
1783948161.130177736 0.123888 0.041881 0.600705 -0.018993 -0.076716 0.894149 0.440740
1783948161.140223503 0.123647 0.041521 0.600568 -0.018923 -0.076673 0.894142 0.440763
1783948161.150183201 0.123266 0.041096 0.600436 -0.018850 -0.076664 0.894144 0.440766
1783948161.160190582 0.122745 0.040616 0.600307 -0.018770 -0.076670 0.894152 0.440750
1783948161.161440134 0.122601 0.040529 0.600290 -0.018828 -0.076691 0.894151 0.440747
1783948161.161440134 0.122601 0.040529 0.600290 -0.018828 -0.076691 0.894151 0.440747
1783948161.170159817 0.123443 0.040552 0.600219 -0.018929 -0.076769 0.894146 0.440740
1783948161.180118322 0.124354 0.040565 0.600141 -0.018995 -0.076825 0.894134 0.440750
1783948161.190146446 0.125120 0.040529 0.600062 -0.019093 -0.076855 0.894126 0.440757
1783948161.200152159 0.125727 0.040430 0.599981 -0.019193 -0.076876 0.894115 0.440772
1783948161.210133314 0.126181 0.040259 0.599899 -0.019283 -0.076886 0.894094 0.440809
1783948161.220186710 0.126499 0.040003 0.599814 -0.019314 -0.076879 0.894075 0.440848
1783948161.230200291 0.126670 0.039666 0.599727 -0.019379 -0.076904 0.894045 0.440902
1783948161.242963076 0.126939 0.039217 0.599623 -0.019219 -0.076911 0.894023 0.440952
1783948161.250183821 0.126722 0.038822 0.599559 -0.019325 -0.076976 0.894014 0.440954
1783948161.260159969 0.126494 0.038302 0.599479 -0.019364 -0.077027 0.894006 0.440959
1783948161.262304306 0.126315 0.038146 0.599459 -0.019461 -0.077058 0.894003 0.440956
1783948161.262304306 0.126315 0.038146 0.599459 -0.019461 -0.077058 0.894003 0.440956
1783948161.270206690 0.127226 0.038115 0.599433 -0.019597 -0.077114 0.893990 0.440965
1783948161.280555248 0.128451 0.038088 0.599403 -0.019669 -0.077162 0.893967 0.441001
1783948161.290201902 0.129397 0.037993 0.599371 -0.019808 -0.077201 0.893949 0.441025
1783948161.300145388 0.130240 0.037838 0.599336 -0.019921 -0.077232 0.893929 0.441055
1783948161.310308933 0.130958 0.037611 0.599297 -0.020034 -0.077258 0.893904 0.441095
1783948161.320158958 0.131486 0.037302 0.599256 -0.020133 -0.077267 0.893865 0.441168
1783948161.330185652 0.131896 0.036912 0.599214 -0.020176 -0.077266 0.893829 0.441240
1783948161.340148926 0.132159 0.036454 0.599172 -0.020259 -0.077305 0.893791 0.441307
1783948161.350189209 0.132292 0.035937 0.599133 -0.020310 -0.077362 0.893771 0.441334
1783948161.360195875 0.132283 0.035372 0.599098 -0.020367 -0.077425 0.893754 0.441354
1783948161.363169432 0.132110 0.035144 0.599084 -0.020502 -0.077472 0.893746 0.441357
1783948161.363169432 0.132110 0.035144 0.599084 -0.020502 -0.077472 0.893746 0.441357
1783948161.373388529 0.133528 0.035079 0.599081 -0.020675 -0.077560 0.893726 0.441373
1783948161.380162954 0.134233 0.034948 0.599076 -0.020901 -0.077630 0.893716 0.441372
1783948161.390204906 0.135354 0.034784 0.599071 -0.021095 -0.077698 0.893695 0.441392
1783948161.400203466 0.136318 0.034561 0.599065 -0.021309 -0.077735 0.893686 0.441394
1783948161.410145760 0.137127 0.034276 0.599057 -0.021501 -0.077773 0.893658 0.441435
1783948161.420145035 0.137799 0.033917 0.599048 -0.021687 -0.077784 0.893632 0.441475
1783948161.436366081 0.139244 0.033394 0.599045 -0.021463 -0.077709 0.893581 0.441603
1783948161.440204620 0.139233 0.033128 0.599038 -0.021617 -0.077752 0.893569 0.441613
1783948161.450179577 0.139490 0.032533 0.599028 -0.021724 -0.077820 0.893551 0.441632
1783948161.460181952 0.139605 0.031886 0.599020 -0.021839 -0.077914 0.893540 0.441633
1783948161.464040518 0.139459 0.031571 0.599015 -0.022006 -0.077972 0.893533 0.441628
1783948161.464040518 0.139459 0.031571 0.599015 -0.022006 -0.077972 0.893533 0.441628
1783948161.471930027 0.140599 0.031472 0.599032 -0.022174 -0.078042 0.893534 0.441605
1783948161.480147123 0.141701 0.031350 0.599050 -0.022364 -0.078098 0.893530 0.441593
1783948161.490205526 0.143028 0.031200 0.599071 -0.022534 -0.078129 0.893535 0.441569
1783948161.500200510 0.144183 0.030984 0.599088 -0.022703 -0.078149 0.893533 0.441560
1783948161.510389090 0.145218 0.030691 0.599102 -0.022849 -0.078163 0.893526 0.441565
1783948161.520194292 0.146046 0.030316 0.599113 -0.022961 -0.078176 0.893511 0.441587
1783948161.530154943 0.146756 0.029857 0.599125 -0.023034 -0.078196 0.893491 0.441621
1783948161.540375233 0.147353 0.029320 0.599137 -0.023092 -0.078225 0.893481 0.441633
1783948161.550221443 0.147761 0.028739 0.599149 -0.023170 -0.078285 0.893480 0.441620
1783948161.560159206 0.148028 0.028114 0.599164 -0.023280 -0.078346 0.893485 0.441593
1783948161.564924479 0.147933 0.027736 0.599169 -0.023463 -0.078403 0.893482 0.441580
1783948161.564924479 0.147933 0.027736 0.599169 -0.023463 -0.078403 0.893482 0.441580
1783948161.570450544 0.148691 0.027634 0.599192 -0.023640 -0.078441 0.893486 0.441555
1783948161.580225706 0.150189 0.027524 0.599235 -0.023761 -0.078434 0.893506 0.441510
1783948161.590247631 0.151582 0.027356 0.599276 -0.023887 -0.078414 0.893527 0.441465
1783948161.602352619 0.153226 0.027127 0.599324 -0.023887 -0.078335 0.893559 0.441413
1783948161.610180378 0.153946 0.026833 0.599348 -0.024041 -0.078334 0.893559 0.441405
1783948161.620219707 0.154883 0.026442 0.599379 -0.024099 -0.078284 0.893561 0.441405
1783948161.630166054 0.155657 0.025976 0.599408 -0.024138 -0.078245 0.893563 0.441407
1783948161.640225172 0.156296 0.025442 0.599436 -0.024162 -0.078208 0.893572 0.441394
1783948161.650266409 0.156780 0.024858 0.599467 -0.024197 -0.078188 0.893593 0.441354
1783948161.660708666 0.157143 0.024214 0.599500 -0.024242 -0.078176 0.893622 0.441295
1783948161.665800095 0.157073 0.023811 0.599514 -0.024418 -0.078220 0.893625 0.441272
1783948161.665800095 0.157073 0.023811 0.599514 -0.024418 -0.078220 0.893625 0.441272
1783948161.670163155 0.157663 0.023718 0.599542 -0.024587 -0.078267 0.893624 0.441254
1783948161.680190086 0.159275 0.023609 0.599616 -0.024718 -0.078288 0.893638 0.441216
1783948161.690401077 0.160766 0.023441 0.599690 -0.024837 -0.078287 0.893652 0.441182
1783948161.700193405 0.162013 0.023200 0.599756 -0.024952 -0.078281 0.893663 0.441153
1783948161.710222244 0.163153 0.022886 0.599821 -0.025042 -0.078262 0.893667 0.441143
1783948161.723093271 0.164633 0.022467 0.599909 -0.024931 -0.078161 0.893681 0.441139
1783948161.730170965 0.165067 0.022079 0.599948 -0.025078 -0.078172 0.893669 0.441152
1783948161.740161896 0.165742 0.021554 0.600008 -0.025131 -0.078150 0.893670 0.441152
1783948161.750200272 0.166271 0.020974 0.600069 -0.025179 -0.078170 0.893681 0.441124
1783948161.760175228 0.166639 0.020353 0.600131 -0.025262 -0.078184 0.893698 0.441081
1783948161.766645670 0.166642 0.019868 0.600168 -0.025445 -0.078228 0.893702 0.441056
1783948161.766645670 0.166642 0.019868 0.600168 -0.025445 -0.078228 0.893702 0.441056
1783948161.770198107 0.167117 0.019790 0.600203 -0.025599 -0.078270 0.893701 0.441042
1783948161.780227184 0.168767 0.019703 0.600319 -0.025707 -0.078285 0.893715 0.441003
1783948161.790178537 0.170243 0.019552 0.600429 -0.025827 -0.078297 0.893732 0.440959
1783948161.800236464 0.171584 0.019333 0.600535 -0.025923 -0.078289 0.893746 0.440927
1783948161.810188770 0.172749 0.019043 0.600635 -0.026001 -0.078281 0.893756 0.440903
1783948161.820203066 0.173767 0.018684 0.600733 -0.026065 -0.078255 0.893756 0.440904
1783948161.830174208 0.174626 0.018259 0.600827 -0.026120 -0.078232 0.893754 0.440909
1783948161.840195417 0.175339 0.017774 0.600921 -0.026166 -0.078204 0.893759 0.440902
1783948161.852383852 0.176174 0.017183 0.601042 -0.026086 -0.078153 0.893787 0.440859
1783948161.860267878 0.176371 0.016673 0.601111 -0.026227 -0.078191 0.893798 0.440822
1783948161.867516041 0.176433 0.016165 0.601174 -0.026390 -0.078239 0.893804 0.440791
1783948161.867516041 0.176433 0.016165 0.601174 -0.026390 -0.078239 0.893804 0.440791
1783948161.870199919 0.176780 0.016111 0.601210 -0.026515 -0.078279 0.893806 0.440773
1783948161.881924629 0.178825 0.016113 0.601398 -0.026543 -0.078308 0.893873 0.440629
1783948161.890222788 0.179957 0.015989 0.601519 -0.026717 -0.078360 0.893905 0.440545
1783948161.900212526 0.181277 0.015825 0.601666 -0.026835 -0.078389 0.893951 0.440440
1783948161.910862446 0.182552 0.015594 0.601819 -0.026914 -0.078406 0.893992 0.440347
1783948161.920210838 0.183445 0.015290 0.601946 -0.027022 -0.078408 0.894019 0.440287
1783948161.930217981 0.184296 0.014917 0.602081 -0.027085 -0.078407 0.894047 0.440226
1783948161.940232754 0.184997 0.014481 0.602216 -0.027133 -0.078421 0.894082 0.440149
1783948161.950626135 0.185589 0.013983 0.602356 -0.027167 -0.078448 0.894133 0.440038
1783948161.960221529 0.185933 0.013456 0.602483 -0.027255 -0.078507 0.894183 0.439921
1783948161.968373775 0.186028 0.012943 0.602587 -0.027410 -0.078572 0.894217 0.439831
1783948161.968373775 0.186028 0.012943 0.602587 -0.027410 -0.078572 0.894217 0.439831
1783948161.970186234 0.186246 0.012909 0.602624 -0.027499 -0.078600 0.894219 0.439816
1783948161.980254412 0.187871 0.012910 0.602876 -0.027596 -0.078635 0.894287 0.439665
1783948161.990193844 0.189301 0.012853 0.603119 -0.027715 -0.078644 0.894353 0.439521
1783948162.000186920 0.190580 0.012734 0.603357 -0.027825 -0.078640 0.894418 0.439383
1783948162.010187387 0.191698 0.012543 0.603591 -0.027926 -0.078635 0.894475 0.439262
1783948162.020240068 0.192664 0.012272 0.603822 -0.027985 -0.078622 0.894531 0.439147
1783948162.030184746 0.193458 0.011926 0.604046 -0.028020 -0.078616 0.894578 0.439049
1783948162.041084528 0.194218 0.011502 0.604296 -0.027999 -0.078603 0.894648 0.438910
1783948162.050243378 0.194607 0.011056 0.604495 -0.028078 -0.078643 0.894705 0.438782
1783948162.060244322 0.194932 0.010553 0.604718 -0.028150 -0.078689 0.894776 0.438624
1783948162.069281578 0.195021 0.010039 0.604914 -0.028272 -0.078729 0.894838 0.438482
1783948162.069281578 0.195021 0.010039 0.604914 -0.028272 -0.078729 0.894838 0.438482
1783948162.070204258 0.195121 0.010023 0.604942 -0.028320 -0.078742 0.894840 0.438474
1783948162.080362320 0.196642 0.010033 0.605306 -0.028412 -0.078747 0.894924 0.438295
1783948162.090195656 0.197931 0.009975 0.605652 -0.028518 -0.078759 0.895007 0.438117
1783948162.100279331 0.199100 0.009852 0.606001 -0.028613 -0.078758 0.895091 0.437939
1783948162.111594677 0.200299 0.009658 0.606397 -0.028622 -0.078723 0.895189 0.437744
1783948162.120209455 0.200935 0.009390 0.606679 -0.028731 -0.078730 0.895234 0.437644
1783948162.130226135 0.201614 0.009048 0.607014 -0.028760 -0.078702 0.895299 0.437514
1783948162.145436049 0.202816 0.008614 0.607573 -0.028375 -0.078563 0.895485 0.437183
1783948162.150278568 0.202823 0.008327 0.607716 -0.028534 -0.078606 0.895502 0.437130
1783948162.160251379 0.203020 0.007828 0.608045 -0.028593 -0.078632 0.895588 0.436945
1783948162.170104504 0.203043 0.007287 0.608369 -0.028663 -0.078649 0.895680 0.436751
1783948162.170104504 0.203043 0.007287 0.608369 -0.028663 -0.078649 0.895680 0.436751
1783948162.170231581 0.203060 0.007288 0.608372 -0.028664 -0.078649 0.895680 0.436750
1783948162.181117058 0.204604 0.007407 0.608585 -0.028620 -0.078614 0.895701 0.436715
1783948162.190207243 0.205654 0.007406 0.608787 -0.028688 -0.078592 0.895716 0.436684
1783948162.200225592 0.206706 0.007367 0.608990 -0.028671 -0.078548 0.895729 0.436667
1783948162.210217476 0.207583 0.007251 0.609187 -0.028650 -0.078501 0.895736 0.436662
1783948162.220234156 0.208286 0.007058 0.609378 -0.028614 -0.078454 0.895738 0.436669
1783948162.230242491 0.208811 0.006796 0.609566 -0.028571 -0.078433 0.895738 0.436676
1783948162.240216255 0.209154 0.006480 0.609751 -0.028560 -0.078418 0.895742 0.436670
1783948162.250222206 0.209322 0.006120 0.609937 -0.028555 -0.078416 0.895761 0.436633
1783948162.260235310 0.209306 0.005717 0.610123 -0.028596 -0.078410 0.895772 0.436608
1783948162.270213842 0.209094 0.005268 0.610307 -0.028654 -0.078418 0.895787 0.436571
1783948162.270972490 0.209035 0.005214 0.610331 -0.028699 -0.078432 0.895786 0.436569
1783948162.270972490 0.209035 0.005214 0.610331 -0.028699 -0.078432 0.895786 0.436569
1783948162.280649185 0.210037 0.005283 0.610878 -0.028779 -0.078440 0.895866 0.436398
1783948162.290215969 0.210846 0.005292 0.611416 -0.028878 -0.078472 0.895937 0.436239
1783948162.300251961 0.211529 0.005250 0.611978 -0.028985 -0.078492 0.896018 0.436064
1783948162.310242414 0.212009 0.005142 0.612533 -0.029084 -0.078515 0.896093 0.435899
1783948162.320226431 0.212287 0.004970 0.613084 -0.029206 -0.078527 0.896151 0.435769
1783948162.330250978 0.212367 0.004736 0.613633 -0.029339 -0.078538 0.896209 0.435637
1783948162.340488672 0.212262 0.004441 0.614191 -0.029484 -0.078552 0.896275 0.435491
1783948162.350267410 0.211955 0.004096 0.614721 -0.029662 -0.078595 0.896348 0.435321
1783948162.360277653 0.211476 0.003700 0.615265 -0.029859 -0.078658 0.896426 0.435134
1783948162.371848106 0.210799 0.003228 0.615906 -0.029989 -0.078710 0.896538 0.434885
1783948162.371848106 0.210799 0.003228 0.615906 -0.029989 -0.078710 0.896538 0.434885
1783948162.372404337 0.210807 0.003227 0.615942 -0.030026 -0.078725 0.896538 0.434880
1783948162.380220890 0.211091 0.003325 0.616473 -0.030242 -0.078883 0.896572 0.434766
1783948162.390279293 0.211406 0.003465 0.617174 -0.030353 -0.079039 0.896638 0.434594
1783948162.400284767 0.211525 0.003550 0.617867 -0.030512 -0.079195 0.896692 0.434444
1783948162.410223246 0.211448 0.003570 0.618550 -0.030680 -0.079325 0.896733 0.434323
1783948162.420283318 0.211181 0.003519 0.619240 -0.030839 -0.079453 0.896772 0.434207
1783948162.430273533 0.210724 0.003386 0.619922 -0.031028 -0.079611 0.896804 0.434100
1783948162.442372084 0.210056 0.003189 0.620768 -0.031009 -0.079793 0.896878 0.433914
1783948162.450271606 0.209303 0.002914 0.621293 -0.031265 -0.079990 0.896908 0.433798
1783948162.460268259 0.208286 0.002569 0.621973 -0.031485 -0.080258 0.896968 0.433609
1783948162.470250607 0.207064 0.002170 0.622652 -0.031715 -0.080546 0.897025 0.433419
1783948162.472708464 0.206638 0.002016 0.622805 -0.031924 -0.080651 0.897020 0.433396
1783948162.472708464 0.206638 0.002016 0.622805 -0.031924 -0.080651 0.897020 0.433396
1783948162.480250597 0.206360 0.002158 0.623431 -0.032100 -0.080812 0.897108 0.433169
1783948162.490316391 0.205915 0.002387 0.624286 -0.032142 -0.080946 0.897273 0.432800
1783948162.500267267 0.205235 0.002562 0.625127 -0.032246 -0.081064 0.897422 0.432462
1783948162.510233402 0.204307 0.002679 0.625966 -0.032407 -0.081199 0.897561 0.432134
1783948162.520221949 0.203117 0.002726 0.626802 -0.032621 -0.081359 0.897692 0.431817
1783948162.530258179 0.201661 0.002695 0.627636 -0.032898 -0.081567 0.897818 0.431495
1783948162.540300608 0.199951 0.002591 0.628470 -0.033224 -0.081823 0.897949 0.431148
1783948162.550236464 0.198010 0.002421 0.629294 -0.033617 -0.082138 0.898088 0.430769
1783948162.560258627 0.195806 0.002192 0.630126 -0.034079 -0.082501 0.898217 0.430393
1783948162.571607828 0.193074 0.001913 0.631077 -0.034549 -0.082893 0.898400 0.429899
1783948162.574418783 0.192232 0.001758 0.631295 -0.034919 -0.083064 0.898396 0.429844
1783948162.574418783 0.192232 0.001758 0.631295 -0.034919 -0.083064 0.898396 0.429844
1783948162.580273390 0.191190 0.001917 0.631923 -0.035445 -0.083391 0.898435 0.429655
1783948162.590290070 0.189398 0.002274 0.633036 -0.035935 -0.083849 0.898593 0.429196
1783948162.600294590 0.187371 0.002577 0.634152 -0.036516 -0.084330 0.898733 0.428758
1783948162.610227108 0.185119 0.002833 0.635221 -0.036983 -0.084721 0.898861 0.428374
1783948162.620236874 0.182614 0.003050 0.636244 -0.037734 -0.085266 0.898989 0.427930
1783948162.630241871 0.179915 0.003173 0.637286 -0.038316 -0.085744 0.899094 0.427564
1783948162.640309095 0.176976 0.003198 0.638343 -0.039032 -0.086360 0.899231 0.427085
1783948162.655528069 0.172411 0.003314 0.639991 -0.039377 -0.087389 0.899589 0.426089
1783948162.660254717 0.170682 0.003158 0.640462 -0.040043 -0.087748 0.899599 0.425932
1783948162.670269966 0.167085 0.002964 0.641506 -0.040824 -0.088468 0.899709 0.425477
1783948162.674441814 0.165413 0.002799 0.641915 -0.041552 -0.088796 0.899699 0.425359
1783948162.674441814 0.165413 0.002799 0.641915 -0.041552 -0.088796 0.899699 0.425359
1783948162.680289745 0.163701 0.003041 0.642614 -0.042330 -0.089181 0.899740 0.425114
1783948162.690243483 0.160838 0.003554 0.643865 -0.042913 -0.089761 0.899924 0.424545
1783948162.700270176 0.157767 0.004009 0.645126 -0.043587 -0.090365 0.900111 0.423951
1783948162.711612701 0.154123 0.004481 0.646569 -0.044274 -0.091011 0.900345 0.423244
1783948162.720266581 0.151080 0.004677 0.647641 -0.045074 -0.091599 0.900442 0.422827
1783948162.730646133 0.147331 0.004889 0.648952 -0.045788 -0.092237 0.900626 0.422218
1783948162.740275621 0.143643 0.004976 0.650156 -0.046640 -0.092907 0.900766 0.421680
1783948162.751742125 0.139151 0.005067 0.651630 -0.047317 -0.093663 0.901013 0.420908
1783948162.760276556 0.135556 0.004983 0.652697 -0.048227 -0.094338 0.901115 0.420436
1783948162.770267963 0.131262 0.004876 0.653971 -0.049173 -0.095090 0.901281 0.419800
1783948162.775313377 0.128921 0.004703 0.654582 -0.049997 -0.095563 0.901279 0.419600
1783948162.775313377 0.128921 0.004703 0.654582 -0.049997 -0.095563 0.901279 0.419600
1783948162.780267239 0.127060 0.004902 0.655204 -0.050783 -0.096003 0.901269 0.419426
1783948162.790443659 0.123303 0.005418 0.656531 -0.051563 -0.096671 0.901418 0.418857
1783948162.800274134 0.119541 0.005824 0.657813 -0.052392 -0.097351 0.901537 0.418341
1783948162.810261011 0.115605 0.006158 0.659121 -0.053222 -0.098047 0.901653 0.417824
1783948162.821987629 0.110893 0.006509 0.660683 -0.053894 -0.098776 0.901844 0.417153
1783948162.830278635 0.107384 0.006597 0.661771 -0.054818 -0.099385 0.901888 0.416791
1783948162.840248823 0.103124 0.006684 0.663100 -0.055615 -0.100047 0.901991 0.416305
1783948162.850549459 0.098628 0.006698 0.664487 -0.056357 -0.100730 0.902128 0.415744
1783948162.860250950 0.094271 0.006610 0.665797 -0.057200 -0.101436 0.902237 0.415219
1783948162.870256901 0.089674 0.006446 0.667159 -0.058042 -0.102169 0.902355 0.414667
1783948162.876175642 0.086828 0.006232 0.667950 -0.058882 -0.102697 0.902352 0.414424
1783948162.876175642 0.086828 0.006232 0.667950 -0.058882 -0.102697 0.902352 0.414424
1783948162.880249262 0.085203 0.006331 0.668571 -0.059540 -0.103082 0.902329 0.414285
1783948162.890259504 0.081293 0.006690 0.670132 -0.060194 -0.103778 0.902457 0.413738
1783948162.900293112 0.077270 0.006971 0.671704 -0.060871 -0.104477 0.902570 0.413215
1783948162.913368225 0.071965 0.007328 0.673781 -0.061130 -0.105232 0.902826 0.412424
1783948162.920275688 0.068978 0.007331 0.674862 -0.062001 -0.105801 0.902826 0.412150
1783948162.930287361 0.064643 0.007348 0.676450 -0.062769 -0.106514 0.902911 0.411664
1783948162.941023827 0.059921 0.007287 0.678172 -0.063417 -0.107259 0.903033 0.411102
1783948162.950278282 0.055745 0.007111 0.679661 -0.064158 -0.107971 0.903111 0.410630
1783948162.960293770 0.051168 0.006862 0.681286 -0.064878 -0.108728 0.903213 0.410091
1783948162.971236467 0.046097 0.006525 0.683082 -0.065518 -0.109517 0.903353 0.409472
1783948162.977045298 0.043287 0.006219 0.684029 -0.066340 -0.110049 0.903329 0.409250
1783948162.977045298 0.043287 0.006219 0.684029 -0.066340 -0.110049 0.903329 0.409250
1783948162.980282784 0.041960 0.006232 0.684564 -0.066939 -0.110375 0.903291 0.409149
1783948162.990296841 0.037999 0.006374 0.686122 -0.067697 -0.111092 0.903405 0.408577
1783948163.002398252 0.033193 0.006492 0.687977 -0.068211 -0.111866 0.903613 0.407820
1783948163.010281086 0.029917 0.006422 0.689244 -0.069123 -0.112508 0.903621 0.407471
1783948163.020323277 0.025743 0.006301 0.690830 -0.069980 -0.113237 0.903697 0.406955
1783948163.030277967 0.021555 0.006084 0.692414 -0.070817 -0.113960 0.903766 0.406454
1783948163.040287971 0.017314 0.005771 0.694022 -0.071572 -0.114676 0.903851 0.405930
1783948163.050293922 0.013045 0.005363 0.695643 -0.072266 -0.115412 0.903950 0.405379
1783948163.060405493 0.008698 0.004856 0.697292 -0.072977 -0.116182 0.904053 0.404801
1783948163.071409464 0.003946 0.004221 0.699089 -0.073619 -0.116975 0.904199 0.404129
1783948163.077912092 0.001035 0.003728 0.700207 -0.074439 -0.117550 0.904185 0.403844
1783948163.077912092 0.001035 0.003728 0.700207 -0.074439 -0.117550 0.904185 0.403844
1783948163.080256701 0.000102 0.003679 0.700664 -0.074891 -0.117794 0.904144 0.403781
1783948163.090269327 -0.003755 0.003545 0.702579 -0.075643 -0.118505 0.904205 0.403297
1783948163.100993633 -0.007896 0.003324 0.704637 -0.076349 -0.119239 0.904286 0.402766
1783948163.110316515 -0.011542 0.003028 0.706444 -0.077205 -0.119928 0.904295 0.402378
1783948163.120249510 -0.015435 0.002633 0.708375 -0.078010 -0.120614 0.904322 0.401956
1783948163.130438566 -0.019438 0.002128 0.710367 -0.078756 -0.121315 0.904356 0.401523
1783948163.140272141 -0.023311 0.001533 0.712305 -0.079484 -0.122004 0.904393 0.401087
1783948163.150309086 -0.027263 0.000831 0.714298 -0.080155 -0.122714 0.904443 0.400624
1783948163.160403967 -0.031239 0.000031 0.716317 -0.080833 -0.123438 0.904500 0.400136
1783948163.170282602 -0.035143 -0.000846 0.718309 -0.081540 -0.124153 0.904545 0.399670
1783948163.178780556 -0.038530 -0.001688 0.720042 -0.082318 -0.124808 0.904543 0.399309
1783948163.178780556 -0.038530 -0.001688 0.720042 -0.082318 -0.124808 0.904543 0.399309
1783948163.180241823 -0.039072 -0.001740 0.720322 -0.082604 -0.124958 0.904508 0.399283
1783948163.190253258 -0.042713 -0.002054 0.722086 -0.083310 -0.125633 0.904488 0.398971
1783948163.200308800 -0.046346 -0.002452 0.723872 -0.084004 -0.126286 0.904463 0.398675
1783948163.210295677 -0.049934 -0.002938 0.725661 -0.084725 -0.126917 0.904417 0.398427
1783948163.221362829 -0.053871 -0.003574 0.727636 -0.085343 -0.127583 0.904397 0.398127
1783948163.230347157 -0.057049 -0.004202 0.729293 -0.086046 -0.128174 0.904340 0.397916
1783948163.240284204 -0.060520 -0.004982 0.731124 -0.086599 -0.128793 0.904313 0.397656
1783948163.252477646 -0.064715 -0.006046 0.733336 -0.086844 -0.129447 0.904375 0.397249
1783948163.260274887 -0.067402 -0.006845 0.734833 -0.087513 -0.130021 0.904322 0.397036
1783948163.270318031 -0.070836 -0.007930 0.736729 -0.088033 -0.130670 0.904321 0.396711
1783948163.279659510 -0.074026 -0.009020 0.738522 -0.088582 -0.131258 0.904295 0.396453
1783948163.279659510 -0.074026 -0.009020 0.738522 -0.088582 -0.131258 0.904295 0.396453
1783948163.280624151 -0.074335 -0.009062 0.738726 -0.088751 -0.131346 0.904275 0.396433
1783948163.290256500 -0.077396 -0.009257 0.740714 -0.089441 -0.131909 0.904295 0.396045
1783948163.300314903 -0.080574 -0.009529 0.742799 -0.090102 -0.132464 0.904326 0.395638
1783948163.310291290 -0.083717 -0.009898 0.744873 -0.090804 -0.133027 0.904341 0.395253
1783948163.320264816 -0.086854 -0.010373 0.746953 -0.091519 -0.133610 0.904343 0.394888
1783948163.330319405 -0.090007 -0.010961 0.749055 -0.092198 -0.134202 0.904356 0.394499
1783948163.340262890 -0.093116 -0.011658 0.751141 -0.092840 -0.134810 0.904374 0.394099
1783948163.352100134 -0.096809 -0.012546 0.753616 -0.093301 -0.135486 0.904476 0.393524
1783948163.360364676 -0.099393 -0.013350 0.755370 -0.094074 -0.136094 0.904450 0.393189
1783948163.370285749 -0.102496 -0.014341 0.757470 -0.094804 -0.136755 0.904470 0.392740
1783948163.382375479 -0.106279 -0.015574 0.760023 -0.095339 -0.137433 0.904567 0.392148
1783948163.382533550 -0.106329 -0.015594 0.760058 -0.095358 -0.137445 0.904566 0.392143
1783948163.382533550 -0.106329 -0.015594 0.760058 -0.095358 -0.137445 0.904566 0.392143
1783948163.390268564 -0.108774 -0.015896 0.761517 -0.096231 -0.137973 0.904510 0.391874
1783948163.400301456 -0.111939 -0.016290 0.763387 -0.097091 -0.138571 0.904495 0.391484
1783948163.410318851 -0.115072 -0.016784 0.765259 -0.097970 -0.139176 0.904469 0.391111
1783948163.420268774 -0.118151 -0.017383 0.767124 -0.098848 -0.139773 0.904440 0.390745
1783948163.430297136 -0.121212 -0.018093 0.769009 -0.099703 -0.140376 0.904407 0.390387
1783948163.440315008 -0.124218 -0.018912 0.770901 -0.100508 -0.140973 0.904392 0.390001
1783948163.454045296 -0.128286 -0.020021 0.773452 -0.100933 -0.141618 0.904542 0.389309
1783948163.460365057 -0.130098 -0.020761 0.774686 -0.101728 -0.142114 0.904462 0.389106
1783948163.470378160 -0.132956 -0.021881 0.776604 -0.102539 -0.142711 0.904457 0.388686
1783948163.480284452 -0.135738 -0.023084 0.778513 -0.103321 -0.143350 0.904440 0.388283
1783948163.481386423 -0.136039 -0.023254 0.778736 -0.103518 -0.143448 0.904412 0.388259
1783948163.481386423 -0.136039 -0.023254 0.778736 -0.103518 -0.143448 0.904412 0.388259
1783948163.491881371 -0.139141 -0.023676 0.780484 -0.104439 -0.144026 0.904356 0.387929
1783948163.500367641 -0.141567 -0.024151 0.781914 -0.105345 -0.144537 0.904260 0.387718
1783948163.510390043 -0.144384 -0.024737 0.783605 -0.106269 -0.145093 0.904179 0.387446
1783948163.520349979 -0.147102 -0.025415 0.785298 -0.107213 -0.145623 0.904090 0.387196
1783948163.530286074 -0.149717 -0.026188 0.787003 -0.108090 -0.146129 0.904002 0.386967
1783948163.540344954 -0.152253 -0.027065 0.788750 -0.108862 -0.146608 0.903940 0.386714
1783948163.550283194 -0.154644 -0.028038 0.790497 -0.109578 -0.147085 0.903901 0.386421
1783948163.560490370 -0.156989 -0.029132 0.792310 -0.110273 -0.147576 0.903867 0.386115
1783948163.570283175 -0.159127 -0.030292 0.794071 -0.110965 -0.148061 0.903828 0.385822
1783948163.581441879 -0.161450 -0.031656 0.796102 -0.111512 -0.148492 0.903834 0.385485
1783948163.582247019 -0.161602 -0.031787 0.796252 -0.111628 -0.148549 0.903816 0.385472
1783948163.582247019 -0.161602 -0.031787 0.796252 -0.111628 -0.148549 0.903816 0.385472
1783948163.590317965 -0.163391 -0.032202 0.797159 -0.112392 -0.148924 0.903722 0.385327
1783948163.600390434 -0.165538 -0.032711 0.798267 -0.113141 -0.149268 0.903646 0.385152
1783948163.610291958 -0.167512 -0.033298 0.799384 -0.113868 -0.149583 0.903565 0.385005
1783948163.620386839 -0.169390 -0.033981 0.800545 -0.114518 -0.149866 0.903491 0.384876
1783948163.630344629 -0.171101 -0.034759 0.801716 -0.115093 -0.150122 0.903428 0.384753
1783948163.640568018 -0.172721 -0.035657 0.802935 -0.115581 -0.150361 0.903388 0.384608
1783948163.650294304 -0.174127 -0.036633 0.804127 -0.116028 -0.150617 0.903362 0.384435
1783948163.660335302 -0.175465 -0.037725 0.805371 -0.116434 -0.150875 0.903351 0.384235
1783948163.670284986 -0.176676 -0.038900 0.806626 -0.116825 -0.151110 0.903351 0.384024
1783948163.680311441 -0.177790 -0.040164 0.807911 -0.117154 -0.151317 0.903353 0.383838
1783948163.683117867 -0.178049 -0.040609 0.808317 -0.117424 -0.151433 0.903311 0.383808
1783948163.683117867 -0.178049 -0.040609 0.808317 -0.117424 -0.151433 0.903311 0.383808
1783948163.690346003 -0.179105 -0.041029 0.808760 -0.117951 -0.151627 0.903238 0.383742
1783948163.700310946 -0.180552 -0.041581 0.809298 -0.118465 -0.151775 0.903183 0.383655
1783948163.710287333 -0.181892 -0.042217 0.809852 -0.118949 -0.151911 0.903120 0.383598
1783948163.720322371 -0.183133 -0.042948 0.810424 -0.119417 -0.152021 0.903063 0.383544
1783948163.730288267 -0.184248 -0.043773 0.811011 -0.119842 -0.152109 0.903012 0.383497
1783948163.740478277 -0.185269 -0.044713 0.811623 -0.120178 -0.152184 0.902980 0.383436
1783948163.750289440 -0.186119 -0.045729 0.812244 -0.120479 -0.152282 0.902967 0.383335
1783948163.760291100 -0.186872 -0.046853 0.812888 -0.120759 -0.152377 0.902968 0.383206
1783948163.770298958 -0.187503 -0.048065 0.813553 -0.121015 -0.152449 0.902970 0.383092
1783948163.780397892 -0.188016 -0.049364 0.814246 -0.121227 -0.152491 0.902975 0.382996
1783948163.783978939 -0.188094 -0.049921 0.814573 -0.121464 -0.152571 0.902942 0.382969
1783948163.783978939 -0.188094 -0.049921 0.814573 -0.121464 -0.152571 0.902942 0.382969
1783948163.790356636 -0.188486 -0.050232 0.814771 -0.121891 -0.152724 0.902852 0.382982
1783948163.800425768 -0.189058 -0.050626 0.814990 -0.122351 -0.152834 0.902732 0.383075
1783948163.810315609 -0.189452 -0.051090 0.815243 -0.122752 -0.152898 0.902617 0.383192
1783948163.820355654 -0.189679 -0.051636 0.815529 -0.123059 -0.152899 0.902515 0.383333
1783948163.830322027 -0.189715 -0.052271 0.815850 -0.123246 -0.152866 0.902435 0.383475
1783948163.840340137 -0.189557 -0.053004 0.816206 -0.123348 -0.152802 0.902377 0.383605
1783948163.850368023 -0.189198 -0.053835 0.816599 -0.123358 -0.152723 0.902348 0.383701
1783948163.860308647 -0.188641 -0.054755 0.817030 -0.123262 -0.152618 0.902347 0.383776
1783948163.870303869 -0.187886 -0.055763 0.817500 -0.123091 -0.152469 0.902364 0.383850
1783948163.880395651 -0.186925 -0.056852 0.818014 -0.122819 -0.152271 0.902395 0.383944
1783948163.884849787 -0.186383 -0.057458 0.818333 -0.122793 -0.152210 0.902395 0.383975
1783948163.884849787 -0.186383 -0.057458 0.818333 -0.122793 -0.152210 0.902395 0.383975
1783948163.890403986 -0.185913 -0.057650 0.818438 -0.122855 -0.152155 0.902355 0.384071
1783948163.900360823 -0.184996 -0.057853 0.818540 -0.122792 -0.151908 0.902287 0.384350
1783948163.910359383 -0.183869 -0.058124 0.818682 -0.122611 -0.151588 0.902230 0.384668
1783948163.920370340 -0.182538 -0.058477 0.818863 -0.122291 -0.151206 0.902195 0.385002
1783948163.930322886 -0.181027 -0.058924 0.819077 -0.121877 -0.150798 0.902173 0.385343
1783948163.940348864 -0.179331 -0.059470 0.819316 -0.121404 -0.150380 0.902170 0.385663
1783948163.950310707 -0.177482 -0.060112 0.819580 -0.120861 -0.149942 0.902195 0.385946
1783948163.960367680 -0.175464 -0.060847 0.819869 -0.120239 -0.149475 0.902237 0.386224
1783948163.970322132 -0.173332 -0.061668 0.820177 -0.119572 -0.148996 0.902293 0.386483
1783948163.980388880 -0.171058 -0.062575 0.820502 -0.118894 -0.148506 0.902342 0.386768
1783948163.987047195 -0.169452 -0.063315 0.820787 -0.118496 -0.148191 0.902383 0.386916
1783948163.987047195 -0.169452 -0.063315 0.820787 -0.118496 -0.148191 0.902383 0.386916
1783948163.990622997 -0.168678 -0.063423 0.820807 -0.118344 -0.148044 0.902403 0.386971
1783948164.000377655 -0.166570 -0.063532 0.820770 -0.117885 -0.147537 0.902421 0.387264
1783948164.010391951 -0.164298 -0.063710 0.820744 -0.117354 -0.146966 0.902438 0.387600
1783948164.020346880 -0.161928 -0.063975 0.820732 -0.116772 -0.146375 0.902463 0.387943
1783948164.030419350 -0.159418 -0.064335 0.820731 -0.116144 -0.145765 0.902489 0.388300
1783948164.040395975 -0.156818 -0.064799 0.820743 -0.115476 -0.145168 0.902532 0.388623
1783948164.055775404 -0.152701 -0.065390 0.820642 -0.114346 -0.144167 0.902567 0.389248
1783948164.060385942 -0.151356 -0.065804 0.820702 -0.113998 -0.143923 0.902616 0.389325
1783948164.070336580 -0.148456 -0.066556 0.820747 -0.113176 -0.143304 0.902700 0.389600
1783948164.080345154 -0.145474 -0.067386 0.820798 -0.112360 -0.142673 0.902774 0.389895
1783948164.086582899 -0.143559 -0.068030 0.820871 -0.111896 -0.142303 0.902829 0.390038
1783948164.086582899 -0.143559 -0.068030 0.820871 -0.111896 -0.142303 0.902829 0.390038
1783948164.090418339 -0.142457 -0.068091 0.820775 -0.111656 -0.142099 0.902849 0.390133
1783948164.100346565 -0.139623 -0.068050 0.820436 -0.111145 -0.141499 0.902806 0.390598
1783948164.110590935 -0.136647 -0.068073 0.820088 -0.110586 -0.140830 0.902753 0.391119
1783948164.120322704 -0.133766 -0.068204 0.819768 -0.110018 -0.140187 0.902713 0.391602
1783948164.130323410 -0.130758 -0.068432 0.819433 -0.109440 -0.139575 0.902662 0.392100
1783948164.140357494 -0.127684 -0.068771 0.819097 -0.108877 -0.138998 0.902619 0.392562
1783948164.150331259 -0.124557 -0.069215 0.818769 -0.108268 -0.138440 0.902593 0.392986
1783948164.160359621 -0.121334 -0.069749 0.818446 -0.107609 -0.137870 0.902578 0.393402
1783948164.170319319 -0.118055 -0.070353 0.818138 -0.106944 -0.137272 0.902566 0.393821
1783948164.180372953 -0.114663 -0.071022 0.817839 -0.106263 -0.136623 0.902542 0.394285
1783948164.187590837 -0.112159 -0.071628 0.817666 -0.105732 -0.136125 0.902553 0.394573
1783948164.187590837 -0.112159 -0.071628 0.817666 -0.105732 -0.136125 0.902553 0.394573
1783948164.190339088 -0.111219 -0.071635 0.817507 -0.105530 -0.135946 0.902570 0.394651
1783948164.200334311 -0.107762 -0.071388 0.816771 -0.104958 -0.135255 0.902501 0.395198
1783948164.210394621 -0.104205 -0.071227 0.816039 -0.104309 -0.134525 0.902433 0.395775
1783948164.220330715 -0.100624 -0.071176 0.815328 -0.103562 -0.133788 0.902375 0.396353
1783948164.230337143 -0.096968 -0.071235 0.814610 -0.102793 -0.133080 0.902321 0.396915
1783948164.240439415 -0.093242 -0.071404 0.813877 -0.102075 -0.132418 0.902259 0.397460
1783948164.250560760 -0.089472 -0.071672 0.813143 -0.101345 -0.131769 0.902212 0.397969
1783948164.260387897 -0.085777 -0.072024 0.812442 -0.100587 -0.131112 0.902181 0.398448
1783948164.270371675 -0.081999 -0.072442 0.811732 -0.099830 -0.130418 0.902142 0.398955
1783948164.280638456 -0.078097 -0.072929 0.810996 -0.099100 -0.129706 0.902072 0.399527
1783948164.288316011 -0.075170 -0.073434 0.810494 -0.098540 -0.129158 0.902052 0.399888
1783948164.288316011 -0.075170 -0.073434 0.810494 -0.098540 -0.129158 0.902052 0.399888
1783948164.290398836 -0.074376 -0.073421 0.810332 -0.098366 -0.129015 0.902067 0.399943
1783948164.300338268 -0.070561 -0.073097 0.809487 -0.097770 -0.128327 0.901990 0.400485
1783948164.313404083 -0.065516 -0.072639 0.808336 -0.097045 -0.127400 0.901808 0.401365
1783948164.320428371 -0.062806 -0.072639 0.807761 -0.096482 -0.126904 0.901795 0.401687
1783948164.330437660 -0.058938 -0.072606 0.806907 -0.095786 -0.126228 0.901715 0.402245
1783948164.340427637 -0.055083 -0.072676 0.806051 -0.095117 -0.125594 0.901635 0.402781
1783948164.350348473 -0.051264 -0.072838 0.805200 -0.094481 -0.124984 0.901565 0.403277
1783948164.360381603 -0.047410 -0.073075 0.804339 -0.093833 -0.124360 0.901494 0.403780
1783948164.370349884 -0.043592 -0.073385 0.803485 -0.093181 -0.123728 0.901430 0.404269
1783948164.380361080 -0.039774 -0.073768 0.802626 -0.092565 -0.123085 0.901342 0.404801
1783948164.389181614 -0.036426 -0.074211 0.801878 -0.092086 -0.122537 0.901276 0.405224
1783948164.389181614 -0.036426 -0.074211 0.801878 -0.092086 -0.122537 0.901276 0.405224
1783948164.390343904 -0.035976 -0.074188 0.801758 -0.091995 -0.122464 0.901283 0.405251
1783948164.400449038 -0.031994 -0.073690 0.800633 -0.091415 -0.121829 0.901172 0.405821
1783948164.410379171 -0.028083 -0.073303 0.799534 -0.090745 -0.121154 0.901069 0.406402
1783948164.420427084 -0.024137 -0.073010 0.798421 -0.090033 -0.120482 0.900968 0.406983
1783948164.430404425 -0.020240 -0.072828 0.797311 -0.089346 -0.119874 0.900851 0.407571
1783948164.440362215 -0.016372 -0.072737 0.796202 -0.088678 -0.119291 0.900748 0.408116
1783948164.450383663 -0.012501 -0.072722 0.795086 -0.087987 -0.118697 0.900650 0.408654
1783948164.460425138 -0.008649 -0.072773 0.793970 -0.087298 -0.118084 0.900549 0.409202
1783948164.470797539 -0.004711 -0.072883 0.792813 -0.086618 -0.117436 0.900433 0.409789
1783948164.480354548 -0.001142 -0.073089 0.791752 -0.085988 -0.116841 0.900331 0.410315
1783948164.490099907 0.002434 -0.073368 0.790661 -0.085436 -0.116261 0.900214 0.410850
1783948164.490099907 0.002434 -0.073368 0.790661 -0.085436 -0.116261 0.900214 0.410850
1783948164.490394354 0.002546 -0.073355 0.790624 -0.085413 -0.116243 0.900215 0.410859
1783948164.500468731 0.006432 -0.072693 0.789289 -0.084840 -0.115668 0.900109 0.411371
1783948164.511133671 0.010470 -0.072065 0.787868 -0.084210 -0.115049 0.899975 0.411967
1783948164.520386934 0.013884 -0.071660 0.786642 -0.083611 -0.114531 0.899884 0.412433
1783948164.530390501 0.017501 -0.071275 0.785301 -0.083037 -0.114014 0.899757 0.412969
1783948164.540375233 0.021026 -0.070974 0.783957 -0.082539 -0.113517 0.899628 0.413487
1783948164.550407648 0.024494 -0.070745 0.782603 -0.082043 -0.113022 0.899502 0.413995
1783948164.560385942 0.027866 -0.070590 0.781257 -0.081549 -0.112518 0.899383 0.414488
1783948164.570375443 0.031155 -0.070508 0.779908 -0.081073 -0.112040 0.899256 0.414986
1783948164.580368042 0.034347 -0.070500 0.778551 -0.080660 -0.111591 0.899119 0.415483
1783948164.590416670 0.037451 -0.070568 0.777178 -0.080335 -0.111157 0.898972 0.415980
1783948164.590916157 0.037598 -0.070590 0.777113 -0.080311 -0.111135 0.898972 0.415991
1783948164.590916157 0.037598 -0.070590 0.777113 -0.080311 -0.111135 0.898972 0.415991
1783948164.600671291 0.040876 -0.069775 0.775635 -0.079885 -0.110727 0.898872 0.416399
1783948164.610366821 0.044037 -0.069042 0.774163 -0.079459 -0.110310 0.898761 0.416830
1783948164.620402098 0.047219 -0.068348 0.772634 -0.079019 -0.109881 0.898638 0.417292
1783948164.630379677 0.050289 -0.067744 0.771109 -0.078602 -0.109487 0.898510 0.417749
1783948164.640445948 0.053300 -0.067216 0.769565 -0.078224 -0.109108 0.898377 0.418205
1783948164.650454760 0.056211 -0.066773 0.768030 -0.077854 -0.108743 0.898264 0.418612
1783948164.660421610 0.059032 -0.066404 0.766504 -0.077462 -0.108394 0.898153 0.419014
1783948164.673017740 0.062532 -0.065902 0.764558 -0.077016 -0.107948 0.897965 0.419613
1783948164.680420399 0.064452 -0.065817 0.763439 -0.076737 -0.107689 0.897903 0.419863
1783948164.690384150 0.066990 -0.065658 0.761912 -0.076465 -0.107359 0.897776 0.420268
1783948164.691804886 0.067324 -0.065687 0.761701 -0.076415 -0.107310 0.897774 0.420294
1783948164.691804886 0.067324 -0.065687 0.761701 -0.076415 -0.107310 0.897774 0.420294
1783948164.700392008 0.069828 -0.064795 0.760303 -0.076127 -0.107017 0.897712 0.420553
1783948164.710519314 0.072716 -0.063744 0.758646 -0.075787 -0.106661 0.897617 0.420908
1783948164.720393181 0.075423 -0.062804 0.757029 -0.075456 -0.106308 0.897521 0.421262
1783948164.730433702 0.078075 -0.061921 0.755382 -0.075123 -0.105977 0.897412 0.421636
1783948164.740417957 0.080610 -0.061127 0.753741 -0.074841 -0.105663 0.897313 0.421976
1783948164.751181364 0.083258 -0.060324 0.751969 -0.074540 -0.105361 0.897204 0.422337
1783948164.760424852 0.085418 -0.059760 0.750456 -0.074258 -0.105096 0.897135 0.422599
1783948164.770385504 0.087672 -0.059187 0.748823 -0.073963 -0.104828 0.897053 0.422891
1783948164.782443762 0.090322 -0.058474 0.746835 -0.073642 -0.104506 0.896907 0.423336
1783948164.790476322 0.091927 -0.058187 0.745525 -0.073453 -0.104288 0.896850 0.423544
1783948164.794814587 0.092728 -0.058117 0.744823 -0.073350 -0.104173 0.896834 0.423622
1783948164.794814587 0.092728 -0.058117 0.744823 -0.073350 -0.104173 0.896834 0.423622
1783948164.800398827 0.094080 -0.057482 0.743888 -0.073152 -0.104029 0.896817 0.423730
1783948164.810437918 0.096540 -0.056226 0.742204 -0.072750 -0.103766 0.896729 0.424049
1783948164.820379734 0.098864 -0.055053 0.740537 -0.072345 -0.103504 0.896637 0.424376
1783948164.831545591 0.101392 -0.053765 0.738663 -0.071909 -0.103191 0.896518 0.424779
1783948164.840425730 0.103266 -0.052880 0.737174 -0.071575 -0.102936 0.896444 0.425053
1783948164.850389719 0.105313 -0.051916 0.735503 -0.071179 -0.102678 0.896364 0.425349
1783948164.860394001 0.107275 -0.051022 0.733827 -0.070784 -0.102440 0.896291 0.425626
1783948164.871369839 0.109341 -0.050086 0.731988 -0.070320 -0.102188 0.896207 0.425940
1783948164.880418062 0.110899 -0.049442 0.730474 -0.069952 -0.102009 0.896149 0.426167
1783948164.890419006 0.112533 -0.048751 0.728800 -0.069587 -0.101787 0.896073 0.426439
1783948164.893543243 0.112961 -0.048626 0.728278 -0.069501 -0.101715 0.896065 0.426486
1783948164.893543243 0.112961 -0.048626 0.728278 -0.069501 -0.101715 0.896065 0.426486
1783948164.900404930 0.114419 -0.047651 0.727098 -0.069213 -0.101531 0.896070 0.426568
1783948164.910490036 0.116559 -0.046145 0.725360 -0.068734 -0.101224 0.896064 0.426730
1783948164.921278715 0.118725 -0.044581 0.723495 -0.068191 -0.100880 0.896047 0.426935
1783948164.930449963 0.120396 -0.043377 0.721906 -0.067783 -0.100623 0.896026 0.427103
1783948164.940430403 0.122120 -0.042110 0.720173 -0.067356 -0.100343 0.896012 0.427268
1783948164.954377890 0.124517 -0.040256 0.717744 -0.066636 -0.099985 0.895996 0.427497
1783948164.960399866 0.125328 -0.039679 0.716700 -0.066412 -0.099856 0.896004 0.427545
1783948164.970412254 0.126710 -0.038617 0.714960 -0.065969 -0.099629 0.896008 0.427660
1783948164.980394840 0.127962 -0.037613 0.713225 -0.065565 -0.099411 0.896000 0.427789
1783948164.990396738 0.129090 -0.036658 0.711486 -0.065183 -0.099166 0.895988 0.427928
1783948164.994423866 0.129429 -0.036379 0.710787 -0.065095 -0.099067 0.895988 0.427965
1783948164.994423866 0.129429 -0.036379 0.710787 -0.065095 -0.099067 0.895988 0.427965
1783948165.000399590 0.130398 -0.035415 0.709803 -0.064892 -0.098913 0.895994 0.428018
1783948165.010420084 0.132036 -0.033714 0.708181 -0.064442 -0.098626 0.895994 0.428152
1783948165.020414114 0.133544 -0.032097 0.706562 -0.063949 -0.098341 0.895993 0.428295
1783948165.031453848 0.135103 -0.030372 0.704780 -0.063348 -0.098045 0.895985 0.428467
1783948165.040421486 0.136211 -0.029111 0.703315 -0.062938 -0.097838 0.895990 0.428565
1783948165.050380945 0.137363 -0.027747 0.701695 -0.062435 -0.097624 0.896007 0.428653
1783948165.062469006 0.138687 -0.026084 0.699752 -0.061720 -0.097362 0.896031 0.428765
1783948165.070401430 0.139366 -0.025145 0.698454 -0.061356 -0.097191 0.896049 0.428820
1783948165.080436945 0.140168 -0.023925 0.696828 -0.060890 -0.096973 0.896062 0.428908
1783948165.090413332 0.140834 -0.022762 0.695210 -0.060454 -0.096742 0.896073 0.428998
1783948165.100225210 0.141359 -0.021674 0.693618 -0.060030 -0.096480 0.896074 0.429115
1783948165.100225210 0.141359 -0.021674 0.693618 -0.060030 -0.096480 0.896074 0.429115
1783948165.101636887 0.141537 -0.021438 0.693396 -0.060007 -0.096448 0.896076 0.429120
1783948165.110441685 0.142842 -0.019812 0.692049 -0.059684 -0.096212 0.896106 0.429156
1783948165.120406151 0.144257 -0.018013 0.690531 -0.059255 -0.095949 0.896136 0.429212
1783948165.130434990 0.145571 -0.016291 0.689001 -0.058795 -0.095700 0.896173 0.429255
1783948165.140403032 0.146766 -0.014666 0.687480 -0.058315 -0.095474 0.896221 0.429269
1783948165.150426626 0.147861 -0.013104 0.685951 -0.057812 -0.095272 0.896277 0.429265
1783948165.160475731 0.148849 -0.011598 0.684420 -0.057293 -0.095067 0.896339 0.429251
1783948165.170392990 0.149700 -0.010168 0.682910 -0.056803 -0.094841 0.896403 0.429232
1783948165.182532072 0.150675 -0.008404 0.681078 -0.056166 -0.094566 0.896474 0.429228
1783948165.190487623 0.151070 -0.007392 0.679855 -0.055862 -0.094383 0.896512 0.429229
1783948165.196127176 0.151244 -0.006739 0.678979 -0.055691 -0.094253 0.896532 0.429238
1783948165.196127176 0.151244 -0.006739 0.678979 -0.055691 -0.094253 0.896532 0.429238
1783948165.200463295 0.151784 -0.005968 0.678390 -0.055527 -0.094159 0.896540 0.429264
1783948165.214920998 0.154099 -0.003087 0.676575 -0.054299 -0.093790 0.896563 0.429453
1783948165.220385790 0.154664 -0.002177 0.675836 -0.054045 -0.093662 0.896565 0.429508
1783948165.230389833 0.155806 -0.000447 0.674527 -0.053351 -0.093439 0.896574 0.429626
1783948165.240451574 0.156813 0.001217 0.673207 -0.052675 -0.093230 0.896585 0.429730
1783948165.250404358 0.157659 0.002793 0.671897 -0.052018 -0.093044 0.896611 0.429797
1783948165.260405779 0.158362 0.004318 0.670581 -0.051371 -0.092868 0.896635 0.429863
1783948165.270426750 0.158902 0.005791 0.669262 -0.050752 -0.092704 0.896661 0.429918
1783948165.280817509 0.159295 0.007275 0.667895 -0.050137 -0.092550 0.896680 0.429982
1783948165.290402651 0.159453 0.008572 0.666624 -0.049651 -0.092403 0.896691 0.430048
1783948165.296989202 0.159374 0.009378 0.665728 -0.049431 -0.092305 0.896695 0.430086
1783948165.296989202 0.159374 0.009378 0.665728 -0.049431 -0.092305 0.896695 0.430086
1783948165.300396681 0.159674 0.009975 0.665350 -0.049358 -0.092258 0.896698 0.430099
1783948165.310441732 0.160800 0.011865 0.664311 -0.048825 -0.092094 0.896702 0.430187
1783948165.320424080 0.161763 0.013671 0.663274 -0.048287 -0.091908 0.896705 0.430282
1783948165.330411911 0.162582 0.015398 0.662234 -0.047749 -0.091735 0.896702 0.430385
1783948165.341055393 0.163340 0.017165 0.661132 -0.047137 -0.091562 0.896712 0.430467
1783948165.350442410 0.163818 0.018615 0.660146 -0.046629 -0.091455 0.896724 0.430520
1783948165.360448599 0.164226 0.020108 0.659100 -0.046069 -0.091363 0.896748 0.430551
1783948165.372428656 0.164648 0.021880 0.657877 -0.045298 -0.091250 0.896777 0.430596
1783948165.380514860 0.164646 0.022955 0.657015 -0.044950 -0.091188 0.896788 0.430623
1783948165.390442371 0.164604 0.024287 0.655977 -0.044476 -0.091061 0.896801 0.430671
1783948165.397858143 0.164375 0.025206 0.655181 -0.044229 -0.090955 0.896806 0.430709
1783948165.397858143 0.164375 0.025206 0.655181 -0.044229 -0.090955 0.896806 0.430709
1783948165.400416851 0.164553 0.025633 0.654969 -0.044198 -0.090921 0.896806 0.430718
1783948165.410409212 0.165567 0.027432 0.654231 -0.043694 -0.090716 0.896805 0.430816
1783948165.420467377 0.166460 0.029166 0.653487 -0.043157 -0.090504 0.896800 0.430925
1783948165.430401564 0.167210 0.030780 0.652748 -0.042611 -0.090308 0.896795 0.431031
1783948165.440449715 0.167856 0.032317 0.652000 -0.042010 -0.090138 0.896803 0.431108
1783948165.450886726 0.168426 0.033828 0.651227 -0.041332 -0.089995 0.896827 0.431155
1783948165.460445166 0.168785 0.035121 0.650510 -0.040737 -0.089878 0.896853 0.431180
1783948165.470412016 0.169048 0.036422 0.649767 -0.040099 -0.089757 0.896881 0.431208
1783948165.480429888 0.169164 0.037681 0.649021 -0.039505 -0.089632 0.896898 0.431253
1783948165.490428686 0.169119 0.038891 0.648275 -0.038935 -0.089475 0.896913 0.431306
1783948165.500261307 0.168902 0.040028 0.647540 -0.038409 -0.089300 0.896919 0.431377
1783948165.500261307 0.168902 0.040028 0.647540 -0.038409 -0.089300 0.896919 0.431377
1783948165.501594543 0.168987 0.040226 0.647466 -0.038393 -0.089281 0.896919 0.431382
1783948165.510420799 0.169834 0.041642 0.647052 -0.037969 -0.089089 0.896920 0.431459
1783948165.520466089 0.170722 0.043204 0.646589 -0.037392 -0.088863 0.896920 0.431554
1783948165.530410528 0.171450 0.044659 0.646125 -0.036830 -0.088655 0.896918 0.431650
1783948165.540454149 0.172047 0.046042 0.645654 -0.036235 -0.088457 0.896932 0.431712
1783948165.552416563 0.172705 0.047634 0.645118 -0.035405 -0.088267 0.896954 0.431774
1783948165.560436726 0.172849 0.048577 0.644721 -0.035037 -0.088163 0.896974 0.431783
1783948165.570470333 0.173004 0.049748 0.644250 -0.034466 -0.088014 0.896995 0.431817
1783948165.580428839 0.172987 0.050853 0.643781 -0.033952 -0.087874 0.897011 0.431853
1783948165.590465784 0.172798 0.051911 0.643308 -0.033476 -0.087728 0.897025 0.431890
1783948165.599591732 0.172428 0.052799 0.642867 -0.033093 -0.087588 0.897033 0.431932
1783948165.599591732 0.172428 0.052799 0.642867 -0.033093 -0.087588 0.897033 0.431932
1783948165.605132580 0.172831 0.053560 0.642729 -0.032971 -0.087508 0.897039 0.431945
1783948165.610416174 0.173163 0.054262 0.642596 -0.032864 -0.087430 0.897042 0.431964
1783948165.620512724 0.173982 0.055648 0.642392 -0.032385 -0.087231 0.897051 0.432020
1783948165.630485296 0.174643 0.056927 0.642184 -0.031898 -0.087033 0.897054 0.432090
1783948165.640447855 0.175167 0.058120 0.641973 -0.031392 -0.086857 0.897066 0.432138
1783948165.650434971 0.175560 0.059239 0.641759 -0.030894 -0.086690 0.897094 0.432149
1783948165.660421133 0.175819 0.060289 0.641545 -0.030388 -0.086538 0.897124 0.432153
1783948165.670484066 0.175937 0.061283 0.641331 -0.029887 -0.086388 0.897153 0.432158
1783948165.681314707 0.175939 0.062302 0.641109 -0.029343 -0.086226 0.897187 0.432158
1783948165.690411806 0.175695 0.063066 0.640905 -0.028992 -0.086096 0.897208 0.432164
1783948165.700452328 0.175326 0.063871 0.640689 -0.028572 -0.085937 0.897226 0.432185
1783948165.700452328 0.175326 0.063871 0.640689 -0.028572 -0.085937 0.897226 0.432185
1783948165.700468779 0.175332 0.063875 0.640690 -0.028568 -0.085936 0.897226 0.432185
1783948165.710745573 0.176304 0.065140 0.640704 -0.028182 -0.085754 0.897205 0.432290
1783948165.720416307 0.177040 0.066241 0.640709 -0.027810 -0.085566 0.897179 0.432406
1783948165.733145475 0.178022 0.067649 0.640744 -0.027135 -0.085311 0.897135 0.432590
1783948165.740416765 0.178242 0.068312 0.640727 -0.026944 -0.085201 0.897125 0.432645
1783948165.750419617 0.178578 0.069212 0.640725 -0.026550 -0.085056 0.897114 0.432720
1783948165.760525227 0.178774 0.070049 0.640722 -0.026178 -0.084924 0.897110 0.432778
1783948165.770424366 0.178801 0.070793 0.640717 -0.025818 -0.084814 0.897106 0.432829
1783948165.786402464 0.179080 0.072055 0.640793 -0.024787 -0.084582 0.897086 0.432977
1783948165.790428638 0.178804 0.072249 0.640772 -0.024773 -0.084567 0.897083 0.432987
1783948165.800422668 0.178334 0.072807 0.640767 -0.024467 -0.084457 0.897062 0.433068
1783948165.801317692 0.178240 0.072838 0.640761 -0.024476 -0.084453 0.897060 0.433072
1783948165.801317692 0.178240 0.072838 0.640761 -0.024476 -0.084453 0.897060 0.433072
1783948165.810513973 0.179063 0.073790 0.640934 -0.024232 -0.084347 0.897040 0.433149
1783948165.820437193 0.179830 0.074759 0.641122 -0.023939 -0.084199 0.897009 0.433257
1783948165.830491781 0.180435 0.075659 0.641309 -0.023639 -0.084060 0.896976 0.433370
1783948165.840445518 0.180849 0.076461 0.641487 -0.023383 -0.083963 0.896947 0.433463
1783948165.850483894 0.181098 0.077195 0.641662 -0.023155 -0.083895 0.896939 0.433504
1783948165.860435247 0.181174 0.077859 0.641836 -0.022946 -0.083855 0.896928 0.433545
1783948165.870431900 0.181085 0.078475 0.642013 -0.022769 -0.083807 0.896918 0.433584
1783948165.880651712 0.180835 0.079057 0.642195 -0.022617 -0.083747 0.896899 0.433644
1783948165.890462637 0.180402 0.079549 0.642367 -0.022497 -0.083679 0.896878 0.433706
1783948165.900498390 0.179803 0.079986 0.642543 -0.022386 -0.083599 0.896854 0.433778
1783948165.902195930 0.179599 0.080021 0.642564 -0.022433 -0.083601 0.896849 0.433786
1783948165.902195930 0.179599 0.080021 0.642564 -0.022433 -0.083601 0.896849 0.433786
1783948165.911215305 0.180195 0.080790 0.642850 -0.022409 -0.083533 0.896815 0.433870
1783948165.920460224 0.180689 0.081503 0.643143 -0.022339 -0.083448 0.896779 0.433964
1783948165.930468321 0.181128 0.082203 0.643462 -0.022211 -0.083357 0.896733 0.434083
1783948165.940510750 0.181426 0.082817 0.643779 -0.022080 -0.083276 0.896696 0.434182
1783948165.950474977 0.181583 0.083346 0.644091 -0.021947 -0.083227 0.896671 0.434250
1783948165.960435867 0.181606 0.083808 0.644402 -0.021816 -0.083191 0.896651 0.434304
1783948165.971411943 0.181533 0.084276 0.644751 -0.021629 -0.083125 0.896625 0.434380
1783948165.980448961 0.181236 0.084577 0.645027 -0.021584 -0.083091 0.896607 0.434427
1783948165.990478754 0.180825 0.084885 0.645339 -0.021511 -0.083019 0.896583 0.434492
1783948166.003655910 0.180316 0.085294 0.645778 -0.021208 -0.082808 0.896550 0.434615
1783948166.003916264 0.180290 0.085296 0.645785 -0.021205 -0.082803 0.896550 0.434618
1783948166.003916264 0.180290 0.085296 0.645785 -0.021205 -0.082803 0.896550 0.434618
1783948166.010464668 0.180736 0.085727 0.646060 -0.021035 -0.082635 0.896542 0.434674
1783948166.020503759 0.181398 0.086391 0.646477 -0.020618 -0.082438 0.896534 0.434748
1783948166.030506134 0.181701 0.086991 0.646857 -0.020868 -0.082452 0.896484 0.434837
1783948166.040490627 0.181700 0.087529 0.647217 -0.021068 -0.082513 0.896463 0.434859
1783948166.050493717 0.181470 0.088011 0.647563 -0.021388 -0.082571 0.896427 0.434905
1783948166.060472488 0.181086 0.088424 0.647908 -0.021775 -0.082553 0.896404 0.434938
1783948166.070446014 0.180606 0.088730 0.648259 -0.021919 -0.082603 0.896383 0.434964
1783948166.080452681 0.180030 0.088923 0.648615 -0.022022 -0.082675 0.896358 0.434997
1783948166.090472460 0.179336 0.089011 0.648973 -0.022038 -0.082777 0.896341 0.435011
1783948166.102368355 0.178456 0.089068 0.649403 -0.021891 -0.082859 0.896311 0.435065
1783948166.103928328 0.178224 0.089034 0.649454 -0.021966 -0.082879 0.896307 0.435066
1783948166.103928328 0.178224 0.089034 0.649454 -0.021966 -0.082879 0.896307 0.435066
1783948166.110489130 0.178431 0.089330 0.649706 -0.022120 -0.082910 0.896289 0.435090
1783948166.120481730 0.178815 0.089824 0.650092 -0.022196 -0.082869 0.896235 0.435205
1783948166.130480528 0.179021 0.090266 0.650475 -0.022341 -0.082798 0.896194 0.435295
1783948166.142606497 0.179229 0.090768 0.650943 -0.022411 -0.082681 0.896138 0.435430
1783948166.150478363 0.179036 0.090941 0.651239 -0.022584 -0.082697 0.896119 0.435456
1783948166.160522461 0.178807 0.091127 0.651619 -0.022667 -0.082750 0.896086 0.435509
1783948166.171373844 0.178453 0.091249 0.652029 -0.022673 -0.082822 0.896066 0.435537
1783948166.180506706 0.177912 0.091247 0.652369 -0.022768 -0.082914 0.896036 0.435577
1783948166.190455437 0.177214 0.091214 0.652738 -0.022873 -0.082960 0.896008 0.435620
1783948166.203319311 0.176296 0.091185 0.653219 -0.022834 -0.082898 0.895967 0.435718
1783948166.205906153 0.175907 0.091105 0.653311 -0.022969 -0.082923 0.895955 0.435729
1783948166.205906153 0.175907 0.091105 0.653311 -0.022969 -0.082923 0.895955 0.435729
1783948166.210511208 0.175987 0.091246 0.653486 -0.023151 -0.082943 0.895936 0.435755
1783948166.220517397 0.176398 0.091625 0.653867 -0.023226 -0.082874 0.895898 0.435843
1783948166.230498314 0.176658 0.091914 0.654243 -0.023295 -0.082801 0.895849 0.435955
1783948166.241121769 0.176830 0.092142 0.654643 -0.023290 -0.082738 0.895812 0.436042
1783948166.250473738 0.176782 0.092240 0.654995 -0.023331 -0.082733 0.895784 0.436098
1783948166.260492086 0.176645 0.092297 0.655373 -0.023337 -0.082740 0.895764 0.436138
1783948166.270754337 0.176368 0.092298 0.655763 -0.023331 -0.082726 0.895742 0.436187
1783948166.280500650 0.175914 0.092231 0.656132 -0.023375 -0.082714 0.895719 0.436234
1783948166.290474653 0.175295 0.092108 0.656507 -0.023437 -0.082681 0.895696 0.436284
1783948166.300515175 0.174497 0.091914 0.656879 -0.023504 -0.082639 0.895670 0.436341
1783948166.305684566 0.173852 0.091721 0.657068 -0.023678 -0.082667 0.895651 0.436366
1783948166.305684566 0.173852 0.091721 0.657068 -0.023678 -0.082667 0.895651 0.436366
1783948166.310536385 0.173958 0.091799 0.657242 -0.023845 -0.082691 0.895637 0.436381
1783948166.320533276 0.174398 0.092022 0.657595 -0.023872 -0.082610 0.895617 0.436436
1783948166.330474138 0.174686 0.092156 0.657942 -0.023875 -0.082553 0.895592 0.436498
1783948166.340459824 0.174836 0.092215 0.658289 -0.023858 -0.082503 0.895571 0.436551
1783948166.350546122 0.174852 0.092210 0.658642 -0.023844 -0.082462 0.895559 0.436585
1783948166.360524178 0.174715 0.092144 0.658993 -0.023839 -0.082437 0.895554 0.436598
1783948166.370462179 0.174422 0.092022 0.659343 -0.023864 -0.082407 0.895554 0.436604
1783948166.380506516 0.173973 0.091845 0.659697 -0.023894 -0.082365 0.895544 0.436631
1783948166.390476942 0.173359 0.091611 0.660046 -0.023941 -0.082303 0.895534 0.436660
1783948166.400538921 0.172574 0.091307 0.660394 -0.023986 -0.082221 0.895525 0.436692
1783948166.406522512 0.171865 0.091028 0.660601 -0.024142 -0.082220 0.895509 0.436716
1783948166.406522512 0.171865 0.091028 0.660601 -0.024142 -0.082220 0.895509 0.436716
1783948166.410497665 0.171941 0.091044 0.660732 -0.024287 -0.082232 0.895497 0.436730
1783948166.420507669 0.172420 0.091171 0.661054 -0.024278 -0.082117 0.895472 0.436804
1783948166.430498123 0.172745 0.091210 0.661372 -0.024256 -0.082013 0.895442 0.436886
1783948166.440499783 0.172924 0.091172 0.661688 -0.024220 -0.081926 0.895421 0.436947
1783948166.450471878 0.172956 0.091068 0.662003 -0.024195 -0.081858 0.895409 0.436985
1783948166.460512638 0.172844 0.090912 0.662322 -0.024183 -0.081791 0.895401 0.437015
1783948166.470473051 0.172573 0.090704 0.662640 -0.024191 -0.081725 0.895397 0.437036
1783948166.480507612 0.172143 0.090439 0.662959 -0.024217 -0.081652 0.895386 0.437071
1783948166.490483522 0.171545 0.090105 0.663272 -0.024243 -0.081561 0.895376 0.437106
1783948166.500602007 0.170772 0.089689 0.663585 -0.024254 -0.081476 0.895364 0.437147
1783948166.507391214 0.170006 0.089306 0.663794 -0.024387 -0.081466 0.895347 0.437176
1783948166.507391214 0.170006 0.089306 0.663794 -0.024387 -0.081466 0.895347 0.437176
1783948166.510520697 0.170035 0.089269 0.663881 -0.024517 -0.081486 0.895339 0.437181
1783948166.522496462 0.170567 0.089271 0.664229 -0.024380 -0.081309 0.895329 0.437242
1783948166.530562639 0.170634 0.089144 0.664456 -0.024474 -0.081256 0.895311 0.437282
1783948166.540562153 0.170688 0.088964 0.664740 -0.024470 -0.081145 0.895306 0.437315
1783948166.550544024 0.170594 0.088723 0.665024 -0.024462 -0.081051 0.895308 0.437329
1783948166.560479879 0.170348 0.088426 0.665308 -0.024480 -0.080992 0.895312 0.437330
1783948166.570500851 0.169944 0.088070 0.665595 -0.024512 -0.080930 0.895316 0.437330
1783948166.584422588 0.169400 0.087591 0.666000 -0.024289 -0.080738 0.895329 0.437353
1783948166.590485334 0.168808 0.087245 0.666169 -0.024466 -0.080758 0.895325 0.437348
1783948166.600554705 0.167905 0.086696 0.666454 -0.024523 -0.080682 0.895320 0.437368
1783948166.608255625 0.167006 0.086189 0.666668 -0.024643 -0.080647 0.895308 0.437393
1783948166.608255625 0.167006 0.086189 0.666668 -0.024643 -0.080647 0.895308 0.437393
1783948166.610574961 0.167046 0.086148 0.666717 -0.024750 -0.080666 0.895299 0.437401
1783948166.621400356 0.167728 0.086127 0.666914 -0.024731 -0.080544 0.895267 0.437491
1783948166.630583525 0.168067 0.085996 0.667081 -0.024783 -0.080487 0.895232 0.437570
1783948166.640548229 0.168346 0.085803 0.667257 -0.024791 -0.080427 0.895207 0.437631
1783948166.650547981 0.168482 0.085551 0.667435 -0.024797 -0.080391 0.895195 0.437662
1783948166.660580635 0.168471 0.085251 0.667614 -0.024831 -0.080348 0.895184 0.437691
1783948166.673364878 0.168466 0.084891 0.667833 -0.024716 -0.080217 0.895177 0.437736
1783948166.680696726 0.168073 0.084543 0.667974 -0.024876 -0.080219 0.895166 0.437749
1783948166.690600157 0.167570 0.084085 0.668152 -0.024967 -0.080163 0.895151 0.437784
1783948166.700604439 0.166902 0.083551 0.668330 -0.025049 -0.080101 0.895132 0.437831
1783948166.710157633 0.166082 0.082956 0.668498 -0.025131 -0.080054 0.895108 0.437884
1783948166.710157633 0.166082 0.082956 0.668498 -0.025131 -0.080054 0.895108 0.437884
1783948166.710544586 0.166092 0.082947 0.668505 -0.025150 -0.080058 0.895106 0.437885
1783948166.720596313 0.166708 0.082846 0.668696 -0.025236 -0.080022 0.895075 0.437950
1783948166.730526924 0.167171 0.082669 0.668884 -0.025294 -0.079971 0.895042 0.438024
1783948166.744791985 0.167965 0.082453 0.669150 -0.025049 -0.079773 0.895013 0.438132
1783948166.750559568 0.167897 0.082218 0.669259 -0.025220 -0.079790 0.895001 0.438145
1783948166.760526896 0.167910 0.081865 0.669445 -0.025325 -0.079778 0.894988 0.438168
1783948166.775423527 0.168078 0.081404 0.669717 -0.025135 -0.079654 0.894978 0.438221
1783948166.780516148 0.167744 0.081097 0.669810 -0.025333 -0.079700 0.894966 0.438226
1783948166.790511847 0.167261 0.080562 0.669989 -0.025475 -0.079704 0.894951 0.438248
1783948166.800527334 0.166612 0.079959 0.670166 -0.025609 -0.079690 0.894931 0.438283
1783948166.810500860 0.165798 0.079292 0.670341 -0.025734 -0.079664 0.894903 0.438338
1783948166.811143398 0.165708 0.079234 0.670352 -0.025766 -0.079670 0.894900 0.438340
1783948166.811143398 0.165708 0.079234 0.670352 -0.025766 -0.079670 0.894900 0.438340
1783948166.820549011 0.166325 0.079128 0.670472 -0.025818 -0.079589 0.894865 0.438423
1783948166.830570936 0.166879 0.078965 0.670598 -0.025837 -0.079479 0.894825 0.438525
1783948166.840553761 0.167287 0.078738 0.670721 -0.025842 -0.079359 0.894793 0.438612
1783948166.852406025 0.167730 0.078444 0.670866 -0.025721 -0.079187 0.894768 0.438701
1783948166.860746145 0.167731 0.078110 0.670972 -0.025797 -0.079157 0.894752 0.438735
1783948166.870542765 0.167685 0.077696 0.671093 -0.025814 -0.079122 0.894734 0.438776
1783948166.881404638 0.167519 0.077198 0.671224 -0.025788 -0.079060 0.894708 0.438841
1783948166.890574217 0.167117 0.076687 0.671335 -0.025879 -0.079032 0.894689 0.438880
1783948166.900527716 0.166561 0.076098 0.671452 -0.025939 -0.078970 0.894662 0.438943
1783948166.910504818 0.165829 0.075450 0.671568 -0.026008 -0.078885 0.894630 0.439019
1783948166.910855532 0.165785 0.075420 0.671572 -0.026023 -0.078886 0.894628 0.439021
1783948166.910855532 0.165785 0.075420 0.671572 -0.026023 -0.078886 0.894628 0.439021
1783948166.920549154 0.166442 0.075327 0.671635 -0.026070 -0.078767 0.894601 0.439096
1783948166.930575371 0.167001 0.075170 0.671696 -0.026084 -0.078625 0.894572 0.439179
1783948166.943367004 0.167739 0.074957 0.671768 -0.025858 -0.078381 0.894553 0.439275
1783948166.950509071 0.167793 0.074684 0.671817 -0.025953 -0.078362 0.894543 0.439293
1783948166.960563421 0.167934 0.074327 0.671879 -0.025934 -0.078288 0.894535 0.439325
1783948166.972020388 0.168011 0.073899 0.671949 -0.025831 -0.078175 0.894533 0.439354
1783948166.980600357 0.167769 0.073470 0.672007 -0.025912 -0.078140 0.894526 0.439370
1783948166.990517139 0.167416 0.072959 0.672069 -0.025942 -0.078051 0.894520 0.439397
1783948167.000530243 0.166888 0.072387 0.672127 -0.025969 -0.077943 0.894507 0.439440
1783948167.010529518 0.166178 0.071749 0.672180 -0.025998 -0.077828 0.894488 0.439499
1783948167.011761904 0.166013 0.071640 0.672189 -0.026059 -0.077838 0.894483 0.439502
1783948167.011761904 0.166013 0.071640 0.672189 -0.026059 -0.077838 0.894483 0.439502
1783948167.020520210 0.166578 0.071547 0.672222 -0.026121 -0.077765 0.894467 0.439545
1783948167.030605078 0.167172 0.071407 0.672257 -0.026109 -0.077635 0.894442 0.439618
1783948167.040561914 0.167608 0.071200 0.672291 -0.026082 -0.077524 0.894425 0.439674
1783948167.050505638 0.167907 0.070934 0.672327 -0.026050 -0.077435 0.894420 0.439701
1783948167.060770035 0.168090 0.070614 0.672366 -0.025992 -0.077344 0.894422 0.439718
1783948167.070532084 0.168081 0.070249 0.672404 -0.025980 -0.077286 0.894423 0.439727
1783948167.080548525 0.167930 0.069833 0.672442 -0.025972 -0.077224 0.894423 0.439738
1783948167.090495348 0.167610 0.069370 0.672478 -0.025979 -0.077137 0.894423 0.439754
1783948167.100589037 0.167123 0.068849 0.672513 -0.025982 -0.077029 0.894415 0.439788
1783948167.110534906 0.166465 0.068271 0.672545 -0.025982 -0.076898 0.894405 0.439832
1783948167.112631321 0.166201 0.068098 0.672554 -0.026073 -0.076908 0.894398 0.439838
1783948167.112631321 0.166201 0.068098 0.672554 -0.026073 -0.076908 0.894398 0.439838
1783948167.120502949 0.166699 0.068049 0.672570 -0.026146 -0.076860 0.894383 0.439874
1783948167.130500555 0.167334 0.067974 0.672586 -0.026086 -0.076772 0.894362 0.439934
1783948167.140542269 0.167825 0.067827 0.672600 -0.026019 -0.076699 0.894349 0.439976
1783948167.150583982 0.168167 0.067623 0.672613 -0.025946 -0.076653 0.894346 0.439996
1783948167.160548925 0.168356 0.067376 0.672628 -0.025900 -0.076620 0.894351 0.439994
1783948167.170537472 0.168395 0.067094 0.672643 -0.025865 -0.076574 0.894356 0.439993
1783948167.180570602 0.168281 0.066775 0.672660 -0.025848 -0.076499 0.894357 0.440005
1783948167.190599203 0.168005 0.066412 0.672677 -0.025857 -0.076399 0.894361 0.440015
1783948167.201685429 0.167583 0.065970 0.672694 -0.025779 -0.076273 0.894358 0.440047
1783948167.210503340 0.166970 0.065499 0.672706 -0.025825 -0.076209 0.894346 0.440081
1783948167.213475227 0.166622 0.065279 0.672711 -0.025932 -0.076223 0.894337 0.440090
1783948167.213475227 0.166622 0.065279 0.672711 -0.025932 -0.076223 0.894337 0.440090
1783948167.220563650 0.167070 0.065272 0.672718 -0.025996 -0.076187 0.894332 0.440103
1783948167.230513573 0.167766 0.065276 0.672725 -0.025865 -0.076082 0.894330 0.440133
1783948167.240558863 0.168324 0.065214 0.672730 -0.025736 -0.075996 0.894332 0.440150
1783948167.250561237 0.168723 0.065098 0.672735 -0.025629 -0.075923 0.894349 0.440134
1783948167.260554790 0.168964 0.064939 0.672740 -0.025553 -0.075863 0.894369 0.440110
1783948167.270514011 0.169037 0.064740 0.672744 -0.025517 -0.075815 0.894386 0.440084
1783948167.280568361 0.168952 0.064501 0.672748 -0.025494 -0.075769 0.894398 0.440069
1783948167.290552378 0.168699 0.064213 0.672752 -0.025490 -0.075692 0.894415 0.440048
1783948167.300547123 0.168287 0.063866 0.672756 -0.025474 -0.075599 0.894431 0.440033
1783948167.310587883 0.167718 0.063449 0.672759 -0.025412 -0.075495 0.894439 0.440039
1783948167.314319849 0.167309 0.063210 0.672760 -0.025529 -0.075509 0.894431 0.440045
1783948167.314319849 0.167309 0.063210 0.672760 -0.025529 -0.075509 0.894431 0.440045
1783948167.321367502 0.167793 0.063261 0.672776 -0.025609 -0.075502 0.894427 0.440050
1783948167.330512285 0.168448 0.063327 0.672797 -0.025576 -0.075461 0.894420 0.440072
1783948167.340583563 0.169094 0.063369 0.672821 -0.025464 -0.075399 0.894432 0.440066
1783948167.350539446 0.169578 0.063356 0.672844 -0.025386 -0.075358 0.894451 0.440039
1783948167.360635281 0.169923 0.063300 0.672867 -0.025319 -0.075336 0.894471 0.440007
1783948167.370531559 0.170088 0.063196 0.672888 -0.025278 -0.075335 0.894496 0.439958
1783948167.380575657 0.170102 0.063057 0.672908 -0.025260 -0.075316 0.894516 0.439921
1783948167.390521288 0.169952 0.062874 0.672926 -0.025263 -0.075286 0.894535 0.439887
1783948167.400540352 0.169647 0.062636 0.672944 -0.025247 -0.075210 0.894555 0.439860
1783948167.410555124 0.169181 0.062328 0.672961 -0.025206 -0.075141 0.894563 0.439859
1783948167.415217400 0.168737 0.062086 0.672966 -0.025332 -0.075163 0.894557 0.439861
1783948167.415217400 0.168737 0.062086 0.672966 -0.025332 -0.075163 0.894557 0.439861
1783948167.420585155 0.169108 0.062147 0.672993 -0.025448 -0.075182 0.894550 0.439865
1783948167.430586338 0.170017 0.062332 0.673055 -0.025348 -0.075134 0.894546 0.439886
1783948167.440577984 0.170789 0.062465 0.673119 -0.025237 -0.075087 0.894552 0.439889
1783948167.450516701 0.171418 0.062559 0.673184 -0.025141 -0.075009 0.894569 0.439873
1783948167.460543871 0.171914 0.062619 0.673252 -0.025044 -0.074944 0.894590 0.439847
1783948167.470518351 0.172242 0.062627 0.673318 -0.024991 -0.074897 0.894611 0.439815
1783948167.480531931 0.172406 0.062574 0.673381 -0.024950 -0.074885 0.894627 0.439787
1783948167.490579844 0.172406 0.062457 0.673441 -0.024905 -0.074895 0.894649 0.439743
1783948167.500580311 0.172242 0.062283 0.673499 -0.024853 -0.074872 0.894662 0.439722
1783948167.510583878 0.171921 0.062059 0.673558 -0.024786 -0.074824 0.894670 0.439719
1783948167.516115665 0.171502 0.061843 0.673585 -0.024895 -0.074821 0.894661 0.439732
1783948167.516115665 0.171502 0.061843 0.673585 -0.024895 -0.074821 0.894661 0.439732
1783948167.520808458 0.171842 0.061923 0.673639 -0.025030 -0.074845 0.894644 0.439755
1783948167.530559063 0.172738 0.062158 0.673768 -0.025019 -0.074819 0.894612 0.439824
1783948167.540603638 0.173529 0.062341 0.673899 -0.024995 -0.074825 0.894585 0.439880
1783948167.552301645 0.174379 0.062529 0.674056 -0.024866 -0.074839 0.894571 0.439914
1783948167.560550690 0.174688 0.062559 0.674157 -0.024947 -0.074902 0.894557 0.439926
1783948167.570587873 0.175037 0.062602 0.674287 -0.024947 -0.074945 0.894554 0.439926
1783948167.582412481 0.175381 0.062646 0.674450 -0.024846 -0.074956 0.894539 0.439960
1783948167.590599060 0.175310 0.062563 0.674551 -0.024955 -0.074990 0.894530 0.439966
1783948167.600599289 0.175185 0.062448 0.674679 -0.024966 -0.075008 0.894516 0.439991
1783948167.613427401 0.175011 0.062294 0.674854 -0.024746 -0.074954 0.894490 0.440064
1783948167.616937399 0.174722 0.062157 0.674890 -0.024870 -0.074983 0.894478 0.440078
1783948167.616937399 0.174722 0.062157 0.674890 -0.024870 -0.074983 0.894478 0.440078
1783948167.620599985 0.175024 0.062246 0.674947 -0.024995 -0.075015 0.894463 0.440095
1783948167.630615234 0.176174 0.062619 0.675119 -0.024948 -0.075013 0.894419 0.440189
1783948167.641388178 0.177303 0.062978 0.675304 -0.024853 -0.074992 0.894383 0.440270
1783948167.650560856 0.178028 0.063193 0.675456 -0.024877 -0.075034 0.894359 0.440310
1783948167.660597563 0.178733 0.063401 0.675623 -0.024869 -0.075096 0.894343 0.440332
1783948167.670571804 0.179272 0.063555 0.675786 -0.024884 -0.075182 0.894325 0.440355
1783948167.680576086 0.179655 0.063656 0.675948 -0.024912 -0.075271 0.894300 0.440387
1783948167.690543175 0.179874 0.063704 0.676108 -0.024942 -0.075352 0.894280 0.440413
1783948167.700551510 0.179934 0.063701 0.676266 -0.024972 -0.075406 0.894250 0.440462
1783948167.710587978 0.179837 0.063647 0.676424 -0.024984 -0.075436 0.894215 0.440527
1783948167.717788219 0.179532 0.063518 0.676532 -0.025106 -0.075465 0.894190 0.440566
1783948167.717788219 0.179532 0.063518 0.676532 -0.025106 -0.075465 0.894190 0.440566
1783948167.720588684 0.179761 0.063608 0.676583 -0.025230 -0.075496 0.894180 0.440575
1783948167.730546713 0.180940 0.064076 0.676776 -0.025265 -0.075534 0.894132 0.440664
1783948167.740542650 0.181992 0.064483 0.676970 -0.025282 -0.075574 0.894092 0.440737
1783948167.750550270 0.182909 0.064832 0.677163 -0.025287 -0.075638 0.894063 0.440784
1783948167.760583639 0.183683 0.065128 0.677356 -0.025303 -0.075728 0.894040 0.440815
1783948167.770627499 0.184298 0.065371 0.677547 -0.025342 -0.075849 0.894016 0.440840
1783948167.780546665 0.184732 0.065557 0.677732 -0.025408 -0.075971 0.893988 0.440873
1783948167.790580273 0.185009 0.065701 0.677918 -0.025495 -0.076080 0.893961 0.440904
1783948167.800586700 0.185112 0.065793 0.678099 -0.025598 -0.076166 0.893926 0.440954
1783948167.810606480 0.185049 0.065830 0.678278 -0.025688 -0.076232 0.893887 0.441016
1783948167.818683863 0.184778 0.065772 0.678419 -0.025830 -0.076284 0.893849 0.441075
1783948167.818683863 0.184778 0.065772 0.678419 -0.025830 -0.076284 0.893849 0.441075
1783948167.820570230 0.184922 0.065843 0.678455 -0.025921 -0.076306 0.893843 0.441079
1783948167.830554008 0.186089 0.066384 0.678649 -0.025941 -0.076346 0.893827 0.441104
1783948167.840612888 0.187135 0.066867 0.678845 -0.025935 -0.076386 0.893821 0.441108
1783948167.850588083 0.188035 0.067283 0.679040 -0.025929 -0.076454 0.893829 0.441081
1783948167.860553026 0.188794 0.067643 0.679235 -0.025922 -0.076546 0.893836 0.441051
1783948167.870608091 0.189412 0.067958 0.679431 -0.025910 -0.076644 0.893845 0.441016
1783948167.880612373 0.189861 0.068226 0.679624 -0.025927 -0.076738 0.893848 0.440992
1783948167.894442320 0.190532 0.068663 0.679890 -0.025681 -0.076793 0.893877 0.440939
1783948167.900600195 0.190425 0.068704 0.680002 -0.025848 -0.076854 0.893873 0.440927
1783948167.910587549 0.190356 0.068824 0.680185 -0.025901 -0.076890 0.893867 0.440930
1783948167.919526815 0.190097 0.068851 0.680345 -0.025983 -0.076922 0.893856 0.440942
1783948167.919526815 0.190097 0.068851 0.680345 -0.025983 -0.076922 0.893856 0.440942
1783948167.920556784 0.190175 0.068895 0.680364 -0.026034 -0.076934 0.893852 0.440944
1783948167.930584908 0.191384 0.069494 0.680535 -0.026034 -0.076977 0.893826 0.440989
1783948167.940630198 0.192457 0.070020 0.680705 -0.026002 -0.077037 0.893811 0.441012
1783948167.950625658 0.193384 0.070481 0.680873 -0.025959 -0.077124 0.893805 0.441010
1783948167.960886478 0.194203 0.070912 0.681046 -0.025922 -0.077230 0.893804 0.440997
1783948167.970585346 0.194793 0.071265 0.681208 -0.025929 -0.077327 0.893803 0.440981
1783948167.980568409 0.195256 0.071595 0.681373 -0.025950 -0.077409 0.893797 0.440979
1783948167.990607023 0.195552 0.071881 0.681535 -0.025997 -0.077471 0.893797 0.440965
1783948168.000648499 0.195672 0.072108 0.681692 -0.026052 -0.077534 0.893784 0.440976
1783948168.010636330 0.195617 0.072266 0.681842 -0.026092 -0.077589 0.893766 0.441001
1783948168.020394802 0.195392 0.072344 0.681987 -0.026125 -0.077631 0.893741 0.441043
1783948168.020394802 0.195392 0.072344 0.681987 -0.026125 -0.077631 0.893741 0.441043
1783948168.022567272 0.195570 0.072448 0.682000 -0.026222 -0.077655 0.893732 0.441050
1783948168.030586004 0.196481 0.072926 0.681979 -0.026290 -0.077709 0.893711 0.441079
1783948168.040584564 0.197626 0.073516 0.681922 -0.026244 -0.077757 0.893701 0.441094
1783948168.050592422 0.198630 0.074049 0.681864 -0.026191 -0.077830 0.893703 0.441081
1783948168.060580730 0.199481 0.074533 0.681805 -0.026177 -0.077916 0.893709 0.441052
1783948168.070626020 0.200182 0.074979 0.681744 -0.026159 -0.078005 0.893716 0.441024
1783948168.080580235 0.200706 0.075377 0.681684 -0.026171 -0.078076 0.893718 0.441007
1783948168.091267586 0.201137 0.075771 0.681604 -0.026164 -0.078117 0.893718 0.441001
1783948168.100579262 0.201265 0.076020 0.681550 -0.026228 -0.078164 0.893714 0.440997
1783948168.110585451 0.201290 0.076237 0.681478 -0.026248 -0.078215 0.893701 0.441013
1783948168.121417284 0.201197 0.076409 0.681382 -0.026178 -0.078245 0.893683 0.441048
1783948168.121875763 0.201163 0.076404 0.681384 -0.026196 -0.078250 0.893681 0.441050
1783948168.121875763 0.201163 0.076404 0.681384 -0.026196 -0.078250 0.893681 0.441050
1783948168.130726337 0.202198 0.076933 0.681515 -0.026234 -0.078290 0.893658 0.441088
1783948168.140632391 0.203294 0.077491 0.681661 -0.026215 -0.078342 0.893641 0.441114
1783948168.150652409 0.204267 0.078005 0.681808 -0.026189 -0.078402 0.893639 0.441109
1783948168.160600901 0.205077 0.078471 0.681954 -0.026193 -0.078478 0.893640 0.441092
1783948168.171044111 0.205788 0.078928 0.682105 -0.026199 -0.078557 0.893642 0.441074
1783948168.180597782 0.206224 0.079279 0.682239 -0.026287 -0.078642 0.893635 0.441067
1783948168.190590858 0.206543 0.079601 0.682377 -0.026357 -0.078707 0.893631 0.441060
1783948168.200587749 0.206695 0.079855 0.682510 -0.026417 -0.078771 0.893625 0.441057
1783948168.211455584 0.206736 0.080070 0.682653 -0.026412 -0.078815 0.893611 0.441078
1783948168.220679760 0.206523 0.080143 0.682769 -0.026464 -0.078867 0.893591 0.441106
1783948168.222128868 0.206410 0.080122 0.682786 -0.026529 -0.078886 0.893586 0.441110
1783948168.222128868 0.206410 0.080122 0.682786 -0.026529 -0.078886 0.893586 0.441110
1783948168.230668068 0.207404 0.080626 0.682903 -0.026602 -0.078944 0.893586 0.441095
1783948168.240617037 0.208523 0.081188 0.683040 -0.026602 -0.079012 0.893601 0.441052
1783948168.250628948 0.209509 0.081702 0.683177 -0.026609 -0.079093 0.893625 0.440989
1783948168.260642290 0.210346 0.082171 0.683313 -0.026631 -0.079191 0.893653 0.440912
1783948168.270821333 0.211042 0.082605 0.683449 -0.026661 -0.079278 0.893686 0.440829
1783948168.280643463 0.211528 0.082966 0.683577 -0.026734 -0.079370 0.893706 0.440766
1783948168.293417931 0.212162 0.083457 0.683740 -0.026642 -0.079430 0.893756 0.440660
1783948168.301290751 0.212157 0.083612 0.683834 -0.026799 -0.079501 0.893766 0.440618
1783948168.310630798 0.212103 0.083772 0.683942 -0.026896 -0.079559 0.893775 0.440582
1783948168.320644140 0.211929 0.083882 0.684055 -0.026946 -0.079602 0.893782 0.440557
1783948168.322987795 0.211749 0.083851 0.684080 -0.027046 -0.079632 0.893776 0.440558
1783948168.322987795 0.211749 0.083851 0.684080 -0.027046 -0.079632 0.893776 0.440558
1783948168.330665827 0.212623 0.084300 0.684183 -0.027150 -0.079696 0.893738 0.440617
1783948168.340590715 0.213778 0.084877 0.684314 -0.027137 -0.079781 0.893695 0.440691
1783948168.350624084 0.214809 0.085407 0.684446 -0.027122 -0.079871 0.893659 0.440747
1783948168.360657692 0.215687 0.085891 0.684578 -0.027127 -0.079975 0.893629 0.440790
1783948168.373395205 0.216793 0.086536 0.684744 -0.026987 -0.080066 0.893588 0.440864
1783948168.380606651 0.217029 0.086763 0.684834 -0.027151 -0.080153 0.893564 0.440888
1783948168.390630722 0.217395 0.087101 0.684957 -0.027219 -0.080238 0.893531 0.440935
1783948168.400625229 0.217589 0.087367 0.685075 -0.027287 -0.080317 0.893492 0.440995
1783948168.410700798 0.217621 0.087557 0.685191 -0.027323 -0.080398 0.893445 0.441072
1783948168.420671463 0.217482 0.087663 0.685301 -0.027336 -0.080475 0.893398 0.441154
1783948168.423855543 0.217261 0.087626 0.685336 -0.027452 -0.080518 0.893380 0.441174
1783948168.423855543 0.217261 0.087626 0.685336 -0.027452 -0.080518 0.893380 0.441174
1783948168.434560299 0.218629 0.088295 0.685475 -0.027485 -0.080648 0.893313 0.441285
1783948168.440658808 0.219154 0.088575 0.685555 -0.027636 -0.080723 0.893284 0.441320
1783948168.450659037 0.220141 0.089094 0.685682 -0.027724 -0.080846 0.893242 0.441378
1783948168.463033438 0.221333 0.089745 0.685836 -0.027705 -0.080991 0.893194 0.441449
1783948168.470631361 0.221705 0.090012 0.685930 -0.027896 -0.081110 0.893169 0.441466
1783948168.480648994 0.222202 0.090370 0.686048 -0.028050 -0.081265 0.893125 0.441517
1783948168.490611792 0.222525 0.090656 0.686160 -0.028189 -0.081428 0.893086 0.441556
1783948168.500642300 0.222683 0.090874 0.686268 -0.028317 -0.081581 0.893039 0.441615
1783948168.510669231 0.222671 0.091022 0.686372 -0.028418 -0.081711 0.892985 0.441693
1783948168.520614624 0.222487 0.091099 0.686472 -0.028508 -0.081816 0.892928 0.441783
1783948168.524737358 0.222209 0.091051 0.686514 -0.028661 -0.081872 0.892905 0.441811
1783948168.524737358 0.222209 0.091051 0.686514 -0.028661 -0.081872 0.892905 0.441811
1783948168.530647039 0.222737 0.091338 0.686563 -0.028803 -0.081925 0.892882 0.441838
1783948168.540684223 0.223774 0.091881 0.686635 -0.028824 -0.081984 0.892858 0.441874
1783948168.550613403 0.224645 0.092362 0.686706 -0.028851 -0.082061 0.892846 0.441882
1783948168.560670376 0.225386 0.092802 0.686776 -0.028889 -0.082143 0.892837 0.441882
1783948168.570660830 0.225957 0.093182 0.686845 -0.028933 -0.082228 0.892830 0.441877
1783948168.580816746 0.226376 0.093508 0.686909 -0.028986 -0.082321 0.892816 0.441885
1783948168.590600252 0.226587 0.093748 0.686966 -0.029053 -0.082411 0.892806 0.441885
1783948168.600676060 0.226646 0.093931 0.687018 -0.029108 -0.082487 0.892790 0.441898
1783948168.611135721 0.226541 0.094053 0.687065 -0.029122 -0.082557 0.892769 0.441927
1783948168.620662928 0.226219 0.094071 0.687105 -0.029175 -0.082615 0.892742 0.441968
1783948168.625595331 0.225847 0.093999 0.687128 -0.029326 -0.082666 0.892722 0.441989
1783948168.625595331 0.225847 0.093999 0.687128 -0.029326 -0.082666 0.892722 0.441989
1783948168.630652905 0.226198 0.094204 0.687133 -0.029469 -0.082704 0.892707 0.442002
1783948168.640690565 0.227090 0.094684 0.687136 -0.029455 -0.082701 0.892703 0.442012
1783948168.650699854 0.227822 0.095103 0.687137 -0.029461 -0.082719 0.892709 0.441996
1783948168.660613060 0.228387 0.095460 0.687137 -0.029476 -0.082772 0.892719 0.441964
1783948168.671399593 0.228882 0.095809 0.687134 -0.029451 -0.082814 0.892737 0.441921
1783948168.680641413 0.229061 0.096019 0.687131 -0.029525 -0.082873 0.892740 0.441900
1783948168.690606833 0.229136 0.096206 0.687125 -0.029562 -0.082910 0.892747 0.441877
1783948168.700634480 0.229039 0.096335 0.687114 -0.029596 -0.082926 0.892752 0.441860
1783948168.710619450 0.228763 0.096393 0.687099 -0.029617 -0.082937 0.892752 0.441857
1783948168.720689774 0.228311 0.096375 0.687079 -0.029613 -0.082931 0.892746 0.441871
1783948168.726462364 0.227815 0.096267 0.687068 -0.029742 -0.082961 0.892729 0.441890
1783948168.726462364 0.227815 0.096267 0.687068 -0.029742 -0.082961 0.892729 0.441890
1783948168.730648041 0.227996 0.096390 0.687051 -0.029866 -0.082987 0.892711 0.441914
1783948168.740621567 0.228620 0.096749 0.687020 -0.029817 -0.082984 0.892689 0.441962
1783948168.750686407 0.229092 0.097047 0.686986 -0.029768 -0.083001 0.892680 0.441982
1783948168.760883570 0.229410 0.097296 0.686949 -0.029741 -0.083052 0.892670 0.441994
1783948168.770623446 0.229528 0.097477 0.686912 -0.029758 -0.083097 0.892667 0.441990
1783948168.780677795 0.229499 0.097621 0.686871 -0.029780 -0.083130 0.892658 0.442000
1783948168.792584419 0.229363 0.097766 0.686825 -0.029681 -0.083117 0.892652 0.442020
1783948168.800664186 0.228966 0.097747 0.686783 -0.029785 -0.083137 0.892639 0.442038
1783948168.810667515 0.228418 0.097695 0.686731 -0.029785 -0.083114 0.892618 0.442083
1783948168.820739508 0.227692 0.097561 0.686674 -0.029758 -0.083098 0.892595 0.442135
1783948168.828071356 0.226942 0.097370 0.686625 -0.029842 -0.083125 0.892568 0.442178
1783948168.828071356 0.226942 0.097370 0.686625 -0.029842 -0.083125 0.892568 0.442178
1783948168.831467867 0.227038 0.097452 0.686556 -0.029959 -0.083158 0.892554 0.442193
1783948168.840715170 0.227546 0.097779 0.686317 -0.029952 -0.083173 0.892535 0.442229
1783948168.850656986 0.227980 0.098095 0.686053 -0.029926 -0.083193 0.892526 0.442245
1783948168.860678911 0.228262 0.098368 0.685784 -0.029921 -0.083227 0.892522 0.442246
1783948168.870630264 0.228375 0.098588 0.685515 -0.029928 -0.083263 0.892524 0.442236
1783948168.880718470 0.228328 0.098760 0.685239 -0.029950 -0.083293 0.892516 0.442245
1783948168.890631676 0.228104 0.098865 0.684967 -0.029984 -0.083316 0.892511 0.442249
1783948168.900648594 0.227714 0.098908 0.684687 -0.029987 -0.083314 0.892503 0.442266
1783948168.910695076 0.227152 0.098882 0.684403 -0.029979 -0.083292 0.892487 0.442302
1783948168.922386408 0.226401 0.098803 0.684050 -0.029816 -0.083217 0.892472 0.442358
1783948168.928409338 0.225700 0.098628 0.683899 -0.029931 -0.083236 0.892452 0.442387
1783948168.928409338 0.225700 0.098628 0.683899 -0.029931 -0.083236 0.892452 0.442387
1783948168.930655718 0.225708 0.098665 0.683842 -0.030018 -0.083252 0.892444 0.442394
1783948168.940729141 0.226112 0.098967 0.683566 -0.029925 -0.083203 0.892440 0.442416
1783948168.950702667 0.226344 0.099199 0.683289 -0.029852 -0.083181 0.892447 0.442411
1783948168.960632324 0.226413 0.099379 0.683012 -0.029798 -0.083167 0.892458 0.442396
1783948168.970690966 0.226323 0.099516 0.682729 -0.029751 -0.083157 0.892473 0.442370
1783948168.981381178 0.226081 0.099618 0.682425 -0.029693 -0.083129 0.892484 0.442358
1783948168.990653276 0.225630 0.099621 0.682163 -0.029726 -0.083123 0.892491 0.442343
1783948169.000644207 0.225020 0.099577 0.681874 -0.029708 -0.083093 0.892500 0.442332
1783948169.010685205 0.224235 0.099460 0.681581 -0.029655 -0.083041 0.892500 0.442344
1783948169.021171808 0.223256 0.099261 0.681270 -0.029545 -0.082975 0.892496 0.442373
1783948169.029062033 0.222266 0.099001 0.681039 -0.029585 -0.082971 0.892480 0.442402
1783948169.029062033 0.222266 0.099001 0.681039 -0.029585 -0.082971 0.892480 0.442402
1783948169.030616045 0.222237 0.099014 0.680983 -0.029648 -0.082985 0.892474 0.442407
1783948169.040679932 0.222451 0.099252 0.680594 -0.029514 -0.082898 0.892476 0.442428
1783948169.050651073 0.222497 0.099424 0.680206 -0.029395 -0.082849 0.892493 0.442412
1783948169.060858965 0.222392 0.099551 0.679806 -0.029266 -0.082807 0.892512 0.442389
1783948169.070689678 0.222105 0.099618 0.679421 -0.029204 -0.082770 0.892529 0.442366
1783948169.080624580 0.221655 0.099641 0.679030 -0.029142 -0.082727 0.892544 0.442349
1783948169.090691805 0.221035 0.099609 0.678631 -0.029081 -0.082654 0.892564 0.442325
1783948169.100692987 0.220238 0.099508 0.678232 -0.029025 -0.082580 0.892577 0.442316
1783948169.110650539 0.219268 0.099329 0.677832 -0.028943 -0.082506 0.892583 0.442324
1783948169.120655775 0.218123 0.099069 0.677426 -0.028840 -0.082419 0.892583 0.442346
1783948169.129968166 0.216865 0.098743 0.677050 -0.028761 -0.082350 0.892576 0.442378
1783948169.129968166 0.216865 0.098743 0.677050 -0.028761 -0.082350 0.892576 0.442378
1783948169.130699635 0.216838 0.098745 0.677015 -0.028790 -0.082355 0.892574 0.442380
1783948169.140671015 0.216890 0.098943 0.676508 -0.028623 -0.082235 0.892609 0.442344
1783948169.150667429 0.216785 0.099083 0.675999 -0.028473 -0.082126 0.892654 0.442282
1783948169.160695314 0.216518 0.099173 0.675487 -0.028344 -0.082048 0.892700 0.442212
1783948169.170660973 0.216083 0.099209 0.674978 -0.028231 -0.081967 0.892755 0.442124
1783948169.180714130 0.215478 0.099196 0.674464 -0.028139 -0.081876 0.892802 0.442052
1783948169.190667152 0.214705 0.099121 0.673953 -0.028071 -0.081773 0.892850 0.441977
1783948169.200695038 0.213760 0.098979 0.673436 -0.027979 -0.081659 0.892894 0.441916
1783948169.210772038 0.212643 0.098761 0.672914 -0.027855 -0.081533 0.892933 0.441867
1783948169.220693588 0.211366 0.098462 0.672399 -0.027715 -0.081399 0.892965 0.441838
1783948169.230624914 0.209922 0.098085 0.671883 -0.027564 -0.081264 0.892994 0.441812
1783948169.230791569 0.209892 0.098076 0.671874 -0.027566 -0.081264 0.892994 0.441812
1783948169.230791569 0.209892 0.098076 0.671874 -0.027566 -0.081264 0.892994 0.441812
1783948169.240636110 0.209874 0.098239 0.671250 -0.027396 -0.081135 0.893021 0.441793
1783948169.250668526 0.209715 0.098352 0.670613 -0.027211 -0.081021 0.893058 0.441750
1783948169.260709047 0.209396 0.098415 0.669975 -0.027056 -0.080910 0.893100 0.441695
1783948169.272433758 0.208942 0.098477 0.669216 -0.026759 -0.080742 0.893164 0.441614
1783948169.280671835 0.208294 0.098401 0.668701 -0.026775 -0.080703 0.893189 0.441569
1783948169.290956497 0.207461 0.098301 0.668043 -0.026660 -0.080598 0.893234 0.441504
1783948169.300804377 0.206470 0.098129 0.667416 -0.026561 -0.080490 0.893271 0.441455
1783948169.310692310 0.205320 0.097887 0.666787 -0.026425 -0.080357 0.893302 0.441425
1783948169.320698023 0.204003 0.097570 0.666149 -0.026256 -0.080196 0.893327 0.441414
1783948169.330662251 0.202526 0.097177 0.665515 -0.026067 -0.080038 0.893347 0.441414
1783948169.331662655 0.202315 0.097113 0.665457 -0.026105 -0.080044 0.893345 0.441414
1783948169.331662655 0.202315 0.097113 0.665457 -0.026105 -0.080044 0.893345 0.441414
1783948169.340703964 0.202206 0.097200 0.664918 -0.026010 -0.079939 0.893342 0.441444
1783948169.350700617 0.202002 0.097260 0.664322 -0.025845 -0.079832 0.893350 0.441458
1783948169.362634897 0.201704 0.097318 0.663611 -0.025508 -0.079675 0.893374 0.441456
1783948169.370702267 0.201173 0.097244 0.663132 -0.025511 -0.079649 0.893381 0.441448
1783948169.380647421 0.200485 0.097153 0.662541 -0.025422 -0.079566 0.893391 0.441448
1783948169.390708447 0.199624 0.097008 0.661942 -0.025342 -0.079468 0.893403 0.441445
1783948169.400653601 0.198598 0.096795 0.661347 -0.025252 -0.079366 0.893412 0.441451
1783948169.410697699 0.197404 0.096505 0.660745 -0.025151 -0.079242 0.893410 0.441481
1783948169.420655966 0.196057 0.096135 0.660148 -0.025011 -0.079109 0.893406 0.441521
1783948169.432531357 0.194395 0.095650 0.659440 -0.024658 -0.078903 0.893403 0.441585
1783948169.433116198 0.194271 0.095610 0.659406 -0.024679 -0.078907 0.893402 0.441586
1783948169.433116198 0.194271 0.095610 0.659406 -0.024679 -0.078907 0.893402 0.441586
1783948169.440710306 0.194103 0.095621 0.658899 -0.024645 -0.078836 0.893416 0.441572
1783948169.450741768 0.193906 0.095644 0.658220 -0.024441 -0.078683 0.893460 0.441521
1783948169.460687399 0.193554 0.095616 0.657548 -0.024276 -0.078551 0.893508 0.441456
1783948169.470780373 0.193042 0.095543 0.656866 -0.024125 -0.078420 0.893558 0.441386
1783948169.480647802 0.192362 0.095414 0.656199 -0.024027 -0.078304 0.893600 0.441327
1783948169.490756512 0.191512 0.095225 0.655514 -0.023925 -0.078178 0.893648 0.441259
1783948169.500674963 0.190502 0.094965 0.654842 -0.023817 -0.078048 0.893688 0.441207
1783948169.510753393 0.189325 0.094628 0.654159 -0.023672 -0.077902 0.893718 0.441179
1783948169.520753145 0.187994 0.094215 0.653484 -0.023500 -0.077752 0.893746 0.441159
1783948169.531466484 0.186445 0.093710 0.652760 -0.023242 -0.077553 0.893774 0.441150
1783948169.533430099 0.186038 0.093571 0.652635 -0.023311 -0.077564 0.893771 0.441150
1783948169.533430099 0.186038 0.093571 0.652635 -0.023311 -0.077564 0.893771 0.441150
1783948169.540688038 0.185924 0.093576 0.652062 -0.023304 -0.077494 0.893795 0.441116
1783948169.550726414 0.185846 0.093612 0.651238 -0.023097 -0.077335 0.893859 0.441023
1783948169.560676098 0.185620 0.093599 0.650425 -0.022904 -0.077195 0.893927 0.440921
1783948169.570744991 0.185245 0.093543 0.649604 -0.022740 -0.077035 0.893998 0.440814
1783948169.580680132 0.184708 0.093432 0.648795 -0.022606 -0.076894 0.894063 0.440713
1783948169.590808153 0.184007 0.093259 0.647968 -0.022465 -0.076747 0.894131 0.440607
1783948169.600703955 0.183146 0.093012 0.647163 -0.022336 -0.076614 0.894193 0.440511
1783948169.610697031 0.182129 0.092690 0.646348 -0.022172 -0.076469 0.894249 0.440432
1783948169.622468948 0.180884 0.092282 0.645366 -0.021788 -0.076199 0.894326 0.440341
1783948169.630724669 0.179678 0.091866 0.644716 -0.021723 -0.076078 0.894353 0.440311
1783948169.634261608 0.179013 0.091632 0.644458 -0.021815 -0.076068 0.894355 0.440304
1783948169.634261608 0.179013 0.091632 0.644458 -0.021815 -0.076068 0.894355 0.440304
1783948169.640757322 0.178959 0.091632 0.644078 -0.021863 -0.076013 0.894353 0.440315
1783948169.650745869 0.179008 0.091681 0.643506 -0.021704 -0.075870 0.894378 0.440296
1783948169.660655022 0.178913 0.091669 0.642938 -0.021569 -0.075763 0.894403 0.440270
1783948169.670769930 0.178684 0.091599 0.642359 -0.021413 -0.075671 0.894433 0.440234
1783948169.680732727 0.178300 0.091465 0.641788 -0.021274 -0.075593 0.894454 0.440210
1783948169.690670013 0.177768 0.091275 0.641221 -0.021140 -0.075503 0.894481 0.440178
1783948169.700690031 0.177082 0.091033 0.640651 -0.020993 -0.075386 0.894499 0.440167
1783948169.710718155 0.176232 0.090738 0.640084 -0.020833 -0.075226 0.894517 0.440166
1783948169.720702648 0.175216 0.090383 0.639519 -0.020700 -0.075048 0.894523 0.440190
1783948169.730771780 0.174035 0.089961 0.638951 -0.020558 -0.074869 0.894525 0.440224
1783948169.735139132 0.173300 0.089690 0.638697 -0.020663 -0.074860 0.894520 0.440230
1783948169.735139132 0.173300 0.089690 0.638697 -0.020663 -0.074860 0.894520 0.440230
1783948169.740699291 0.173312 0.089696 0.638432 -0.020790 -0.074859 0.894522 0.440220
1783948169.750727654 0.173546 0.089776 0.637978 -0.020735 -0.074808 0.894563 0.440149
1783948169.760687351 0.173649 0.089793 0.637529 -0.020679 -0.074787 0.894602 0.440076
1783948169.770772219 0.173625 0.089753 0.637076 -0.020620 -0.074776 0.894644 0.439995
1783948169.782928705 0.173571 0.089700 0.636545 -0.020392 -0.074715 0.894703 0.439896
1783948169.790751457 0.173177 0.089533 0.636189 -0.020478 -0.074730 0.894726 0.439843
1783948169.800666094 0.172678 0.089331 0.635746 -0.020478 -0.074690 0.894758 0.439783
1783948169.813429832 0.172060 0.089085 0.635194 -0.020241 -0.074543 0.894811 0.439713
1783948169.820698261 0.171319 0.088790 0.634863 -0.020340 -0.074520 0.894820 0.439693
1783948169.830751181 0.170363 0.088401 0.634419 -0.020296 -0.074433 0.894838 0.439673
1783948169.835994720 0.169635 0.088103 0.634178 -0.020410 -0.074443 0.894840 0.439662
1783948169.835994720 0.169635 0.088103 0.634178 -0.020410 -0.074443 0.894840 0.439662
1783948169.840770721 0.169752 0.088119 0.634021 -0.020534 -0.074473 0.894832 0.439669
1783948169.850702763 0.170269 0.088243 0.633722 -0.020479 -0.074484 0.894835 0.439662
1783948169.860735893 0.170669 0.088313 0.633423 -0.020427 -0.074534 0.894848 0.439629
1783948169.870754004 0.170925 0.088328 0.633126 -0.020383 -0.074605 0.894857 0.439601
1783948169.880716801 0.171025 0.088292 0.632831 -0.020374 -0.074657 0.894863 0.439580
1783948169.890712023 0.170968 0.088210 0.632535 -0.020377 -0.074684 0.894870 0.439562
1783948169.900705814 0.170750 0.088078 0.632238 -0.020398 -0.074702 0.894868 0.439562
1783948169.911999702 0.170422 0.087900 0.631912 -0.020329 -0.074668 0.894863 0.439580
1783948169.920770407 0.169873 0.087643 0.631648 -0.020400 -0.074663 0.894850 0.439604
1783948169.930691957 0.169203 0.087319 0.631357 -0.020384 -0.074642 0.894833 0.439644
1783948169.936862230 0.168554 0.087020 0.631165 -0.020493 -0.074670 0.894823 0.439655
1783948169.936862230 0.168554 0.087020 0.631165 -0.020493 -0.074670 0.894823 0.439655
1783948169.940721512 0.168719 0.087035 0.631095 -0.020642 -0.074720 0.894811 0.439664
1783948169.950698614 0.169480 0.087184 0.630949 -0.020730 -0.074847 0.894799 0.439662
1783948169.960722923 0.170120 0.087277 0.630806 -0.020819 -0.074991 0.894792 0.439649
1783948169.970710278 0.170613 0.087317 0.630664 -0.020921 -0.075146 0.894784 0.439633
1783948169.980722427 0.170955 0.087312 0.630522 -0.021054 -0.075297 0.894769 0.439631
1783948169.990737915 0.171135 0.087262 0.630380 -0.021212 -0.075424 0.894757 0.439626
1783948170.004440784 0.171474 0.087245 0.630211 -0.021220 -0.075539 0.894736 0.439648
1783948170.010768414 0.171207 0.087082 0.630107 -0.021435 -0.075606 0.894718 0.439664
1783948170.020735741 0.170916 0.086858 0.629963 -0.021583 -0.075664 0.894688 0.439707
1783948170.030699730 0.170484 0.086557 0.629818 -0.021710 -0.075743 0.894651 0.439762
1783948170.040918350 0.169920 0.086179 0.629673 -0.021789 -0.075854 0.894626 0.439790
1783948170.040918350 0.169920 0.086179 0.629673 -0.021789 -0.075854 0.894626 0.439790
1783948170.040977478 0.169927 0.086180 0.629673 -0.021788 -0.075854 0.894626 0.439791
1783948170.050734758 0.170727 0.086294 0.629708 -0.021863 -0.075993 0.894592 0.439833
1783948170.060702085 0.171427 0.086366 0.629748 -0.021946 -0.076140 0.894561 0.439866
1783948170.073414087 0.172295 0.086463 0.629827 -0.021909 -0.076301 0.894519 0.439925
1783948170.080720425 0.172467 0.086403 0.629838 -0.022103 -0.076425 0.894494 0.439945
1783948170.090701580 0.172702 0.086333 0.629873 -0.022264 -0.076550 0.894462 0.439980
1783948170.100775242 0.172780 0.086207 0.629907 -0.022437 -0.076661 0.894422 0.440034
1783948170.110711336 0.172694 0.086015 0.629936 -0.022587 -0.076756 0.894375 0.440105
1783948170.120712519 0.172461 0.085748 0.629964 -0.022709 -0.076832 0.894323 0.440191
1783948170.130726576 0.172084 0.085407 0.629992 -0.022816 -0.076915 0.894266 0.440285
1783948170.138604641 0.171600 0.085057 0.630001 -0.022960 -0.077004 0.894231 0.440334
1783948170.138604641 0.171600 0.085057 0.630001 -0.022960 -0.077004 0.894231 0.440334
1783948170.140715599 0.171733 0.085056 0.630015 -0.023056 -0.077035 0.894223 0.440341
1783948170.150712013 0.172767 0.085201 0.630103 -0.023143 -0.077147 0.894184 0.440396
1783948170.160725117 0.173668 0.085298 0.630191 -0.023247 -0.077268 0.894151 0.440435
1783948170.170765400 0.174421 0.085348 0.630280 -0.023366 -0.077397 0.894116 0.440478
1783948170.180723190 0.175004 0.085344 0.630364 -0.023520 -0.077527 0.894076 0.440529
1783948170.190762758 0.175428 0.085284 0.630444 -0.023690 -0.077653 0.894031 0.440587
1783948170.200709105 0.175675 0.085159 0.630518 -0.023872 -0.077763 0.893986 0.440650
1783948170.213415384 0.175981 0.084986 0.630617 -0.023917 -0.077870 0.893920 0.440762
1783948170.220716476 0.175794 0.084741 0.630659 -0.024120 -0.077948 0.893875 0.440828
1783948170.230743170 0.175580 0.084410 0.630726 -0.024240 -0.078027 0.893814 0.440931
1783948170.239465714 0.175203 0.084041 0.630780 -0.024387 -0.078117 0.893770 0.440997
1783948170.239465714 0.175203 0.084041 0.630780 -0.024387 -0.078117 0.893770 0.440997
1783948170.240708351 0.175278 0.084036 0.630795 -0.024449 -0.078135 0.893764 0.441002
1783948170.250739336 0.176302 0.084160 0.630927 -0.024563 -0.078233 0.893733 0.441041
1783948170.260761738 0.177187 0.084227 0.631058 -0.024684 -0.078348 0.893705 0.441071
1783948170.270748854 0.177916 0.084238 0.631188 -0.024816 -0.078473 0.893671 0.441110
1783948170.280754328 0.178487 0.084198 0.631316 -0.024965 -0.078605 0.893634 0.441153
1783948170.290834665 0.178899 0.084111 0.631440 -0.025144 -0.078693 0.893597 0.441203
1783948170.300714731 0.179126 0.083967 0.631557 -0.025328 -0.078776 0.893557 0.441259
1783948170.310715914 0.179198 0.083758 0.631671 -0.025507 -0.078834 0.893509 0.441334
1783948170.320773602 0.179112 0.083472 0.631782 -0.025659 -0.078891 0.893457 0.441421
1783948170.330755472 0.178870 0.083110 0.631891 -0.025786 -0.078961 0.893400 0.441516
1783948170.341361284 0.178494 0.082668 0.632010 -0.025873 -0.079048 0.893353 0.441591
1783948170.341361284 0.178494 0.082668 0.632010 -0.025873 -0.079048 0.893353 0.441591
1783948170.342482090 0.178552 0.082659 0.632026 -0.025927 -0.079065 0.893349 0.441593
1783948170.350737095 0.179242 0.082701 0.632152 -0.026063 -0.079150 0.893322 0.441623
1783948170.360769749 0.180057 0.082749 0.632307 -0.026146 -0.079250 0.893295 0.441655
1783948170.374262094 0.181185 0.082849 0.632521 -0.026044 -0.079333 0.893264 0.441710
1783948170.380717039 0.181352 0.082752 0.632617 -0.026234 -0.079416 0.893244 0.441723
1783948170.390779972 0.181684 0.082644 0.632768 -0.026378 -0.079498 0.893212 0.441765
1783948170.400727987 0.181835 0.082473 0.632912 -0.026531 -0.079568 0.893178 0.441813
1783948170.410784245 0.181828 0.082236 0.633054 -0.026661 -0.079622 0.893132 0.441888
1783948170.420794964 0.181659 0.081927 0.633193 -0.026776 -0.079662 0.893085 0.441969
1783948170.430869102 0.181338 0.081542 0.633333 -0.026861 -0.079699 0.893035 0.442057
1783948170.440718651 0.180862 0.081093 0.633469 -0.026936 -0.079751 0.892995 0.442124
1783948170.441195726 0.180815 0.081061 0.633476 -0.026957 -0.079758 0.892994 0.442124
1783948170.441195726 0.180815 0.081061 0.633476 -0.026957 -0.079758 0.892994 0.442124
1783948170.450764179 0.181577 0.081125 0.633639 -0.027030 -0.079821 0.892967 0.442163
1783948170.462480783 0.182473 0.081202 0.633841 -0.027016 -0.079905 0.892942 0.442200
1783948170.470761538 0.182807 0.081146 0.633978 -0.027165 -0.079992 0.892924 0.442210
1783948170.480764866 0.183158 0.081078 0.634144 -0.027291 -0.080074 0.892897 0.442243
1783948170.490752935 0.183337 0.080957 0.634306 -0.027443 -0.080141 0.892871 0.442274
1783948170.500799179 0.183348 0.080773 0.634466 -0.027592 -0.080192 0.892836 0.442325
1783948170.510785580 0.183192 0.080515 0.634620 -0.027715 -0.080232 0.892796 0.442392
1783948170.522406340 0.182923 0.080164 0.634800 -0.027718 -0.080245 0.892747 0.442487
1783948170.530807495 0.182439 0.079779 0.634926 -0.027837 -0.080282 0.892708 0.442551
1783948170.540837765 0.181810 0.079296 0.635077 -0.027880 -0.080325 0.892671 0.442616
1783948170.542062759 0.181664 0.079208 0.635094 -0.027937 -0.080344 0.892667 0.442616
1783948170.542062759 0.181664 0.079208 0.635094 -0.027937 -0.080344 0.892667 0.442616
1783948170.550962448 0.182222 0.079237 0.635159 -0.027943 -0.080342 0.892659 0.442634
1783948170.560775042 0.182750 0.079246 0.635226 -0.027913 -0.080332 0.892657 0.442640
1783948170.570790291 0.183137 0.079210 0.635291 -0.027891 -0.080332 0.892652 0.442652
1783948170.580841064 0.183354 0.079122 0.635353 -0.027891 -0.080337 0.892644 0.442669
1783948170.590734720 0.183384 0.078980 0.635410 -0.027918 -0.080322 0.892639 0.442679
1783948170.600767612 0.183249 0.078781 0.635463 -0.027944 -0.080303 0.892625 0.442708
1783948170.614443541 0.183093 0.078526 0.635507 -0.027674 -0.080148 0.892600 0.442805
1783948170.620735645 0.182634 0.078245 0.635551 -0.027808 -0.080146 0.892578 0.442840
1783948170.630816221 0.181999 0.077827 0.635600 -0.027762 -0.080080 0.892547 0.442918
1783948170.640809298 0.181207 0.077337 0.635649 -0.027706 -0.080028 0.892526 0.442972
1783948170.642956972 0.180917 0.077182 0.635669 -0.027791 -0.080057 0.892521 0.442973
1783948170.642956972 0.180917 0.077182 0.635669 -0.027791 -0.080057 0.892521 0.442973
1783948170.650744200 0.181214 0.077149 0.635757 -0.027810 -0.080056 0.892521 0.442972
1783948170.660790682 0.181599 0.077113 0.635872 -0.027694 -0.080023 0.892535 0.442957
1783948170.670778036 0.181818 0.077026 0.635986 -0.027611 -0.080002 0.892546 0.442944
1783948170.683371544 0.182056 0.076940 0.636131 -0.027328 -0.079894 0.892565 0.442942
1783948170.690713644 0.181835 0.076768 0.636212 -0.027437 -0.079885 0.892566 0.442935
1783948170.700752020 0.181546 0.076551 0.636321 -0.027426 -0.079795 0.892571 0.442941
1783948170.710768938 0.181089 0.076266 0.636428 -0.027399 -0.079688 0.892569 0.442966
1783948170.721667051 0.180469 0.075882 0.636542 -0.027270 -0.079555 0.892565 0.443008
1783948170.730744600 0.179714 0.075442 0.636636 -0.027237 -0.079484 0.892555 0.443042
1783948170.740788221 0.178794 0.074904 0.636741 -0.027091 -0.079404 0.892553 0.443068
1783948170.744718790 0.178248 0.074617 0.636782 -0.027183 -0.079437 0.892550 0.443063
1783948170.744718790 0.178248 0.074617 0.636782 -0.027183 -0.079437 0.892550 0.443063
1783948170.750731945 0.178355 0.074556 0.636820 -0.027231 -0.079455 0.892551 0.443056
1783948170.760717869 0.178655 0.074518 0.636872 -0.027076 -0.079397 0.892568 0.443042
1783948170.770742655 0.178794 0.074443 0.636923 -0.026948 -0.079330 0.892589 0.443018
1783948170.780721426 0.178757 0.074329 0.636973 -0.026862 -0.079260 0.892603 0.443008
1783948170.790754795 0.178549 0.074171 0.637023 -0.026803 -0.079161 0.892620 0.442995
1783948170.800761938 0.178173 0.073955 0.637070 -0.026751 -0.079058 0.892629 0.442999
1783948170.816371679 0.177818 0.073685 0.637116 -0.026013 -0.078668 0.892669 0.443032
1783948170.821447134 0.177292 0.073419 0.637147 -0.026116 -0.078663 0.892659 0.443047
1783948170.830828190 0.176465 0.072972 0.637192 -0.025990 -0.078570 0.892652 0.443084
1783948170.840769529 0.175473 0.072443 0.637238 -0.025807 -0.078485 0.892656 0.443102
1783948170.844663620 0.174898 0.072162 0.637264 -0.025898 -0.078508 0.892653 0.443098
1783948170.844663620 0.174898 0.072162 0.637264 -0.025898 -0.078508 0.892653 0.443098
1783948170.850736856 0.174964 0.072108 0.637325 -0.025960 -0.078510 0.892667 0.443066
1783948170.860768080 0.175194 0.072083 0.637429 -0.025832 -0.078435 0.892722 0.442976
1783948170.870778799 0.175255 0.072018 0.637531 -0.025750 -0.078372 0.892774 0.442888
1783948170.880784988 0.175148 0.071913 0.637632 -0.025696 -0.078295 0.892821 0.442810
1783948170.890758991 0.174881 0.071759 0.637731 -0.025659 -0.078189 0.892871 0.442730
1783948170.901411772 0.174471 0.071541 0.637837 -0.025551 -0.078040 0.892921 0.442661
1783948170.910775423 0.173893 0.071249 0.637928 -0.025504 -0.077943 0.892951 0.442620
1783948170.920805454 0.173165 0.070872 0.638026 -0.025384 -0.077820 0.892986 0.442578
1783948170.935882807 0.172255 0.070349 0.638184 -0.024644 -0.077451 0.893077 0.442502
1783948170.940734386 0.171575 0.070024 0.638231 -0.024731 -0.077454 0.893079 0.442493
1783948170.945532084 0.170863 0.069691 0.638278 -0.024833 -0.077465 0.893086 0.442471
1783948170.945532084 0.170863 0.069691 0.638278 -0.024833 -0.077465 0.893086 0.442471
1783948170.950765610 0.170930 0.069654 0.638335 -0.024920 -0.077476 0.893087 0.442462
1783948170.960773230 0.171273 0.069675 0.638449 -0.024784 -0.077401 0.893113 0.442429
1783948170.970801830 0.171461 0.069653 0.638564 -0.024680 -0.077348 0.893142 0.442387
1783948170.980823040 0.171490 0.069580 0.638678 -0.024604 -0.077293 0.893163 0.442357
1783948170.990845919 0.171366 0.069448 0.638792 -0.024533 -0.077230 0.893188 0.442322
1783948171.000746012 0.171085 0.069253 0.638906 -0.024435 -0.077152 0.893209 0.442299
1783948171.010799408 0.170662 0.068992 0.639024 -0.024301 -0.077046 0.893221 0.442299
1783948171.020786285 0.170087 0.068662 0.639142 -0.024147 -0.076920 0.893231 0.442311
1783948171.032414198 0.169359 0.068239 0.639285 -0.023814 -0.076725 0.893247 0.442331
1783948171.040796518 0.168512 0.067807 0.639388 -0.023752 -0.076664 0.893251 0.442336
1783948171.046401262 0.167775 0.067452 0.639454 -0.023826 -0.076674 0.893252 0.442329
1783948171.046401262 0.167775 0.067452 0.639454 -0.023826 -0.076674 0.893252 0.442329
1783948171.050776243 0.167851 0.067414 0.639532 -0.023927 -0.076701 0.893251 0.442321
1783948171.060753107 0.168270 0.067423 0.639731 -0.023815 -0.076671 0.893275 0.442284
1783948171.070755243 0.168538 0.067392 0.639932 -0.023728 -0.076642 0.893307 0.442229
1783948171.080751896 0.168648 0.067316 0.640131 -0.023666 -0.076607 0.893327 0.442197
1783948171.092048407 0.168676 0.067204 0.640361 -0.023527 -0.076517 0.893363 0.442148
1783948171.100786686 0.168418 0.067008 0.640528 -0.023558 -0.076488 0.893378 0.442120
1783948171.110749245 0.168062 0.066745 0.640723 -0.023490 -0.076422 0.893392 0.442106
1783948171.120768785 0.167561 0.066405 0.640921 -0.023371 -0.076341 0.893403 0.442105
1783948171.130761862 0.166915 0.065993 0.641120 -0.023226 -0.076255 0.893411 0.442112
1783948171.140822887 0.166121 0.065518 0.641325 -0.023073 -0.076169 0.893425 0.442107
1783948171.147266626 0.165384 0.065130 0.641449 -0.023134 -0.076171 0.893430 0.442093
1783948171.147266626 0.165384 0.065130 0.641449 -0.023134 -0.076171 0.893430 0.442093
1783948171.150786161 0.165508 0.065107 0.641534 -0.023252 -0.076205 0.893422 0.442097
1783948171.164547920 0.166792 0.065318 0.641904 -0.022941 -0.076166 0.893417 0.442129
1783948171.170839310 0.166956 0.065269 0.642062 -0.023092 -0.076218 0.893410 0.442126
1783948171.180762529 0.167340 0.065244 0.642319 -0.023144 -0.076255 0.893399 0.442140
1783948171.190780401 0.167579 0.065167 0.642578 -0.023206 -0.076270 0.893391 0.442151
1783948171.200806379 0.167661 0.065024 0.642835 -0.023260 -0.076292 0.893375 0.442176
1783948171.210828543 0.167589 0.064805 0.643090 -0.023284 -0.076304 0.893354 0.442214
1783948171.223385572 0.167506 0.064503 0.643418 -0.023090 -0.076265 0.893324 0.442293
1783948171.230771780 0.167078 0.064174 0.643602 -0.023184 -0.076294 0.893297 0.442337
1783948171.240780354 0.166548 0.063742 0.643858 -0.023162 -0.076309 0.893273 0.442385
1783948171.248131752 0.165926 0.063343 0.644043 -0.023262 -0.076347 0.893263 0.442393
1783948171.248131752 0.165926 0.063343 0.644043 -0.023262 -0.076347 0.893263 0.442393
1783948171.250756502 0.166055 0.063326 0.644122 -0.023371 -0.076384 0.893252 0.442402
1783948171.260772467 0.166960 0.063417 0.644437 -0.023451 -0.076484 0.893196 0.442493
1783948171.270821810 0.167722 0.063471 0.644754 -0.023551 -0.076572 0.893143 0.442580
1783948171.280802011 0.168324 0.063478 0.645070 -0.023677 -0.076661 0.893088 0.442670
1783948171.290816545 0.168778 0.063427 0.645386 -0.023801 -0.076742 0.893033 0.442760
1783948171.300772190 0.169070 0.063305 0.645697 -0.023919 -0.076818 0.892975 0.442857
1783948171.310837507 0.169218 0.063104 0.646009 -0.024004 -0.076895 0.892907 0.442976
1783948171.321819544 0.169274 0.062825 0.646348 -0.024002 -0.076965 0.892824 0.443131
1783948171.330806971 0.169059 0.062494 0.646623 -0.024079 -0.077030 0.892754 0.443256
1783948171.340798140 0.168747 0.062105 0.646934 -0.024124 -0.077076 0.892680 0.443395
1783948171.349005222 0.168274 0.061717 0.647188 -0.024246 -0.077132 0.892633 0.443473
1783948171.349005222 0.168274 0.061717 0.647188 -0.024246 -0.077132 0.892633 0.443473
1783948171.351411819 0.168418 0.061712 0.647268 -0.024351 -0.077161 0.892626 0.443477
1783948171.360805750 0.169321 0.061831 0.647582 -0.024474 -0.077225 0.892604 0.443504
1783948171.370812893 0.170177 0.061919 0.647916 -0.024595 -0.077323 0.892582 0.443525
1783948171.380809307 0.170879 0.061944 0.648247 -0.024722 -0.077434 0.892554 0.443555
1783948171.390784025 0.171428 0.061902 0.648576 -0.024849 -0.077545 0.892530 0.443575
1783948171.400801897 0.171827 0.061796 0.648904 -0.024939 -0.077644 0.892502 0.443609
1783948171.410772324 0.172067 0.061631 0.649228 -0.025032 -0.077705 0.892468 0.443662
1783948171.420780897 0.172151 0.061406 0.649551 -0.025108 -0.077745 0.892425 0.443737
1783948171.430835485 0.172078 0.061119 0.649874 -0.025183 -0.077779 0.892378 0.443822
1783948171.440813303 0.171846 0.060773 0.650193 -0.025265 -0.077821 0.892337 0.443892
1783948171.449872017 0.171450 0.060387 0.650484 -0.025371 -0.077889 0.892314 0.443920
1783948171.449872017 0.171450 0.060387 0.650484 -0.025371 -0.077889 0.892314 0.443920
1783948171.450773239 0.171503 0.060385 0.650514 -0.025415 -0.077902 0.892312 0.443920
1783948171.460794210 0.172543 0.060530 0.650836 -0.025517 -0.077999 0.892292 0.443936
1783948171.470831871 0.173441 0.060618 0.651158 -0.025620 -0.078119 0.892276 0.443942
1783948171.480774403 0.174172 0.060645 0.651475 -0.025723 -0.078243 0.892252 0.443963
1783948171.490809202 0.174753 0.060618 0.651791 -0.025852 -0.078366 0.892232 0.443973
1783948171.500855207 0.175170 0.060534 0.652103 -0.025976 -0.078463 0.892209 0.443996
1783948171.511272430 0.175452 0.060392 0.652423 -0.026084 -0.078531 0.892175 0.444046
1783948171.520785809 0.175503 0.060180 0.652714 -0.026214 -0.078586 0.892140 0.444097
1783948171.530852795 0.175439 0.059901 0.653020 -0.026299 -0.078630 0.892103 0.444160
1783948171.543465376 0.175346 0.059537 0.653403 -0.026217 -0.078677 0.892062 0.444238
1783948171.550749063 0.174938 0.059185 0.653626 -0.026364 -0.078756 0.892044 0.444252
1783948171.550749063 0.174938 0.059185 0.653626 -0.026364 -0.078756 0.892044 0.444252
1783948171.550814152 0.174948 0.059187 0.653627 -0.026362 -0.078757 0.892044 0.444252
1783948171.560862541 0.176015 0.059362 0.653907 -0.026428 -0.078859 0.892028 0.444261
1783948171.570774317 0.176906 0.059482 0.654181 -0.026507 -0.078965 0.892014 0.444268
1783948171.580979109 0.177674 0.059560 0.654460 -0.026598 -0.079073 0.891991 0.444289
1783948171.590779781 0.178221 0.059570 0.654725 -0.026729 -0.079175 0.891971 0.444303
1783948171.600789309 0.178626 0.059527 0.654991 -0.026848 -0.079273 0.891946 0.444327
1783948171.610851288 0.178875 0.059423 0.655254 -0.026953 -0.079344 0.891910 0.444382
1783948171.620814562 0.178959 0.059251 0.655511 -0.027039 -0.079383 0.891873 0.444444
1783948171.630844593 0.178892 0.059007 0.655769 -0.027100 -0.079428 0.891826 0.444526
1783948171.641991615 0.178712 0.058685 0.656051 -0.027084 -0.079482 0.891787 0.444596
1783948171.650810480 0.178300 0.058322 0.656278 -0.027175 -0.079570 0.891765 0.444617
1783948171.651613235 0.178221 0.058272 0.656300 -0.027214 -0.079584 0.891764 0.444616
1783948171.651613235 0.178221 0.058272 0.656300 -0.027214 -0.079584 0.891764 0.444616
1783948171.660873413 0.179119 0.058420 0.656541 -0.027285 -0.079692 0.891757 0.444605
1783948171.670922995 0.179991 0.058556 0.656801 -0.027332 -0.079805 0.891748 0.444600
1783948171.680860996 0.180681 0.058641 0.657055 -0.027413 -0.079912 0.891735 0.444602
1783948171.690877438 0.181213 0.058678 0.657306 -0.027521 -0.079995 0.891721 0.444608
1783948171.700789452 0.181566 0.058651 0.657550 -0.027641 -0.080077 0.891704 0.444621
1783948171.710799694 0.181767 0.058557 0.657793 -0.027721 -0.080147 0.891679 0.444652
1783948171.720831156 0.181813 0.058385 0.658033 -0.027770 -0.080209 0.891654 0.444690
1783948171.730808496 0.181703 0.058137 0.658270 -0.027794 -0.080263 0.891621 0.444745
1783948171.741252899 0.181460 0.057819 0.658518 -0.027774 -0.080326 0.891600 0.444777
1783948171.750824451 0.181036 0.057453 0.658747 -0.027801 -0.080419 0.891585 0.444787
1783948171.752470255 0.180870 0.057355 0.658787 -0.027876 -0.080447 0.891582 0.444784
1783948171.752470255 0.180870 0.057355 0.658787 -0.027876 -0.080447 0.891582 0.444784
1783948171.760837078 0.181594 0.057469 0.658945 -0.027962 -0.080527 0.891575 0.444778
1783948171.770831823 0.182409 0.057601 0.659126 -0.028011 -0.080611 0.891571 0.444767
1783948171.780821800 0.183051 0.057684 0.659302 -0.028100 -0.080700 0.891559 0.444770
1783948171.790845871 0.183525 0.057713 0.659476 -0.028190 -0.080775 0.891547 0.444774
1783948171.800776243 0.183822 0.057676 0.659644 -0.028282 -0.080834 0.891533 0.444786
1783948171.810822248 0.183965 0.057571 0.659810 -0.028343 -0.080869 0.891513 0.444815
1783948171.820845127 0.183941 0.057387 0.659973 -0.028383 -0.080900 0.891489 0.444855
1783948171.833427429 0.183891 0.057127 0.660168 -0.028227 -0.080916 0.891455 0.444931
1783948171.840811014 0.183503 0.056828 0.660292 -0.028332 -0.080980 0.891435 0.444954
1783948171.850870132 0.183010 0.056438 0.660454 -0.028319 -0.081046 0.891422 0.444967
1783948171.853338003 0.182748 0.056290 0.660498 -0.028423 -0.081086 0.891417 0.444964
1783948171.853338003 0.182748 0.056290 0.660498 -0.028423 -0.081086 0.891417 0.444964
1783948171.860810280 0.183296 0.056351 0.660581 -0.028514 -0.081139 0.891414 0.444954
1783948171.870809555 0.184049 0.056454 0.660684 -0.028505 -0.081176 0.891417 0.444943
1783948171.880829334 0.184631 0.056511 0.660783 -0.028529 -0.081199 0.891418 0.444934
1783948171.890803814 0.185032 0.056515 0.660877 -0.028593 -0.081228 0.891414 0.444933
1783948171.900815010 0.185265 0.056455 0.660965 -0.028641 -0.081233 0.891410 0.444937
1783948171.910845757 0.185335 0.056324 0.661048 -0.028673 -0.081219 0.891396 0.444965
1783948171.920846701 0.185245 0.056110 0.661129 -0.028672 -0.081198 0.891384 0.444994
1783948171.930798292 0.184997 0.055817 0.661207 -0.028640 -0.081184 0.891362 0.445042
1783948171.940882206 0.184597 0.055451 0.661285 -0.028581 -0.081191 0.891351 0.445066
1783948171.950899839 0.184036 0.055027 0.661363 -0.028514 -0.081218 0.891350 0.445069
1783948171.954199076 0.183674 0.054825 0.661394 -0.028634 -0.081263 0.891344 0.445064
1783948171.954199076 0.183674 0.054825 0.661394 -0.028634 -0.081263 0.891344 0.445064
1783948171.960787773 0.184075 0.054843 0.661411 -0.028757 -0.081320 0.891339 0.445056
1783948171.970834017 0.184780 0.054925 0.661426 -0.028756 -0.081347 0.891345 0.445040
1783948171.980800629 0.185304 0.054963 0.661438 -0.028806 -0.081361 0.891343 0.445037
1783948171.990836620 0.185664 0.054950 0.661446 -0.028873 -0.081355 0.891343 0.445034
1783948172.001008272 0.185862 0.054867 0.661448 -0.028915 -0.081334 0.891339 0.445043
1783948172.010794401 0.185865 0.054694 0.661446 -0.028956 -0.081330 0.891329 0.445061
1783948172.020806313 0.185723 0.054435 0.661440 -0.028947 -0.081323 0.891311 0.445100
1783948172.031373262 0.185441 0.054089 0.661431 -0.028861 -0.081323 0.891292 0.445142
1783948172.040819168 0.184968 0.053692 0.661426 -0.028845 -0.081330 0.891278 0.445171
1783948172.050829172 0.184344 0.053242 0.661419 -0.028816 -0.081342 0.891277 0.445173
1783948172.056205988 0.183775 0.052924 0.661424 -0.028961 -0.081389 0.891273 0.445162
1783948172.056205988 0.183775 0.052924 0.661424 -0.028961 -0.081389 0.891273 0.445162
1783948172.060818434 0.183957 0.052902 0.661396 -0.029104 -0.081430 0.891269 0.445154
1783948172.070994377 0.184599 0.052960 0.661315 -0.029125 -0.081429 0.891268 0.445154
1783948172.080786705 0.185025 0.052959 0.661236 -0.029188 -0.081424 0.891264 0.445159
1783948172.090841532 0.185308 0.052902 0.661150 -0.029246 -0.081410 0.891261 0.445164
1783948172.100796938 0.185417 0.052768 0.661060 -0.029295 -0.081393 0.891252 0.445182
1783948172.110848427 0.185373 0.052554 0.660965 -0.029300 -0.081367 0.891237 0.445216
1783948172.120799303 0.185164 0.052261 0.660869 -0.029269 -0.081345 0.891218 0.445261
1783948172.130805016 0.184799 0.051899 0.660773 -0.029211 -0.081301 0.891194 0.445320
1783948172.141491652 0.184275 0.051466 0.660666 -0.029125 -0.081249 0.891180 0.445363
1783948172.150890112 0.183572 0.051007 0.660575 -0.029135 -0.081241 0.891177 0.445371
1783948172.155964136 0.182987 0.050688 0.660534 -0.029282 -0.081285 0.891171 0.445365
1783948172.155964136 0.182987 0.050688 0.660534 -0.029282 -0.081285 0.891171 0.445365
1783948172.160881996 0.183143 0.050649 0.660456 -0.029425 -0.081318 0.891166 0.445359
1783948172.170799732 0.183658 0.050657 0.660282 -0.029439 -0.081278 0.891172 0.445354
1783948172.180826426 0.184020 0.050616 0.660104 -0.029466 -0.081244 0.891171 0.445360
1783948172.190862417 0.184216 0.050517 0.659921 -0.029494 -0.081203 0.891172 0.445363
1783948172.203413725 0.184432 0.050381 0.659679 -0.029344 -0.081064 0.891177 0.445390
1783948172.210883856 0.184187 0.050154 0.659544 -0.029456 -0.081036 0.891164 0.445412
1783948172.220817804 0.183877 0.049846 0.659355 -0.029438 -0.080939 0.891147 0.445464
1783948172.231247425 0.183412 0.049456 0.659153 -0.029365 -0.080842 0.891130 0.445521
1783948172.240831137 0.182778 0.049016 0.658971 -0.029339 -0.080773 0.891122 0.445552
1783948172.250873327 0.181985 0.048512 0.658779 -0.029284 -0.080713 0.891121 0.445568
1783948172.256810188 0.181279 0.048130 0.658674 -0.029411 -0.080737 0.891118 0.445562
1783948172.256810188 0.181279 0.048130 0.658674 -0.029411 -0.080737 0.891118 0.445562
1783948172.261255264 0.181375 0.048080 0.658562 -0.029543 -0.080766 0.891116 0.445552
1783948172.270884275 0.181800 0.048064 0.658298 -0.029551 -0.080740 0.891128 0.445531
1783948172.280869246 0.182095 0.048005 0.658021 -0.029548 -0.080699 0.891138 0.445520
1783948172.291274309 0.182246 0.047897 0.657726 -0.029552 -0.080640 0.891148 0.445511
1783948172.301225424 0.182185 0.047722 0.657442 -0.029585 -0.080569 0.891153 0.445511
1783948172.311443090 0.181965 0.047480 0.657146 -0.029572 -0.080471 0.891152 0.445532
1783948172.320887804 0.181559 0.047168 0.656873 -0.029599 -0.080395 0.891141 0.445564
1783948172.330874205 0.181014 0.046781 0.656583 -0.029556 -0.080302 0.891131 0.445604
1783948172.340799570 0.180319 0.046330 0.656297 -0.029496 -0.080209 0.891127 0.445633
1783948172.350915194 0.179467 0.045816 0.656007 -0.029414 -0.080143 0.891142 0.445621
1783948172.357668638 0.178654 0.045385 0.655823 -0.029509 -0.080157 0.891145 0.445606
1783948172.357668638 0.178654 0.045385 0.655823 -0.029509 -0.080157 0.891145 0.445606
1783948172.360852003 0.178677 0.045341 0.655713 -0.029619 -0.080186 0.891144 0.445596
1783948172.370867491 0.179085 0.045348 0.655345 -0.029581 -0.080146 0.891172 0.445549
1783948172.380877495 0.179314 0.045308 0.654972 -0.029582 -0.080102 0.891190 0.445521
1783948172.390877962 0.179361 0.045222 0.654594 -0.029617 -0.080034 0.891214 0.445482
1783948172.400892735 0.179233 0.045082 0.654211 -0.029655 -0.079947 0.891230 0.445464
1783948172.410864353 0.178938 0.044875 0.653829 -0.029684 -0.079854 0.891238 0.445462
1783948172.420881271 0.178485 0.044592 0.653444 -0.029672 -0.079735 0.891242 0.445477
1783948172.430871248 0.177880 0.044232 0.653062 -0.029620 -0.079618 0.891246 0.445493
1783948172.440926313 0.177123 0.043801 0.652679 -0.029542 -0.079519 0.891252 0.445504
1783948172.450882435 0.176212 0.043315 0.652301 -0.029465 -0.079447 0.891274 0.445478
1783948172.458536386 0.175283 0.042864 0.652019 -0.029524 -0.079445 0.891283 0.445456
1783948172.458536386 0.175283 0.042864 0.652019 -0.029524 -0.079445 0.891283 0.445456
1783948172.460869551 0.175270 0.042834 0.651923 -0.029619 -0.079475 0.891279 0.445452
1783948172.472834110 0.175756 0.042923 0.651412 -0.029537 -0.079426 0.891290 0.445445
1783948172.480862856 0.175744 0.042871 0.651072 -0.029687 -0.079446 0.891285 0.445442
1783948172.490888119 0.175692 0.042809 0.650640 -0.029795 -0.079419 0.891283 0.445443
1783948172.500804901 0.175463 0.042685 0.650211 -0.029892 -0.079385 0.891279 0.445450
1783948172.510902405 0.175076 0.042492 0.649772 -0.029962 -0.079329 0.891269 0.445477
1783948172.520935774 0.174529 0.042221 0.649334 -0.029992 -0.079260 0.891251 0.445523
1783948172.536725998 0.173919 0.041869 0.648635 -0.029487 -0.078989 0.891245 0.445616
1783948172.540836334 0.173400 0.041631 0.648459 -0.029610 -0.079015 0.891235 0.445624
1783948172.550888062 0.172378 0.041157 0.648022 -0.029606 -0.079000 0.891238 0.445620
1783948172.559402704 0.171297 0.040689 0.647654 -0.029698 -0.079022 0.891239 0.445608
1783948172.559402704 0.171297 0.040689 0.647654 -0.029698 -0.079022 0.891239 0.445608
1783948172.560799360 0.171277 0.040676 0.647583 -0.029759 -0.079041 0.891237 0.445604
1783948172.570888758 0.171520 0.040763 0.647072 -0.029737 -0.079030 0.891253 0.445575
1783948172.580814362 0.171576 0.040806 0.646568 -0.029770 -0.079014 0.891261 0.445560
1783948172.590849161 0.171466 0.040805 0.646056 -0.029818 -0.078985 0.891271 0.445544
1783948172.600865126 0.171182 0.040744 0.645541 -0.029853 -0.078930 0.891276 0.445540
1783948172.610886574 0.170734 0.040612 0.645024 -0.029874 -0.078870 0.891275 0.445550
1783948172.620852709 0.170128 0.040401 0.644508 -0.029855 -0.078803 0.891272 0.445571
1783948172.630860806 0.169370 0.040113 0.643990 -0.029803 -0.078744 0.891260 0.445608
1783948172.640892506 0.168458 0.039758 0.643472 -0.029715 -0.078689 0.891262 0.445621
1783948172.650942564 0.167385 0.039352 0.642956 -0.029634 -0.078654 0.891276 0.445604
1783948172.661451101 0.166104 0.038897 0.642418 -0.029551 -0.078632 0.891294 0.445577
1783948172.664174557 0.165616 0.038722 0.642280 -0.029661 -0.078666 0.891292 0.445569
1783948172.664174557 0.165616 0.038722 0.642280 -0.029661 -0.078666 0.891292 0.445569
1783948172.670901060 0.165649 0.038803 0.641871 -0.029794 -0.078722 0.891299 0.445534
1783948172.680882454 0.165754 0.038977 0.641248 -0.029842 -0.078749 0.891318 0.445488
1783948172.693256617 0.165827 0.039208 0.640461 -0.029768 -0.078711 0.891357 0.445423
1783948172.700858116 0.165512 0.039209 0.639990 -0.029928 -0.078738 0.891362 0.445398
1783948172.710895300 0.165112 0.039211 0.639356 -0.029966 -0.078728 0.891369 0.445382
1783948172.720852613 0.164560 0.039132 0.638726 -0.029962 -0.078701 0.891372 0.445382
1783948172.731108904 0.163857 0.038980 0.638076 -0.029892 -0.078682 0.891374 0.445385
1783948172.740868092 0.163008 0.038761 0.637460 -0.029835 -0.078678 0.891384 0.445370
1783948172.750872135 0.161993 0.038495 0.636828 -0.029766 -0.078696 0.891403 0.445332
1783948172.761135817 0.160788 0.038195 0.636179 -0.029726 -0.078717 0.891430 0.445278
1783948172.761135817 0.160788 0.038195 0.636179 -0.029726 -0.078717 0.891430 0.445278
1783948172.761945009 0.160769 0.038203 0.636124 -0.029761 -0.078728 0.891429 0.445275
1783948172.770860434 0.160890 0.038448 0.635496 -0.029810 -0.078745 0.891451 0.445225
1783948172.780844927 0.160930 0.038712 0.634787 -0.029848 -0.078732 0.891472 0.445183
1783948172.790920734 0.160805 0.038926 0.634070 -0.029881 -0.078712 0.891494 0.445141
1783948172.800833941 0.160510 0.039063 0.633363 -0.029895 -0.078694 0.891514 0.445102
1783948172.810912609 0.160063 0.039129 0.632641 -0.029853 -0.078675 0.891528 0.445082
1783948172.823539257 0.159492 0.039185 0.631724 -0.029550 -0.078583 0.891557 0.445060
1783948172.830876350 0.158791 0.039063 0.631203 -0.029595 -0.078589 0.891549 0.445071
1783948172.840919971 0.157863 0.038926 0.630481 -0.029492 -0.078541 0.891563 0.445058
1783948172.852709055 0.156690 0.038769 0.629628 -0.029276 -0.078479 0.891598 0.445014
1783948172.861094475 0.155520 0.038551 0.629032 -0.029331 -0.078491 0.891614 0.444977
1783948172.862026691 0.155342 0.038509 0.628968 -0.029378 -0.078503 0.891613 0.444973
1783948172.862026691 0.155342 0.038509 0.628968 -0.029378 -0.078503 0.891613 0.444973
1783948172.870916367 0.155439 0.038828 0.628261 -0.029407 -0.078511 0.891635 0.444926
1783948172.880848885 0.155464 0.039163 0.627467 -0.029386 -0.078525 0.891660 0.444875
1783948172.890879154 0.155338 0.039442 0.626664 -0.029347 -0.078518 0.891682 0.444833
1783948172.900935173 0.155054 0.039655 0.625859 -0.029279 -0.078504 0.891703 0.444798
1783948172.910949707 0.154608 0.039797 0.625056 -0.029184 -0.078478 0.891715 0.444785
1783948172.920873880 0.153996 0.039868 0.624259 -0.029076 -0.078427 0.891726 0.444778
1783948172.930867672 0.153216 0.039881 0.623457 -0.028965 -0.078377 0.891726 0.444795
1783948172.940907478 0.152266 0.039838 0.622650 -0.028859 -0.078333 0.891740 0.444783
1783948172.950907707 0.151150 0.039745 0.621848 -0.028762 -0.078311 0.891761 0.444750
1783948172.960974216 0.149865 0.039608 0.621044 -0.028688 -0.078314 0.891791 0.444693
1783948172.962914467 0.149497 0.039537 0.620894 -0.028770 -0.078341 0.891790 0.444685
1783948172.962914467 0.149497 0.039537 0.620894 -0.028770 -0.078341 0.891790 0.444685
1783948172.970929384 0.149479 0.039831 0.620186 -0.028852 -0.078386 0.891808 0.444636
1783948172.980951548 0.149438 0.040202 0.619294 -0.028851 -0.078406 0.891835 0.444579
1783948172.990903616 0.149230 0.040514 0.618407 -0.028860 -0.078421 0.891863 0.444521
1783948173.000932455 0.148858 0.040765 0.617510 -0.028839 -0.078422 0.891889 0.444468
1783948173.013667345 0.148352 0.041071 0.616357 -0.028607 -0.078359 0.891925 0.444423
1783948173.020850897 0.147702 0.041099 0.615719 -0.028702 -0.078376 0.891924 0.444415
1783948173.030848980 0.146830 0.041149 0.614821 -0.028656 -0.078358 0.891931 0.444408
1783948173.047383785 0.145698 0.041369 0.613304 -0.027905 -0.078167 0.892012 0.444326
1783948173.050891876 0.145123 0.041288 0.612999 -0.028022 -0.078202 0.892011 0.444315
1783948173.060930729 0.143759 0.041183 0.612106 -0.027996 -0.078213 0.892041 0.444254
1783948173.063737392 0.143226 0.041098 0.611864 -0.028113 -0.078250 0.892041 0.444240
1783948173.063737392 0.143226 0.041098 0.611864 -0.028113 -0.078250 0.892041 0.444240
1783948173.070899487 0.143182 0.041391 0.611166 -0.028188 -0.078286 0.892054 0.444202
1783948173.081049204 0.143181 0.041839 0.610166 -0.028106 -0.078280 0.892083 0.444152
1783948173.090898275 0.143001 0.042206 0.609196 -0.028046 -0.078270 0.892112 0.444099
1783948173.100977182 0.142665 0.042522 0.608199 -0.027935 -0.078254 0.892138 0.444057
1783948173.110868216 0.142158 0.042758 0.607219 -0.027836 -0.078222 0.892152 0.444040
1783948173.120871544 0.141485 0.042930 0.606227 -0.027708 -0.078182 0.892161 0.444037
1783948173.130933285 0.140642 0.043039 0.605228 -0.027567 -0.078142 0.892167 0.444040
1783948173.143363714 0.139572 0.043175 0.603985 -0.027210 -0.078048 0.892196 0.444020
1783948173.150952578 0.138553 0.043127 0.603244 -0.027234 -0.078060 0.892204 0.444002
1783948173.160930157 0.137233 0.043088 0.602263 -0.027132 -0.078048 0.892235 0.443948
1783948173.164604425 0.136555 0.043004 0.601911 -0.027249 -0.078087 0.892234 0.443935
1783948173.164604425 0.136555 0.043004 0.601911 -0.027249 -0.078087 0.892234 0.443935
1783948173.173059940 0.136522 0.043398 0.601011 -0.027282 -0.078124 0.892261 0.443873
1783948173.180898190 0.136362 0.043717 0.600177 -0.027347 -0.078179 0.892281 0.443818
1783948173.190862179 0.136153 0.044121 0.599108 -0.027293 -0.078198 0.892319 0.443743
1783948173.205053091 0.135962 0.044742 0.597557 -0.026832 -0.078109 0.892405 0.443614
1783948173.210918903 0.135469 0.044837 0.596933 -0.026944 -0.078143 0.892406 0.443598
1783948173.220921755 0.134766 0.045052 0.595852 -0.026864 -0.078109 0.892434 0.443553
1783948173.233362198 0.133859 0.045304 0.594496 -0.026543 -0.078017 0.892474 0.443508
1783948173.240986824 0.132940 0.045314 0.593681 -0.026581 -0.078028 0.892484 0.443482
1783948173.250972986 0.131750 0.045338 0.592604 -0.026501 -0.078041 0.892523 0.443408
1783948173.260965824 0.130405 0.045314 0.591530 -0.026427 -0.078083 0.892564 0.443323
1783948173.265501976 0.129583 0.045225 0.591053 -0.026544 -0.078137 0.892571 0.443291
1783948173.265501976 0.129583 0.045225 0.591053 -0.026544 -0.078137 0.892571 0.443291
1783948173.272401333 0.129501 0.045537 0.590272 -0.026579 -0.078166 0.892595 0.443236
1783948173.280890226 0.129391 0.045923 0.589306 -0.026548 -0.078167 0.892625 0.443177
1783948173.290932178 0.129215 0.046369 0.588158 -0.026413 -0.078129 0.892673 0.443095
1783948173.301242590 0.128876 0.046771 0.586977 -0.026261 -0.078076 0.892719 0.443021
1783948173.310939312 0.128356 0.047075 0.585867 -0.026147 -0.078009 0.892755 0.442967
1783948173.320912361 0.127680 0.047330 0.584723 -0.025992 -0.077910 0.892783 0.442937
1783948173.333407164 0.126826 0.047631 0.583283 -0.025557 -0.077734 0.892835 0.442888
1783948173.340928555 0.125942 0.047665 0.582428 -0.025552 -0.077716 0.892850 0.442861
1783948173.350896358 0.124805 0.047719 0.581290 -0.025362 -0.077669 0.892894 0.442791
1783948173.360942841 0.123511 0.047721 0.580146 -0.025176 -0.077648 0.892945 0.442703
1783948173.366372108 0.122575 0.047636 0.579536 -0.025254 -0.077689 0.892957 0.442667
1783948173.366372108 0.122575 0.047636 0.579536 -0.025254 -0.077689 0.892957 0.442667
1783948173.370908976 0.122472 0.047818 0.579004 -0.025343 -0.077730 0.892969 0.442630
1783948173.380902290 0.122505 0.048321 0.577823 -0.025181 -0.077701 0.893032 0.442517
1783948173.390923023 0.122374 0.048775 0.576639 -0.025027 -0.077664 0.893094 0.442408
1783948173.400904655 0.122073 0.049173 0.575457 -0.024890 -0.077596 0.893158 0.442299
1783948173.410894156 0.121606 0.049510 0.574272 -0.024750 -0.077514 0.893205 0.442226
1783948173.420952559 0.120978 0.049780 0.573078 -0.024588 -0.077410 0.893252 0.442159
1783948173.431415081 0.120193 0.049990 0.571836 -0.024355 -0.077300 0.893298 0.442097
1783948173.440897703 0.119283 0.050087 0.570716 -0.024185 -0.077229 0.893342 0.442031
1783948173.450954676 0.118217 0.050144 0.569532 -0.023939 -0.077163 0.893405 0.441928
1783948173.460902452 0.117004 0.050146 0.568364 -0.023716 -0.077129 0.893471 0.441813
1783948173.467602253 0.115943 0.050066 0.567584 -0.023738 -0.077156 0.893501 0.441745
1783948173.467602253 0.115943 0.050066 0.567584 -0.023738 -0.077156 0.893501 0.441745
1783948173.470926523 0.115863 0.050190 0.567194 -0.023831 -0.077196 0.893502 0.441732
1783948173.480909348 0.115958 0.050696 0.566031 -0.023680 -0.077198 0.893522 0.441699
1783948173.490978003 0.115890 0.051163 0.564856 -0.023573 -0.077155 0.893542 0.441672
1783948173.502113104 0.115701 0.051641 0.563558 -0.023366 -0.077063 0.893567 0.441649
1783948173.510958433 0.115276 0.051909 0.562524 -0.023334 -0.077029 0.893572 0.441646
1783948173.520999670 0.114737 0.052169 0.561353 -0.023171 -0.076960 0.893575 0.441660
1783948173.530935526 0.114057 0.052346 0.560196 -0.022973 -0.076891 0.893577 0.441680
1783948173.540972471 0.113238 0.052458 0.559032 -0.022750 -0.076827 0.893588 0.441679
1783948173.550948858 0.112275 0.052513 0.557878 -0.022536 -0.076789 0.893606 0.441661
1783948173.560911894 0.111157 0.052524 0.556729 -0.022339 -0.076770 0.893630 0.441626
1783948173.568076134 0.110113 0.052457 0.555903 -0.022363 -0.076795 0.893639 0.441601
1783948173.568076134 0.110113 0.052457 0.555903 -0.022363 -0.076795 0.893639 0.441601
1783948173.570931911 0.110064 0.052567 0.555566 -0.022465 -0.076831 0.893640 0.441589
1783948173.580916643 0.110270 0.053103 0.554360 -0.022410 -0.076841 0.893671 0.441526
1783948173.590914011 0.110316 0.053589 0.553150 -0.022377 -0.076839 0.893707 0.441456
1783948173.600987196 0.110208 0.054016 0.551930 -0.022326 -0.076824 0.893738 0.441399
1783948173.610947609 0.109944 0.054366 0.550724 -0.022259 -0.076803 0.893760 0.441361
1783948173.621050596 0.109539 0.054650 0.549503 -0.022152 -0.076755 0.893779 0.441336
1783948173.630959034 0.108989 0.054852 0.548308 -0.022037 -0.076719 0.893790 0.441324
1783948173.640940905 0.108302 0.054992 0.547107 -0.021890 -0.076664 0.893811 0.441300
1783948173.652408361 0.107457 0.055128 0.545726 -0.021612 -0.076607 0.893857 0.441231
1783948173.660952806 0.106525 0.055119 0.544711 -0.021584 -0.076621 0.893884 0.441174
1783948173.668934822 0.105516 0.055068 0.543766 -0.021604 -0.076659 0.893909 0.441117
1783948173.668934822 0.105516 0.055068 0.543766 -0.021604 -0.076659 0.893909 0.441117
1783948173.670925856 0.105489 0.055134 0.543554 -0.021685 -0.076687 0.893908 0.441109
1783948173.680916548 0.105764 0.055611 0.542523 -0.021619 -0.076662 0.893929 0.441075
1783948173.690943003 0.105885 0.056040 0.541490 -0.021570 -0.076621 0.893955 0.441031
1783948173.700914383 0.105847 0.056403 0.540459 -0.021520 -0.076562 0.893976 0.441001
1783948173.710947990 0.105658 0.056696 0.539420 -0.021460 -0.076494 0.893988 0.440991
1783948173.720924377 0.105318 0.056906 0.538387 -0.021363 -0.076421 0.893996 0.440994
1783948173.730920315 0.104837 0.057036 0.537353 -0.021243 -0.076354 0.893997 0.441009
1783948173.740930319 0.104215 0.057099 0.536320 -0.021100 -0.076304 0.894009 0.441000
1783948173.751368046 0.103444 0.057118 0.535249 -0.020922 -0.076264 0.894034 0.440964
1783948173.760957003 0.102539 0.057075 0.534267 -0.020838 -0.076250 0.894056 0.440927
1783948173.769811153 0.101527 0.056988 0.533362 -0.020822 -0.076253 0.894081 0.440875
1783948173.769811153 0.101527 0.056988 0.533362 -0.020822 -0.076253 0.894081 0.440875
1783948173.770963192 0.101518 0.057020 0.533251 -0.020875 -0.076269 0.894081 0.440871
1783948173.782432318 0.102031 0.057558 0.532205 -0.020776 -0.076192 0.894103 0.440844
1783948173.790943384 0.102117 0.057854 0.531415 -0.020877 -0.076176 0.894112 0.440822
1783948173.800987720 0.102177 0.058175 0.530490 -0.020881 -0.076123 0.894123 0.440810
1783948173.810984135 0.102088 0.058417 0.529569 -0.020871 -0.076058 0.894126 0.440815
1783948173.820987701 0.101861 0.058579 0.528647 -0.020820 -0.075980 0.894123 0.440836
1783948173.830949545 0.101493 0.058661 0.527731 -0.020735 -0.075915 0.894121 0.440857
1783948173.842435598 0.101006 0.058715 0.526685 -0.020521 -0.075822 0.894133 0.440858
1783948173.850948811 0.100355 0.058652 0.525901 -0.020530 -0.075808 0.894141 0.440843
1783948173.860997200 0.099540 0.058576 0.524986 -0.020481 -0.075779 0.894161 0.440811
1783948173.870670557 0.098578 0.058457 0.524108 -0.020493 -0.075758 0.894177 0.440782
1783948173.870670557 0.098578 0.058457 0.524108 -0.020493 -0.075758 0.894177 0.440782
1783948173.870921373 0.098583 0.058464 0.524089 -0.020501 -0.075760 0.894177 0.440781
1783948173.880964279 0.099041 0.058827 0.523412 -0.020537 -0.075725 0.894209 0.440721
1783948173.890924454 0.099343 0.059130 0.522739 -0.020588 -0.075682 0.894248 0.440646
1783948173.900968552 0.099513 0.059367 0.522063 -0.020620 -0.075625 0.894278 0.440594
1783948173.911433697 0.099571 0.059539 0.521364 -0.020584 -0.075540 0.894305 0.440554
1783948173.920979261 0.099437 0.059600 0.520717 -0.020560 -0.075476 0.894322 0.440532
1783948173.930931330 0.099192 0.059600 0.520049 -0.020488 -0.075406 0.894336 0.440520
1783948173.942473412 0.098846 0.059561 0.519301 -0.020284 -0.075301 0.894372 0.440473
1783948173.951004267 0.098303 0.059439 0.518720 -0.020303 -0.075283 0.894396 0.440428
1783948173.961005449 0.097615 0.059289 0.518059 -0.020289 -0.075250 0.894437 0.440350
1783948173.970943213 0.096768 0.059099 0.517405 -0.020293 -0.075209 0.894474 0.440282
1783948173.976346493 0.096089 0.058926 0.517022 -0.020452 -0.075242 0.894481 0.440255
1783948173.976346493 0.096089 0.058926 0.517022 -0.020452 -0.075242 0.894481 0.440255
1783948173.980953217 0.096227 0.059035 0.516783 -0.020625 -0.075289 0.894473 0.440254
1783948173.990962505 0.096750 0.059342 0.516309 -0.020705 -0.075288 0.894464 0.440270
1783948174.001027822 0.097139 0.059581 0.515834 -0.020754 -0.075290 0.894451 0.440293
1783948174.013710499 0.097635 0.059848 0.515264 -0.020601 -0.075200 0.894431 0.440357
1783948174.020970583 0.097576 0.059859 0.514904 -0.020706 -0.075204 0.894412 0.440390
1783948174.030938864 0.097541 0.059875 0.514434 -0.020680 -0.075157 0.894380 0.440463
1783948174.044444561 0.097554 0.059912 0.513841 -0.020386 -0.075027 0.894363 0.440534
1783948174.050979376 0.097181 0.059795 0.513516 -0.020513 -0.075064 0.894354 0.440541
1783948174.061022758 0.096696 0.059662 0.513050 -0.020552 -0.075062 0.894349 0.440549
1783948174.072405100 0.096050 0.059494 0.512539 -0.020548 -0.075039 0.894344 0.440562
1783948174.072405100 0.096050 0.059494 0.512539 -0.020548 -0.075039 0.894344 0.440562
1783948174.077536583 0.096314 0.059615 0.512407 -0.020713 -0.075077 0.894339 0.440559
1783948174.081099749 0.096440 0.059678 0.512309 -0.020859 -0.075120 0.894332 0.440559
1783948174.091027498 0.097105 0.059960 0.512101 -0.020899 -0.075094 0.894324 0.440577
1783948174.101046562 0.097645 0.060175 0.511891 -0.020915 -0.075066 0.894311 0.440607
1783948174.115026474 0.098536 0.060488 0.511658 -0.020563 -0.074894 0.894294 0.440688
1783948174.121014595 0.098520 0.060463 0.511508 -0.020672 -0.074897 0.894277 0.440717
1783948174.131006241 0.098638 0.060464 0.511300 -0.020614 -0.074837 0.894249 0.440787
1783948174.142214298 0.098681 0.060429 0.511083 -0.020493 -0.074754 0.894231 0.440844
1783948174.150948763 0.098441 0.060306 0.510892 -0.020528 -0.074748 0.894223 0.440860
1783948174.161025763 0.098109 0.060156 0.510689 -0.020535 -0.074733 0.894219 0.440869
1783948174.171884775 0.097634 0.059964 0.510482 -0.020506 -0.074707 0.894218 0.440877
1783948174.173578739 0.097446 0.059893 0.510434 -0.020590 -0.074732 0.894214 0.440876
1783948174.173578739 0.097446 0.059893 0.510434 -0.020590 -0.074732 0.894214 0.440876
1783948174.180956364 0.098018 0.060087 0.510461 -0.020726 -0.074776 0.894205 0.440880
1783948174.190992832 0.098845 0.060364 0.510526 -0.020753 -0.074769 0.894200 0.440892
1783948174.200959682 0.099520 0.060572 0.510588 -0.020771 -0.074756 0.894192 0.440910
1783948174.211027861 0.100065 0.060715 0.510651 -0.020765 -0.074719 0.894179 0.440943
1783948174.221025467 0.100459 0.060784 0.510714 -0.020727 -0.074662 0.894156 0.441000
1783948174.232552528 0.100852 0.060821 0.510806 -0.020566 -0.074569 0.894129 0.441079
1783948174.240996122 0.100850 0.060734 0.510847 -0.020605 -0.074557 0.894108 0.441121
1783948174.251093864 0.100820 0.060622 0.510914 -0.020561 -0.074547 0.894102 0.441136
1783948174.262801409 0.100719 0.060482 0.511017 -0.020442 -0.074515 0.894105 0.441141
1783948174.270999193 0.100334 0.060278 0.511060 -0.020548 -0.074553 0.894102 0.441137
1783948174.274142981 0.100058 0.060153 0.511061 -0.020684 -0.074595 0.894096 0.441134
1783948174.274142981 0.100058 0.060153 0.511061 -0.020684 -0.074595 0.894096 0.441134
1783948174.280954599 0.100647 0.060319 0.511276 -0.020847 -0.074654 0.894093 0.441123
1783948174.291026592 0.101615 0.060597 0.511634 -0.020905 -0.074665 0.894091 0.441122
1783948174.300967932 0.102425 0.060806 0.511985 -0.020941 -0.074661 0.894090 0.441123
1783948174.310989141 0.103109 0.060951 0.512339 -0.020953 -0.074625 0.894084 0.441141
1783948174.320960760 0.103651 0.061023 0.512691 -0.020933 -0.074596 0.894070 0.441176
1783948174.331751585 0.104143 0.061045 0.513082 -0.020844 -0.074543 0.894054 0.441222
1783948174.340995312 0.104339 0.060972 0.513400 -0.020842 -0.074530 0.894045 0.441241
1783948174.351031303 0.104465 0.060866 0.513756 -0.020815 -0.074526 0.894047 0.441239
1783948174.361011982 0.104439 0.060716 0.514111 -0.020828 -0.074543 0.894051 0.441228
1783948174.371033669 0.104261 0.060522 0.514470 -0.020857 -0.074566 0.894057 0.441211
1783948174.375009060 0.103990 0.060372 0.514584 -0.021013 -0.074612 0.894052 0.441206
1783948174.375009060 0.103990 0.060372 0.514584 -0.021013 -0.074612 0.894052 0.441206
1783948174.381000757 0.104580 0.060519 0.514916 -0.021174 -0.074670 0.894034 0.441225
1783948174.390990496 0.105717 0.060817 0.515509 -0.021203 -0.074708 0.894004 0.441278
1783948174.400990725 0.106714 0.061049 0.516100 -0.021207 -0.074733 0.893970 0.441342
1783948174.410998344 0.107571 0.061214 0.516691 -0.021194 -0.074734 0.893927 0.441430
1783948174.421032667 0.108290 0.061314 0.517283 -0.021152 -0.074716 0.893884 0.441523
1783948174.431031942 0.108858 0.061349 0.517873 -0.021110 -0.074696 0.893836 0.441625
1783948174.441016197 0.109281 0.061327 0.518462 -0.021078 -0.074684 0.893797 0.441707
1783948174.452644825 0.109724 0.061286 0.519170 -0.020933 -0.074675 0.893762 0.441786
1783948174.461053133 0.109742 0.061145 0.519658 -0.021007 -0.074723 0.893744 0.441811
1783948174.471056700 0.109734 0.060971 0.520256 -0.021004 -0.074766 0.893718 0.441857
1783948174.475874662 0.109508 0.060803 0.520520 -0.021150 -0.074828 0.893705 0.441864
1783948174.475874662 0.109508 0.060803 0.520520 -0.021150 -0.074828 0.893705 0.441864
1783948174.481013060 0.110049 0.060903 0.520936 -0.021317 -0.074901 0.893696 0.441862
1783948174.491006374 0.111293 0.061164 0.521787 -0.021389 -0.074971 0.893684 0.441873
1783948174.501045942 0.112396 0.061367 0.522641 -0.021461 -0.075023 0.893664 0.441899
1783948174.510997057 0.113336 0.061506 0.523484 -0.021525 -0.075060 0.893637 0.441945
1783948174.521716118 0.114235 0.061603 0.524400 -0.021551 -0.075064 0.893603 0.442013
1783948174.531004429 0.114796 0.061595 0.525181 -0.021632 -0.075079 0.893570 0.442072
1783948174.540983200 0.115309 0.061542 0.526029 -0.021671 -0.075087 0.893544 0.442122
1783948174.556409836 0.116367 0.061536 0.527422 -0.021281 -0.075070 0.893527 0.442178
1783948174.560979605 0.116305 0.061395 0.527789 -0.021434 -0.075139 0.893521 0.442172
1783948174.571015596 0.116404 0.061173 0.528647 -0.021490 -0.075228 0.893512 0.442172
1783948174.576734543 0.116235 0.060969 0.529113 -0.021656 -0.075305 0.893501 0.442172
1783948174.576734543 0.116235 0.060969 0.529113 -0.021656 -0.075305 0.893501 0.442172
1783948174.581007481 0.116727 0.061037 0.529550 -0.021810 -0.075369 0.893491 0.442174
1783948174.591012001 0.118142 0.061297 0.530619 -0.021879 -0.075435 0.893470 0.442201
1783948174.601040840 0.119404 0.061503 0.531689 -0.021962 -0.075474 0.893441 0.442250
1783948174.613955021 0.121047 0.061768 0.533097 -0.021878 -0.075458 0.893393 0.442353
1783948174.620990276 0.121565 0.061766 0.533827 -0.022036 -0.075482 0.893364 0.442399
1783948174.630985737 0.122379 0.061768 0.534890 -0.022089 -0.075494 0.893318 0.442488
1783948174.641048193 0.123069 0.061696 0.535962 -0.022105 -0.075540 0.893285 0.442545
1783948174.651458025 0.123671 0.061562 0.537077 -0.022084 -0.075605 0.893257 0.442592
1783948174.661022425 0.124044 0.061372 0.538098 -0.022117 -0.075700 0.893238 0.442614
1783948174.671059608 0.124320 0.061148 0.539177 -0.022134 -0.075785 0.893219 0.442636
1783948174.679603338 0.124343 0.060900 0.540086 -0.022247 -0.075854 0.893198 0.442662
1783948174.679603338 0.124343 0.060900 0.540086 -0.022247 -0.075854 0.893198 0.442662
1783948174.680997133 0.124499 0.060914 0.540251 -0.022317 -0.075876 0.893194 0.442662
1783948174.690965414 0.126041 0.061182 0.541485 -0.022449 -0.075918 0.893170 0.442696
1783948174.701032400 0.127442 0.061400 0.542727 -0.022606 -0.075957 0.893142 0.442738
1783948174.711020231 0.128674 0.061545 0.543954 -0.022759 -0.075980 0.893108 0.442795
1783948174.720972061 0.129762 0.061609 0.545175 -0.022875 -0.075996 0.893066 0.442871
1783948174.730983496 0.130730 0.061590 0.546402 -0.022944 -0.076027 0.893022 0.442951
1783948174.740968704 0.131568 0.061496 0.547626 -0.022977 -0.076084 0.892985 0.443013
1783948174.751035690 0.132284 0.061346 0.548862 -0.023004 -0.076154 0.892963 0.443044
1783948174.761003256 0.132840 0.061152 0.550085 -0.023063 -0.076235 0.892943 0.443069
1783948174.771064281 0.133240 0.060924 0.551320 -0.023134 -0.076324 0.892923 0.443089
1783948174.780195951 0.133397 0.060668 0.552433 -0.023297 -0.076408 0.892897 0.443120
1783948174.780195951 0.133397 0.060668 0.552433 -0.023297 -0.076408 0.892897 0.443120
1783948174.780982256 0.133490 0.060676 0.552537 -0.023340 -0.076421 0.892894 0.443119
1783948174.791031599 0.135122 0.060949 0.553890 -0.023515 -0.076475 0.892872 0.443146
1783948174.800976753 0.136579 0.061159 0.555228 -0.023688 -0.076518 0.892849 0.443176
1783948174.810990095 0.137908 0.061296 0.556572 -0.023832 -0.076559 0.892817 0.443225
1783948174.820975304 0.139096 0.061343 0.557910 -0.023926 -0.076591 0.892778 0.443293
1783948174.831017256 0.140161 0.061308 0.559256 -0.023973 -0.076641 0.892735 0.443368
1783948174.841011763 0.141082 0.061205 0.560595 -0.024005 -0.076704 0.892706 0.443414
1783948174.851012468 0.141858 0.061053 0.561935 -0.024046 -0.076790 0.892681 0.443448
1783948174.861055374 0.142481 0.060865 0.563282 -0.024127 -0.076889 0.892662 0.443464
1783948174.872231483 0.143055 0.060644 0.564785 -0.024207 -0.076984 0.892643 0.443483
1783948174.879342794 0.143126 0.060409 0.565728 -0.024427 -0.077069 0.892626 0.443490
1783948174.879342794 0.143126 0.060409 0.565728 -0.024427 -0.077069 0.892626 0.443490
1783948174.881020308 0.143340 0.060428 0.565962 -0.024520 -0.077097 0.892621 0.443488
1783948174.891007185 0.145038 0.060706 0.567368 -0.024681 -0.077160 0.892596 0.443519
1783948174.900987148 0.146588 0.060922 0.568770 -0.024837 -0.077208 0.892566 0.443563
1783948174.911039591 0.148013 0.061066 0.570179 -0.024960 -0.077239 0.892529 0.443625
1783948174.921058178 0.149292 0.061126 0.571582 -0.025027 -0.077272 0.892488 0.443698
1783948174.931108952 0.150440 0.061107 0.572988 -0.025067 -0.077294 0.892447 0.443773
1783948174.941022396 0.151419 0.061018 0.574374 -0.025100 -0.077345 0.892413 0.443833
1783948174.951044321 0.152263 0.060877 0.575775 -0.025152 -0.077423 0.892387 0.443867
1783948174.960982084 0.152935 0.060695 0.577164 -0.025238 -0.077528 0.892366 0.443887
1783948174.971010447 0.153452 0.060480 0.578565 -0.025358 -0.077618 0.892346 0.443903
1783948174.980202436 0.153729 0.060231 0.579846 -0.025546 -0.077695 0.892322 0.443927
1783948174.980202436 0.153729 0.060231 0.579846 -0.025546 -0.077695 0.892322 0.443927
1783948174.980981350 0.153833 0.060241 0.579955 -0.025590 -0.077708 0.892321 0.443926
1783948174.991054535 0.155630 0.060551 0.581340 -0.025761 -0.077771 0.892317 0.443912
1783948175.000997066 0.157246 0.060786 0.582704 -0.025919 -0.077825 0.892310 0.443908
1783948175.011085510 0.158749 0.060949 0.584084 -0.026030 -0.077874 0.892298 0.443916
1783948175.021059036 0.160087 0.061025 0.585446 -0.026105 -0.077913 0.892280 0.443942
1783948175.031098604 0.161293 0.061028 0.586815 -0.026157 -0.077955 0.892257 0.443978
1783948175.041005611 0.162327 0.060967 0.588164 -0.026208 -0.078008 0.892241 0.443997
1783948175.051020622 0.163222 0.060859 0.589527 -0.026273 -0.078088 0.892238 0.443987
1783948175.063463926 0.164304 0.060747 0.591214 -0.026246 -0.078168 0.892243 0.443962
1783948175.071035385 0.164596 0.060555 0.592247 -0.026429 -0.078262 0.892240 0.443941
1783948175.081020117 0.164987 0.060323 0.593604 -0.026590 -0.078362 0.892233 0.443929
1783948175.081099033 0.164991 0.060321 0.593615 -0.026591 -0.078362 0.892233 0.443929
1783948175.081099033 0.164991 0.060321 0.593615 -0.026591 -0.078362 0.892233 0.443929
1783948175.091032028 0.166685 0.060604 0.594959 -0.026740 -0.078436 0.892230 0.443912
1783948175.101008654 0.168237 0.060823 0.596305 -0.026872 -0.078488 0.892223 0.443910
1783948175.111011267 0.169648 0.060970 0.597651 -0.026975 -0.078521 0.892210 0.443924
1783948175.120998383 0.170908 0.061037 0.598991 -0.027052 -0.078551 0.892190 0.443954
1783948175.130997896 0.172024 0.061028 0.600331 -0.027087 -0.078583 0.892167 0.443993
1783948175.141025305 0.172994 0.060955 0.601674 -0.027126 -0.078622 0.892152 0.444013
1783948175.151040554 0.173809 0.060831 0.603015 -0.027179 -0.078688 0.892148 0.444006
1783948175.161068201 0.174465 0.060666 0.604358 -0.027258 -0.078774 0.892149 0.443983
1783948175.171012163 0.174942 0.060461 0.605688 -0.027365 -0.078855 0.892149 0.443962
1783948175.181022167 0.175253 0.060212 0.607024 -0.027503 -0.078934 0.892145 0.443948
1783948175.181937218 0.175232 0.060170 0.607146 -0.027555 -0.078947 0.892143 0.443946
1783948175.181937218 0.175232 0.060170 0.607146 -0.027555 -0.078947 0.892143 0.443946
1783948175.191200733 0.176919 0.060478 0.608235 -0.027733 -0.078995 0.892157 0.443899
1783948175.201057196 0.178605 0.060754 0.609385 -0.027877 -0.079036 0.892175 0.443847
1783948175.211070061 0.180179 0.060964 0.610549 -0.027976 -0.079062 0.892179 0.443829
1783948175.221011639 0.181589 0.061094 0.611701 -0.028042 -0.079075 0.892178 0.443823
1783948175.231037378 0.182868 0.061156 0.612860 -0.028086 -0.079082 0.892172 0.443831
1783948175.241050243 0.183989 0.061160 0.614016 -0.028131 -0.079113 0.892178 0.443812
1783948175.251472235 0.185015 0.061124 0.615214 -0.028177 -0.079150 0.892198 0.443762
1783948175.261011362 0.185744 0.061031 0.616315 -0.028296 -0.079214 0.892216 0.443707
1783948175.271035910 0.186373 0.060902 0.617468 -0.028421 -0.079279 0.892236 0.443647
1783948175.281053543 0.186829 0.060719 0.618618 -0.028572 -0.079349 0.892246 0.443603
1783948175.282806873 0.186800 0.060645 0.618827 -0.028664 -0.079377 0.892244 0.443597
1783948175.282806873 0.186800 0.060645 0.618827 -0.028664 -0.079377 0.892244 0.443597
1783948175.292363405 0.188560 0.060971 0.619804 -0.028834 -0.079470 0.892265 0.443528
1783948175.301077604 0.189992 0.061192 0.620695 -0.029013 -0.079559 0.892276 0.443478
1783948175.311040878 0.191566 0.061410 0.621701 -0.029130 -0.079632 0.892287 0.443434
1783948175.324075222 0.193653 0.061689 0.622988 -0.029060 -0.079671 0.892316 0.443373
1783948175.331039667 0.194380 0.061683 0.623698 -0.029220 -0.079738 0.892308 0.443367
1783948175.341083288 0.195495 0.061706 0.624701 -0.029310 -0.079803 0.892319 0.443327
1783948175.351092339 0.196447 0.061684 0.625699 -0.029421 -0.079886 0.892341 0.443261
1783948175.361060858 0.197233 0.061622 0.626693 -0.029549 -0.079968 0.892366 0.443187
1783948175.371033669 0.197856 0.061515 0.627686 -0.029704 -0.080059 0.892393 0.443105
1783948175.381079197 0.198322 0.061356 0.628683 -0.029856 -0.080155 0.892412 0.443041
1783948175.383707523 0.198292 0.061257 0.628956 -0.029986 -0.080194 0.892409 0.443031
1783948175.383707523 0.198292 0.061257 0.628956 -0.029986 -0.080194 0.892409 0.443031
1783948175.391023397 0.199559 0.061500 0.629564 -0.030161 -0.080243 0.892419 0.442990
1783948175.401058435 0.201344 0.061847 0.630373 -0.030240 -0.080264 0.892447 0.442924
1783948175.411031485 0.202955 0.062120 0.631172 -0.030309 -0.080266 0.892462 0.442888
1783948175.421085358 0.204421 0.062321 0.631971 -0.030345 -0.080258 0.892476 0.442859
1783948175.431026220 0.205700 0.062448 0.632757 -0.030381 -0.080255 0.892484 0.442841
1783948175.441072941 0.206834 0.062516 0.633547 -0.030409 -0.080267 0.892504 0.442797
1783948175.451055288 0.207792 0.062533 0.634329 -0.030466 -0.080306 0.892532 0.442730
1783948175.461062670 0.208589 0.062508 0.635112 -0.030546 -0.080363 0.892562 0.442653
1783948175.471071482 0.209217 0.062440 0.635892 -0.030642 -0.080413 0.892595 0.442570
1783948175.481083870 0.209674 0.062322 0.636671 -0.030751 -0.080454 0.892621 0.442503
1783948175.486163378 0.209671 0.062174 0.637084 -0.030935 -0.080503 0.892624 0.442476
1783948175.486163378 0.209671 0.062174 0.637084 -0.030935 -0.080503 0.892624 0.442476
1783948175.491710186 0.210510 0.062342 0.637416 -0.031113 -0.080546 0.892630 0.442444
1783948175.501080513 0.212040 0.062667 0.637936 -0.031206 -0.080564 0.892655 0.442383
1783948175.511056185 0.213551 0.062958 0.638477 -0.031237 -0.080564 0.892674 0.442343
1783948175.521110535 0.214916 0.063181 0.639015 -0.031234 -0.080552 0.892692 0.442309
1783948175.531058311 0.216097 0.063332 0.639545 -0.031233 -0.080529 0.892703 0.442291
1783948175.541208267 0.217146 0.063434 0.640079 -0.031230 -0.080511 0.892729 0.442242
1783948175.551048040 0.217981 0.063477 0.640598 -0.031267 -0.080513 0.892754 0.442189
1783948175.561065197 0.218679 0.063482 0.641123 -0.031312 -0.080530 0.892789 0.442111
1783948175.574636459 0.219660 0.063536 0.641781 -0.031123 -0.080492 0.892863 0.441981
1783948175.581041813 0.219720 0.063409 0.642138 -0.031293 -0.080546 0.892869 0.441947
1783948175.585408926 0.219663 0.063287 0.642390 -0.031455 -0.080593 0.892870 0.441926
1783948175.585408926 0.219663 0.063287 0.642390 -0.031455 -0.080593 0.892870 0.441926
1783948175.591053724 0.220459 0.063488 0.642547 -0.031615 -0.080638 0.892880 0.441885
1783948175.601072550 0.222029 0.063916 0.642746 -0.031646 -0.080649 0.892921 0.441798
1783948175.611256123 0.223462 0.064281 0.642938 -0.031640 -0.080633 0.892959 0.441725
1783948175.621062994 0.224651 0.064549 0.643124 -0.031639 -0.080619 0.892985 0.441676
1783948175.631103516 0.225714 0.064765 0.643305 -0.031622 -0.080609 0.893009 0.441630
1783948175.641154289 0.226611 0.064925 0.643482 -0.031602 -0.080594 0.893045 0.441561
1783948175.651038170 0.227319 0.065033 0.643656 -0.031617 -0.080593 0.893087 0.441475
1783948175.661102533 0.227885 0.065105 0.643830 -0.031652 -0.080602 0.893134 0.441376
1783948175.673405886 0.228527 0.065205 0.643992 -0.031551 -0.080589 0.893216 0.441219
1783948175.681038141 0.228560 0.065121 0.644153 -0.031692 -0.080634 0.893240 0.441154
1783948175.686272383 0.228443 0.065006 0.644283 -0.031850 -0.080680 0.893249 0.441115
1783948175.686272383 0.228443 0.065006 0.644283 -0.031850 -0.080680 0.893249 0.441115
1783948175.691075087 0.229007 0.065173 0.644346 -0.031994 -0.080721 0.893262 0.441072
1783948175.701104164 0.230387 0.065609 0.644433 -0.031971 -0.080717 0.893326 0.440944
1783948175.711032391 0.231576 0.065973 0.644512 -0.031956 -0.080708 0.893375 0.440846
1783948175.721029043 0.232604 0.066279 0.644586 -0.031915 -0.080668 0.893423 0.440759
1783948175.734383106 0.233996 0.066716 0.644645 -0.031607 -0.080512 0.893515 0.440624
1783948175.741067410 0.234296 0.066778 0.644705 -0.031717 -0.080520 0.893533 0.440578
1783948175.751064539 0.234819 0.066913 0.644770 -0.031697 -0.080509 0.893594 0.440457
1783948175.761058807 0.235183 0.066992 0.644835 -0.031681 -0.080510 0.893661 0.440324
1783948175.771059275 0.235383 0.067012 0.644899 -0.031652 -0.080533 0.893731 0.440178
1783948175.781084299 0.235411 0.066975 0.644960 -0.031630 -0.080560 0.893799 0.440037
1783948175.787142038 0.235189 0.066861 0.645014 -0.031766 -0.080608 0.893821 0.439975
1783948175.787142038 0.235189 0.066861 0.645014 -0.031766 -0.080608 0.893821 0.439975
1783948175.791104317 0.235576 0.067007 0.644997 -0.031880 -0.080639 0.893832 0.439937
1783948175.801040649 0.236804 0.067487 0.644914 -0.031750 -0.080580 0.893914 0.439792
1783948175.811102629 0.237873 0.067916 0.644823 -0.031618 -0.080502 0.893985 0.439671
1783948175.821187496 0.238761 0.068280 0.644724 -0.031482 -0.080399 0.894050 0.439568
1783948175.831092119 0.239449 0.068569 0.644624 -0.031367 -0.080317 0.894107 0.439475
1783948175.841119528 0.239984 0.068802 0.644520 -0.031246 -0.080227 0.894176 0.439359
1783948175.851093054 0.240345 0.068972 0.644418 -0.031123 -0.080178 0.894252 0.439222
1783948175.862684488 0.240671 0.069151 0.644289 -0.030853 -0.080104 0.894365 0.439024
1783948175.871071339 0.240572 0.069160 0.644210 -0.030857 -0.080130 0.894430 0.438887
1783948175.881081581 0.240369 0.069162 0.644103 -0.030775 -0.080114 0.894507 0.438739
1783948175.888006926 0.239967 0.069076 0.644042 -0.030887 -0.080158 0.894542 0.438652
1783948175.888006926 0.239967 0.069076 0.644042 -0.030887 -0.080158 0.894542 0.438652
1783948175.893391609 0.240377 0.069316 0.643945 -0.031020 -0.080223 0.894564 0.438586
1783948175.901073933 0.240973 0.069681 0.643797 -0.031130 -0.080281 0.894605 0.438484
1783948175.911110878 0.241719 0.070175 0.643592 -0.031106 -0.080301 0.894672 0.438344
1783948175.921088219 0.242242 0.070602 0.643383 -0.031109 -0.080314 0.894732 0.438220
1783948175.931097269 0.242549 0.070960 0.643166 -0.031128 -0.080348 0.894789 0.438096
1783948175.941103458 0.242634 0.071246 0.642944 -0.031168 -0.080404 0.894851 0.437956
1783948175.951060295 0.242492 0.071463 0.642718 -0.031238 -0.080524 0.894925 0.437777
1783948175.963714838 0.242208 0.071755 0.642415 -0.031184 -0.080663 0.895056 0.437488
1783948175.971373558 0.241599 0.071789 0.642244 -0.031471 -0.080837 0.895094 0.437357
1783948175.981083632 0.240746 0.071850 0.642020 -0.031751 -0.081034 0.895157 0.437173
1783948175.988885880 0.239785 0.071828 0.641843 -0.032137 -0.081223 0.895184 0.437054
1783948175.988885880 0.239785 0.071828 0.641843 -0.032137 -0.081223 0.895184 0.437054
1783948175.991611242 0.239745 0.071947 0.641768 -0.032363 -0.081315 0.895180 0.437027
1783948176.001099348 0.239844 0.072490 0.641492 -0.032737 -0.081535 0.895234 0.436849
1783948176.011065006 0.239736 0.073014 0.641192 -0.033147 -0.081768 0.895281 0.436678
1783948176.021105051 0.239392 0.073479 0.640882 -0.033611 -0.082006 0.895323 0.436512
1783948176.031083822 0.238822 0.073872 0.640570 -0.034080 -0.082257 0.895350 0.436373
1783948176.041203976 0.238034 0.074203 0.640249 -0.034574 -0.082525 0.895387 0.436207
1783948176.051065683 0.237045 0.074453 0.639933 -0.035106 -0.082845 0.895432 0.436011
1783948176.065689802 0.235637 0.074885 0.639452 -0.035423 -0.083257 0.895579 0.435606
1783948176.071455240 0.234643 0.074888 0.639273 -0.035957 -0.083529 0.895579 0.435508
1783948176.081112623 0.233044 0.074954 0.638965 -0.036623 -0.083935 0.895615 0.435302
1783948176.089749813 0.231373 0.074953 0.638700 -0.037271 -0.084274 0.895643 0.435123
1783948176.089749813 0.231373 0.074953 0.638700 -0.037271 -0.084274 0.895643 0.435123
1783948176.091074467 0.231246 0.075010 0.638659 -0.037430 -0.084335 0.895639 0.435107
1783948176.101115942 0.230653 0.075629 0.638335 -0.038154 -0.084632 0.895712 0.434835
1783948176.111078024 0.229863 0.076186 0.638009 -0.038614 -0.084822 0.895747 0.434686
1783948176.121105194 0.228850 0.076676 0.637675 -0.039128 -0.085032 0.895763 0.434566
1783948176.131922960 0.227573 0.077161 0.637302 -0.039946 -0.085371 0.895812 0.434324
1783948176.141131401 0.226247 0.077473 0.637002 -0.040511 -0.085648 0.895848 0.434143
1783948176.151393175 0.224649 0.077785 0.636670 -0.041130 -0.085973 0.895862 0.433992
1783948176.161169767 0.222894 0.078021 0.636331 -0.041811 -0.086361 0.895946 0.433676
1783948176.171166420 0.220915 0.078186 0.635968 -0.042508 -0.086670 0.895959 0.433518
1783948176.181093216 0.218756 0.078292 0.635605 -0.043215 -0.087143 0.896008 0.433253
1783948176.190612316 0.216514 0.078376 0.635262 -0.044178 -0.087627 0.896057 0.432957
1783948176.190612316 0.216514 0.078376 0.635262 -0.044178 -0.087627 0.896057 0.432957
1783948176.191085577 0.216445 0.078399 0.635243 -0.044255 -0.087662 0.896055 0.432946
1783948176.201152563 0.215246 0.079014 0.634793 -0.044837 -0.087890 0.896103 0.432740
1783948176.211129427 0.213891 0.079555 0.634348 -0.045541 -0.088326 0.896110 0.432565
1783948176.221341848 0.212316 0.080006 0.633862 -0.046459 -0.088804 0.896190 0.432202
1783948176.231142044 0.210658 0.080328 0.633400 -0.047171 -0.089215 0.896181 0.432060
1783948176.243413448 0.208578 0.080732 0.632806 -0.047496 -0.089661 0.896332 0.431617
1783948176.251111746 0.207023 0.080882 0.632463 -0.048300 -0.089988 0.896306 0.431515
1783948176.261110067 0.205022 0.081071 0.632006 -0.048936 -0.090391 0.896392 0.431181
1783948176.271196365 0.202899 0.081192 0.631557 -0.049488 -0.090820 0.896432 0.430944
1783948176.283927917 0.200155 0.081295 0.630951 -0.049972 -0.091197 0.896577 0.430506
1783948176.291124105 0.198321 0.081215 0.630649 -0.050593 -0.091572 0.896572 0.430364
1783948176.291484594 0.198221 0.081207 0.630636 -0.050633 -0.091592 0.896571 0.430357
1783948176.291484594 0.198221 0.081207 0.630636 -0.050633 -0.091592 0.896571 0.430357
1783948176.301132917 0.197154 0.081748 0.630139 -0.051121 -0.091943 0.896650 0.430061
1783948176.314476728 0.195699 0.082540 0.629365 -0.051602 -0.092317 0.896776 0.429659
1783948176.321183205 0.194619 0.082783 0.629045 -0.052240 -0.092631 0.896778 0.429510
1783948176.331103563 0.193072 0.083182 0.628525 -0.052879 -0.092953 0.896805 0.429307
1783948176.341098547 0.191374 0.083527 0.628002 -0.053499 -0.093262 0.896861 0.429045
1783948176.351075649 0.189542 0.083805 0.627483 -0.054177 -0.093627 0.896900 0.428800
1783948176.361116171 0.187576 0.084010 0.626965 -0.054794 -0.093967 0.896970 0.428501
1783948176.374506235 0.184993 0.084285 0.626210 -0.055187 -0.094364 0.897135 0.428018
1783948176.381378174 0.183333 0.084254 0.625898 -0.055796 -0.094694 0.897144 0.427846
1783948176.391115904 0.181014 0.084238 0.625415 -0.056400 -0.095080 0.897189 0.427586
1783948176.392358780 0.180655 0.084205 0.625370 -0.056566 -0.095152 0.897180 0.427567
1783948176.392358780 0.180655 0.084205 0.625370 -0.056566 -0.095152 0.897180 0.427567
1783948176.401165962 0.179440 0.084657 0.625130 -0.057143 -0.095505 0.897216 0.427338
1783948176.412366867 0.177869 0.085240 0.624818 -0.057675 -0.095856 0.897268 0.427077
1783948176.421092987 0.176429 0.085590 0.624583 -0.058316 -0.096147 0.897277 0.426907
1783948176.431132555 0.174736 0.085961 0.624315 -0.058911 -0.096450 0.897300 0.426708
1783948176.441167355 0.172951 0.086251 0.624054 -0.059438 -0.096751 0.897342 0.426479
1783948176.451160431 0.171088 0.086452 0.623803 -0.059915 -0.097084 0.897391 0.426232
1783948176.463432789 0.168818 0.086651 0.623500 -0.060160 -0.097444 0.897519 0.425846
1783948176.471135855 0.167157 0.086628 0.623329 -0.060636 -0.097764 0.897539 0.425664
1783948176.481113911 0.165020 0.086603 0.623110 -0.061006 -0.098097 0.897607 0.425390
1783948176.491136312 0.162759 0.086532 0.622900 -0.061367 -0.098394 0.897669 0.425140
1783948176.493218899 0.162197 0.086472 0.622862 -0.061602 -0.098490 0.897654 0.425115
1783948176.493218899 0.162197 0.086472 0.622862 -0.061602 -0.098490 0.897654 0.425115
1783948176.504514694 0.160813 0.087151 0.622526 -0.061940 -0.098706 0.897722 0.424871
1783948176.511139870 0.159800 0.087431 0.622361 -0.062446 -0.098918 0.897704 0.424786
1783948176.521139145 0.158327 0.087884 0.622085 -0.062891 -0.099099 0.897727 0.424629
1783948176.531175613 0.156753 0.088251 0.621816 -0.063282 -0.099287 0.897749 0.424481
1783948176.541101217 0.155100 0.088517 0.621558 -0.063605 -0.099499 0.897785 0.424308
1783948176.551182985 0.153332 0.088700 0.621302 -0.063878 -0.099752 0.897841 0.424089
1783948176.561102867 0.151483 0.088800 0.621060 -0.064175 -0.100023 0.897903 0.423848
1783948176.571133375 0.149501 0.088844 0.620823 -0.064459 -0.100288 0.897967 0.423607
1783948176.587384462 0.146448 0.089099 0.620364 -0.063999 -0.100395 0.898221 0.423113
1783948176.591132641 0.145489 0.089009 0.620307 -0.064338 -0.100542 0.898203 0.423065
1783948176.594077587 0.144710 0.088927 0.620265 -0.064634 -0.100662 0.898183 0.423032
1783948176.594077587 0.144710 0.088927 0.620265 -0.064634 -0.100662 0.898183 0.423032
1783948176.601145983 0.143630 0.089284 0.620171 -0.065011 -0.100846 0.898207 0.422880
1783948176.611203194 0.142078 0.089815 0.620028 -0.065274 -0.101041 0.898286 0.422626
1783948176.621167660 0.140380 0.090252 0.619887 -0.065580 -0.101250 0.898358 0.422374
1783948176.631581545 0.138468 0.090630 0.619740 -0.065837 -0.101478 0.898436 0.422115
1783948176.641151905 0.136546 0.090876 0.619613 -0.066141 -0.101717 0.898505 0.421861
1783948176.651109934 0.134428 0.091076 0.619484 -0.066462 -0.101976 0.898590 0.421567
1783948176.661115170 0.132165 0.091214 0.619361 -0.066814 -0.102257 0.898676 0.421261
1783948176.672971249 0.129388 0.091359 0.619220 -0.067010 -0.102535 0.898825 0.420845
1783948176.681127310 0.127238 0.091316 0.619137 -0.067506 -0.102821 0.898859 0.420623
1783948176.691124916 0.124542 0.091261 0.619036 -0.067945 -0.103121 0.898931 0.420323
1783948176.694957495 0.123377 0.091151 0.619005 -0.068352 -0.103311 0.898910 0.420256
